Movie_Name,Comment
"1988年的妮可 Nico, 1988",成本低廉的PPT电影，用Nico生命中最后一年发生的事给Nico的歌配上情节，倒不算尴尬。女猪演得不错，在电影中非常少见的中老年女摇滚艺人形象，不念惜过往不落魄潦倒观众再少也不挑在居民楼的草台场子也能煽动蹦哒，坦然接受衰老变丑接受对遗弃儿子的后悔但小破巡演的宅斗奸情该搞还是得搞
"1988年的妮可 Nico, 1988",传记片能做到半真半假的真实，就成功一半了，然后就是走进人物的内心世界。这部影片做到了纪录片般的真实。
"1988年的妮可 Nico, 1988",意大利房东记得他的嚣张，岔开大腿抽着烟说，我的计划是成为优雅的老女人。总念错名字的劳拉记得她的黯然，在病床前问起你有孩子吗，没有的话你真幸运。犹太经纪人记得她的洒脱，他们约定从伊维萨回来就录新专辑。妮可举着话筒，录下生命嚣张又黯然的声音，洒脱逃离布拉格人生舞台，死在光明节烛光中。
"1988年的妮可 Nico, 1988",意大利电影周开幕片
"1988年的妮可 Nico, 1988",【中国电影资料馆展映】歌星Nico的最后三年，青春不再，人气不再，衰老暴躁，在漂泊不定的巡回演唱、吸毒、与儿子修复关系中度过。在共产主义的布拉格高歌一曲是全片亮点。女主演得不错，但除了迷幻闪回，整体更像流水账。三颗星全给Nico的歌。片尾一曲《My Only Child》震撼人心
"1988年的妮可 Nico, 1988",我曾到达巅峰也跌落过谷底发现都是空空如也，当摇滚少女变成毒瘾大妈，唯有那颗躁动的心能维持了，丹麦女星也是这样，表演很打动人。闪回和幻觉段落很迷醉辉煌的时刻，东欧裂变之前进入恐怖阴森的共产捷克。资料馆威尼斯影展开幕式。
"1988年的妮可 Nico, 1988",很好奇，她在东欧旷野里因为戒断反应呕吐不止的时候，是不是也会回忆起年轻时那么多光芒四射名动天下的恋人们？还是真的如她所说，全都不在乎了。
"1988年的妮可 Nico, 1988",6.28 毕业看片，找工作苦涩
"1988年的妮可 Nico, 1988",7/14@电博意大利影展 7。The struggling single mother musician on her last tour. 罗马尼亚光明节如谶一瞥。捷克快闪。Emptiness and Nibelungen Land。最终到达的地方。细腻、仿真、摄影与录音均可圈点。
"1988年的妮可 Nico, 1988",片名还是要叫妮可，就足以消解所有反思和深情。
"1988年的妮可 Nico, 1988",制作粗糙的学生毕业作品也就这样了吧？故事更是随意的东一下西一下。年份叙述毫无节奏感。我认为从头到尾的每一分钟都很糟糕。
"1988年的妮可 Nico, 1988","“我的内心是如此的空虚，但是我的歌曲里，满是对你的爱”
“我到过顶峰，也到过低谷，全都是空空如也。”
威尼斯节精粹展映，意大利影展开幕影片。"
"1988年的妮可 Nico, 1988",#siff21# 音乐响起时，才是最真实的Christa。地下演出的那一场，癫狂放纵，随性自由，是经历一生坎坷的呐喊，感染力十足。
"1988年的妮可 Nico, 1988",2018106 电博。原来是与菲利普加瑞尔合作《内心的伤痕》的Nico传记。整片以一种缓慢甚至于笨拙的姿态讲述Nico逝世前的生活状态，故事节奏显得沉闷而无趣。
"1988年的妮可 Nico, 1988",The morning is small，the evening is tall.尼伯龙根、空空如也、留在身后。
"1988年的妮可 Nico, 1988",太用力了。。
"1988年的妮可 Nico, 1988",第74届威尼斯电影节地平线单元最佳影片 被仰望的传奇 巅峰过后的自我
"1988年的妮可 Nico, 1988","其实演的很不错，就是还是会出戏，毕竟容颜不是那么相似……
不停闪回的片段倒是让人有些联接，布拉格的那出非法演唱会很赞，还有一直在身边的录音设备。"
"1988年的妮可 Nico, 1988",我也不知道这算不算是音乐类传记片在编剧上比较容易出现的顺拐，不太喜欢这种把所有人物情绪变化都要糅入最近的一场演唱中的做法，这样的处理出现次数多了后会让我觉得是有些过于刻意的联系。
"1988年的妮可 Nico, 1988",Young people are boring/But the world belongs to them/Do you really believe it/No/赶紧回去听solo Don't call me Nico call me by my real name 
"1988年的妮可 Nico, 1988",我到过顶峰也到过谷底，都空空如也。我一直在找一种声音。
"1988年的妮可 Nico, 1988",cinematography多有出彩之处，但无论是角色还是演员的问题或是有意为之，被设定为经历过风浪的Nico行为像一只草原上的动物，情感虽然不能说不丰沛，但动机模糊，思维单线条。其他角色的单薄更是雪上加霜。
"1988年的妮可 Nico, 1988",SIFF2018…7/10 看來是真樂迷了，視角沒能嚴守、敘事邏輯或缺都不成問題⋯⋯橫移鏡頭下的明日派對就夠哭的了。I’ll have it hideous as life it is…
"1988年的妮可 Nico, 1988","其实这个导演是有感觉的，某些片段颇有味道，也确实对人物内心有不少挖掘。不过人物转变有些突兀，感觉是完全没铺垫够就被时间强行转变了。
随身携带的录音器是个很好的线索，应当有更多着墨和阐释的。
虽不成熟，但有感觉总比没感觉好，好好打磨剧本，熟练导演技巧，应该会有更好的作品。"
"1988年的妮可 Nico, 1988",对Nico的印象之来自地下丝绒和切尔西女孩，不过这电影是Nico的传记吗？明明就是Christa。
"1988年的妮可 Nico, 1988",从来没接触过地下丝绒和Nico，女主角的演绎很动人，影片比较普通吧。。。。
"1988年的妮可 Nico, 1988",等我从伊维萨回来我就停止做音乐。1988妮可死于伊维萨。
"1988年的妮可 Nico, 1988",刚现场听完John Cale就来看这片，做人呐到了巅峰以后要做的就是怎么摆脱这个巅峰的阴影了吧。
"1988年的妮可 Nico, 1988",Siff第四场。每次都靠当年纪录片段和安迪沃霍尔的闪回回血。乐队巡演真的是一件很复杂的事情。当年的Nico做回自己，拿着录音设备采样很动人。其他没有了。
"1988年的妮可 Nico, 1988",和女性小伙伴看完一致认为“贵圈真乱”，不到10人的男男女女排列组合真的会尴尬，唯一的好处是省些房费(歪果仁出差不拼房)。迟到5分钟，看得有点费力，他们难道3年都在巡演路上？喜欢逃离布拉格那段
"1988年的妮可 Nico, 1988",上海电影节观影之一
"1988年的妮可 Nico, 1988",我想成为一个优雅的老女人
"1988年的妮可 Nico, 1988",反正就是无论经历过什么高潮低谷到头来都只是一片虚无吧……
"1988年的妮可 Nico, 1988",昏昏欲睡…只有音乐能听。
"1988年的妮可 Nico, 1988",女主长相好像我的一个老师啊……
"1988年的妮可 Nico, 1988","#2018ONEIWFF#为了敲好字幕看了无数遍的电影，熟悉到演员的每一次大喘气都能记得哈哈～
“我到过顶峰 也遇过低谷 都是空空如也” 从柏林大轰炸到东欧剧变前的柏林墙倒塌 历史记忆背景下的个人经历 可以说是这样独特的历史背景造就了这样独一无二的Niko 女主角演的很棒 音乐真的完美 片子也真的丧"
"1988年的妮可 Nico, 1988",朋友赠票，原来是Chelsea girl ，nico的去世前两年的故事，my heart is empty 
"1988年的妮可 Nico, 1988",我第一次认识Chelsea girls和大香蕉外的她 “The greatest thing you’ve learnt is just to love and to be loved in return.”
"1988年的妮可 Nico, 1988",女主角的表演可圈可点，不错的新作品。
"1988年的妮可 Nico, 1988",女主演的不错啊，尤其几场现场演出的戏
"1988年的妮可 Nico, 1988",传奇人生中的痛快、绝望与瘙痒。一切是因为“柏林在燃烧”吗？
"1988年的妮可 Nico, 1988",海航飞机上分两次看完，混乱的生活，唏嘘的职业生涯，真挚、才华也没看到多少。
"1988年的妮可 Nico, 1988",不想去评价这部片子，但收获一首歌和一个悲情人物的故事
"1988年的妮可 Nico, 1988",年轻貌美+一些才华+坏脾气，也许会得到包容，那点败坏的品性甚至还得以“魅力”之美名，对其美貌与才华陶醉的人会为之着迷；年老色衰+衰减的才华+坏脾气，丑陋的内在显得特别突出。总之，既然要变老的话，还是要做一个平和的elegant old lady吧，衰老与年轻人的愤怒之混合看起来如此蠢顿
"1988年的妮可 Nico, 1988","每个人心里都有一个声音一个画面属于童年，却再也找不到的。Nico寻找的是the sound of defeat, 她记住的儿子的童年是花园草地上的乌龟，我心里的是夏日躺在平顶露台竹床上再未见过的满天繁星。//The greatest thing you’ll ever learn is to love and be loved in return."
"1988年的妮可 Nico, 1988",歌声厚重 为何要跟房东订婚？
"1988年的妮可 Nico, 1988",nico最后一年巡演生活 最好死于过量海洛因 在当时共产主义布拉格没有嗑药的演出反而是最佳
"1988年的妮可 Nico, 1988",毒品 海洛因 幻觉 爱情和亲情
"1988年的妮可 Nico, 1988",作为传记类电影描述了尼可传奇的一生
"1988年的妮可 Nico, 1988",[1.0/5.0] 幹居然不是記錄片，幹這個演 Nico 演 Trine Dyrholm 的超醜的，一直希望她趕快去死一死。Nico 跟亞蘭德倫生的兒子 Ari 頭上好大一顆痣。
"1988年的妮可 Nico, 1988",影片就像一场鬼撞墙的公路电影，不停地造访，不停地离开，不停地嗑药，不停地平庸下去。去年电影节是《索多玛120天的幕后事》，今年是《1988》，都是站在伟人的肩膀上把人骗进来的过度包装，即便秘密警察风靡东欧街道，真正的妮可依然蹦跶广场的勇气，也不足以支撑这部平庸之作。
"1988年的妮可 Nico, 1988",難看到生氣，拍攝質感很差，每個演員都很煩，找人扮演Nico本身就是錯誤。
"1988年的妮可 Nico, 1988",I just don’t understand what is so great about it and i kept wondering where they find a group of such unattactive actors
"1988年的妮可 Nico, 1988",关于Nico去世前最后巡演的传记片，被毒品困扰许久后，她突然想要变成优雅的老女人，不再激烈到处对抗着地巡演，而准备移居到伊比萨岛去种花。布拉格秘密演出那一场尤其漂亮。
"1988年的妮可 Nico, 1988",4.0。1.她说，我到过巅峰，也遇过低谷，终究我的心空空如也。2.这并非最好的音乐传记，但每当Nico的魔音响起，总是如漩涡般将我吸附。3.仓惶逃离那一刻，路遇罗马尼亚光明节，惊鸿一瞥的死亡暗示。4.Nico与阿兰·德龙的私生子Ari，当年还留着额头上的黑痣，割腕那一幕令人心疼。5.威尼斯地平线最佳。
"1988年的妮可 Nico, 1988",#2017Venice# 蛮不错的音乐传记片。“寻找失败的声音”“关于如何变老”。导演看来是真懂音乐的，不光靠情怀。当然剧作完整性比不了[醉乡民谣]但是女主简直完美。这绝对是个主竞赛级别的片儿啊！！
"1988年的妮可 Nico, 1988",SIFF2018观影，很好看，也够丧，不辜负我为它早起8点半就到了电影院一分钟也没有迟到。作为传记电影，选择的时间段很好，就是在Nico去世前的三年。所有人都仰望她的过去如一段传奇，她却厌恶地不想再提，儿子父亲是谁也不想再提。她有新的音乐，虽然音乐对她说起时不重要。布拉格那个地下音乐节太赞。
"1988年的妮可 Nico, 1988","女版《醉乡民谣》，摇滚版《妈咪》，还夹杂着一丝丝《天鹅绒金矿》的迷幻。
不曾从巅峰跌落至低谷再爬起的人不值得奉为传奇。妮可作为迷茫反叛青年的音乐名片，将特立独行和离经叛道贯穿一生（巅峰期与地下丝绒安迪沃霍尔分道扬镳、和无数名人露水情缘并诞下阿兰德龙的私生子）。
本片却节选其人生中稍显祥和的最后三年，昔日摇滚巨星面对过气、衰老和骨肉分离，毒品和抑郁的双重幻觉中，历史记忆漫溢而出。
仓惶的巡演之路，记录着东欧剧变前的惶然和反抗，从肆意的布拉格地下演唱中挣脱，路遇罗马尼亚光明节，她向死而生，此生却非空空如也。"
"1988年的妮可 Nico, 1988",意大利古城街头出走和餐厅老烟枪爵士Danny Boy，捷克斯洛伐克铁幕地下舞台和秘密警察的热血咆哮共振；草坪上漫布着乌龟，死神之夜的烛光；老旧水管、海潮飞机、生命起搏器，想捕捉到真实的、失败的声音，正如童年捕捉到天边柏林沦陷的艳丽火光……太浪漫，太摇滚
"1988年的妮可 Nico, 1988",为什么想起浅潜姐…
24小时狂欢派对 24 Hour Party People,080921 可能和真是一部for fans only的片子，反正我没看出特别多乐趣。只是Wilson的酒吧的最后一夜让我感动了一下。
24小时狂欢派对 24 Hour Party People,在家过万圣。本打算自high，结果只有Joy Division的个可以high一下。重新认识了这位邪邪的，聪明的，弥漫着吸血鬼和贵族气质的史蒂夫·库根，之前只看过他演的《情色大亨》。其实我是觉得他像我一个初中同学啦。
24小时狂欢派对 24 Hour Party People,可能因为从来不喜欢joy division的逼格，所以这部片子也喜欢不起来吧
24小时狂欢派对 24 Hour Party People,音乐，毒品，滥交，狂躁……反正我没法理解这种生活。
24小时狂欢派对 24 Hour Party People,nothing useless can be truly beautiful
24小时狂欢派对 24 Hour Party People,只有片头跟片尾有看点的流水账伪纪录片，喜欢joy division的不如去看[控制]，喜欢happy monday的从这部片子里也看不到什么
24小时狂欢派对 24 Hour Party People,麻雀瓦舍 9.14.2012
24小时狂欢派对 24 Hour Party People,曼彻斯特狂想曲，再往后面拍Oasis大概就要登场了吧；热衷社会研究的温特伯顿；不时加入的间离手法并没有什么亮点；“很显然这需要技术，没有一只鸽子在拍摄时死亡”；“无常是我们的悲剧，也是我们的希望”
24小时狂欢派对 24 Hour Party People,本片的特色是以經紀人（Factory的老闆Tony）而非樂手本人的角度敘事，Joy Division到Happy Monday的曼徹斯特樂隊音樂簡史，是一個（令Joy Division Fans感到有點沮喪的）龐克發展到舞曲的過程，但跳脫不出傳記片略帶流水帳和過度修飾以致扭曲真實的缺點。24 Hour Party People是Happy Monday的一首歌。
24小时狂欢派对 24 Hour Party People,"Manchester was like Renaissance Florence,everything comes together, birthplace to the railways, computer, the bouncing bomb, and rave cultur"
24小时狂欢派对 24 Hour Party People,"for Ian, for Joy Division, for JS, for Wilson, for factory, for manchester, for music"
24小时狂欢派对 24 Hour Party People,Factory的由生入死，曼彻斯特地下音乐简史。
24小时狂欢派对 24 Hour Party People,"曼切斯特，英式的圣地之一。joy division, oasis, the stone roses, the smiths，happy mondays，new order，Doves, Elbow，james，buzzcocks"
24小时狂欢派对 24 Hour Party People,三星半，现实版烟枪片，英式大男人幽默，可怜了一帮小清新和他们的音乐
24小时狂欢派对 24 Hour Party People,音乐不错。挺普通的一部电影。中规中矩。
24小时狂欢派对 24 Hour Party People,20131129 看到幾個跑龍套的，JS、SP 還算驚喜。
24小时狂欢派对 24 Hour Party People,看到那些乐队录像还是很开心的。
24小时狂欢派对 24 Hour Party People,从另一个角度去看joy division与new order
24小时狂欢派对 24 Hour Party People,演ian的演员真是丑死了...
24小时狂欢派对 24 Hour Party People,名字真三俗……
24小时狂欢派对 24 Hour Party People,可惜我不是生於這年代，唯有從OST補充歷史。
24小时狂欢派对 24 Hour Party People,原声赞
24小时狂欢派对 24 Hour Party People,i went to cambridge...
24小时狂欢派对 24 Hour Party People,挺有意思。不过我是学习来的。
24小时狂欢派对 24 Hour Party People,emm一部从头到尾充满了我是谁我在哪我要干嘛的随机懵逼的伪纪录片。Tony突然就开Factory了，Ian突然就吊死了，巴尼突然就加入了，工厂突然就倒闭了，重要转折点都是旁白的，导演好像完全不会用镜头讲故事？
24小时狂欢派对 24 Hour Party People,听听歌吧
24小时狂欢派对 24 Hour Party People,对英国摇滚不是很了解，所以就没什么感觉了……
24小时狂欢派对 24 Hour Party People,乏味的一切摇滚元素，性、毒品、混乱、虚妄
24小时狂欢派对 24 Hour Party People,荷尔蒙浓度降低之后不禁无聊，灰飞烟灭。
24小时狂欢派对 24 Hour Party People,有点意思
24小时狂欢派对 24 Hour Party People,粉丝电影
24小时狂欢派对 24 Hour Party People,有那么10分钟讲joy division的真棒 还挺喜欢Tony的一些屁话 就是dv拍摄常乱抖
24小时狂欢派对 24 Hour Party People,有些太散
24小时狂欢派对 24 Hour Party People,永远对不上时间轴的字幕太折磨了
24小时狂欢派对 24 Hour Party People,B-. 从音乐到情节都很无聊的话痨伪纪录片
24小时狂欢派对 24 Hour Party People,hacienda
24小时狂欢派对 24 Hour Party People,不设身处地就不知道其中的意义
24小时狂欢派对 24 Hour Party People,原声好听，内容乏味
24小时狂欢派对 24 Hour Party People,"好吧,我是来听歌的.不过这种纪录片风格还不错.很英国."
24小时狂欢派对 24 Hour Party People,普普通通
24小时狂欢派对 24 Hour Party People,开头有些无聊
24小时狂欢派对 24 Hour Party People,粉丝向的伪记录片
24小时狂欢派对 24 Hour Party People,其实就是为了看绵绵
24小时狂欢派对 24 Hour Party People,无聊的伪纪录片
24小时狂欢派对 24 Hour Party People,已过了爱做梦的年纪
24小时狂欢派对 24 Hour Party People,That's the most horrible thing tribute to my belove bands.
24小时狂欢派对 24 Hour Party People,流水賬身神怪尾，只合addicts
24小时狂欢派对 24 Hour Party People,压根儿没有可看性
24小时狂欢派对 24 Hour Party People,沒想像中好看
24小时狂欢派对 24 Hour Party People,找一大堆演员还拍成纪录片的形式，太恶臭了。看这个不如去读维基
24小时狂欢派对 24 Hour Party People,0分送你找了什么人演的IAN啊！！！
24小时狂欢派对 24 Hour Party People,伪纪录片
24小时狂欢派对 24 Hour Party People,这啥啊
24小时狂欢派对 24 Hour Party People,彻底疯狂
24小时狂欢派对 24 Hour Party People,什么鸡巴
24小时狂欢派对 24 Hour Party People,Tnoy对音乐的天真和执着另人感动，我尊敬他！他在Hacienda关闭时对Pub里所有人说的话几乎让我想拜一拜这个伟人。Tony说：“在你们离开之前，我要你们去看看办公室。就是在角落上……进门之后可以尽力拿东西。办公室的东西，电脑、音乐设备……都拿走……好好使用……培养出数千个曼彻斯特的音乐家”。
24小时狂欢派对 24 Hour Party People,挺好看的，该片弘扬的观点就是：偶像他妈的也是人。剥离神性的IAN CURTIS比CONTROL里那个看一眼别人癫痫发作自己就犯病的傻逼可爱多了。。尤其自杀那段的处理。但是从IMDB上与其他同类型题材电影得分的差距可以看粗。。拍这类有关矫情群体精神偶像的片子还是不要太自以为是的好= =
24小时狂欢派对 24 Hour Party People,原来那些天才音乐人是这样的，那些经典专辑是这么做出来的……喜欢英伦摇滚的人看了一定会会心一笑，结尾很神奇且温馨。JOY DIVITION ROCKS! Love will tear us apart is greatest song ever!
24小时狂欢派对 24 Hour Party People,前后两截感觉完全不同，后半截更dizzy。。
24小时狂欢派对 24 Hour Party People,2009年标记想看的，直到最近才找到资源终于看了。讲述了FACTORY公司旗下诸多乐队的故事，最爱joy division。半纪录片、半虚构的感觉。
42号传奇 42,Robinson踏上大联盟舞台的这一天，被公认为美国近代民权运动史上最重要的事件之一。
42号传奇 42,还行，一般般
42号传奇 42,一般吧，美国所谓的人权
42号传奇 42,一般，不是很能理解
42号传奇 42,还不错 能看下去
42号传奇 42,很励志
42号传奇 42,04/26/2013 Edwards Alhambra 14。这种政治正确的人物传记片子不错，就是怎么看都不入戏，不知何故啊。
42号传奇 42,这个题材的电影真是拍烂了。。。无新意。弃。
42号传奇 42,哈里森福特！
42号传奇 42,惊喜不大。。。三星半吧
42号传奇 42,出奇地沉闷，尤其老头一口播音腔完全没有霸气
42号传奇 42,講述一個黑人如何在種族隔離環境下一步一步走向成功鑄就傳奇的故事，骨子裡講的是美國夢的勵志。影片的表現不功不過，從勵志的角度說，影片的確有振奮人心之處，只是整體上缺乏一股熱血，反而帶著一股暮氣，而相對主角在民權運動上的地位，影片對於人物的挖掘浮於表面，角色魅力有限。
42号传奇 42,果真是没有jon...都被剪了么还是半截被开了- - Ford的男配呼声有看出来一些，不过片子实在是太平庸了，普通体育励志+种族问题，拍得也相当不高明，上映时间也不好，成不了《弱点》。另外本片的作曲是Mob City的配乐哟~
42号传奇 42,影片情节感人，虽然导演对当时历史环境的重现并不完全准确，但全片都相当鼓舞人心。
42号传奇 42,【130715】★★★☆不给力的前半段带出了最后那段酣畅淋漓的高潮。就传记片来说，剪辑中规中矩，而且没有几个让人印象深刻的配角，更像是励志片。哈里森福特的金牌表演有加分。
42号传奇 42,中规中矩。福特大叔已经老到可以去演甘道夫了T.T
42号传奇 42,本片改编自著名棒球手Jackie Robinson的事迹.喜欢棒球的可以看看哦。
42号传奇 42,福伯是真老了
42号传奇 42,讲种族歧视没能很好的表现运动成就，好在影片煽情地不讨厌。
42号传奇 42,美国人真的很擅长拍这种片子，挺好看。
42号传奇 42,老了的哈里森福特有点儿发福了
42号传奇 42,剧情到不是太吸引我，毕竟既没有描写激烈的赛场比赛，又没有描写激烈的冲突，虽然导演想表达这些，但是没能理解，可能还是对棒球比赛太不了解，所以，赛场上看不太懂，感觉云淡风轻，比赛没有多激烈啊
42号传奇 42,千头万绪，中规中矩。
42号传奇 42,平铺直叙的运动励志片
42号传奇 42,励志的主旋律故事，用棒球的话说算是安打，但没有特别出众的地方。
42号传奇 42,拍不坏也拍不好的那类片，不过演员都喜欢，连反派都是艾伦图代克。
42号传奇 42,剧情相对平淡了~更多意义是为了纪念杰克罗宾逊的
42号传奇 42,可惜了好题材。。
42号传奇 42,"意义大于单纯的励志和热血吧，老福特饰演的球队经理rickey可能更让人印象深刻，签约大联盟第一个黑人球员jackie robinson, 打破了当时不成文的种族界限，67年入选baseball hall of fame"
42号传奇 42,种族制度和棒球，电影很一般，无过错，无亮点。
42号传奇 42,剧情很弱，纯看哈里森福特了
42号传奇 42,略拖沓，高潮不够高
42号传奇 42,怎么说呢，片子拍的特别中规中矩，就连刻板偏见和隐藏背后的歧视都中规中矩。有因为中规中矩，所以符合最最偷懒的那种审美，很容易把你内心的激动和高昂煽动起来。
42号传奇 42,改编自美国职棒大联盟史上第一位黑人球员 著名棒球手Jackie Robinson 突破种族歧视的励志事迹 叙事紧凑合理 由于在我国棒球很不普遍而且鲜有种族歧视 我对于这种片子很难共鸣 我觉得最大亮点是道奇队的BOSS 很有弗格森和希特勒综合体的范
42号传奇 42,低谷的时候看看励志片，充一点勇气的电。Harrison的演技很不错，我终于认可了这位老戏骨。
42号传奇 42,这种片子要拍得很好或者很差应该都蛮难吧。Home run总是激动人心的。
42号传奇 42,规规矩矩规规矩矩
42号传奇 42,哈里森福这回是真彪悍了，其他都一般
42号传奇 42,Jackie Robinson had guts! （Pittsburg哈哈哈哈哈哈）
42号传奇 42,其实也只讲了Jackie Robinson进大联盟的第一年的故事。。真正想了解那段历史，还有Negro League的话，还是去看Ken Burns的Baseball吧。。
42号传奇 42,看不看都随意
42号传奇 42,2.5
42号传奇 42,五星的题材拍成三星的电影....ps:最近烦死这种反种族歧视的片子了....
42号传奇 42,非常热血非常正统的体育励志片，讲述美国历史上第一位黑人职业棒球联盟队员的诞生历程，融入了种族歧视话题，极好的传达出了影片的道德主题：忍辱负重、坚持自我、巧遇伯乐，定能成功。★★★
42号传奇 42,低级励志，可能根据真人真事改编的余地不大，看完不仅没觉得Jackie Robinson多么不容易，反而觉得他成功的挺轻松，6/10。
42号传奇 42,飞机上看的，电影一般，但是主人公很励志
42号传奇 42,如果你第一次看这种会觉得很震撼很励志，如果你看过《弱点》，刹那间你会穿越了这尼玛就是换了个黑人演员，换了个球类，经历着种种种族歧视然后xxx的故事。我在想也许刘翔的故事也适合拍这种体育励志片，可惜后面两次奥斯卡级别的演出，恐怕很难找到演员了
42号传奇 42,作为体育片，它不如money ball；作为政治片和红色电影，它比Argo强太多。
42号传奇 42,2013/04/11 Jack Robinson的故事太传奇，电影本身很一般。种族加体育的励志片，不如泰坦。
42号传奇 42,煽过了，只不过是此人此事。
42号传奇 42,种族、男人、运动！
42号传奇 42,立志呀~
42号传奇 42,千里马碰到了伯乐，伯乐发掘了千里马，部分矛盾冲突情节略显刻意，尚可一看。
42号传奇 42,没看过太多人物传记的电影，我觉得即便一个天才顺风顺水走到巅峰，但是要拍成电影好歹多点矛盾冲突怎么样？虽然这么说，但是在表达和感情深浅的拿捏上还是部好片子。
42号传奇 42,剧情还是淡了，作为励志片让人感受不到力量，这应该是编剧问题。导演和演员都没什么太好挑剔的。
42号传奇 42,42号传奇，nigro!WIN
42号传奇 42,除了种族问题 一般吧 
42号传奇 42,中规中矩的励志片
42号传奇 42,真实的故事。电影并不很出彩，不过相当励志。片尾曲超棒！
42号传奇 42,有点类似于纪录片这种感觉了 转折少了点 比如“一球成名”这种起伏感 西方文化种族文化的背景下 确实很传奇
55步 55 Steps,Helena Bonham Carter 的演技其实确实一直都这么好啊。我们之所以被她们所感动是因为我们现实中极少存在这样的人，鲜有这样的力量。
55步 55 Steps,来看 Hilary Swank的。拍得其实真不怎么样，庭审戏，反派的视角什么的都有缺失
55步 55 Steps,"剧本跳跃感略强，一大堆没太大关联的事件堆在一起显得很流水账。导演呈现上还是没啥大问题的，海伦娜→精神病患，希拉里→强势律师，这俩角色她们根本都不用演，直接信手拈来吧……
法庭阶梯埃莉诺总共就上过一次而已，片名怎么就“55步”了呢，我还以为最后会来个《黑暗中的舞者》那样的大煽……"
55步 55 Steps,四平八稳的传记片，总体上缺少惊喜。斯万克再继续演类似的强势女性角色，就别想再提名奥斯卡了~
55步 55 Steps,全靠看海伦娜·伯翰·卡特的表演，希拉里·斯万克完全不會演戲了。感覺導演是在三十年前拍電影。劇情，風格，都太老套。
55步 55 Steps,满含深情，无比动人。最出色的还是两位女主角的表演，技术与情感兼具，非常领令人难忘。
55步 55 Steps,常规的主流纪录片，叙事过平亮点欠奉。以真挚的表演和情感取胜，律师与病人在身体和精神上相互照料和影响，美好的品质与学识或阶级无关。伊莲诺对爱情和婚姻的向往最让我不忍，因为药物的副作用或已毁掉了她拥有幸福的可能。在结尾终于等到了律师圣人之举强有力的动机，在内部逻辑上也做到了足够自洽。
55步 55 Steps,"记忆深刻的是女律师的耳环和项链都好好看。
西方对于人权的保护真的做的很好。"
55步 55 Steps,厉害的部分都是真实事件本身，选角太标准了反而很难说体现了演技。女律师的医生男朋友真是好人……美国在关心精神病人的人权了。
55步 55 Steps,一部改编于1985年精神病人在未经许可下强行用药的真实法案，所以现实意义比影片更显重要。55步在片中指的是女主去法庭数的法院台阶数。开片是女主被强行拉扯到精神病院并打了安定，醒来后大小便失禁没得到该有的照顾，所以她申请了曾做过护士的律师的援助，律师女也很上心，生病甚至影响了自己感情生活都苦心于这起诉讼案。地方法院败诉后上诉到州法院最终胜诉。而女主却因为以前被强行使用药物的长期副作用病逝，留给后人的是她的执着和乐观。
55步 55 Steps,斯万克的表演比海伦娜好太多了。跟法律无关，all about people
55步 55 Steps,适合大学里作为心理系或者法律系教育片来放。题材很值得拍，演技也很可以，但是并不先锋
55步 55 Steps,正常水平，故事略有套路。冲着两位女主演看吧。
55步 55 Steps,Eleanor 单纯善良得让人心疼。并不想把这部电影归结为一部传记片、因为毕竟拍得太唯美了。就暂且、当成是一部、中规中矩的、剧情片吧
55步 55 Steps,奥古斯特保守发挥 可看性还是挺强的 不过维权难度显得没那么大.. 拍的太一团和气了
55步 55 Steps,多少有点冗长，终点放在了律师和病人的互动，敞开心扉，然后自我对话，其实不必用那么多笔墨，正反双方的对抗更多被置于背景状态，触动利益触动灵魂的惊心动魄感没有了，但那类片的确很多。美国人权进步的一个个案例，病人还能在医院打维权电话投诉医院，这事在中国就别想了，
55步 55 Steps,三星半。真实事件改编，两位女主演技浑然天成。可惜的是太过流水账，削弱了本该更加强烈的震撼。
55步 55 Steps,为什么改编电影总要在最后祭上真人照片，因为现实的力量总是大过电影，这招太好用了。
55步 55 Steps,三星半的传记电影，乐观的人总是如此坚强
55步 55 Steps,工整到了无趣的地步，所有桥段按部就班宛若电影系教材，而且犯了完美人设的大忌，堪称过犹不及的样板。PS海伦娜这表演应该算是本色吧……
55步 55 Steps,海伦娜凯勒了不起，为角色不惜自毁形象，于<宝贝儿>杨幂的扮丑高下立见。又一部美国律师辩护民权案件的事改编的电影。
55步 55 Steps,剧情太老套了，有些地方还有些跳跃，不太喜欢这种，三星吧
55步 55 Steps,真实事件改编，片子从关注弱势群体入手为这一群体争取正当权益。
55步 55 Steps,作为一个前心理学学生以及情况基本稳定但还在继续吃药的抑郁症患者，这部电影的题材非常“戳心”，法庭上为精神病人辩护的台词仅仅是听着就让人鼻酸：即使名义上说着要平和对待，精神病人依然是被大众污名化的。只是导演把原本动人的故事拍得支离破碎，场景之间的转换过快且生硬。人物的刻画本来可以更加立体化的。
55步 55 Steps,还可以，不过病患女主个性很讨厌嘛，太自我为中心了…
55步 55 Steps,节奏不好，没有表现出维权抗争多艰难，一切看起来太简单平淡
55步 55 Steps,有人说干一行爱一行，也有人说爱一行才干一行，愿大家得偿所愿。
55步 55 Steps,希拉里斯万克就是会选剧本，随便拈一个都很不错~当然这80年代特色的垫肩有点吓人，姐姐的血盆大口我都习惯了~对于海伦娜，我还是想说那句话，这世界上演员有两种，一种是演员，另一种是英国演员~
55步 55 Steps,看了开头就猜到结尾，这类题材很难拍出新意
55步 55 Steps,中规中矩，还行。
55步 55 Steps,Helena Bonham Carter 的演技其实确实一直都这么好啊。我们之所以被她们所感动是因为我们现实中极少存在这样的人，鲜有这样的力量。
55步 55 Steps,一部改编于1985年精神病人在未经许可下强行用药的真实法案，所以现实意义比影片更显重要。
55步 55 Steps,敢于抗争吧！不能被生活压倒。
55步 55 Steps,剧本跳跃感略强，一大堆没太大关联的事件堆在一起显得很流水账。
55步 55 Steps,冗长拖沓没高潮，剪辑断断续续的，挺好的题材拍成了女主的演技show
55步 55 Steps,需要有人为自奋斗，才能实现目标。海伦娜真厉害，开场戏就让人惊讶。
55步 55 Steps,出自Bille August之手毫不意外：动人史实+严谨工整的叙事节奏，颇有老导演的稳重和匠气。本以为这个故事会是Helena的冲奥之作，只可惜多多少少因为Jeffrey Tambor还有其他事件没能突围--55步是为了抗争为了胜利需要踏过的法院梯级，也是当Colette走进Eleanor住家最终走进心灵需要的一个来回。
55步 55 Steps,全片中规中矩，但是喜欢这个题材，为弱势群体争取权利，自由。真人真事改编。有点像《辩护人》都是在形势不看好的情况下，逆袭胜诉。但是本片重点并不是在辩护庭审环节，导演更多的展现了人与人之间的信任与友谊，正义与使命。而这便是社会进步的阶梯。
55步 55 Steps,#BJIFF# 4.5，Eleanor勇敢和无畏，Colette正义和良知。还记得名叫Informed Consent的主题，了解到对于知情同意权、不伤害原则的举证多么艰难，我们不能远离那些孤立的个体。传记人物出现和The McGuire Sister的《He》响起的时候难掩泪水
55步 55 Steps,"「Everybody's here to help me. That's why I need help.」「This is not about refusal. This... this is about the right to refuse.」「What good does it do if you win my case, you make other people's lives better, but you don't live your own life?」「Tell me I'm not right. Just tell me I'm not right.」「I'm out of practice praying. But I know you're not out of practice listening.」「You were a brave woman, Eleanor.」「We weren't just working on a case. That this wasn't just about law. It was about people. The human right to be respected, and the human duty to treat each other with respect.」"
55步 55 Steps,就算生活再狼狈，也要把自己当成一个，人！
55步 55 Steps,克萊兒：我最初認識艾莉諾瑞斯…是做她的律師，但很快的，因為艾莉諾是艾莉諾，她成了我的朋友…她變成了我的保護者、我的守護者、我最嚴厲的批評者，也是我最大的支持者。…她不斷地提醒我，我們不只是在辦一個案子，重點不是在法律而是在人，人有受到尊重的權利，也有互相尊重的責任。…她擁有我沒有的深奧智慧，那就是，我們只能盡力而為，她也只能盡力而為。艾莉諾這一生每一天都痛苦，我很震驚她竟然還能想到別人，但她做到了，無時無刻，艾莉諾就是那樣的人，每一天她會爬27階到她的公寓，沒有怨言，每一天她都會在生命中找到什麼，去享受可以感恩的事物。但就像莫特說的，她打贏了她一直想贏的仗，瑞斯判決書會影響到成千上萬人的生活，讓他們過得更好，他們或許有一天會發現自己就像她一樣身在醫院，他們的聲音會需要被聽見。……
55步 55 Steps,需要有人为自奋斗，才能实现目标。海伦娜真厉害，开场戏就让人惊讶。
55步 55 Steps,双女主互飙演技。为弱势群体发声，为精神病人争取权益，听起来根本没有利益可图，堵上的只是一个律师的专业和良心。海伦娜的肢体语言胜过一切，她浑身的细胞都会演戏，而希拉里的强势律师也符合她的气场，为人权而战斗，她们都是英雄。
55步 55 Steps,真人真事改编的，题材是为精神病患者争取权益，能够为弱势群体发声很赞。
55步 55 Steps,海伦娜啊！实在是太惊艳了！
55步 55 Steps,比利·奥古斯特拍这种片子手到擒来，工工整整，虽然感人却失了作者性。希拉里·斯万克和海伦娜都表现出色，不过这两个角色也都还在她们的舒适区内。
55步 55 Steps,晚上遥控器乱换台换出来的杰作，换到时剧已开场，仅凭10秒钟的镜头让我决定拾着这半截电影看下去，导演功力可见一斑，本年度迄今最佳！对这样一部不以跌宕剧情不以声光电影争头的作品，夸她立意卓绝角色鲜明也是骂她，今天的好莱坞最不缺的就是立意卓绝角色鲜明了。只能说，在今日之好莱坞，有这么一部顶级女演员大双女主少数派群体的作品拍摄得如此有分寸感，回归电影之本源，简直得黄金90之神韵，是多么多么多么的难得。——看了导演介绍，原来是丹麦导演，学院派导演，我女神海伦娜做的制片人，怪不得怪不得。
55步 55 Steps,老美拍这种人权法律正义的暖心励志片总是信手拈来，又被swank的表演感动泪奔了，魂淡呀！
55步 55 Steps,为弱势群体的权利而斗争，为生而为人的权利而斗争，海伦娜阿姨的表演太动人，55级台阶每一步都离小金人更近
55步 55 Steps,特别典型的美国励志片，但是直到这个岁数还是被打到泪点，哭的稀里哗啦让我自己也有点措手不及。诸位演技都太神了，当然比这更神的应该是人内心的善意，对不公的反抗。
55步 55 Steps,#BJIFF#有一刹那突然明白了片名的意义：没错，那55级台阶她只走过一次，但那55级台阶却承载着15万人的希望和光明。她和她，她们，就是经过这55级台阶为15万人创造了一个更有尊严的未来。你能说，这55步不重要吗？那每一步都掷地有声。ps:观照现实，LGBT微博遭遇，倍感讽刺。
55步 55 Steps,看海伦娜一个人演 已经很过瘾 太棒了
55步 55 Steps,"“He's a doctor, but it does't mean that he's not right.” 
Eleanor is a great mentor who teaches people why life matters and how good the vanilla ice cream tastes. She is the carer of this crazy world. Claire makes sure that life loves Eleanor as she loves the world. 
The structure is a bit messy though. "
55步 55 Steps,相当扎实的片子，表面上是抗争医疗制度，但更多的是在讲述律师和病人两者互相搀扶，互相支持的故事。情感步步深入，相当到位。海伦娜·伯翰·卡特演这种疯疯癫癫的角色真是信手拈来，其他人在她面前都黯淡了，但上一次她演正常角色是什么时候？
55步 55 Steps,Hilary&Helena在線互飆演技
55步 55 Steps,非常好
55步 55 Steps,"Helena真是戏一贯的好（但好像只能演疯子）。我觉得戏里特别让我反思的一点就是，Eleanor其实是一个特别冲，还特别较真，还特别对人言行指使的人。那么Colette为什么要充满耐心地给她讲，等她理解等等，都让人想到一个人为什么要“做好事”的源动力。很多人是为了别人投回的那份仰望救世主般的感激。  ""她生命的每一天都在痛苦之中，但她仍想着别人，关心别人，每一天都感恩"""
55步 55 Steps,片中Helena Bonham Carter的扮相和神态和Johnny Depp在许多片子中的扮相和神态很相似啊
55步 55 Steps,剧情是老套的 但是架不住真人真事改编和演员表现好啊
JT·莱罗伊 JT Leroy,你k的演技在和戴安搞姬的那段达到峰值，果然真姬不怕伙炼。
JT·莱罗伊 JT Leroy,party 上的“sophie”是stella maxwell？！
JT·莱罗伊 JT Leroy,有趣的传记片，Laura Dern演技吊打小K和去年戛纳影后。
JT·莱罗伊 JT Leroy,"很有趣的选材。见到了小k本人，真的好瘦小一只。演员的演技都在线，但还是很中规中矩，没有很惊艳。我觉得TIFF选这个做Closing film,很大程度上还是出于政治正确和演员话题度的考量吧。"
JT·莱罗伊 JT Leroy,小K真的gay到体无完肤
JT·莱罗伊 JT Leroy,女演员啊，颜值跟演技可能真的大部分的情况都是成反比，但这个头型和这个平头真是太好看。
JT·莱罗伊 JT Leroy,laura最后说JT是没有找到合适身体的灵魂，sav是最合适的载体。这个主题其实挺有意思的，性别的不确定和人物的虚构化，这两个点其实是相辅相成的，性别可以不存在，那laura虚构的这个人物有为什么一定要有实体。可惜电影拍得太drama，重点都在如何冒充，纠结要不要冒充，走歪了。倒是小K的形象很撩人，这个是真可以有。
JT·莱罗伊 JT Leroy,Diane Kruger x Kristen Stewart，神仙CP啊。剧情比较一言难尽，看看美女搅姬好了。
JT·莱罗伊 JT Leroy,在人人都相当网红的时代，光鲜镜头下隐藏了多少被捏造的假象，连文学界也不曾放过。
JT·莱罗伊 JT Leroy,这么有意思的题材硬是给拍的这么无聊。感觉K像是熬了一星期的夜，看K和那个黑人小弟弟演床戏真的很出戏哈。🌚
JT·莱罗伊 JT Leroy,蜻蜓点水地处理了很多有趣的话题，没有展开探讨，比如童年阴影/创伤、角色扮演、性别演绎、控制型人格、obsession，唯一有深挖的概念是谎言/真实（”Sometimes lies are more true than the truth.”)。现实生活中，Sav eventually adopts they/them as their pronoun，但影片对其性别认知的探讨太浅尝即止了，只求把故事（浅显地）讲完。
JT·莱罗伊 JT Leroy,看的痛苦
JT·莱罗伊 JT Leroy,你k的平头越看越顺眼 天呐我也可以（超小声）
JT·莱罗伊 JT Leroy,一个很有趣的真身与肉体伪装，创造，互毁的故事。想讲的点很多，公众人物的膨胀心理，对自我肉身的嫌恶与自卑，电影圈的利益利用，但被导演处理得很平淡，没有起到该有的冲突。看的过程中一直不停带入小K自己在公众眼里的人设和她这么多年的转变。也许她也曾怀疑自己的肉身，嫌弃美丽的皮囊，在戛纳红毯上她是否也是用面具抵挡闪光灯？结尾一种以真身真名示人的和解结尾，丧失了力度。
JT·莱罗伊 JT Leroy,感觉这个原型故事的素材应该会更有趣。但片子似乎被处理地四不像了。也许是编剧的问题，视角点既没法看到全局，也并没有深入内心。当然斯图尔特的表演也是原因吧，总是浮于肢体，虽然近几年看到她对不同角色的挑战。
JT·莱罗伊 JT Leroy,这样的题材和卡司拍得这么平淡也是不容易了
JT·莱罗伊 JT Leroy,TIFF2018闭幕影片。Justin Kelly首部值得推荐观看的电影，滕姐的演出还是被Laura Dem压过一头，故事很有趣，导演也很有自知之明地没有用个人理解去深化主题，而是工整地把故事完成。可喜的是故事原型本人也到了现场，感觉多伦多观众的确都很会问问题。
JT·莱罗伊 JT Leroy,观后感就是K和Diane好有火发噢～～～
JT·莱罗伊 JT Leroy,难得KS没那么多自己的表情了，整部戏风头又被laura抢了
JT·莱罗伊 JT Leroy,每个人都或多或少从这场闹剧中寻找些什么来满足自己需要；KK太带感了 激情戏浑然天成 受不了她哦
JT·莱罗伊 JT Leroy,此片其实不知道主旨是什么 表现的不够突出 不够有张力 Get 不到里面人物的感情
JT·莱罗伊 JT Leroy,很平淡的叙事，分分钟都能暂停的那种，没有讲到主旨吧，就是讲了谎言的过程，片尾曲不错
JT·莱罗伊 JT Leroy,总觉得斯图尔特演戏中带着一部分自己，克制是好的，这么多年的片子都没啥惊喜，还是最喜欢玛利亚和利雷家这两部
JT·莱罗伊 JT Leroy,我是来看斯图尔特的
JT·莱罗伊 JT Leroy,虽然平头小k真是太好看了hhh 还是想说这片子感觉很浮，真实的痛苦也没有以台词以外的任何方式表现出来，整个有点摸不着头脑。女作家对身体的逃避，激动的难以言表的放松感，失焦的利益和惴惴不安的张狂，存疑的羞愧和被迫接受，都模模糊糊的不给关注，倒是小k这边做爱心碎无所适从hhh 那用这个故事还不如就拍小k和Eva谈恋爱，哪怕少年感k和中年女作家谈恋爱也可以，爱和纵容与真正的张狂之类的hhh 
JT·莱罗伊 JT Leroy,为了三个女演员看的，电影一般般，演技还是劳拉邓恩，最喜欢的当然是k
JT·莱罗伊 JT Leroy,？？？
JT·莱罗伊 JT Leroy,中规中矩。K真的是我见过最好看的地包天，可以美也可以帅。
JT·莱罗伊 JT Leroy,所以是自我认同的故事？果然平头是检验颜值的唯一标准啊小k太帅啦呆拉也打得一手好酱油好美丽
JT·莱罗伊 JT Leroy,"pretty boring...
nothing new at all"
JT·莱罗伊 JT Leroy,假发让人抓狂 平头帅K crush on黛安克鲁格 只有419没后续 不开心！不得不说里面JT造型雷人 
JT·莱罗伊 JT Leroy,1.51-zyyzlm
JT·莱罗伊 JT Leroy,起码看完后我还记得小K和黛安的吻戏
JT·莱罗伊 JT Leroy,哦黛安克鲁格
JT·莱罗伊 JT Leroy,假作真时真亦假 何不娱乐到底 
JT·莱罗伊 JT Leroy,KS在此片中很自然
JT·莱罗伊 JT Leroy,拍的一般，知道是变性人的传记片，竟然看出来一点《李茶的姑妈》的感觉，不知道怎么回事……
JT·莱罗伊 JT Leroy,总觉得可以在Dern的演技带领下更高立意的电影，却点到即止的HE结局🙃🙃虽然实在看不出她的这年纪与戏中小K的老哥谈恋爱的火花，这故事还是浪费了啊。。。Diane还是辣么美，但显然Dern还是领先太多。。
JT·莱罗伊 JT Leroy,三星半
JT·莱罗伊 JT Leroy,没字幕竟然看着不费劲儿，表达不咋深其实，剧情也可谓一点惊喜没有。暮光女真是帅，让我情不自禁在某些希望她能演好的地方心里暗暗帮她使劲，多希望她某个眼神或者表情，咔，打动我一下，可惜就是觉得差点啥，还是只有脸和她自己本来那股劲吸引人，行吧
JT·莱罗伊 JT Leroy,看下去...啥玩意
JT·莱罗伊 JT Leroy,k喜欢的女导，总觉得眼熟，原来是法国王后。
JT·莱罗伊 JT Leroy,平头小k真的太帅了，脸也太小了吧。为了看JT跟导演的对手戏，很认真得从头看到尾。颜值赢了。
JT·莱罗伊 JT Leroy,完全是为小k量身打造的啊～
JT·莱罗伊 JT Leroy,"导演可能不会拍女性吧。。。
整片可能还不如某种女人一个镜头动人。"
JT·莱罗伊 JT Leroy,两位中生代女演员演技爆棚，相比之下ks略逊色。
JT·莱罗伊 JT Leroy,中规中矩，故事性比较强，就没有了
JT·莱罗伊 JT Leroy,小K太适合纠结帝了！
JT·莱罗伊 JT Leroy,3星都是给滚哥的
JT·莱罗伊 JT Leroy,现实和虚构时而让人迷失
JT·莱罗伊 JT Leroy,我没能理解吧
JT·莱罗伊 JT Leroy,有点故作高深
JT·莱罗伊 JT Leroy,还不错
JT·莱罗伊 JT Leroy,太普通了。剧情不太能引起共鸣，为什么一定要embody。K帅美。片子不长但节奏有问题，就导致我一直在看时间，怎么还不完。海报帽子好看。
JT·莱罗伊 JT Leroy,我看到假发觉得头痒
JT·莱罗伊 JT Leroy,很奇特的故事 很有新鲜感
JT·莱罗伊 JT Leroy,ks少年感好强啊
JT·莱罗伊 JT Leroy,嗯，剧情平淡，全靠颜值撑
JT·莱罗伊 JT Leroy,有趣啊
JT·莱罗伊 JT Leroy,我觉得一般。。个人意见
一个人的遭遇 Судьба человека,"一颗星给绝对亮点的版你丫小盆友。
一颗星给怪蜀黍垫在醉酒德军官后脑下的那块砖头。
一颗星给那些充满魅惑的梦境。
……
另外两颗星的空白是因为本人不懂哲学。

"
一个人的遭遇 Судьба человека,"a ""revisionist"" film, man fights not for nation, but for saving family and survive himself. Breathtaking cinematography again. "
一个人的遭遇 Судьба человека,虽然很惨，可是意外地我没有很感动，最后汽车里那一幕眼眶有点湿，还是我比较吃好莱坞那一套？
一个人的遭遇 Судьба человека,老苏联共产主义电影，摄影美，片中主角索可洛夫被德军俘虏，在集中营内每天搬石头，一晚抱怨：“每天四方石头，给我们作坟墓也只用两方就够了。”德军官闻知此话想枪毙他，死前给他一杯白酒一片面包，索可洛夫仰首饮罢放回面包片，问为何不吃面包，答：“我通常喝一杯酒是不吃东西的！”——全片之眼
一个人的遭遇 Судьба человека,看的德国版的译制配音版本，感觉是有佳句无佳章，邦达尔丘克的镜头语言、表现技巧的确明显有很多成了十七年电影时期国产红色电影的手法来源之一。相信个中情节来源于真实苏军战士经历，但把它们编排集中到一个人身上屡次死里逃生时显得他有种莫名的幸运，尤其当听说斯大林拒不救被俘的儿子、后者精神错乱试冲铁网被乱枪打死、前者宣称苏军没有被俘只有叛国，男主逃回来没有被严加盘问有些不敢相信，许是这使之削弱了打动人的力度。
一个人的遭遇 Судьба человека,暂时没有记忆了 需要再看一遍
一个人的遭遇 Судьба человека,這個電影竊以為挺一般的，沒有把小說的敘事片段性轉換為電影敘事的連貫性。
一个人的遭遇 Судьба человека,长镜头的机位流畅运动，大特写，主观手持，幻想蒙太奇，很多技法上新颖的东西
一个人的遭遇 Судьба человека,当哀愁成为了苏联的一种符号
一个人的遭遇 Судьба человека,这类故事一向也不是我喜欢的类型，不过有几处的摄影很有趣，林中逃跑一段对林下光的运用算得上成功，可惜音乐应该再节制
一个人的遭遇 Судьба человека,6/10
一个人的遭遇 Судьба человека,土气又豪迈，以及一群苏联人一齐朝着同一个方向四十五度角仰望天空，眼含泪水的深重忧桑。
一个人的遭遇 Судьба человека,纯看摄影了
一个人的遭遇 Судьба человека,多好的小说啊，后悔看了电影
一个人的遭遇 Судьба человека,Шолохов于1958年写成该短篇小说，一年后便成就了Бандарчук的处女作。还停留在黑白片的时代，却已经出彩，Бандарчук自己既做导演又做主角。比起国内的战争片主题要深邃得多，不是功过是非，无关功勋奖惩，而是落回到“人”这个根本上来
一个人的遭遇 Судьба человека,20180822 记得爸推荐过 看完 太悲伤 
一个人的遭遇 Судьба человека,理解
一个人的遭遇 Судьба человека,肖洛霍夫小说改编
一个人的遭遇 Судьба человека,戰爭對敵對雙方的人民都是悲慘的，只有權者得到利益，影片確實將一個戰俘的遭遇陳列，但少有感人的情節，對於可舒發人性處卻未能引人共鳴，欲將認養小孩為兒子一事處理過於唐突與不合人性，可說為一敗筆。片頭男主角之妻表現出女性的柔和處最為貼切。
一个人的遭遇 Судьба человека,参加过战争的导演拍出的战争片就是不同凡响，我们一直忽略了一位世界电影大师：邦达尔丘克。它的代表作还有动员20万人演出的《战争与和平》。
一个人的遭遇 Судьба человека,最早石挥拍的电影《我这一辈子》，后来才被张国立搞成电视剧。成了电视剧就不好看了。这个片儿就是一苏联版的《我这一辈子》
一个人的遭遇 Судьба человека,邦达尔丘克处女秀。改编自肖洛霍夫同名小说。时代迷狂的断层叙事+孑然一身的战乱后遗症+永失我爱的倾颓家园。典型“小人物大时代”模式。收尾处的“病急乱投医”实而饱含着无奈与悲情，却亦不失为一种心灵的完满寄托，同质于《放牛班的春天》中贝比诺的星期六守望。
一个人的遭遇 Судьба человека,看着身边的人一个接着一个的走向死亡。。。。于俄罗斯文化中心。
一个人的遭遇 Судьба человека,Шолохов于1958年写成该短篇小说，一年后便成就了Бандарчук的处女作。还停留在黑白片的时代，却已经出彩，Бандарчук自己既做导演又做主角。比起国内的战争片主题要深邃得多，不是功过是非，无关功勋奖惩，而是落回到“人”这个根本上来，真正的以人为本。
一个人的遭遇 Судьба человека,高中的时候学过这篇课文，当时我就在想这故事很适合拍成电影，后来发现果真有这部电影。电影很不错，结尾很棒，在想想《一九四二》的结尾，是不是和它相似呢？
一个人的遭遇 Судьба человека,一个男人杯具的一生 摄影很大气
一个人的遭遇 Судьба человека,肖洛霍夫的催泪弹，惊艳的却是摄影，超现实主义的表现，倾斜角度拍摄，光影的运用成为点睛之笔。
一个人的遭遇 Судьба человека,这才是好摄影，拜托
一个人的遭遇 Судьба человека,再也没有那样的革命乐观主义精神了。。
一个人的遭遇 Судьба человека,摄影很美。光影的魅力。故事也是挺好的，特别是氛围让人觉得分外的入戏。
一个人的遭遇 Судьба человека,★★★★☆ 主人公逃跑时躺在麦浪里的那个俯拍镜头简直太震撼了，虽然片子比较沉闷。肖洛霍夫的原文应该没有这个效果吧。
一个人的遭遇 Судьба человека,7。两个人的遭遇，一个人的故事
一个人的遭遇 Судьба человека,有时夜里睡不着，瞪着眼睛望着暗处就想：生活啊，你为什么这么折磨我，为什么变成这般模样。有一种镜头叫苏联镜头。男主有点像卡格尼。坎坷半生就要迎来幸福生活却白发人送黑发人，邦达尔丘克的处女座已属上乘。
一个人的遭遇 Судьба человека,一个时代的命运
一个人的遭遇 Судьба человека,镜头。战争使人家破人亡。他的孩子战死，需要一个孩子，他需要一个父亲，于是相认为父子。生物学本能，需要依靠。
一个人的遭遇 Судьба человека,邦达尔丘克处女秀。改编自肖洛霍夫同名小说。时代迷狂的断层叙事+孑然一身的战乱后遗症+永失我爱的倾颓家园。
一个人的遭遇 Судьба человека,"最后流浪男孩和邦达尔丘克相拥，再也扛不住了

"
一个人的遭遇 Судьба человека,1.烟雾是电影美学中的添加剂！2.镜头运动的活跃性完全不在观众的意识之中 3. 该用长镜头就用，该用快速蒙太奇组接营造紧张感或赢得观众的吸引力也要用。每个技术手段都不是独立存在的，要放在具体环境下具体分析！4. 形式与写实相结合的电影，那就真的是电影了🎬
一个人的遭遇 Судьба человека,一个人的命运啊，当然要靠自我奋斗，但是也要考虑到历史的进程。
一个人的遭遇 Судьба человека,书籍应该更为经典吧!~
一个人的遭遇 Судьба человека,改编自肖洛霍夫同名小说，大时代里的小叙事。画面感觉很棒，故事与《我曾经伺候的英国国王》相比稍为逊色。
一个人的遭遇 Судьба человека,战争总要结束，苦难总会过去，生活却还要继续。
一个人的遭遇 Судьба человека,没逼到一定份上我不骂人，国语配音真心烂成屎。
一个人的遭遇 Судьба человека,牛逼的摄影，根据同名小说改编，苏联电影的标签
一个人的遭遇 Судьба человека,危急环境下司令座车疾驰画面上下颠倒的调度在这里比《士兵之歌》早几个月出现？固定摄影机近距离仰拍也是本片原创的？焚尸黑烟把天地分隔，真是神来之笔！另有好多镜头与蒙太奇绝妙！
一个人的遭遇 Судьба человека,"一方面是改编自文学的悲惨到底的命运，另一方面却仍是战争阴影下千万人的真实写照。片中索柯洛夫将自己的悲催转化成人道主义的悲悯，不仅不会让人觉得生硬，反而十分真实而接地气。这要归功于导演。
摄影上，创新性的蒙太奇转场让人印象深刻。镜头的抖动、倾斜等处理饱含情绪。躺在麦地的俯拍画面，采石场的长镜头等都非常具有感染力。
日常赞美:俄国的女性好美啊！👏"
一个人的遭遇 Судьба человека,已不知如何形容。早先读肖洛霍夫的文就在房间哭的泣不成声，如今拍成电影几乎引用原文对白。肖洛霍夫的文字是非常隐忍的，感情就应该还原他本来的样子才动人。不需要再夸张，再煽情，是因为真实才好。带着砂砾的粗糙感，却不粗俗。我没找着英字却看见了中字，啊这还是WG前的片子呢
一个人的遭遇 Судьба человека,苏联有的电影真的挺好的 我要消除偏见..  ps.片中演小男孩凡尼亚的人是实践老师的小中学同学啊。。噶琳娜你要不要认识这么多名人！！
一个人的遭遇 Судьба человека,"视听说课。外教的表情严肃，可以看出他眼中的感动。而我眼泪几欲夺眶而出，在离别的火车，喝下三杯恍忽悲凉的背影，白发人送黑发人的凄惨…
"
一个人的遭遇 Судьба человека,真实，残酷，可悲。
一个人的遭遇 Судьба человека,旅客也好，看客也罢。可惜对你我这样一心赴死的人来说，生存本身太简单了。
一个人的遭遇 Судьба человека,无语……
一个人的遭遇 Судьба человека,真是挑不出毛病的一部电影啊。
一个人的遭遇 Судьба человека,摄影好NB
一个人的遭遇 Судьба человека,这些老胶片电影应该代代传承下去
一个人的遭遇 Судьба человека,最近连续看来几把反映战争中普通人悲惨命运的电影，这一部早期的苏联战争片毫不逊色，主角被俘和逃走时开大卡车的桥段前后呼应，似乎都是命运的刻意安排。最后的结尾很温暖人心，有点像《1942》，摄影一流，很多镜头构思大胆巧妙，实在叫绝。
一个人的遭遇 Судьба человека,听不懂一样好看。
一个人的遭遇 Судьба человека,原来现在只有这么少的人在看了
一个人的遭遇 Судьба человека,何止是一个人的遭遇，而是十月革命后所有苏联人民的遭遇。
一个人的遭遇 Судьба человека,苏联电影的暖春标志
一代巨星桑杰君 Sanju,一星给兰比，他演的太像了，真怀疑他是不是被桑杰附体了。编剧很差劲，两个半小时看完，你对桑杰也没有一个清晰的轮廓，后半程更是乱七八糟溃不成军。
一代巨星桑杰君 Sanju,"看到昏昏沉沉，简单说吧。前面四分之三都在讲一个明星老爸一步步把自己吸毒成瘾的儿子，重新拉回正轨的故事。而后儿子为了保住父亲的声誉，宁愿坐牢也不肯妥协。可以说是互相成全了。

故事在叙述结构上是有设计过的，最后的主旨也是落在了“假新闻”的讨论上，有升华一点。

但最大的问题是，人物描写用了两个多小时，都没有立体起来，实在太单薄，完全打动不了我，想给两星半"
一代巨星桑杰君 Sanju,人物足够传奇，拍起来才够精彩，从这点来说，电影做到了。最深刻的是父子之间的亲情和兄弟之间的友情。
一代巨星桑杰君 Sanju,前后割裂感挺明显的，很多元素是对应的，先死妈再死爸，前面有好友拉扯后面有父亲的三首歌，感觉是框架雷同的两部电影，如果是原创故事的话，这编导的动机还挺费解的，顶多能看出此人有世俗化倾向，或者叫反对宗教极端主义（让男主陷入麻烦的都跟“神”沾边，而让他重新崛起的都是人世的睿智“大师”），而且后半段对男主陷入媒体诽谤的苦恼描写的太夸张了，片尾谜底是“不用在乎”——这不是人人皆知的道理么？（应该给阮玲玉看看）所以看得时候就推断这个故事有很强的针对性，没想到压根就是真人真事改编。拍的出彩的地方有不少，朋友的角色写的很好，堪称拥有黄金般心灵，歌舞也有新意，有迷幻有酷炫，片尾曲像首俄语歌，能看出歌舞导演求新的尝试，马桶圈当项链等桥段也够创意，一些细节还勾连致意了导演之前的作品，后半部分略散乱
一代巨星桑杰君 Sanju,开篇自黑拍得很好，后来有些失控。如此传奇的人生，平实一些效果应该更佳。谁叫他妈妈是丽达呢，再加一星
一代巨星桑杰君 Sanju,随意打分，没有字幕上下半场各睡着40分钟，但印度朋友相当喜欢
一代巨星桑杰君 Sanju,"Sanjay Dutt人生传奇中贯穿的是亲情和友情，电影可分为两部分:成功摆脱毒品和对持有武器无罪的坚持，正是第一段痛苦的戒毒过程，让亲情和他的无辜显得可信。题外话：印度片看得少，这好像是LSD: Love, Sex Aur Dhokha之后好多年看的第二部有关毒品的印度片"
一代巨星桑杰君 Sanju,没有想象中好看
一代巨星桑杰君 Sanju,任何好东西不能太过，否则就是狗尾续貂！叫人觉得腻味！
一代巨星桑杰君 Sanju,毛里求斯真的很美啊。电影里提到黑帮大佬医生梦这部电影剧本拍摄，评价很不错的实名电影，可惜我没看过。电影里桑杰的父子情和兄弟情处理的不错，尤其是结尾兄弟情的修复，令人感动
一代巨星桑杰君 Sanju,"最近看了些印度电影。因为关注，所以多了了解机会。然后便发现高分影片比比皆是。《一代巨星桑杰君》

，看片名真没觉得电影能有多好。然而看完之后却深感这可能又是一部被片名耽误的佳片，就像当年的《三

傻》一样。兰比尔·卡普尔饰演男主角，从青少年一直演到老年。敬业是一方面，演技也绝对不容忽视！"
一代巨星桑杰君 Sanju,太拖沓了，而且虽然新闻报道有不实，但也因为男主年轻时就是个混蛋，换在中国实打实的劣迹艺人
一代巨星桑杰君 Sanju,中间太拖沓
一代巨星桑杰君 Sanju,又是浪子回头，真是够了，更像一部洗白片。
一代巨星桑杰君 Sanju,最后的MV还蛮好听的哈哈
一代巨星桑杰君 Sanju,印度的电影时长2个半小时，一般前一小时都是铺垫，不会进入主题。这部也是这样，以至于看到片尾曲我才明白故事的核心在哪里……一言难尽啊
一代巨星桑杰君 Sanju,这个人物没立住，看了两个多小时我都无感。风格很模仿好莱坞的传记片。有父子的感情线，但可能因为我是女的，也打动不了我。总之就是拖拖拉拉的终于看完了。
一代巨星桑杰君 Sanju,美女作家真性感 伟大友谊好珍贵 父子温情把歌唱
一代巨星桑杰君 Sanju,2019金馬奇幻影展- SurpriseFilm場次 選擇如此通俗(娛樂/大眾)的片子做為驚喜場，因為主題與「假新聞」有關… 前段時間才有數據調查顯示，TW在某些方面接收到的虛假資訊是全球第一… 「媒體=黴體」，確實是非常糟糕的問題… 這次影展也有不止一部片反思了當代「第四權」亂像，主辦單位用心良苦XD 這部片子情感面主打父子情、友情，前2/3節奏可以再緊湊些，最後片尾曲直指主旨… 回憶錄+不同視角，由「傳記作家」串聯全篇，這種敘事結構蠻中規中矩，但也不容易處理… 算是寶萊塢工業的正常水準之作…(影片開頭說 改編自真人真事)
一代巨星桑杰君 Sanju,中国人的片名翻译简直就是愚蠢搞笑，他的经历根本谈不上什么所谓巨星，顶多是一个搞事的演员，Bollywood内部文化在管理上其实差好莱坞十万八千里，典型现象就是喜欢互相吹捧，这电影在给他洗“黑钱”而已，全片亮点就是片尾曲，真人跟主角现身表演。
一代巨星桑杰君 Sanju,相比前两部这部实在是太平庸了。
一代巨星桑杰君 Sanju,最好的剧本被阿米尔和沙鲁克拿走了2333333
一代巨星桑杰君 Sanju,7.6吧。商业片的程式感挺强的，非常宝莱坞，唱唱跳跳，有搞笑也有感人。全片的重点比较分散，但印度电影普遍片长两个半小时左右，为了使内容更充实，多重点也是常有的事。故事前半段说的是吸毒害人，后半段说的是不良媒体害人，贯穿始终的是亲情和友情如何支撑倒霉桑杰走过不幸。桑杰年轻时候真是个让人不省心的小混蛋，运气也不是一般背。好在总有人不离不弃。爸爸虽然管得严，但也能理解儿子，是桑杰永远的导师和英雄。卡姆莱什的忠诚友谊简直梦幻（不过误会桑杰那么多年有点太轻率了）。我居然觉得只想做普通人的惹事精桑杰配得上这样的天使爸爸和梦幻好友，从这个角度说，桑杰的人设还是挺成功的。除了个人魅力，更重要的是电影传达出了桑杰对爱自己的人也非常珍惜。总的来说，桑杰还是幸运的吧，一个人的一生，能遇到几个真心相待的人呢。
一代巨星桑杰君 Sanju,"sanjay这一生过得可谓是跌宕起伏险象丛生，假如他没有这样一个愿意相信他能够改变，愿意无条件信任帮助他的父亲和朋友，或许结局会更加悲惨。又或许社会、演艺界不给他机会，不愿意接受他的改变，他也不能重来。sanjay人生就像是一串接着一串人为编造的意外，就像一辆卡车将人不断向墙角逼迫，他的出身或许造就了这一切，而谣言则催化了一切的误解，说一千遍的谎言，不知不觉成了人们眼中的事实，充斥不断的问号瓦解了大众的判断力，一个人一生都在为误解和谣言作斗争，在为寄存在他人内心深处的嫉妒和自私甚至是为他人的邪恶作斗争，这种人生，真的很累很累，也很需要勇气。如果说要怎么在这种被问号包裹的充斥他人恶意重伤的谣言中生活下去的话，那就只有“让他们说吧，让他们笑吧，大路在召唤，只管往前走”。
故事很好，拍得还行中"
一代巨星桑杰君 Sanju,挺好看的。向Sunil Dutt致敬
一代巨星桑杰君 Sanju,噗不怎么好
一代巨星桑杰君 Sanju,"金马影展第五部
如果全程像前一个小时那样，讲他酒色财气，讲桀骜不驯，该多有意思"
一代巨星桑杰君 Sanju,虽然电影一般，但是看到Ranbir Kapoor演技成熟很多啦....
一代巨星桑杰君 Sanju,2018-45-02 | 宝莱坞的歌舞虽然总是让我想快进，我可能欣赏不了这样的表现形式（捂脸），但是其中对于新闻之毒的讲述很有力。恰逢我正在写一篇Client Alert，文章标题里我本来用了一个“问号”，但是，与新闻自由化同理，在繁复的言论中，应该更加慎重地表达自己的观点，仿佛加了“问号”就给了自己免死金牌，一切都可解释，而不计后果。
一代巨星桑杰君 Sanju,桑杰的传记电影，这跌宕起伏的一生也配得上巨星这一名号了，桑杰的父母都是印度影坛堪称传奇的两个巨匠，所以他的星二代光环十分耀眼，但他还是搞砸了，电影很好的概述了他的人生故事，有笑有泪，但不可避免有些角色很脸谱化，后面的节奏就有点疲劳了，主旨是抨击完全倒向热点流量的媒体业状况，其实全世界都有这样的情况，好莱坞多少巨星传奇被记者们毁了，桑杰做了很多混账事，但媒体的责任也很大，舆论导向能成事也能害死人，兰比尔的表现超出我的预期，最后桑杰本人亮相还是让我惊讶了一下。
一代巨星桑杰君 Sanju,媒体不如黑老大。
一代巨星桑杰君 Sanju,和其他印度电影的感觉不一样，感觉个人不是很喜欢这类风格人物的传记生活，勉强看完～
一代巨星桑杰君 Sanju,桑君の大型洗白现场
一代巨星桑杰君 Sanju,五个阶段五个形象五种人生，巨星养成记，个人心酸史。
一代巨星桑杰君 Sanju,#两个男人的有趣故事 #叙事结构类似《公民凯恩》 情节转折点也很密集 歌舞片段非常有意思也毫不唐突 这是人物的塑造不够丰满 人物形象不立体
一代巨星桑杰君 Sanju,"还算工整，戒赌，戒黑，戒媒三节。非歌舞不成片，非煽情不印度，这片子堆砌巧合误解和偏见的频率简直令人咂舌，纯说教，无悬念，剧情推进莫名其妙就浪子回头了。

明明就是爆米花电影，非要招惹教育诲人，就是做，几乎三个小时的做！"
一代巨星桑杰君 Sanju,影片太啰嗦了，故事妄图全面展现一切，但是有些荒谬，那么多年的朋友就这么容易的轻信了那么明显的谣言。时间感有些混乱，几个月看着像几年，都是胡子闹的。
一代巨星桑杰君 Sanju,评分那么高，看着很一般啊，虽然揭露了很多社会现实，但就是难以产生共鸣，完全没有代入感，男主洗白之后依然觉得“不正经”。没觉得他是个好演员，但确实他有个好爸爸，还有一个好兄弟。
一代巨星桑杰君 Sanju,人物刻画其实很单薄
一代巨星桑杰君 Sanju,影片有夸大的成分，强行给自己洗白。只告诉我们，自己是无辜的，媒体作孽。当然兰比尔给我们贡献了精彩的表演。
一代巨星桑杰君 Sanju,一点美国往事的影子 但不喜欢 2019.2.22电影研讨会
一代巨星桑杰君 Sanju,有佳句無佳章。
一代巨星桑杰君 Sanju,低于我的预期...恕我直言，没有重点真的好像一本高能挺多的流水账啊...
一代巨星桑杰君 Sanju,说实话，这片子剧情有点乱，看得我想睡觉啊
一代巨星桑杰君 Sanju,"2019.4.27『文汇报』影评提及
2019.6.22上海电影节观影。新闻能报道人物，也能塑造人物，前者能够真，后者或许只是假的，加上个？媒体就可以不用对真假负责啦。桑杰君有个伟大的父亲和可爱的朋友"
一代巨星桑杰君 Sanju,不咸不淡的友情和父子情，洗地能力堪比《吐槽大会》
一代巨星桑杰君 Sanju,能撞上这么个好友，又有个父亲如此循循善诱真的运气太好了！！！
一代巨星桑杰君 Sanju,15/04/19
一代巨星桑杰君 Sanju,印度电影在选用题材方面一直都非常激进，直击当今社会痛点。人在成长的道路上很容易误入歧途并且正确的道路也充斥着他人的喧嚣。男主是幸运的，有“良师”和“益友”。所以虽然人生是复杂的，但结局终是美好的。
一代巨星桑杰君 Sanju,剧情紧凑，跌宕起伏，剪辑也很好。少年时懵懂，青年时落魄，壮年时肌肉，老年时睿智。
一代巨星桑杰君 Sanju,还不错，挺传奇的一个人。就是他家跟恐怖事件扯上关系的案件挺匪夷所思的。没找到原因。明明也是受害人啊
一代巨星桑杰君 Sanju,"好爸爸，和好朋友。真好
纰漏媒体的黑暗以问号解决一切"
一代巨星桑杰君 Sanju,不了解的人物看起来就像一个闹剧。看了一会想起了uptown funk那首歌。另外学会一个词，midnight urge，哈哈哈
一代巨星桑杰君 Sanju,咎由自取，狂妄自大
一代巨星桑杰君 Sanju,还不错的
一代巨星桑杰君 Sanju,实在不喜欢印度片
一代巨星桑杰君 Sanju,影片抨击媒体丢失新闻信仰，还不如黑帮老大有节操
一代巨星桑杰君 Sanju,通俗的傳記電影，典型的異性戀父權劇情走向，女人皆是配角工具。不斷回憶與現實軸線跳躍有點煩悶。喜劇成分略低，要說感人大概只有後段父子情的別離。值得一提是，主角與摯友的情誼非常基情，只差沒有接吻了<3
一代巨星桑杰君 Sanju,还可以
一代巨星桑杰君 Sanju,丑陋的标题党，2个爸爸的故事。坎坷的人生，真理的代价。
一年级生 The First Grader,这是一部典型的慢热电影，前面部分预示着电影的两条线，一条是老人要读小学，一条是老人早年为肯尼亚的独立事业做的反抗斗争，这样的开场让我担心起后面的两条线交集的问题，马上，虽已独立但种族问题的残留浮出水面，家长等各方人开始反对老人入学，而女校长成为了这条线的反抗者。
一年级生 The First Grader,國民黨老兵要讀書，支教老師幫個忙。
一年级生 The First Grader,★★★马鲁格，一个在独立战争中饱受折磨的茅茅党员，用自己的亲身经历告诫肯尼亚的孩子，如何摆脱手无缚鸡之力，如何摆脱被殖民的命运，靠的是知识，影片前半段深刻感人，后半段过于夸大反而无力。 .
一年级生 The First Grader,一个坚韧的人
一年级生 The First Grader,马鲁格
一年级生 The First Grader,20120726hm黑非洲，肯尼亚算是近些年政局比较稳定经济持续发展的一个，BBC制作的本片截取了一个肯尼亚独立之后有关全民免费教育的小故事，真实事件改编，拍的比较轻松，事关沉痛的部分一带而过，镜头对准的还是美好的未来。相形之下，总有抑制不住的愤怒。要相信笔尖的力量，而且民主与贫穷无关。
一年级生 The First Grader,很朴实的故事，从苦难中走出来的人，懂得珍惜幸福。
一年级生 The First Grader,真人真事确实比较屌了。在教室看，剧情方面和同学丧失了两节课-。-
一年级生 The First Grader,真实故事很给力，但是拍的很一般。可惜。
一年级生 The First Grader,我們必先將人們排在同一條線上，然後再談其他的事。
一年级生 The First Grader,真实的力量
一年级生 The First Grader,与其说马鲁格在争取读书的权利，不如说他是在争取黑人与白人的平等权利，追寻肯尼亚的乌呼鲁（意为“自由”）。
一年级生 The First Grader,好题材，可惜拍摄手法一般，有意思的是反对大英帝国殖民的片子竟然是BBC自己拍的。 
一年级生 The First Grader,老年励志片。如果导演能够克制煽情，更为写实，影片将更佳。
一年级生 The First Grader,原来国外也有支教电影。。。
一年级生 The First Grader,拍的演的都不错。但这种宣传小概率事件只会害人误己。
一年级生 The First Grader,yes ，we can。
一年级生 The First Grader,一个老红军上学读书的故事，真实事件改编总是能够触动人心。
一年级生 The First Grader,说明搞特权需要至少2个资本:外形与诉求的反差越大越能吸引目光，诉求的声音要足够大，无论诉求看起来多方缪都要坚持，要有能打动人心的历史背景，最好有一个容易获得同情的皮囊
一年级生 The First Grader,真是活到老，学到老。赞同片中的一句话，学习应该是快乐的，单纯的，没有压力的～
一年级生 The First Grader,这是纪录片吧马鲁戈
一年级生 The First Grader,我只能说感觉真的不大 但是对于这个倔强的茂茂族老人无比敬重
一年级生 The First Grader,殖民回忆加的有点多，和教育主题不是很搭。uhulu原来是自由的意思。内罗毕非洲小巴黎呗
一年级生 The First Grader,主旋律宣传片，主角颇具摩根弗里曼的范儿。歌舞场面让我想起了某纪录片中非洲兄弟姐妹热情欢迎周总理的场景。
一年级生 The First Grader,“笔间自有力量”，知识可以不单可以改变命运，更能拯救危难的民族。只有当过文盲的人才懂得知识无穷的力量，马鲁格，一个在独立战争中饱受折磨的茅茅党员，用自己的亲身经历告诫肯尼亚的孩子，如何摆脱手无缚鸡之力，如何摆脱被殖民的命运，靠的是知识，影片前半段深刻感人，后半段过于夸大反而无力。
一年级生 The First Grader,一次被教育权利的争夺，一场关乎尊严的捍卫！
一年级生 The First Grader,感觉得到那种不易和辛酸 有点生硬
一年级生 The First Grader,很一般的电影，借教育问题影射政治，不喜欢~
一年级生 The First Grader,可以拍得更好
一年级生 The First Grader,旧事不忘，以学为忆。
一年级生 The First Grader,三星半。。对我来说比较无感。总觉得这么规整的镜头和肯尼亚的现状不太相符，男主角深刻的回忆也和校园不太融合。。比较常规的励志片。ps：都能直接上访见到国家领导。。肯尼亚也够民主了。。
一年级生 The First Grader,"忘記M了,香港人對反殖民應該是沒甚麼共鳴的"
一年级生 The First Grader,有一封信，我必须认识字，我必须自己读。
一年级生 The First Grader,非洲大草原上的一所乡村小学的校服都比我们的要好看。
一年级生 The First Grader,故事是个好故事，应该可以拍的更好
一年级生 The First Grader,事件的敘述如果站在茅茅的角度可能並不是這樣吧。。
一年级生 The First Grader,"以兩條支線講述主角的過去和現在,但轉換略為生硬,有欠流暢,高潮一段戲也略為突兀,整體一般,但主角的執著還是很動人的"
一年级生 The First Grader,英国人自己拍的，自我反省，对许多拒不认错的国家来说是多么的讽刺。
一年级生 The First Grader,不了解历史，感受不了
一年级生 The First Grader,英国人民凑钱买彩票，发完奖过后生剩下的拿给英国影像协会拍电影，揭露大英帝国当年的混账事——素质啊……
一年级生 The First Grader,剧情毫无悬念，但是确实值得一看。
一年级生 The First Grader,受教育的公平比物质的公平重要 得多，思想的解放、不奴役，才是真正的自由
一年级生 The First Grader,最近看了好几个关于教育求学的电影，孩子是一个民族的未来
一年级生 The First Grader,要表达的主旨太多且互相砸场子。
一年级生 The First Grader,拍的不差，但隐隐觉得其实完全可以拍的更好。音乐和特产镜头很棒。
一年级生 The First Grader,追求最后的认可与尊重就是为了去美国给联合国的政客演讲？！。。
一年级生 The First Grader,战争、种族主义、政治……想讲的东西太多，重心有点散乱，煽情略过。
一年级生 The First Grader,can't we just put the past behind us :)
一年级生 The First Grader,政治无感
一年级生 The First Grader,故事简单但是好故事，讲故事的方法有点俗气
一年级生 The First Grader,马鲁格的人物设计有着明确的象征意义，叙事偏向宏大，略有主题刻意的嫌疑，对比同时看的《Yesterday》而言我更喜欢非洲人自己生产制作的后者。他者的表达和描述，不论其姿态对等的努力有多可观，终究是某种其他视点下的揣测和琢磨吧。
一年级生 The First Grader,最后还出现了奥巴马的竞选词yes we can
一年级生 The First Grader,当影片站在正义的制高点时，往往会忽略一些关于电影的本身的问题，故事好，讲述的平平无奇。
一年级生 The First Grader,o people my people
一年级生 The First Grader,为什么黑人演员的眼白好多是黄色的？
一年级生 The First Grader,有点闷，那么高分，看得我几次出戏。就那样吧。
一年级生 The First Grader,这个世界上还有很多段未知的历史，肯尼亚的故事就是其中之一。通过小人物，讲述更多。
一年级生 The First Grader,纪录片呀
一年级生 The First Grader,挺好，但我不会推荐
一年级生 The First Grader,看了几个星期总算看完，不对我的口味。很淳朴的片子，算是励志片吧！这么老的人都在努力，你有什么理由偷懒！！！
一曲难忘 A Song to Remember,看完这片我觉得李斯特和肖邦才应该是一对嘛！从肖邦初到巴黎到最后死掉，李斯特才是一直在他身边的人啊！这里的乔治桑太讨厌，教授又太自欺欺人，肖邦从有志青年到因为女人沉沦再到最后觉醒……只有李斯特比较正常。真是让人无语的一部传记片啊。。唯有音乐可以拯救如此的无聊了。（31）
一曲难忘 A Song to Remember,色彩很好。可惜歪曲了乔治·桑。肖邦的形象似不够丰满。比如传记里写他曾经常去波兰乡村，在那里熟悉了波兰民族音乐，从而丰富了自己的音乐语言。波兰风味渗透了他的音乐。这在电影里都看不到。前半部电影饶有趣味，后半部似有些脸谱化了，太过戏剧性。教师的形象倒是比较丰满。至于历史上的乔治·桑，也不会那么自私吧，她写了一些反映工人和农民生活的小说，应该不像电影里说的那样只知道关心天才，鄙视普通人。
一曲难忘 A Song to Remember,最毒不过妇人心。
一曲难忘 A Song to Remember,初中音乐课上看的。有机会应该再看一次。
一曲难忘 A Song to Remember,乔治桑果然很剽悍。喜欢几个男配，李斯特啊、巴尔扎克啊~
一曲难忘 A Song to Remember,法国文学史~其实袁老师的POINT是De Musset 和 George Sand
一曲难忘 A Song to Remember,这片子就是热爱性别歧视的人拍出来黑乔治桑的。
一曲难忘 A Song to Remember,被学校要求回家在电视上看的电影，这样实在没意思
一曲难忘 A Song to Remember,不是我想象中的乔治桑……
一曲难忘 A Song to Remember,很难看的一部片子，李岚清一类的老同志喜欢，说明他们年轻过。
一曲难忘 A Song to Remember,关于肖邦和乔治桑。年青的肖邦捧着波兰的泥土离开祖国。
一曲难忘 A Song to Remember,是这部电影让我初识乔治桑。
一曲难忘 A Song to Remember,穿粗布衫的和穿燕尾服的终究要分手
一曲难忘 A Song to Remember,究竟有多少音乐老师在课上放了这部电影啊……我们似乎是看了三节课才看完
一曲难忘 A Song to Remember,早就忘了具体情节，但是却记得这是乔治桑的形象第一次出现在我眼前，也还记得胡老师，不知道他现在可好。
一曲难忘 A Song to Remember,纪念肖邦，人物造型都很到位。教授真可爱，音乐很赞。伟大的音乐美，伟大的人格更符合主旋律~喵~
一曲难忘 A Song to Remember,片里的乔治桑真恶心
一曲难忘 A Song to Remember,大学时，上某个政治之类的课看的。
一曲难忘 A Song to Remember,原谅我，下的版本忒烂
一曲难忘 A Song to Remember,ʕ•̫͡•ʕ*̫͡*ʕ•͓͡•ʔ-̫͡-ʕ•̫͡•ʔ*̫͡*ʔ-̫͡-ʔ，打卡。
一曲难忘 A Song to Remember,大概只有音乐不会受到批评吧。为什么把人物塑造得这么干瘪，肖邦就是一个没有主见容易被人摆布的人，一言不合就出走再不跟教授联络是很无情。教授和乔治桑都是爱控制他的人，最后妹妹跳出来指责他不肯豁出性命来筹钱逻辑也奇怪。每个人的立场都没错，但能不能不这么极端。最可爱的就是李斯特了。
一曲难忘 A Song to Remember,肖邦 一曲难忘
一曲难忘 A Song to Remember,音乐课看的 可能是功力有限 没看出哪儿好
一曲难忘 A Song to Remember,音樂課上放過N遍啊
一曲难忘 A Song to Remember,女人什麽的都是紅顏禍水，只有基友（師生play？）才是一生真愛- =… 所以導演編劇是有多討厭喬治·桑……把她刻畫得像妖女一樣囧。
一曲难忘 A Song to Remember,肖邦是真实的，他爱过的人和事物都是他真实的感情。
一曲难忘 A Song to Remember,-_-1、没有李斯特便没有肖邦，人才若没有舞台便只能黯淡无光。2、有才华懂进退才是真正的智慧。3、尽管天下间女人的爱都自私狭隘但爱上一个妓女和才女还是有区别并深刻影响着你的命运的。4、把生命交给别人好名声只存在于别人茶余饭后的冷言冷语中，不值。
一曲难忘 A Song to Remember,50. 音乐课上放得 听说改变了史实 所以印象不佳
一曲难忘 A Song to Remember,搜其他电影的时候有这部推荐出来，突然想起来高中的时候看过。那个年代的灯光布景不能要求太高了，作为电影的话，情节发展和整体气氛节奏有些转折感觉有点突兀，这是这部电影留给我的大致印象。
一曲难忘 A Song to Remember,肖邦·····啊
一曲难忘 A Song to Remember,"男猪怎么选的！！一""一扑面而来的叶尼塞河纤夫般的朴实是怎么回事啊摔！！"
一曲难忘 A Song to Remember,摇拍中景对话摇拍中景对话摇拍中景对话摇拍中景对话摇拍中景对话
一曲难忘 A Song to Remember,"并不客观,音乐很美"
一曲难忘 A Song to Remember,在我们那个年代，重点高中的音乐课要比一般高中的音乐课上得走心一些。在那个以高考为最终目的年代，高二还没有取消的音乐课，便成为学霸们自动忽略的一门课，作为重点班学渣的我，在寥寥无几的教室里，分两次课看完了这部电影，在那段非黑即白的日子里，这些便是生活中的色彩，当然，我的色彩不止如此
一曲难忘 A Song to Remember,老片子很有味道，但与史实不太相符，另外男猪脚太阳光帅气了，一点也不像肖邦~
一曲难忘 A Song to Remember,只能说记录了肖邦的一生，还不够丰满，但是在1945年，已经算是很棒的电影了吧。
一曲难忘 A Song to Remember,讲真，这样的戏说我欣赏无能。然而一听到这些旋律我还是会激动到不行，尤其是波罗涅兹！与其当成传记片，不如当成音乐鉴赏普及片来看，更能接受一些。三星全送给伟大的音乐。
一曲难忘 A Song to Remember,搞笑的professer 乔治桑小姐可以把额头盖起来吗?
一曲难忘 A Song to Remember,是高中英语课的电影吧。
一曲难忘 A Song to Remember,波兰舞曲好好听哦
一曲难忘 A Song to Remember,大二的外国音乐欣赏课 去过大概四次吧...
一曲难忘 A Song to Remember,小时候在音乐老师的推荐下看了这片子。人物转折有些生硬，据一些评论讲也是不符合史实的。虽然可能黑了乔治桑，但这样的女人真的很带劲儿。
一曲难忘 A Song to Remember,肖邦与乔治桑
一曲难忘 A Song to Remember,2013.04.10 古典音乐：门德尔松、李斯特和肖邦。  老师果然是学音乐、教音乐的，电影一开场里的各种配乐的名字都说得出来。《降A大调－波兰舞曲》。。少年肖邦的角色表演得稍显青涩。那年的电影，弹钢琴时，都不用很炫很花哨的镜头表现。。跟音乐老师一起看电影就是不一样！！
一曲难忘 A Song to Remember,艺术是高高在上的还是属于全民的，教授和那个强势的女人到底谁对谁错？
一曲难忘 A Song to Remember,音乐课上看的，现在只对乔治桑有印象
一曲难忘 A Song to Remember,简单滴剧情，悠扬滴音乐，这些已足够……
一曲难忘 A Song to Remember,音乐课上看的。。。我在碎觉，受不了中文配音。。。电影还不错
一曲难忘 A Song to Remember,音乐课上看的，各种拧巴。
一曲难忘 A Song to Remember,CCTV1“名著名片欣賞”回憶之一...似乎對George Sand的印象比較深刻(這麽T的女人本來是不討喜的，可這位偏偏能夠俘虜我，冤孽冤孽)..Chopin還是Hugh Grant扮起來更合心願，是吧？
一曲难忘 A Song to Remember,琴声深入灵魂啊
一曲难忘 A Song to Remember,中规中矩
一曲难忘 A Song to Remember,高中老师给看的音乐传记，梅尔奥博朗演george sand实在hold不住，她本身也属于演技比较差的类型
一曲难忘 A Song to Remember,不造有几分是野史几分是杜撰，不过上个音乐课听听钢琴曲看看电影还是很美妙的哈哈哈哈哈，另，从头至尾都觉得是george sang因为强大的占有欲毒死了肖邦……红颜祸水天妒英才啊啊啊啊
一曲难忘 A Song to Remember,不错不错，就是有点假大空，对于肖邦的现象塑造过于完美了
一曲难忘 A Song to Remember,哪有写得这么好，想了解肖邦的不用看了，想没事找点乐子的可以看看！！！这居然是我们西方音乐史 课上老师放给我们看的片子......
一曲难忘 A Song to Remember,以意识形态压倒艺术
一曲难忘 A Song to Remember,爱情诚可贵，爱国价更高。
一曲难忘 A Song to Remember,老师你放这个还扯到了百年孤独这样真的好么...
一曲难忘 A Song to Remember,离别曲
一生只为一事来,教师节作为政治任务包场看的。没有想象的那么糟，但我们的主旋律电影，总有种化神奇为无聊的独特功效，开始还好，越到后面说教味越重，简直是一篇有声版的先进事迹报告。
一生只为一事来,中国人物传记电影的通病，主角拔得太高以至于脱离了人物本身所应该具备的人性，太过圣人化。整部电影里最完整的人物我觉得是罗如意，反而让我很感动，这才是真实的人生人性。
一生只为一事来,鸡汤味颇浓，有几处刻意煽情
一生只为一事来,煽情太刻意
一生只为一事来,好题材，拍坏了。
一生只为一事来,教师节活动，电影的题材很好，这样一位支老师值得所有的老师尊敬、学习，但是女主角演技不佳，形象气质不佳，给人一种不适感，少年董大山的演员很帅气呀，长得像吴亦凡。
一生只为一事来,"虽然是任务片子，但拍得还挺朴实耐看的。前半段不错，后半段开始落入俗套了。有刻意煽情，但电影院里大家仍然哭得稀里哗啦。演技上，女主角有些地方有点僵硬，反而小男孩很灵动，巩汉林也很稳。
不管怎么说，致敬教师和注重教育的主题都是很好很好的~"
一生只为一事来,还是有点假大空，星星全给支月英老师本人
一生只为一事来,支老师用一生的时光温暖了这座大山和所有的残酷与遗憾。今天刚好教师节，助所有老师节日快乐。
一生只为一事来,"小孩子不错
煽情煽的过分了
不过真实事件改编总是让人流泪"
一生只为一事来,故事太过美好，唯有最后集体照的支老师是可怜人，支教辛苦还很多不承认教龄的，支老师辛苦
一生只为一事来,一个在山上独自生活十年的坚强教师，却在风雨中连个摩托都推不稳，不少地方为了煽情过分刻意令人尴尬。电影节奏乱得一塌糊涂，穆婷婷的脸和演技双倍让人出戏，但是原型母亲还有个别小演员的演技真的很优秀。三星全部给电影原型本人。“若是心里存了条上山的道，那就什么也挡不住我的路。”
一生只为一事来,有熟悉的地方，熟悉的感觉。
一生只为一事来,纷繁浮躁的物质社会，有着这样一群人为理想为祖国的未来，甘于清贫勇于奉献，他们就是支教老师，电影就是讲述他们其中的一位优秀的代表，“不是因为有希望才坚持，而是因为坚持才有希望”，致敬！
一生只为一事来,学校组织教师集体看这部片……话说支老师扮演者的双眼皮割得也太差了 出戏了
一生只为一事来,学校包场的电影，有两个画面很感动，一个是支月英差点离开时，放牛的小孩大声说过了年就去读书，一个是大山说他希望输掉打赌，全力奔跑越过山林，幻想自己劝支月英离开，支月英说只要心里藏着学生，谁也挡不住上山的路。
一生只为一事来,一星给教师这个职业，一星给支月英的事迹，一星给单位组织这次党员教育专题活动。
一生只为一事来,主角演技力度不够，浮于表面。徐梓涵这位小演员是最大的惊喜。
一生只为一事来,公司组织的观影。电影情节安排的有些不太好，但给教师这个职业。
一生只为一事来,致敬支月英老师。ps.剧本可能是一篇高中作文。
一生只为一事来,学校组织的片，感谢这个电影，补了前一天12点多才睡的觉…
一生只为一事来,学校组织我们一起看的。当然，要致敬支月英老师，真的了不起。
一生只为一事来,孩子们遇到一位好老师，是他们的一辈子的幸运！
一生只为一事来,教师题材的电影其实挺难拍的，看完之后感觉肃然起敬，少拿点钱也无所谓了
一生只为一事来,这么好的题材拍成这样对的起支老师吗？能理解导演想表达很多东西，但是结果是什么都没表达好，很多地方都太突兀不够自然呀，同样的题材放牛班的春天和垫底辣妹就好多了
一生只为一事来,估计这种电影没多少人看啊，但其实可以支持下的
一生只为一事来,里面有很多非常有才华的演员加盟。
一生只为一事来,艰难岁月没有让支月英产生退却，反而是村民们的冷漠和不理解，才是深深的伤害到她了
一生只为一事来,"罗如意们的生活，怎么就这么难？
仅靠支月英老师的付出，如何改变罗如意的命运？!"
一生只为一事来,导演非常有才华，演员的演技也非常好
一生只为一事来,"看之前：一个中国好老师，一个感动的故事。
看完后：原话，前面加上“可惜了”仨字……
"
一生只为一事来,当今浮躁的社会真的很缺乏支月英老师这样坚持到底，无私奉献的精神！
一生只为一事来,身为老师才知道做老师的不易，能做到支月英老师这样无私奉献，默默付出真的很难，不过我还会因为成为一名老师而自豪～电影有点假，还有点尬，不过还是挺感人的～
一生只为一事来,在教师节来临之际，去看了这个电影，作为刚从一名学生转变为老师的人，感触很深！以前是学生，不懂老师。现在作为一名教师了，看着自己所带的孩子，对他们寄语了很高的期望，希望他们能健康快乐的成长。看着女主放弃了城镇富裕的生活，扎根在边远的山区，为了山区的孩子奉献了一身。最喜欢里面的一句话“不是有了希望才坚持，而是有了坚持，才看到了希望！”董大山最后走出了大山，离不开女主的付出！
一生只为一事来,还不错
一生只为一事来,穆婷婷从年轻演到年老，太棒了，这对演技有着极高的要求啊！
一生只为一事来,董大山小时候那些调皮捣蛋的样子真的让我想起了年轻时的我自己！
一生只为一事来,一颗星给关注教师职业的电影人，两颗星给支月英老师以及无数像她一样坚守在乡村一线的老师们。前半段接地气很感人，同为一线教师感受到那份为学生和教育全心全意付出的仁爱之心，眼泪忍都忍不住。后半段剪辑混乱，刻意煽情，旁白尴尬到不忍直视。本可以把旁白拍成具体的故事，写给学生的信件可以用书写的方式读出来。失去了实际事件的支撑，参天大树是突然长成的，学生是突然成才的，无数没有细节的细小往事混乱交错。导演大概是忘了为什么支老师如此让人感动，是知识改变命运，是教育改变的人生，是老师的坚持影响了孩子的人生观。另外，一群江西村民操着北方口音太出戏了。这么好的题材，这么感人的故事，本来可以引领一波热潮，如支老师最后所说让大家关注乡村教育，结果拍成这样真是遗憾。
一生只为一事来,电影情节带动情感层层递进，渗透你的内心防线，最后点燃你的泪腺！
一生只为一事来,真人真事改编，很感动，但叙事手法和演技上还需提高，小演员们倒是不错
一生只为一事来,老演员还是与众不同的，王姬虽然戏份算不上多，但依然给我留下了很深的印象。整体故事讲的还行，算是有亮点，有些地方情感处理还可以
一生只为一事来,主题很好 表现手法以及剧本来说  很不怎么样 就不能换个方式表现吗 要讲的太多 中心不突出 最好的支教电影 我觉得是美丽的大脚 非常真实 人性展现的淋漓尽致  这个实在太主旋律了 勉强 打个三星 看在演员们真挚表演的份上 另外 老年支月英的装画的真够假的 无力吐槽 
一生只为一事来,山坡茂密成林，不知山路间有过多少滂沱大雨。十年树木，老师还留着当年打赌时的弹珠。打了一个希望会输的赌，你赌我会留下，我怎么会让你输。不是因为我们看到了希望才去坚持，而是因为坚持了才有希望。若是心里存了上山的路，那无论什么都挡不住。最后拍集体照的摄影师便是支月英老师客串，坚持不易。
一生只为一事来,"两星全给支月英老师事迹本身。导演水平堪忧……大跨度传记电影完全掌控不了。
开头代入感差，各种生活不适、问题和捉弄僵硬，感情线构建不起来。与学生互动的事件太散，对教育的热爱和信念体现不足。前段弱直接导致同学归来回忆撑不起来，后半段尴尬闪回和升格真没必要。
女主演不太行，台词功底扣分，矫揉造作比老师本人差远了。道化服不适合大时间跨度。
结尾客串好评，这才是真实的支月英啊！致敬。
ps 支老师本人首映表示影片没有虚假的部分，勾起很多回忆。但我觉得导演没把观众带入回忆。"
一生只为一事来,单位组织看的，我真的受不了了！！！！什么破剧本，什么演技，什么导演！？？？？？难道教师题材没得写了吗？？？？
一生只为一事来,台词说教意味太浓，而且脱离实际，生硬强行
一生只为一事来,求求单位不要再占休息日搞团建了
一生只为一事来,为爱煽情，中国好题材摧毁中…
一生只为一事来,哎，这题材非的这样拍吗？
一生只为一事来,完全是电视电影的拍法……
一生只为一事来,为支月英老师鼓掌👏我真正感到难过的是，支老师充满奉献的一生她做错了什么？？？为什么要拍这种电影侮辱她？？
一生只为一事来,拍好主旋律影片的前提应该是影片，而不是主旋律。摇臂升格随便垒在一起，人物扁平毫无生气，剧情推动是先天的而不是动态的，浮得要命，这就是不尊重电影本身。
一生只为一事来,"单位组织观影，查考勤那种。
真人经历可能感人，但剧组拍摄跟主演表现首先就是对乡村教师的不尊重。还有，有拍片的钱，观影的钱，能直接支教吗？！"
一生只为一事来,太假。呵呵
一生只为一事来,星只给真实人物原型
一生只为一事来,政治学习 演技感人
一生只为一事来,呵呵呵
一生只为一事来,编剧真的是尬到死啊  不停的在生搬硬套 叫感动中国人物组来比你这个好一百倍
一生只为一事来,单位包场，董大山小演员好像炮王～
一生只为一事来,"老师有耐心，教多少遍都不嫌烦是多么重要呀
（我是不行）
教小孩子科学知识，人都会变聪明的
后来班上最聪明的男生走出了大山，大学毕业回来看望老师，发现老师变得接地气，可能是被生活所磨砺、反而倍感心酸
最后被真实故事改编的，还是很感动的"
一轮明月,不能对这种片子要求太高
一轮明月,濮存昕可以这么多才多艺
一轮明月,大病从死，小病从医，赞同！！
一轮明月,主题很好，人物塑造未免过于高、大、全了一些，也隐约透着点说教味，不过还是值得一看，一星给弘一法师，一星给濮存晰，一星给影片还原的时代风貌
一轮明月,拍成了弘一法师大事记。表演与取景都是今人今味。最后一幕，满池的莲花灯简直雷人。取景西湖时应该避开雷峰塔才是，因为当时旧塔还未倒掉。李叔同与马一浮初见在蒋庄拍摄，而实际上马入住蒋庄是1950年以后的事。
一轮明月,如果配乐能再讲究些就对得起弘一法师了
一轮明月,三处落泪，和三段音乐有关：一是李叔同怀念逝母，边弹边唱，母亲之情。二是将长亭外古道边词附如曲中，边弹边唱，汉语之美。三是身为出家人，也不忘谴责日寇暴行，呼吁救国，家国之气概。
一轮明月,李叔同的流水账
一轮明月,这周正好开始读弘一法师的学佛开示，无意中寻得此片，也算一桩缘。
一轮明月,看的不是电影是佛学！什么是爱，爱是慈悲！
一轮明月,弘一法师，长亭外，古道边，芳草碧连天。
一轮明月,1、剧中蔡元培把“缜密”念成了“慎密”；2、濮存昕和徐若瑄两个人日语对谈让人忍俊不禁；3、浙江省立第一师范的教学楼应该是在厦门集美一中取的景；4、“叔同，日本的和尚可以带家室，不如你来日本出家吧”“不，我是中国人，要做中国的和尚”5、我发现弘一法师的人生轨迹和我的旅行线路差不多欸
一轮明月,濮存昕男扮女装演茶花女，有伤风化。
一轮明月,主旋律风格
一轮明月,看这部电影是在东大的礼堂看的，当时濮存昕还来跟我们聊这部电影
一轮明月,怎么说呢，可能是下载的效果不好。
一轮明月,这部电影的好，是李叔同这个大尺寸人物本身的魅力而来。
一轮明月,濮存昕演得好，不同阶段真得演出了不同感觉。但剧情和谐，脱不出中国况味。传记类电影总为弘扬一种东西逃不过说教面孔。
一轮明月,CCTV6看的……今天得蒙姑娘提醒，记起曾经看过这个
一轮明月,开头和结尾的老牛让我一见就想到了’ちはやぶる‘，前半段把弘一法师塑造成任性出走的少年了，害得我一直都在想弘一法师是什么星座的，不过，老颜无论是妆容还是演技到都是很赞的~
一轮明月,佛即明月，心水映之。大师风骨令人敬仰
一轮明月,没有期待中的好。喜欢两个场景：弘一和印光法师的对手戏，还有弘一法师的行走。律宗强调持戒，在此过程中消弭自我。就电影内容而言，想到了顾彬对莫言文学的批评。
一轮明月,说实话有点烂
一轮明月,我们很多人对于出家都有误解和不解，其实它只是一种生活状态，一种人生选择，一种精神追求。 丰子恺说，人生的活法可以分为三层：物质生活、精神生活、灵魂生活。物质生活指衣食，精神生活指文学艺术，灵魂生活指宗教。 
一轮明月,要惜福。
一轮明月,天心月圆，精神上的感染，何时不在？有道是：大病从死，小病从医，医者，父母心。肉体病易察，烦恼即菩提，有多少人在探寻？再好的故事，不过是人物志，难免啰嗦，吵杂，流水账。议论纷纷，拍不出弘一大师的气质来？各有所爱隔山海。主旋律，太高大上？难道大师的佛教史，不是主通道？不再一一列举。个人愚见：造型优美，配乐浮华。母子之情，夫妻之情，师生之情，割舍不明，高分突破，难
一轮明月,初中时美术课上老师一起看的
一轮明月,导演明显没把握好节奏．
一轮明月,有形无神；孤苦一人
一轮明月,是一部很安静的电影，是一部与佛法有缘的电影。但此片还是有传记片的通病，既流水账叙事，不能突出重点。
一轮明月,好故事但不是好电影
一轮明月,不熟悉李叔同的可以一观，基本能对弘一法师的一生有个概括性了解
一轮明月,电影不怎么样，主要是弘一这个人比较牛叉。
一轮明月,1.太流水账了，没侧重；2.最后高潮竟是救国，我感觉有点把弘一法师拍偏了；演员都很好啊！
一轮明月,具象的画面总是缺失了文字描写的神韵。
一轮明月,就是片段的集合，太过主旋律
一轮明月,弘一法师
一轮明月,以儒济世 以道修身 以佛治心 + 以美育过日子
一轮明月,太想表达更多 反而散了没那么深刻了 就像是一个个感人故事的拼凑 人生如梦 很难有人像弘一法师一样总是在从心的做选择 不在乎世俗 甚至可以抛弃妻子 濮存昕不错 徐若瑄也很美 这样的搭配却让人说不出来的膈应 作为人物传记故事 还是很全面的
一轮明月,表现力太弱了，人物形象不突出。
一轮明月,要惜福啊！以儒济世，以道养生，以佛修心。
一轮明月,了解了一个清末官商之家的三少爷，日本留学的学生，回中国传播西洋音乐美术的老师，舍弃世间爱情清贫传播戒律的弘一法师，教出了丰子恺画家的前辈
一轮明月,叔同？/请叫我弘一。/弘一法师，请告诉我什么是爱？/爱就是慈悲。/慈悲对世人，为何独独伤我？
一轮明月,多一星给弘一法师。
一轮明月,在釜托禅寺看的一部佛教电影，讲述弘一法师，算是一种不一样的体验吧😄
一轮明月,徐若瑄太减分了！！“繁华声 遁入空门 折煞了世人 梦偏冷 辗转一生 情债又几本” 这两句词就像是专为李叔同写的。。。在杭州发现的又一生命无比丰富的牛人，绚烂至极而后归于平淡……也许是“天下有道则现，无道则隐”。。。也许是物质与精神生活都已餍足，所以转向宗教修炼灵魂。。。
一轮明月,流水账，没有对人生重要事件的深度挖掘，也没有片名的浪漫情怀。可惜了表演。
一轮明月,还好
一轮明月,弘一法师弹钢琴悼念母亲的那一段 太精彩
一轮明月,后半部分比前半部分好
一轮明月,一轮明月耀天心，世间难得此一人。
一轮明月,非常舞台剧的设计，濮存昕演出了风流倜傥的一等样貌和慈悲心。每个人都在寻找出口，安放自己的心
一轮明月,题材很好 但是总有一种话没说完的感觉 对弘一法师各个时期的心理变化的铺垫有些交代不足 故而显得生硬或者有意为之
一轮明月,我敬仰李叔同的才华，更崇敬弘一法师的德行。因为看了濮存昕的书《我知道光在哪》才动念看了电影，他在电影里的演技是克制的，我更喜欢弘一的部分，濮清瘦的身型，沉静的面容让人更能体会弘一对佛法的虔诚与钻研，也更体现濮的演技。整部电影很清淡，就像一轮明月静静荡漾心间。
一轮明月,在日本留学多年的李叔同（濮存昕 饰）终于回到了魂牵梦绕的祖国，当时正置辛亥革命成功，他为共和欢呼，并出仼《太平洋报》副刊主编，憧憬国家美好未来
一轮明月,一代宗师呀，了解了弘一大师
一轮明月,#一轮明月#对弘一法师的一生叙述得顺畅，但对他决心出嫁皈依佛门的那段描述不够啊，能促使他“放弃那么多的人生乐趣”和“姻缘前定”的妻子的原因...
一轮明月,浮华一梦，终会醒来。
一轮明月,很平淡的讲完了一生，最后满池河灯中乘船离去，跟前面的内容太违和了，弘一法师一定也不愿意自己留给世人的背影是如此绚丽浮华的……
一轮明月,虽然拍的有点流水账，用一个多小时把弘一大师的一生简要概述确实为难，个人感觉没有把弘一法师的佛学思想以及最终的感悟“悲欣交集”说明白，甚至都没提。但是还是值得作为佛教了解的入门电影，值得推荐。
七小福,勉强及格。“那你会什么乐器？”“收音机，我最会转台了”成龙好色又敢勾搭这点，这片子不避讳反而作为中段的重要元素来呈现。《南海十三郎》是致意全港编剧，那本片就是送给香港武行了（可能局限于戏曲武生这一脉）。不要被标题七小福蒙蔽，其实全片的主角是于占元、洪金宝和成龙（演成龙的小演员选的很像），七小福乃是代指，导向这破败戏曲学校的学生、这片场里挣扎的巨星抑或龙套、这时代嬗变中的你我。对《霸王别姬》的使用和后来陈凯歌的片子有互通之处，然而这因戏成痴的副线有些硬塞进来的意思，林正英的片场撒癔也来的生硬（当然他也可能是装疯来避免师兄一群人来蹭住，呵呵狡猾）。全片基调还是很稳的，那些对师徒情谊的描画也举重若轻，只是中段的种种青春意气加的有些散漫了，这类电影本来如此，但本片缺乏侯孝贤等人的气韵
七小福,武行里洪金宝算是很有表演跨度的了，片中也尽量悠着去演，可仍没达到与影片名声相匹配的预期，并不是没有打戏的问题，因缺打而否定则错在观众。关键是7080年代的港影整体状态（特别是演员表演风格）过于夸张外放，绝配喜剧戏说，不适纪实白描，即使主观压制也很难达到欧美同类型作品的平实细腻感。
七小福,艺术性说不上有多少，不过拍的很平实。虽然港片在视听语言上只求到表意程度，没力求上升到表魂境界的不足依然存在，但对师徒情，对传统文化的怀恋，都算呈现的挺富有感情了，买蛋糕和乌龟垫这些比较有味的小桥段来源于生活真实吧。相对元家班其他成员，洪金宝的表演跨度真的高出其他人一大截，尤其眼神表现力刚柔相济，与一些香港大师级导演和合作中以及几部纯文戏的电影里，都颇有人物神采，能深入角色。
七小福,這是一部對香港電影史極有紀念價值的作品，它以工整劇作、穩健的調度功力，講述「七小福」從京劇至投靠電影圈做替身的經過。主角圍繞三毛和陳港生 (日後的洪金寶及成龍)，以及洪金寶飾演的于占元，演自己師傅教訓小時候的自己，想必心情複雜吧！成龍沒客串是個遺憾。當年獲得金馬獎最佳劇情片和最佳導演，但日後影史百大華語片卻沒有它的位置，如今也慘被遺忘，可惜。
七小福,20190518le。七小福的故事，罗张文艺风，一股伤感之气。其实本可以视野更加开阔，照观整个香港的，但导演只是将其对准七小福的童年。洪金宝演的用力，林正英演的出色。做戏先做人，于占元带出的徒弟挺出色的。3.5
七小福,三年出个状元，十年出不了个唱戏的
七小福,看戏的是傻子，演戏的是疯子。
七小福,生旦净末丑，神仙老虎狗。捱到山穷水尽，鞋底都磨穿，天不知地知，你不知我知。
七小福,罗启锐，香港导演及编剧，代表作包括《秋天的童话》《七小福》《玻璃之城》《岁月神偷》等，作品多渗透浓厚的香港本土情怀，题材涉猎广泛，穿越古今，以朴实的情愫表达对爱情、亲情、友情的态度。
七小福,做人难，做武行戏子尤其不易，三年出个状元，十年才出个小生。于占元与七小福们的故事，当中他们经历的冷眼、辛酸与磨砺，令人感慨，林正英最后一幕片场飞雪演的极好。
七小福,一直对它期待很大，元家班就是香港影史的一座丰碑，但是传记电影往往变成单一的颂歌，它也没逃过——人物还是过于扁平化。更有意思的是除了大师兄胖子、武指元奎，元家班其余集体缺席。
七小福,有人成巨星，有人默默无闻，你说公道不公道？
七小福,儿时不能忘记的回忆啊～
七小福,小时候竟然有耐心看完，略文艺
七小福,cctv6
七小福,一种见证
七小福,羅啟耀的電影風格讓這個需要加入大量時代情懷的故事有了較好的發揮。
七小福,比较煽情
七小福,可看。蓝光片尾交代于占元去世的消息有些怪怪的……
七小福,"好像看过了，但是情节不太记得了
"
七小福,一部电影看尽武替辛酸
七小福,张罗温情系列里比较有好感的一部，题材加成很大。
七小福,电影里好几个细节成龙在《今夜不设防》里讲过。今天刚好是成龙领取小金人的日子，不得不说很巧合。
七小福,说传记可能也不算，不过，看过之后确实有一种无奈的味道啊。
七小福,很动情的一部电影，讲述了七小福们小时候的故事。不由得让我想起了一部类似的作品，电视剧六小龄童的《猴娃》。
七小福,七小福小时候的故事
七小福,以個人口味來說有點過度刻意溫情，不過洪金寶和林正英那一段「霸王別姬」實在是神來之筆。
七小福,6.5分，七小福的传记片。平淡如水，但是太淡了也就枯燥了，最后林正英洪金宝那场霸王别姬戏让人眼前一亮，但也仅此而已了。
七小福,剧情简单，但是这种简单的无厘头还是挺适合消遣的。
七小福,好像儿时没看完？
七小福,粉墨登场。
七小福,他们的别人的回忆录
七小福,洪金宝没打戏，感觉好无聊，不适应……
七小福,蛮感人的
七小福,第25届金马奖最佳剧情片。看过了南海十三郎，这一型已无片。除了追怀的泪眼，无以回望。
七小福,兒時回憶
七小福,6.8
七小福,还好
七小福,七小福的来历……
七小福,小时候跟爸爸看的~~~
七小福,补标
七小福,七小福很出名啊
七小福,"很一般,不搞笑.3星星"
七小福,"七小福撑起了最近30多年香港功夫片的一片天 成材率之高。
影片没有走霸王别姬那样的梨园故事。但也有自己的风格。"
七小福,七小福有名了，于是有了七小福。结尾真实的七小福应该出来的，这样才公道
七小福,其实这夫妻二人电影的优点和缺点从一开始就特别的明显：水的意象、刻意制造的对立、对人物贯穿历史的热爱以及把控不好历史题材、重点人物不突出、顾左右而言他。讲真，拍了这么多年，一直在踏步。
七小福,洪金宝扮演自己师父拿到了影帝，影片和《霸王别姬》有某些相似之处。
七小福,中国式意淫，连几个7、8岁的小孩子都这么厉害了，虽然喜欢岁月神偷，但罗启锐也实在不该拍这种东西啊
七小福,很抱歉，1988年的電影影像居然會差的一塌糊塗，不得不只給一星！
七小福,演员找得还挺像的
七小福,。。。儿童片
七小福,0
七小福,殺人無力求人懶，百無一用是書生.四十年的時間做得一樣事，需要好大的信念，捱到山窮水盡，鞋底都磨穿，天不知地知，你不知我知。
七小福,导演从一群人的成功中看到覆灭的趋势，这在当今看来只会更加感伤。每一处煽情都那么妥帖，每一刻都可以是诗句，只是这些都过去了。林正英最后那场满天飞雪的戏我真是太喜欢了，而且他怎么可以这么妩媚啊救命！ps资料馆今天这场放映灾难我真的想骂街。再见。
七小福,香港电影的前世 罗启锐+张婉婷的温情组合 该拿奖的是林正英……
七小福,看完本片，你就能明白成龙、洪金宝、元华、元彪等元家班弟子为什么会有今天的成就。
七小福,又一段老典故。洪金宝演于师傅，是多么的神似。
七小福,哎呀我都看哭了。三毛也不容易啊每次都要为师弟们背锅。阿彪也是惨，每次出场都被师傅打。。房事龙不愧是房事龙，这种电影里都有谈恋爱的戏码。。所以林正英是刀马旦出身吗？厉害了。。师兄弟两人合唱霸王别姬的时候我都看哭了，师弟不要怕师兄会救你的。想起昨天看的杂家小子里元彪光膀子在地上练功后背都被蹭红了，这种苦恐怕也没有小时候练功十分之一的苦。大师兄来演师父应该更有感触吧，不愧是从小练就的童子功，眼睛亮亮的像天上的星星在闪烁。不得不说，于占元的弟子，袁小田的孩子，加上粉菊花的徒弟，造就了香港电影乃至华语电影最辉煌的几十年。
七小福,无比感人，林正英与金宝在片场天花版唱喜，害得我流下眼泪！～
七小福,“成功失败都好，总算对得起自己，只是师父不知道…对不对得起你们？”整部戏都弥漫着温馨的格调，即使师叔发疯的戏也是忧伤而非煽情，60年代的香港风貌，戏班学艺的苦中作乐，影圈武行的辛酸血泪，都在一个“老北京”和一群“小香港”里缓缓流淌，真心美好，这就是属于我们的七小福
万夫莫敌 Invincible,"good figure; Football inspires ppl, helps them through tough time, except Chinese Football"
万夫莫敌 Invincible,"2009.01.23
我感觉这部电影比《For Love of the Game》差远了，但IMDb和rotten tomatoes上的评分却是后者高得多……莫非我的品味真的问题？"
万夫莫敌 Invincible,3星半，开头10分钟是最棒的，越往后打分越降。NFL=NOT FOR LONG，哈哈哈
万夫莫敌 Invincible,Sometimes cliche is classic.
万夫莫敌 Invincible,又是一部真人真事改编，但是看完以后不兴奋，总感觉这部电影想表达的励志程度不够深刻，3星
万夫莫敌 Invincible,身处费城Eagles的粉丝地盘，我真的可以体会周围球迷的忠实，同时还是不能理解美国人对橄榄球的狂热。故事挺戏剧性的，如果不是真人真事，我真的不会相信这个故事。
万夫莫敌 Invincible,最喜欢的橄榄球题材，小人物的大成就，励志的不够激烈！
万夫莫敌 Invincible,看着挺舒服的一部片子
万夫莫敌 Invincible,"你当主角,为什么就是火不起来"
万夫莫敌 Invincible,为毛突然就从loser变成winner了？就因为i believe了？太扯了。
万夫莫敌 Invincible,ss推荐~男主角长得好像那谁……
万夫莫敌 Invincible,没有亮点也没有什么明显缺点的电影，专供NFL资深球迷和马克资深影迷阅览，ps马克看起来一点屌丝味都没有，严重影响影片的情感效果
万夫莫敌 Invincible,对于美式足球的电影，看过好几部了，但规则还是搞不清楚。不过这都不要紧，电影的魅力要超越规则。
万夫莫敌 Invincible,我可以输，但我必须知道我能够赢。
万夫莫敌 Invincible,"梦想成真 从小人物到大明星
一个真实的故事~"
万夫莫敌 Invincible,球迷变成自己球队的球员，这事儿可够传奇的。。。
万夫莫敌 Invincible,平庸的不能再平庸 3星都嫌多
万夫莫敌 Invincible,职业球队，代表着所在城市的城市精神。与城市筋骨相连，城市是球队的依托，球队是城市的寄托。体育与城市的互动，异常动人。
万夫莫敌 Invincible,又是based on true story的
万夫莫敌 Invincible,always sunny s3ep2 the gang gets invincible
万夫莫敌 Invincible,又一个美国梦
万夫莫敌 Invincible,改编自真实故事的电影都令人不得不怀疑自己的判断，电影太真实，现实太奇幻。
万夫莫敌 Invincible,或许有点审美疲劳了
万夫莫敌 Invincible,把很多困难的部分去掉了，作为体育励志片显得轻松简单了些
万夫莫敌 Invincible,主题很好，故事写的不好，演的也不好。。。
万夫莫敌 Invincible,"道路是曲折的...还行吧
"
万夫莫敌 Invincible,生病那几天，看了无数这种热血片，觉得自己还能凑合活下去。小人物变成小英雄，真实世界一定更精彩。
万夫莫敌 Invincible,故事情节推动得太慢了
万夫莫敌 Invincible,合格但平庸的励志片。
万夫莫敌 Invincible,mark 的发型啊啊啊
万夫莫敌 Invincible,也许这是一部还不错的电影，但我总觉得作为体育励志片还是应该更热血一些！
万夫莫敌 Invincible,"7/10
经济萧条的大背景下大龄酒保的励志橄榄球生涯。"
万夫莫敌 Invincible,难得有体育相关题材我才评个三星~好像苛刻了点，年过三十麻木的中年人式的表现手法和演技，实在不想打高分。P.S.业余玩玩橄榄球的人，如何在职业竞技场表现突出呢？还是真实故事~
万夫莫敌 Invincible,头重脚轻
万夫莫敌 Invincible,三星半，虽然一切很难，但努力再努力并学会在努力中等待，阳光总会来。
万夫莫敌 Invincible, 马克·沃尔伯格快成传记王了，就因为一张大众脸吗？
万夫莫敌 Invincible,身为励志电影。。。还远远的未够班啊
万夫莫敌 Invincible,新年第一部电影没想到是这么一部燃片儿。真人传记让这种“小人物成精”的故事显得不是那么难以接受和虚假，生病在家总是无脑励志管用些。
万夫莫敌 Invincible,队员们输习惯了，态度不端，斗志全靠教练灌鸡汤呗？既没把橄榄球的血脉偾张讲出来也没把专业球员和草根选手的磨合讲出来更没讲球队如何运转，哪哪边儿都不沾，这一百多分钟到底讲了个什么故事啊
万夫莫敌 Invincible,铺垫太长，收尾太仓促。
万夫莫敌 Invincible,励志不够彻底。。。加半星给情怀 fly eagles fly
万夫莫敌 Invincible,六七十年代额色调，老套的励志运动员故事，描写得相对粗糙。
万夫莫敌 Invincible,比较中规中矩的温情运动励志片，人物原型很让人佩服。导演是摄影出身，难怪出彩的地方主要是在镜头运用与颜色调和上。
万夫莫敌 Invincible,片头那段画面很喜欢，还有背景音乐
万夫莫敌 Invincible,一般般
万夫莫敌 Invincible,人在低谷的时候才能看出性格
万夫莫敌 Invincible,男主太墨迹了 片子也太压抑了……）这个男的就适合演烂片 不信你看泰迪 哈哈
万夫莫敌 Invincible,旅馆电视里播的，还行
万夫莫敌 Invincible,当做剧情片的话，前三分之二略枯燥。但是基于事实并考虑当时的社会背景（美国深陷越战后国内经济萧条），一个球队甚至一个人，寄托了整个城市的希望与精神。就像二战后的德国，依靠伯尔尼的奇迹重建了国家和民族的希望。
万夫莫敌 Invincible,一个自卑的英雄，为尊严、为生存而战，勇气，斗志，战胜自我。
万夫莫敌 Invincible,只能说还行，结尾太单薄''
万夫莫敌 Invincible,真没想到Mark Wahlberg曾经是个坏孩子。
万夫莫敌 Invincible,有很多没用的叙事，都用来拍比赛和训练多好
万夫莫敌 Invincible,有一支可以让自己终身挚爱的球队是幸福的。
万夫莫敌 Invincible,三星半。“我以前经常跟你说范·伯恩如何跑了48码达阵得分，因为那个达阵使我能够在那个工厂工作30年，使我有能力照顾当时你生病的老妈。”
万夫莫敌 Invincible,"Sports movie based on true story, similar to but not as good as ""Rudy"""
万夫莫敌 Invincible,算是合格的励志电影~
万夫莫敌 Invincible,剧情稍弱，不如blind side，不过打球场面很赞~
万夫莫敌 Invincible,勵志片。足球係野蠻運動。
万夫莫敌 Invincible,爸妈其实都是和孩子一起长大
万视瞩目 All Eyez on Me,这逼演的也太二了，电影院里跟着唱了一道，完事给我妈还给看哭了。
万视瞩目 All Eyez on Me,从革命精神领袖到黑道阔少，九流导演九流台词，硬是把一个传奇拍成了俗套流水账，感觉像Suge Knight暗地里投资来对抗Straight Outta Compton的？看在2Pac生平和经典老歌的份上，可以勉强看看；对G-Funk没兴趣的就直接忽略吧
万视瞩目 All Eyez on Me,真是教科书式的流水账纪录片，倒不是没想法，但还是叙事能力和制造情绪高潮的问题，明明心里有爱有情结但就是拍出来给人一种使不上劲儿的感觉。连配乐的分配都成问题，要没几首经典一直撑着恐怕是要睡着几遍才能看完。表演也是有很大问题，现在的演员确实很难当年那帮匪帮说唱歌手的神韵了，也怪不了。
万视瞩目 All Eyez on Me,流水账 他妈妈戏好足
万视瞩目 All Eyez on Me,流水账叙事，没有Straight Outta Compton那么有精神传递。California Love响起的时候全场有一半人在跟着节奏晃椅子...可惜了音乐天才，好像具体怎么死的也是个迷吧？
万视瞩目 All Eyez on Me,3.5星，讲述了一段说唱圈励志故事
万视瞩目 All Eyez on Me,在《匪帮说唱传奇》、《冲出康普顿》《八英里》《万世瞩目》这些说唱歌手传记片中，这部是拍的最差的，传记片流水账没关系，因为传记片都这样，但是传记电影不能缺少情绪感染力，还有对人物的解读深度，另外这届观众也不行。6.5
万视瞩目 All Eyez on Me,果真是流水账，拍的不能再保守，真的不如去看反叛者第三集，TM该讲的重点一笔带过，不重要的戏硬是要配着这么多金曲连成串烧，最搞笑的是Dr.dre的离开不敢不讲又怕讲，酒桌上那句话真的蠢的死，颁奖典礼的闹剧就直接靠纪录片一秒带过，狗爷还飞机上揣把刀，就算有，你就不能好好交代清楚
万视瞩目 All Eyez on Me,影片节奏直到后半段才开始正常，演唱环节往往到高潮就戛然而止。很多情节并没有太多意义，只是为了显示tupac人生的某一个阶段。但是依然为此片喝彩。Tupac is the king!
万视瞩目 All Eyez on Me,牛逼的2pac，平庸的电影
万视瞩目 All Eyez on Me,很多内容都不是真的，所以总体比较失望；但是演员选得蛮到位的，所以加点儿分吧。话说Snoop Dogg的声音居然是他本人配的，更体现了没人复制得了他哈哈哈！！
万视瞩目 All Eyez on Me,看完后反而给我感觉原来TUPAC就这样...
万视瞩目 All Eyez on Me,"8miles, get money die tryin, Notorious B.I.G, Straight outa compton, All eyez on me"
万视瞩目 All Eyez on Me,"
在这个电影里的每一个人的形象都被塑造得很烂 2pac变成了一个彻头彻尾的gansta Biggie变成了一个和2pac意见相左的人 Suge变成了一个凶残的杀手 Dr dre变成了背信弃义的负心汉 snoop dogg在这里的出镜时间比康普顿长很多 but却没形象 
最后这部电影有两个时间线错误 hail Mary是Dr dre给2pac制作的 电影里是Dr.dre离开deathrow这首歌才出现
第二个是2pac先出了hit’em up（diss东岸的歌）然后biggie才发了以前写的who shot ya这里面是2pac在监狱里听到biggie的who shot ya才写了hit’em up
what a bullshit movie！"
万视瞩目 All Eyez on Me,Diddy did it
万视瞩目 All Eyez on Me,难得的影像. Respect
万视瞩目 All Eyez on Me,统计一下片中出现过多少次那个f word
万视瞩目 All Eyez on Me,和《匪帮说唱传奇》一对比就知道差距了🙄
万视瞩目 All Eyez on Me,"pac was always great,but the movie is shit"
万视瞩目 All Eyez on Me,能不能尊重死者
万视瞩目 All Eyez on Me,Pac才是real G
万视瞩目 All Eyez on Me,R.I.P，2Pac（19710616–19960913）
万视瞩目 All Eyez on Me,饰演2PAC的演员的神色比较到位了，脸不够像是硬伤。
万视瞩目 All Eyez on Me,人物还有点像
万视瞩目 All Eyez on Me,前面还是有彰显深层次人物魅力的，到了后面想讲内幕又不敢讲最后还显得tupac很港片江湖义气莫名就挂了还真是烂尾。。
万视瞩目 All Eyez on Me,笨蛋屁股黑鬼流水账//全部人啤住我XD
万视瞩目 All Eyez on Me,rap god
万视瞩目 All Eyez on Me,高中把2pac的这句#all eyez on me刻在桌上，今天电影上映，快十年了呢
万视瞩目 All Eyez on Me,首先不得不承认，演员真的和2pac一个模子刻出来的，太像了，不过电影感觉抓不住重点，到底想反映黑人的深刻社会问题，还是讲述西海岸gangsta，还是讲述pac本身的故事。当然听到经典的pac作品响起的时候还是很激动人心的。
万视瞩目 All Eyez on Me,缺乏亮点，和看完冲出康普顿感觉一样。
万视瞩目 All Eyez on Me,演员长得怪怪的
万视瞩目 All Eyez on Me,WTF!
万视瞩目 All Eyez on Me,一星给像pac的演员，一星致敬2pac，一星给翻译的字幕。pac身上有那么多值得挖掘的，我却完全不明白这部电影想表达什么，几乎都一笔带过，连形象都没有完整建立起来，了解他的人看的平平淡淡，不了解的看的迷迷糊糊。推荐《thug angel》纪录片。
万视瞩目 All Eyez on Me,拍的支离破碎
万视瞩目 All Eyez on Me,很正统纪录片
万视瞩目 All Eyez on Me,難度高的好題材，果然拍得平庸
万视瞩目 All Eyez on Me,说实话，纪念意义大过影片本质。
万视瞩目 All Eyez on Me,除了听听歌真没什么可看的，真心流水账，事都没讲好，一带而过，看不出一点传奇色彩。演员演技也不行，狗爷和dre的扮演者演的真太挫了。跟八英里不是一个档次的。三星纯给音乐。。。
万视瞩目 All Eyez on Me,……
万视瞩目 All Eyez on Me,没演出精髓啊
万视瞩目 All Eyez on Me,算是信仰吧，就是拍的差点意思
万视瞩目 All Eyez on Me,"平常挺喜歡聼說唱音樂的，但是對說唱文化一直沒什麼瞭解。想以這部片子作為對說唱音樂的發展、說唱文化的瞭解的第一步，所以上週末把它看掉了。
可以看出來導演想說的東西很多，想儘可能還原一個立體的，豐滿的tupac。——電影包含的東西也確實挺豐富的。
遺憾的是，表現手法好像不是那麼完美，對於我這種事先對tupac沒什麼深入瞭解，僅是聽過一些歌的人來說，故事與故事之間的時間順序、各個人物之間的關係，有些難以捋清。可能也是因為敘述方式讓觀眾（這裡特指我這類不具備基礎知識的）無法看得很明白，無法完全進入故事，看這部片子的時候，我有點昏昏欲睡。
Whatever~總體而言，我覺得這是一部值得花時間去看的影片，畢竟它真的有做到讓我一定程度上瞭解到了tupac的偉大，也讓我有了去瞭解更多的興趣。


"
万视瞩目 All Eyez on Me,额……
万视瞩目 All Eyez on Me,细细品味，比起匪帮说唱传奇、冲出康普顿，这部电影真的有些差
万视瞩目 All Eyez on Me,感受到了啥叫“流水账”...拍成纪录片会更好，哪怕只有OJ的十分之一就已经成功了。Tupac音乐对于非裔美国人各项社会问题的关注、东西岸嘻哈对抗真的值得有更高水准的项目来处理。P.S. 我第一次这么“喜欢”有人在电影院说话--不是后排的“解说帝”一直插嘴里面出现的人物和音乐，估计有一半没法搞懂。
万视瞩目 All Eyez on Me,原来并不是所有特型演员都会演戏
万视瞩目 All Eyez on Me,故事被剪得可以说支离破碎，全靠歌曲套情怀。跟这部片子比起来《冲出康普顿》都能算佳作了。
万视瞩目 All Eyez on Me,电影好二逼
万视瞩目 All Eyez on Me,男主长得好像Tupac本人。。。
万视瞩目 All Eyez on Me,流水帐
万视瞩目 All Eyez on Me,跳完，弃
万视瞩目 All Eyez on Me,还不如传奇的纪录片
万视瞩目 All Eyez on Me,目前看过嘻哈人物传记里不想再看第二遍的传记
万视瞩目 All Eyez on Me,拍的可真他妈难看    一度我都快睡着了     
万视瞩目 All Eyez on Me,一般了
万视瞩目 All Eyez on Me,真的太难看了，吐槽无力。全剧最棒的只有原声带和最后Tupac的真人影像了
万视瞩目 All Eyez on Me,娘胖版男主 + Hiphop电影必有裸女 + 政治正确白左 = 不值一看。
万视瞩目 All Eyez on Me,看见女的就笑嘻嘻，看到男的一拳挥上去
万视瞩目 All Eyez on Me,比流水账还差
万视瞩目 All Eyez on Me,流水账
三个臭皮匠 The Three Stooges,“三个臭皮匠在喜剧电影的学术研究中经常被彻底无视，并非没有道理。美学上，他们破坏了构成‘好的’喜剧风格的所有规则，他们的角色缺乏卓别林和哈利朗顿的情绪深度，也没有巴斯特基顿的诙谐和细腻，他们从不循规以维系较长的喜剧桥段，更愿意使自家电影极少叙事结构以便插入大量无缘由笑话，其涉足的几乎所有领域（戏谑西部片、恐怖片、古装片）都有其他喜剧演员的更优作品。可尽管艺术价值上诟病甚多，他们仍然奉献了一些史上最优的喜剧，他们的幽默属于最原生态的低俗喜剧，他们不是伟大的创造者，但作为搞笑艺人，他们首屈一指。如以大众口味为标准，臭皮匠一直是过去五十年的喜剧之王。”
三个臭皮匠 The Three Stooges,ʕ•̫͡•ʕ*̫͡*ʕ•͓͡•ʔ-̫͡-ʕ•̫͡•ʔ*̫͡*ʔ-̫͡-ʔ，打卡。
三个臭皮匠 The Three Stooges,很闹很贱……
三个臭皮匠 The Three Stooges,非常适合作为硬座火车、长途旅行的时间消磨
三个臭皮匠 The Three Stooges,为了我的报告。
三个臭皮匠 The Three Stooges,上海喜劇頻道的介紹，半夜一人在家的良伴
三个臭皮匠 The Three Stooges,记得小时候看得大笑的片子，每天的欢乐等待。
三个臭皮匠 The Three Stooges,记得看的时候叫三个喜剧演员
三个臭皮匠 The Three Stooges,别说内涵，纯粹放松心情......
三个臭皮匠 The Three Stooges,夠低俗
三个臭皮匠 The Three Stooges,活宝三人组.............小时候的美好回忆，，，，，每天下午的笑料
三个臭皮匠 The Three Stooges,小时候刚看完这个之后画出来的人都跟他们仨长得一样……
三个臭皮匠 The Three Stooges,小时候很喜欢的电视剧，还穿插着动画片。看的时候还去楼外的小花园里找我吗要苞米吃。电影记录的不仅是它自己的时间也是光影人自己逝去的时光。
三个臭皮匠 The Three Stooges,活宝啊，在船上钻孔排水，会跳的烤鸡，三个戴表，公路飘移，狮子舔脚一系列经典创意
三个臭皮匠 The Three Stooges,电视播出的版本译名《开心一刻》，剧集内容涵盖了丛林探险、小人物故事、工作趣事、警匪等各种滑稽类型，一开始以为是电影短片集，后来才知道是电视剧，当然那时候电视剧也是胶片拍摄
三个臭皮匠 The Three Stooges,这是给力的三人！！！！！！！！！！
三个臭皮匠 The Three Stooges,美好的童年记忆啊
三个臭皮匠 The Three Stooges,这个。。。我弟的最爱啊 曾经陪她看过无数遍= =
三个臭皮匠 The Three Stooges,这是那会儿北京青少台老播的片子不？真心老经典也~仨活宝儿~~当时还一直觉得跟卓别林一级别的呢~~
三个臭皮匠 The Three Stooges,『Childhood Memory』
三个臭皮匠 The Three Stooges,长大再看，怎么也笑不出了~~闷~~
三个臭皮匠 The Three Stooges,太经典了！好想回味。
三个臭皮匠 The Three Stooges,史上最好笑~
三个臭皮匠 The Three Stooges,我是百度搜索王！又搜到这系列叫什么，打得一手好关键词！有点佩服自己…很多以为找不到的都搜到了…话说我明明是95后，却看过这么多老影视作品。
三个臭皮匠 The Three Stooges,在校健身房无意看见第85台在播，童年回忆啊啊啊啊！！！！
三个臭皮匠 The Three Stooges,三个都是大师~绝对的经典搞笑！
三个臭皮匠 The Three Stooges,童年啊！和两个弟弟的最爱啊！
三个臭皮匠 The Three Stooges,童年周末睡前的回忆！海鸥台放过的米高梅喜剧！
三个臭皮匠 The Three Stooges,wow～小时候看过的～
三个臭皮匠 The Three Stooges,小时候超爱看啊
三个臭皮匠 The Three Stooges,小学时看的，有几个桥段特别cult，依稀记得还有点政治讽刺的意味，怀旧的力量啊
三个臭皮匠 The Three Stooges,小时候的回忆
三个臭皮匠 The Three Stooges,我艹！这个小学时候超喜欢  
三个臭皮匠 The Three Stooges,经典永远欢乐
三个臭皮匠 The Three Stooges,对当时的我而言·这才是喜剧。
三个臭皮匠 The Three Stooges,很棒的剧集。。。怀念！
三个臭皮匠 The Three Stooges,小时候中午小神龙之后就看这个，逗！
三个臭皮匠 The Three Stooges,看了那么多年
三个臭皮匠 The Three Stooges,小时候 超级爱呀！笑死我了都
三个臭皮匠 The Three Stooges,三个傻瓜
三个臭皮匠 The Three Stooges,开心
三个臭皮匠 The Three Stooges,超好看！！
三个臭皮匠 The Three Stooges,有时间要重看一遍
三个臭皮匠 The Three Stooges,小时候叫幽默一刻 ，好看的一笔啊，誰知道现在哪里有的看
三个臭皮匠 The Three Stooges,童年！！！！！！
三个臭皮匠 The Three Stooges,儿时的记忆，少儿频道每日必看，幼儿园的我和可爱的外公~
三个臭皮匠 The Three Stooges,小神龍俱樂部！
三个臭皮匠 The Three Stooges,初中的時候一到假期就放 一遍遍的看 跟西遊記似的 後來沒了……
三个臭皮匠 The Three Stooges,童年回忆
三个臭皮匠 The Three Stooges,记得小时候在喜剧一箩筐上看的。。
三个臭皮匠 The Three Stooges,小时候总在电视里出现的很吵的三个人
三个臭皮匠 The Three Stooges,顶个诸葛亮
三个臭皮匠 The Three Stooges,永远忘不了
三个臭皮匠 The Three Stooges,这三个可爱的傻帽
三个臭皮匠 The Three Stooges,受不了了，太经典，童年万岁！
三个臭皮匠 The Three Stooges,小时候每周三等着看啊，看完就意犹未尽的睡着了 PS原来真的换过演员啊，看来记忆力挺好的
三个臭皮匠 The Three Stooges,小时候喜欢的
三个臭皮匠 The Three Stooges,幽默一刻！！小时候生活时尚台看的 因为播出时间太晚总是被赶去睡觉qwq 也不知道这部泡面剧叫啥... 今天终于找到了
三个臭皮匠 The Three Stooges,呜呜呜这么多年了！终于找到了！
三个臭皮匠 The Three Stooges,英文无字幕版，大部分都能听懂，剧情较老，搞笑大多在动作不在对话，还是蛮经典的。
三岛由纪夫传 Mishima: A Life in Four Chapters,1. 演员选的太差了，气质完全不符合。太武气了，没有三岛的英气，灵气，贵族气。最大的败笔，为什么不用坂本龙一？这就是欧美导演完全不能够理解亚洲文化。三道泉下有知，也要气死。2.音乐很好。3. 如果不了解三岛及其作品，估计看起来很困难。4.舞台设计好。
三岛由纪夫传 Mishima: A Life in Four Chapters,看得出施拉德尽力想把很多东西都塞进来，最终效果却怪得很。演员和本身能选来拍这部片的作品都限制很多所以可能这方面也有原因。但倘若用三岛的故事来表达“自杀人生”的主题，还是有差池吧。虽然艺术指导、场景很美，格拉斯的音乐也足够洗脑，但总有一种喧宾夺主的感觉。大约需要重看
三岛由纪夫传 Mishima: A Life in Four Chapters,屁屁歪歪的讲不到重点，而且绪形拳和三岛的形象找不出更令人信服的共同点
三岛由纪夫传 Mishima: A Life in Four Chapters,果然是编剧出身的导演，文本奇特，索性连着场景和音乐，一路全都人工化，倒硬生生走出一条道。但最该用力的终场，或者说最有形式文章可做的切腹，却用一个温吞的小说场景再现和太阳就结束了。导演和编剧还是缺乏勇气，弄出最后荒唐可怖可笑的一幕。也许和导演要艺术化的美态诉求有关吧。主演气场极强。
三岛由纪夫传 Mishima: A Life in Four Chapters,中规中矩的抄写式叙述，加上些风格化视觉化的表现，适合不了解三岛的人大概看下但不足以全面定性。第一个孩子三岛出自《假面告白》，第二个口吃少年是《金阁寺》，刺客青年是《奔马》中的饭沼胜，泽田研一演的那个出自哪里？另外还有《忧国》中的三岛。绪形拳大叔表演也算卖力了。
三岛由纪夫传 Mishima: A Life in Four Chapters,"1 beauty ""Temple of the Golden Pavilion""; 2 art ""Kyoko's House""; 3 action ""Runaway Horses""; 4 harmony of pen and sword"
三岛由纪夫传 Mishima: A Life in Four Chapters,对于三岛由纪夫这样传奇的人物来说，导演选择用分幕的形式尽可能地从正面（自杀之日）以及侧面（三岛的小说）来完善角色，这一点本也无可厚非，但过于圆滑的剧本以及舞台剧形式的场景令人很难产生情感共鸣，而且挑选绪行拳来出演也像是一种无奈之举，当然演技上并没什么问题。
三岛由纪夫传 Mishima: A Life in Four Chapters,对于结尾没有真实地展现三岛君切腹的过程表示失望，我还眼睛直直地等待那个画面。相比之下更喜欢《忧国》。
三岛由纪夫传 Mishima: A Life in Four Chapters,平淡的好像让我重温《美与暴烈》，本身就不喜欢看传记片
三岛由纪夫传 Mishima: A Life in Four Chapters,本片实际上融入了三岛的四本著作。除外显的《金阁寺》、《镜子之家》与《奔马》外，三岛的生平来源于《假面自白》。不得不说，片中对作品的解读与各个主角的刻画均不能令人满意，甚至有违其道而行之感。如青涩、犹疑、温顺的饭沼勋。三岛的饰演者不见武士的自傲与隔世，反而像个憨厚的工人，可谓遗憾。
三岛由纪夫传 Mishima: A Life in Four Chapters,有些蒙太奇错（交叉）乱的感觉，实在是不喜欢这样的剪辑方式，内容没什么实质性的重点，太泛泛了
三岛由纪夫传 Mishima: A Life in Four Chapters,这种篇章式的结构有点恶心人，但还真适合用来拍三岛。十足的后现代主义，配乐恢弘大气。关于美就是坏牙的描述，无比精准。有些人追求美，这能使人永恒吗？为什么我不断地想起王迪。
三岛由纪夫传 Mishima: A Life in Four Chapters,电影表现的太过形式化，既没有三岛文学上的精妙，也没有三岛政治诉求上的悲壮，泛泛之作。
三岛由纪夫传 Mishima: A Life in Four Chapters,演员形象差太多，音乐舞美加一星。。。
三岛由纪夫传 Mishima: A Life in Four Chapters,插入作品的意图我知道 但是喧宾夺主了 正面说三岛的部分倒成了边缘 本来作家和他的作品就是密不可分的 所以作家的传记片难拍
三岛由纪夫传 Mishima: A Life in Four Chapters,"除形象上,緒形拳的演出實在很出色,自信,幽默,瘋狂!"
三岛由纪夫传 Mishima: A Life in Four Chapters,一个以天真的态度追求纯粹的人。狂热布道却并不追索意识形态控制权力，单纯地相信精神感染力，也正是因此他在生命的最后时刻成为了众人嘲笑的无害对象。
三岛由纪夫传 Mishima: A Life in Four Chapters,审美上并不喜爱但分析起来挺有趣的电影。这个片子几乎就是用本多（我的解读，导演很可能没这个意识）来讲述三岛，但它呈现的是一个从voyeur转变为performer的本多。三线四部曲，最喜欢的是用光怪陆离的舞台所演绎的小说线。由于片子的基调颇为政治化，“奔马“成了铺垫高潮的最后一幕，残念呐。
三岛由纪夫传 Mishima: A Life in Four Chapters,挺无聊的，虽然这拍摄手法挺不错的，但就是挺无聊的。。。。。三岛由纪夫真是传奇一生啊~
三岛由纪夫传 Mishima: A Life in Four Chapters,确实不算普通传记风格，但是又区别于《时时刻刻》那样的改编作品。总体来说介于两者之间吧。说三岛在日本还无定论，他一直是个禁忌，这片子也因为家属的原因有所顾虑。
三岛由纪夫传 Mishima: A Life in Four Chapters,ここで流したわれわれの汗は純一であり、憂国の精神を相共にする同志として共に富士の原野を馳駆した。
三岛由纪夫传 Mishima: A Life in Four Chapters,是一個容易理解的詮釋。不偏不頗的電影，還有居然又見到澤田研二，並且又是肥滿的他。裡面運用劇場舞台的部分喜歡，尤其是奔馬裏牆壁倒下的鏡頭，最後由第一幕串起到第四幕連起所有死亡的太陽（aka《太陽與鐵》）雖說不上是厲害的鏡頭但是誠懇的詮釋。
三岛由纪夫传 Mishima: A Life in Four Chapters,所有的作家传记类电影过份的雷同，了无新意。 
三岛由纪夫传 Mishima: A Life in Four Chapters,生平四部曲：美-金阁寺（假面自白）、艺术-镜子之家、行动-奔马（忧国）、笔剑同一。整体很隔、舞台剧布景配色俗艳、Ost超赞。
三岛由纪夫传 Mishima: A Life in Four Chapters,白描的手法勾勒了三岛由纪夫的一生，就传记而言无可非议。四个部分分别从四个侧面表明了三岛处事的态度，正直、果敢以及坚韧不拔。介于年代的原因，我原谅了片子的硬伤。
三岛由纪夫传 Mishima: A Life in Four Chapters,美国人拍的三岛由纪夫 味儿不对 太空泛
三岛由纪夫传 Mishima: A Life in Four Chapters,当时在教室大家一起看，只觉得是一部神叨叨的片子，那时还不是很了解三岛由纪夫......
三岛由纪夫传 Mishima: A Life in Four Chapters,舞台式艳丽布景，恢弘配乐。这个男人几乎拥有一切日本菊与刀的特质。
三岛由纪夫传 Mishima: A Life in Four Chapters,三岛是精致的，不论是他的文字抑或是他的行动，这一份我都不能了解的和氏纤细和自毁，美国人就更望尘莫及了。还有绪形拳，明明就是一直男工会主席，或者楢山节考里的村支书
三岛由纪夫传 Mishima: A Life in Four Chapters,电影多出了想象，却缺少了诗意。
三岛由纪夫传 Mishima: A Life in Four Chapters,美术指导和电影的叙事结构很喜欢 这标准收藏版的封面真吸引人  
三岛由纪夫传 Mishima: A Life in Four Chapters,用光很差，剧情支离破碎。独白也不能起到连接和缓和的作用。同样拍作家传记，索格博格的《卡夫卡》要强很多
三岛由纪夫传 Mishima: A Life in Four Chapters,编剧/作家果然不适合拍电影，或者说他毫无灵气。浪费了这么好的摄影和布景。真是完全没捕捉到三岛的灵魂。可能也和选角不当有关。
三岛由纪夫传 Mishima: A Life in Four Chapters,虽然是CC但是我还是要说，作家和作品是两回事，金阁寺的掌握还比较好但是后面还是有点乱，另外我觉得男主太忠厚不适合这个角色
三岛由纪夫传 Mishima: A Life in Four Chapters,啊沒提＜禁色＞是不科學的 場景美術挺給力 總的來說我喜歡前兩段 結尾真是……
三岛由纪夫传 Mishima: A Life in Four Chapters,差不多就是这样
三岛由纪夫传 Mishima: A Life in Four Chapters,偏激 教育是原罪 思想是杀器
三岛由纪夫传 Mishima: A Life in Four Chapters,一般般，浑沦吞枣
三岛由纪夫传 Mishima: A Life in Four Chapters,绪形拳形不似神似。
三岛由纪夫传 Mishima: A Life in Four Chapters,CC的花絮比影片本身更好看
三岛由纪夫传 Mishima: A Life in Four Chapters,舞台剧形式太重，配乐不错~~~
三岛由纪夫传 Mishima: A Life in Four Chapters,美国人眼中的三岛由纪夫少了传统的日本风味，假的舞台布景简直不能忍，音乐刚开始是亮点，但不变的节奏既昂扬又不安，缺少起伏也太过单一，分章交叉的剪辑和摄影还算不错
三岛由纪夫传 Mishima: A Life in Four Chapters,我觉得三岛这么Sexualized的两本小说被搞得这么asexual就不行了。金阁寺在本片也太没有说服力了。非日本导演不可信
三岛由纪夫传 Mishima: A Life in Four Chapters,一个不看三岛文学也仅看过几部电影的人看这个比较浪费，影片每个chapter的场景都很华丽。
三岛由纪夫传 Mishima: A Life in Four Chapters,典型的西方视角解读日本文化 舞台剧形式还不错 只是绪形拳叔叔我怎么也没办法把他跟我记忆中蔷薇刑里面的三岛由纪夫联系起来 即使您贴了很搞笑的胸毛也不行
三岛由纪夫传 Mishima: A Life in Four Chapters,"""美就像是颗坏了的牙齿，它会磨你的舌头，还会疼痛，不住地强调自己的重要性，最后你终于忍不住疼痛找医生把它拔了，不过你看着手中血淋淋的牙齿说，这就是它吗？"""
三岛由纪夫传 Mishima: A Life in Four Chapters,片子有想法，不过不是我想象中的三岛。美国人拍三岛难免隔了一层。
三岛由纪夫传 Mishima: A Life in Four Chapters,我太爱三岛了，以至于完全不能接受这个影像化的版本，完全比不上文字。男主角太差！好吧，排除这些，里面所用到的舞台设计、光影的确很有想象力，但不喜欢剖腹那条线
三岛由纪夫传 Mishima: A Life in Four Chapters,1.彩色胶片、黑白胶片和舞台剧穿插的形式很矫情但是挺适合，这种传记拍摄方式让我想到《我不在场》。2.Philip Glass的配乐非常棒。3.但是拍得很泛泛，流于表面，有诚意但是没有灵气的电影。4.三岛本人比演他的演员帅多了好嘛！！
三岛由纪夫传 Mishima: A Life in Four Chapters,绪形拳的三岛是个德高望重的憨厚苦逼！他本来应该疯得有些喜的吧，本来应该潇洒的吧，本来应该两眼炯炯透着聪明劲儿的吧……
三岛由纪夫传 Mishima: A Life in Four Chapters,"三岛自恋狂, 我只爱看你的书."
三岛由纪夫传 Mishima: A Life in Four Chapters,最美的不是创造，是毁灭。
三岛由纪夫传 Mishima: A Life in Four Chapters,由西方人来拍，感觉怪怪的
三岛由纪夫传 Mishima: A Life in Four Chapters,美指很好，但演員型不似。內容很浮皮潦草，比較膚淺空洞，還帶有一點東方主義視角，畢竟這種隔閡難以輕易打破吧，世界上不存在全然確切的翻譯。
三岛由纪夫传 Mishima: A Life in Four Chapters,还是看书吧先
三岛由纪夫传 Mishima: A Life in Four Chapters,用色很花，奇异地好看。多的是几何对称构图，亦封闭亦冲突。舞台剧造型大概为了省成本，金阁寺忒敷衍了。三岛像武夫。配乐把作品拔高了几个度。大二就买了丰饶之海四部曲，一部没看完，惭愧。
三岛由纪夫传 Mishima: A Life in Four Chapters,3/5 主演挑的实在是...太不合适了...
三岛由纪夫传 Mishima: A Life in Four Chapters,风格很独特！传主经历与传主小说交叉呈现！是部很难一遍即明白的电影！！
三岛由纪夫传 Mishima: A Life in Four Chapters,结构上有意思，但内容真是有点无聊。在两个小时里施拉德试图填入太多东西，但他并没有能将这些整合在一起。文学是被压缩而失去丰富性的剪影，三岛本人只是被浮光掠影的描绘。笔下的人物拼凑了他的人生，但未书写他的灵魂，即便最后强行一起赴死（金阁寺最后沟口逃出了火海）。最终只是呈现了一个外界已经了解的十分简单的三岛形象，在他生命的尾声以一个偏执的军国主义者的姿态在嘲笑里等待着命运汹涌地向他袭来，现在一想，施拉德前几年能拍出《峡谷》并不令人吃惊
三岛由纪夫传 Mishima: A Life in Four Chapters,从一个触摸女孩乳房手不停颤抖的少年成为切腹自尽的勇敢者，这也算是男人的伟大蜕变了吧
上帝的使者 الرسالة,从一盘散沙到众志成城，伊斯兰教创教史诗片。
上帝的使者 الرسالة,原来基督教和伊斯兰以前也是好基友
上帝的使者 الرسالة,世间只有一个神，穆罕默德是他的信使，而信使根本连电影都不能出现。为了防止危险，不敢继续吐槽了。
上帝的使者 الرسالة,为尊重伊斯兰传统，影片不能让真主现身，这是最难处理的部分。涉及先知的很多镜头都以主观镜头完成，让信徒面对摄像头表达与真主的对话，非常容易给人一种虚拟的偶像之感。配乐是一大亮点。
上帝的使者 الرسالة,缚手缚脚的宗教史诗，相比起《宾虚》里不露正脸的耶稣，《上帝的使者》中强行省去穆罕默德的形象，实在像是神来之笔与文辞苦涩之别。
上帝的使者 الرسالة,大制作不意味着高艺术水准，说是剧情片，情节太平。说是纪录片，又不够紧凑。白德尔和伍侯德两场战役拍得太无趣太程式化了，还不如动画版好看。很难判断这片子的目标受众究竟是哪一类人，以外宣为目的的话，剧情线也太不明朗了。演员好，场面宏大却没什么视觉冲击，能看出砸了不少钱。可惜了了。
上帝的使者 الرسالة,从知道它的存在就一直想看看。全片以穆罕默德为主线，讲述了伊斯兰教兴起过程中的若干重大节点，只可惜有流水帐的感觉，只讲其然，没讲其所以然。
上帝的使者 الرسالة,1.带着宣传目的的普通记录片一部。2.完全从第三者的角度叙事这个方式可取可点。
上帝的使者 الرسالة,传销纪录片。对了听说导演被基地组织炸死在安曼
上帝的使者 الرسالة,被认证了的伊斯兰早期历史，全程按教规没有出现默罕默德的形象和声音。
上帝的使者 الرسالة,很艰难的观影过程，拖了两个月终于看完了。上半部全英字幕，一开始还不同步。下半部连字幕都没有，片子又老英语不纯正，而且还三个小时。不过最终我还是把它看完了。电影主要讲默罕默德领导穆斯林同国王做斗争最终取得胜利确立了阿拉伯第一大教伊斯兰教的地位。电影里默罕默德的真容难得一见
上帝的使者 الرسالة,伊斯兰教兴起的历史，讲得比较靠谱，之后攻城掠地的历史还是不讲的好，毕竟是70年代英国与中东修好的献礼作品。
上帝的使者 الرسالة,拍片时尽可能的尊重史实和教义并一心想为伊斯兰文化正名的导演最终被伊斯兰教极端恐怖分子炸死，真够讽刺的.......
上帝的使者 الرسالة,标准伊斯兰宗教教学片
上帝的使者 الرسالة,因为片子，重新思考了很多问题，历史的变迁，宗教和传销的共鸣
上帝的使者 الرسالة,要不是imdb 250 我才不会费劲找资源看呢 跟印度片一样费戏太多
上帝的使者 الرسالة,伊斯兰创教伟业。信仰主义、鲜血革命，这些都是一样的。主角的光环就是不现身，不出声。
上帝的使者 الرسالة,当年用了四节听力课才看完啊！观看态度从偷笑到睡着。。。。
上帝的使者 الرسالة,真主的使者是肉身凡胎，真主的教诲也就是可以更改的人话了吧
上帝的使者 الرسالة,119之111：IMDB TOP250 movie完结。信仰也许只是一种工具。至今为止，能坚持最初信仰的民族只有美利坚。
上帝的使者 الرسالة,被穆斯林虔诚的信仰所深深震撼。
上帝的使者 الرسالة,奴隶制就是群众基础，如果说一定有神，毫无疑问穆罕穆德就是神的使者。
上帝的使者 الرسالة,主角不现身的电影
上帝的使者 الرسالة,全篇主角不露脸。
上帝的使者 الرسالة,穆罕默德是牧羊者，是麦加当地名门望族的后代，被叔叔保护着长大，40岁接到神的启示，是不识字的先知。
上帝的使者 الرسالة,绿教历史
上帝的使者 الرسالة,主角不能露脸可还行
上帝的使者 الرسالة,其中不少内容阐释了为何伊斯兰能替代多神信仰
上帝的使者 الرسالة,"真主的诞生,绿教的历史,阿胡拉阿克巴!"
上帝的使者 الرسالة,将近四个小时 每一次劳动人民把脸对着镜头说话 然后镜头放出神圣的音乐 我都会笑抽一次
上帝的使者 الرسالة,没文化的穷屌穆罕默德花了几天时间就成了主的messenger。对比下岗工人洪志，你妹的晚生了1400多年，如此下场是活该的了
上帝的使者 الرسالة,前面传教还在说互相尊重，尊重犹太人，尊重其他信仰，后面就砸了所有雕像，宣布只有一个神。可以，这TM非常清真，还能说什么呢，安拉胡阿克巴！
上帝的使者 الرسالة,但無論是我們或是天上來的使者，若傳福音給你們，與我們所傳給你們的不同，他該受詛咒！ 我們已經說了，現在我再說，若有人傳福音給你們，與你們以往所領受的不同，他該受詛咒！ (加拉太書 1:8-9)
上帝的使者 الرسالة,“和平的穆斯林”，这是我听过的最大的笑话之一。
上帝的使者 الرسالة,３星半720P The Message大漠沙烟，浩翰无边1610孤行者010440walker020155 021542 021916braveman022602教义上天同他们一起战斗025230
上帝的使者 الرسالة,我这个四等汉就是不喜欢阿拉伯人和假阿拉伯人
上帝的使者 الرسالة,太假，影片里那么友好先进的某教如今怎么成了落后与暴力甚至人肉炸弹的代言词？
上帝的使者 الرسالة,感觉伊斯兰是社会主义的思想。。。莫哈默德的精神确实是伟大的世界大同跨越种族人人平等。。。不过片子不能使用莫哈默德这个角色看的很尴尬。。。整个就不好看。。。感觉马哈默德有点被神化了。。。片子交代一下他上山前的故事会好一些
上帝的使者 الرسالة,2019122 一星平庸 不能入镜的主角 主观视角
上帝的使者 الرسالة,无耻的造神，污糟的洗脑
上帝的使者 الرسالة,怎么看啊，豆辩垃圾，看都看不了，没有播放，叫我怎么评论啊。只是这个图片没有视屏，是豆辩把我骗进来的
上帝的使者 الرسالة,上来就是派个人到别国，对着国王和大臣，叫嚣不归顺真猪就死。
上帝的使者 الرسالة,拍得还是可以，结尾暴露野兽本性。
上帝的使者 الرسالة,极其厌恶这个邪教
上帝的使者 الرسالة,一到宗教电影，我就不明白了。尤其是巴基斯坦那边，好像统领着世界的宗教
上帝的使者 الرسالة,本来应该是很有戏剧冲突的剧本，拍的这么无聊，可能是我根本不关心吧，边听相声边看的，仍感觉把时间浪费了。
上帝的使者 الرسالة,如果不出现默罕默德形象，影片就丧失了表现力
上帝的使者 الرسالة,这样的人怎么能死呢。。
上帝的使者 الرسالة,这更像是普知片............
上帝的使者 الرسالة,半小时，神棍电影，假的不行。
上帝的使者 الرسالة,… 像过家家 剪辑混乱 演技差 英文怎么听怎么不顺
上帝的使者 الرسالة,不能随时代进步的宗教没有前途。
上帝的使者 الرسالة,史诗巨片，还是主视角的;-)...以后也许不会再有了。70年代的千万美元，只有卡扎菲能有这样的大手笔，此君也许会被绞死，但电影史该记上他的名字。连这样的电影都接受不了的穆斯林主流派别，不知还有没有可能告别中世纪进入现代。大学时（03年？）淘到的碟，可惜不在身边。
上帝的使者 الرسالة,荡气回肠。国内导演好好看看什么是真正的“建国大业”式电影，不是你云集内地港澳台108个当红明星来锅大杂烩就能拍出来的。关键在于展现人性的挣扎，展现一种令人信服的价值观，展现一种富有感染力的语言。
上帝的使者 الرسالة,伊斯兰教的历史，非常真实，完全符合圣经啊！原来伊斯兰教和基督教是一脉相传的！神都是那个神！
上帝的使者 الرسالة,那时真配得上“清白”二字。不过先知也是肉体凡身，神的思想也需要人来执行，人容易因欲望而变质，思想也会随之变质。当初的理想最终变成堂皇的借口，其实内质早已腐烂。能够达成“吾道一以贯之”的人实在太少了。
上帝的使者 الرسالة,作为无信仰的我看这部片子唯一的感受就是，有信仰真好！没有信仰，谁都无法回答人生的终极问题。大力推荐此片。
上帝的使者 الرسالة,现在一提到伊斯兰首先想到却是恐怖主义，这部由卡扎菲投资的史诗巨制提供了一个重新了解伊斯兰世界的窗口。
上帝的使者 الرسالة,拍得真是挺认真的 但也够拖沓的 不过还行 导演这么认真都能被炸 也是服了 8/10
上帝的使者 الرسالة,伊斯兰教的创教历史！完全就是部洗脑巨片啊，诚然其中对宗教的某些论述还是很有道理的。
上帝的贝雷帽：手塚治虫的黑杰克创作秘话 神様のベレー帽～手塚治虫のブラック・ジャック創作秘話～,AKB48成员演戏都不是很好，大岛优子还算好的，可是一样不是很喜欢，手冢燃情剧还行吧，不是特别喜欢
上帝的贝雷帽：手塚治虫的黑杰克创作秘话 神様のベレー帽～手塚治虫のブラック・ジャック創作秘話～,对他的作品知道一些，仅此而已
上帝的贝雷帽：手塚治虫的黑杰克创作秘话 神様のベレー帽～手塚治虫のブラック・ジャック創作秘話～,成功的秘诀不是才能，而是拼命地努力。
上帝的贝雷帽：手塚治虫的黑杰克创作秘话 神様のベレー帽～手塚治虫のブラック・ジャック創作秘話～,任何一个在创作上必求极致的人都是我的泪点。
上帝的贝雷帽：手塚治虫的黑杰克创作秘话 神様のベレー帽～手塚治虫のブラック・ジャック創作秘話～,优叔的戏份还挺多的~~~
上帝的贝雷帽：手塚治虫的黑杰克创作秘话 神様のベレー帽～手塚治虫のブラック・ジャック創作秘話～,居然以穿越方式套剧情，还带二次元生物乱入，摔电话能把墙壁砸穿，曝光手冢各种怪癖习惯，总之是雷点不少的传记剧本；还是当偶像剧观看好了，点评优子桑的演技略嫌夸张。
上帝的贝雷帽：手塚治虫的黑杰克创作秘话 神様のベレー帽～手塚治虫のブラック・ジャック創作秘話～,看过留爪。
上帝的贝雷帽：手塚治虫的黑杰克创作秘话 神様のベレー帽～手塚治虫のブラック・ジャック創作秘話～,非要拍成励志片。。。
上帝的贝雷帽：手塚治虫的黑杰克创作秘话 神様のベレー帽～手塚治虫のブラック・ジャック創作秘話～,三星全给优叔！！！
上帝的贝雷帽：手塚治虫的黑杰克创作秘话 神様のベレー帽～手塚治虫のブラック・ジャック創作秘話～,無論如何有鼓勁。
上帝的贝雷帽：手塚治虫的黑杰克创作秘话 神様のベレー帽～手塚治虫のブラック・ジャック創作秘話～,我还挺喜欢怪医秦博士的~~
上帝的贝雷帽：手塚治虫的黑杰克创作秘话 神様のベレー帽～手塚治虫のブラック・ジャック創作秘話～,剧情很俗很老套，不过满载正能量，还行。手塚大神果然一代漫画之神。
上帝的贝雷帽：手塚治虫的黑杰克创作秘话 神様のベレー帽～手塚治虫のブラック・ジャック創作秘話～,大岛优子要是跳不出抖M的的角色属性，真的会被困死，本片开头让我以为她成功了，结果···········
上帝的贝雷帽：手塚治虫的黑杰克创作秘话 神様のベレー帽～手塚治虫のブラック・ジャック創作秘話～,大丈夫、僕ができるものだから、あなたにもできます。才能より努力ほうが大事ってワタシもそう思ってます
上帝的贝雷帽：手塚治虫的黑杰克创作秘话 神様のベレー帽～手塚治虫のブラック・ジャック創作秘話～,草剪刚虽然很努力，但是他和手塚治虫可是相差十万八千里，还弄了穿越的噱头，所以怎么看怎么别扭。
上帝的贝雷帽：手塚治虫的黑杰克创作秘话 神様のベレー帽～手塚治虫のブラック・ジャック創作秘話～,贴我大 Black Jack 还拍得各种粗糙流水帐，穿越生硬死了……
上帝的贝雷帽：手塚治虫的黑杰克创作秘话 神様のベレー帽～手塚治虫のブラック・ジャック創作秘話～,略老套 不过也挺燃
上帝的贝雷帽：手塚治虫的黑杰克创作秘话 神様のベレー帽～手塚治虫のブラック・ジャック創作秘話～,略没劲 优叔演得比想象中好 草彅刚不如预想。不过我也不知道手冢治虫本身是什么样的。后来倒是去看了两卷black jack（好久没看漫画了
上帝的贝雷帽：手塚治虫的黑杰克创作秘话 神様のベレー帽～手塚治虫のブラック・ジャック創作秘話～,超越向科普剧。
上帝的贝雷帽：手塚治虫的黑杰克创作秘话 神様のベレー帽～手塚治虫のブラック・ジャック創作秘話～,穿越故事又一个，你優又是抖M。又长又没新意，可以不看（
上帝的贝雷帽：手塚治虫的黑杰克创作秘话 神様のベレー帽～手塚治虫のブラック・ジャック創作秘話～,沒有乾貨的心靈雞湯
上帝的贝雷帽：手塚治虫的黑杰克创作秘话 神様のベレー帽～手塚治虫のブラック・ジャック創作秘話～,嗯，毕竟讲手塚治虫这种巨型大神，而且还有关Black Jack，当是感情分吧。剧情就真的...至少拍得不好。
上帝的贝雷帽：手塚治虫的黑杰克创作秘话 神様のベレー帽～手塚治虫のブラック・ジャック創作秘話～,不就是自传吗，对于手冢治虫也没多大兴趣
上帝的贝雷帽：手塚治虫的黑杰克创作秘话 神様のベレー帽～手塚治虫のブラック・ジャック創作秘話～,草剪刚太丑了～优叔演漫画电影果然不错
上帝的贝雷帽：手塚治虫的黑杰克创作秘话 神様のベレー帽～手塚治虫のブラック・ジャック創作秘話～,优子演戏敢不敢换个风格！
上帝的贝雷帽：手塚治虫的黑杰克创作秘话 神様のベレー帽～手塚治虫のブラック・ジャック創作秘話～,佐藤浩市君滿頭白髮更有型了，OHOHOHO～～～
上帝的贝雷帽：手塚治虫的黑杰克创作秘话 神様のベレー帽～手塚治虫のブラック・ジャック創作秘話～,为什么是草剪刚演手塚大师啊啊啊？？？
上帝的贝雷帽：手塚治虫的黑杰克创作秘话 神様のベレー帽～手塚治虫のブラック・ジャック創作秘話～,励志片........................................
上帝的贝雷帽：手塚治虫的黑杰克创作秘话 神様のベレー帽～手塚治虫のブラック・ジャック創作秘話～,剧情老套，雷点不少，就当偶像剧看看好了，另外优子桑的演技略嫌夸张。
上帝的贝雷帽：手塚治虫的黑杰克创作秘话 神様のベレー帽～手塚治虫のブラック・ジャック創作秘話～,來鑑定一下古家的劇本寫的如何，總覺得還是太說教了啊。。。BTW看完覺得大島比較像主役耶～
上帝的贝雷帽：手塚治虫的黑杰克创作秘话 神様のベレー帽～手塚治虫のブラック・ジャック創作秘話～,对漫画有了一定程度的。。了解。
上帝的贝雷帽：手塚治虫的黑杰克创作秘话 神様のベレー帽～手塚治虫のブラック・ジャック創作秘話～,应该让富奸看完再写一万字的读后感
上帝的贝雷帽：手塚治虫的黑杰克创作秘话 神様のベレー帽～手塚治虫のブラック・ジャック創作秘話～,说不上较差但也说不上凑合，看完之后觉得是浪费时间了。。。
上帝的贝雷帽：手塚治虫的黑杰克创作秘话 神様のベレー帽～手塚治虫のブラック・ジャック創作秘話～,感觉优子的戏份更多，漫画大神手冢治虫创作历程传递正能量。这个SP的制作略显粗糙，6分
上帝的贝雷帽：手塚治虫的黑杰克创作秘话 神様のベレー帽～手塚治虫のブラック・ジャック創作秘話～,向手塚先生致敬！
上帝的贝雷帽：手塚治虫的黑杰克创作秘话 神様のベレー帽～手塚治虫のブラック・ジャック創作秘話～,"MO,就这样吧"
上帝的贝雷帽：手塚治虫的黑杰克创作秘话 神様のベレー帽～手塚治虫のブラック・ジャック創作秘話～,看着草剪刚始终无法手冢起来……
上帝的贝雷帽：手塚治虫的黑杰克创作秘话 神様のベレー帽～手塚治虫のブラック・ジャック創作秘話～,很平淡的命题作文吧。
上帝的贝雷帽：手塚治虫的黑杰克创作秘话 神様のベレー帽～手塚治虫のブラック・ジャック創作秘話～,怕被粉丝骂，不说脏话了。
上帝的贝雷帽：手塚治虫的黑杰克创作秘话 神様のベレー帽～手塚治虫のブラック・ジャック創作秘話～,作为有漫画创作经验的人，对于剧中几点是不认同的，一是手冢老师边吃蛋糕边画画，会弄脏稿页的，本来就不允许；二是整个漫画过程都没有用到助手，肯定来不及；三是固定线条的画法也是草画的，这不科学。以上。
上帝的贝雷帽：手塚治虫的黑杰克创作秘话 神様のベレー帽～手塚治虫のブラック・ジャック創作秘話～,一部毫无诚意的sp，完全就是在做活儿，背离了手冢所追求的的创新和有趣。创意，剧本，表演，核心，没一点好的。这种矛盾解决不了就往正能量上引的做法，除了简单粗暴的造神，对于手冢的价值的体现没有一点作用。手冢是人，作为人的缺点不能用漫画上的功绩去掩盖。他只是漫画之神。
上帝的贝雷帽：手塚治虫的黑杰克创作秘话 神様のベレー帽～手塚治虫のブラック・ジャック創作秘話～,好无趣
上帝的贝雷帽：手塚治虫的黑杰克创作秘话 神様のベレー帽～手塚治虫のブラック・ジャック創作秘話～,草彅叔的演技真的不敢恭维，就一集还是分了好几次才看完。大岛演技刚开始太用力感觉有点夸张的过火，最后的日剧惯有主旋律的升华真是我勒个去。虽然对这个SP评价很差但是不妨碍手冢先生是重要的影响了一个时代的伟大的漫画家。
上帝的贝雷帽：手塚治虫的黑杰克创作秘话 神様のベレー帽～手塚治虫のブラック・ジャック創作秘話～,什麼鬼。。。。。可以不這樣拍嗎。。。。。。紀錄片不可以嗎。。。。。
上帝的贝雷帽：手塚治虫的黑杰克创作秘话 神様のベレー帽～手塚治虫のブラック・ジャック創作秘話～,單薄
上帝的贝雷帽：手塚治虫的黑杰克创作秘话 神様のベレー帽～手塚治虫のブラック・ジャック創作秘話～,虽然看完但不咋 收视不错就好  看叔的演技总是出戏 到底是因为综艺脸太深刻 还是演技的问题呢? 等火十验证
上帝的贝雷帽：手塚治虫的黑杰克创作秘话 神様のベレー帽～手塚治虫のブラック・ジャック創作秘話～,日剧，是谁的贝雷帽
上帝的贝雷帽：手塚治虫的黑杰克创作秘话 神様のベレー帽～手塚治虫のブラック・ジャック創作秘話～,冲着优叔去的 不过优叔剧里的角色真的不怎么样
上帝的贝雷帽：手塚治虫的黑杰克创作秘话 神様のベレー帽～手塚治虫のブラック・ジャック創作秘話～,太幼稚的剧情
上帝的贝雷帽：手塚治虫的黑杰克创作秘话 神様のベレー帽～手塚治虫のブラック・ジャック創作秘話～,优叔太可爱(≧▽≦)
上帝的贝雷帽：手塚治虫的黑杰克创作秘话 神様のベレー帽～手塚治虫のブラック・ジャック創作秘話～,就算又是抖M还是喜欢
上帝的贝雷帽：手塚治虫的黑杰克创作秘话 神様のベレー帽～手塚治虫のブラック・ジャック創作秘話～,贝雷帽、黑框、小肚腩，各种小细节神还原已足以缩短草剪刚在外形、气质上和大神的差距了，赶稿急行军竟然可以漏掉班机起飞前在汽车机盖上画原稿而责编一脸苦逼在边上等待的经典场面，难道说会显得大神太鬼畜么？！像大神、藤本弘这样的天才都得累死在工作台上才算完，中止连载成瘾的某人可真没法比
上帝的贝雷帽：手塚治虫的黑杰克创作秘话 神様のベレー帽～手塚治虫のブラック・ジャック創作秘話～,看过大神的分镜，就知道现在有些漫画画的是有多糙，其实吧，拖稿什么的虽然很可恶，但比起没有才能，还是可以忍的……（剧看完了完全木有受教= =）
上帝的贝雷帽：手塚治虫的黑杰克创作秘话 神様のベレー帽～手塚治虫のブラック・ジャック創作秘話～,看了之后好燃啊。。。都是要努力才能到达梦想彼岸啊！
上帝的贝雷帽：手塚治虫的黑杰克创作秘话 神様のベレー帽～手塚治虫のブラック・ジャック創作秘話～,雖然完全不知道手塚和他的作品但看起來又不會太悶，最后電影那段沒完成就回現代只用照片交代有點可惜。
上帝的贝雷帽：手塚治虫的黑杰克创作秘话 神様のベレー帽～手塚治虫のブラック・ジャック創作秘話～,优子的字幕组叫U-KO？不小心看成了UN-KO。。。草剪演的相当好，老土的现实向奋斗记还是很感动到我
上帝的贝雷帽：手塚治虫的黑杰克创作秘话 神様のベレー帽～手塚治虫のブラック・ジャック創作秘話～,天才不仅仅是才能，还有你我身上看不到的共有的特质
上帝的贝雷帽：手塚治虫的黑杰克创作秘话 神様のベレー帽～手塚治虫のブラック・ジャック創作秘話～,一本满足君越看越带感
上帝的贝雷帽：手塚治虫的黑杰克创作秘话 神様のベレー帽～手塚治虫のブラック・ジャック創作秘話～,为了优子啊，不过可能是没看过手冢的漫画的缘故，所以没有什么赶脚，而且草剪刚整部剧的表情都有点诡异…期待spec的电影版吧，优子的角色应该比较有突破
上帝的贝雷帽：手塚治虫的黑杰克创作秘话 神様のベレー帽～手塚治虫のブラック・ジャック創作秘話～,优叔新剧，富坚义博应该看看这剧的。
不可告人 Ne le dis à personne,法国人讲好莱坞故事，还可以哦，有那么点不一样的味道在里面
不可告人 Ne le dis à personne,"06年在凯撒奖上表现出色的法国悬疑片.男主角蛮像达斯汀霍夫曼的..剧情很曲折,内容很丰富,人物也蛮多的,据说很多都是戏骨(汗就认出克莉丝汀斯科特托马斯了- -,法国本土的缘故吧).印象最深的是类似两小无猜的结局,很美."
不可告人 Ne le dis à personne,悬疑剧本加小文艺佐料调出来结果并达不到惊艳，最终的真相既没有太强烈的情感纠葛又没有很明显的现实意义，呻吟的很无力。惊奇豆瓣的分数，但看过评论的文字也就释然了，只是后悔自己不该把2小时的生命浪费在看此片上。
不可告人 Ne le dis à personne,那个结尾呐，让人联想起【两小无猜】。呃，我好喜欢那湖那蔷薇花墙。
不可告人 Ne le dis à personne,弗朗索瓦·克鲁塞的脸是全片质量的保证，八年生死两茫茫的痛苦思量，再见之时，只是听着身后的脚步，眼泪便夺眶而出。悬疑性保持的非常不错。有抽丝剥茧的过程，但前面的线索给的不太明晰，最后过于复杂的真相还是基本靠嘴说出来。配乐风格多样，偶尔感觉与片子基调不符，好在都非常悦耳。
不可告人 Ne le dis à personne,文艺味甚浓的悬疑片，一查，原来是吉约姆·卡内导的，难怪。
不可告人 Ne le dis à personne,"悬疑惊悚还是风景爱情片, ? Dustin Hoffman. France Version."
不可告人 Ne le dis à personne,人物扯太多了最后都没交代。音乐很好听，但让人出戏。但悬疑性还是不错滴
不可告人 Ne le dis à personne,6分。我一直觉得，各国的人都是有天性的，天性如此，你去拍违背天性的电影，效果总不会太好。比如这部法国人拍的悬疑片，故事算是个不错的故事，但拍得却如此沉闷，太多的对白大大降低了节奏，减少了紧张感。90分钟能拍完的东西硬拉成130分钟，很大一段都看得昏昏欲睡。。。
不可告人 Ne le dis à personne,影片的悬疑设计和故事骨架有模仿英美类型片的痕迹，两小无猜的爱情背景也主要是煽情性的商业考量，对故事并没多少推动。悬疑情节大半时间构造的还是挺吸引人的，牵涉了夫家妻家警方仇家四条线的错节纠缠，不过最后考岳父用台词一下子全部解开却显得黔驴技穷，没有了用精彩的情节动作来讲故事的耐力了
不可告人 Ne le dis à personne,故作悬疑，故事线索安排可圈可点
不可告人 Ne le dis à personne,片子的走向倒是不难猜，片头出现的富翁当然是大boss啦，但整个流程还挺有意思的，看的时候我老想起《龙文身的女孩》什么的，没办法我很少读罪案类的小说，这片子线索有点繁杂，配角也有出彩，结尾收的也很好，挺好看的
不可告人 Ne le dis à personne,还是有悬念的
不可告人 Ne le dis à personne,U2的那首With or without you竟是快十年没听了！爱情没怎么打动我，那个竹竿女杀手和霹雳娇娃里的竹竿男杀手好般配~KST演拉拉都要不安分下哟。黑道朋友照应得够好，岳父既赎罪又成全来了结自己还是小感人的。
不可告人 Ne le dis à personne,中规中矩 无惊喜 很磨叽 欧洲片用二倍的速度看效果不错~
不可告人 Ne le dis à personne,很精致的法国悬疑片，点和叙述都到位了。让我想起不朽的园丁，同样很感动
不可告人 Ne le dis à personne,情节流畅得很美国。帅哥还是牛地。
不可告人 Ne le dis à personne,悬疑感做足，但铺得太开，收尾生硬，就像花一下午烧了一桌好菜最后转身去厕所捡了一粒屎吃
不可告人 Ne le dis à personne,前大部分情节有些陈旧，最后的剧情急转直下，到剧终时仍有悬疑在心头萦绕，相爱地两人就此得到幸福，我觉得不可能。
不可告人 Ne le dis à personne,故事是一个好故事。就是略沉闷兼因为不知道人物关系，我有点看的云山雾里。直到大解密才串起来。。法国人的脸长得好像。。。
不可告人 Ne le dis à personne,这种片子还是老美拍起来简单粗暴
不可告人 Ne le dis à personne,艹````各种看不进起
不可告人 Ne le dis à personne,靠着剧透分析看懂第一次看得只有英语字幕的法国片…导演客串了个猥亵孩子的小帅哥（片里所有乱源的开端…
不可告人 Ne le dis à personne,不错的悬疑片，有点类似亡命天涯
不可告人 Ne le dis à personne,卡内自编自导处女作；130分钟实在可以压缩成90分钟
不可告人 Ne le dis à personne,法国人拍Thriller，真是不紧不慢啊……
不可告人 Ne le dis à personne,太长！
不可告人 Ne le dis à personne,挺好的一个故事 就是讲的云里雾里的 看着费劲 剧情不该拖的地方有些拖 该慢的地方又很急
不可告人 Ne le dis à personne,故事本身编得不够圆，但是导演不错各种细节很棒。
不可告人 Ne le dis à personne,漫长的两个小时就是为了等最后真想大白的那十分钟 这种路数的电影看太多了 已然无感
不可告人 Ne le dis à personne,悬疑倒是一直云里雾里，但是故事进程没有意思，结果揭秘后故事仍然乏味
不可告人 Ne le dis à personne,也许这类电影已经拍得太多了，要搞出一点新意思，真是太难太难。剧情还算可以，尽管有些牵强，悬念过于曲折，最后交代不清。玛格的父亲居然是冬之心的里那位衣冠楚楚，举止优雅的的马克西姆，在这里已经被岁月折磨得面目全非
不可告人 Ne le dis à personne,剧情还过得去，只能当消遣品
不可告人 Ne le dis à personne,有悬念，谈不上惊喜。整部片子闷得很，2个多小时的时间，真是浪费了。
不可告人 Ne le dis à personne,剧情曲折，悬疑的味道不错。
不可告人 Ne le dis à personne,挺失望的。。。追男主来看，演员很出色，但是导演问题很大。法国人还是怕叨逼叨的喜剧去吧。。。
不可告人 Ne le dis à personne,小情侣接吻很nice 肉体也很美
不可告人 Ne le dis à personne,非常希区柯克一片儿
不可告人 Ne le dis à personne,一个还算精巧的故事，但是也需要些耐心。
不可告人 Ne le dis à personne,好像评价还比较高，其实不精彩，拖沓，情节不合逻辑，只是不讨厌而已，3星吧
不可告人 Ne le dis à personne,还行吧 原来的亲情引起的悬疑
不可告人 Ne le dis à personne,法国悬疑还是…太慢了…
不可告人 Ne le dis à personne,足够曲折～但也颇为刻意～
不可告人 Ne le dis à personne,法国人翻拍美国悬疑小说。虽然不够惊心动魄，有点法式闷。
不可告人 Ne le dis à personne,悬疑上挺抓人，只是线索给的多且杂，最后老丈人一坦白就把所有坑填上，显然爱情才是重点。3.5
不可告人 Ne le dis à personne,真相的确是不可告人的，剧本还不错，观赏性一般
不可告人 Ne le dis à personne,或许是因为断断续续在看 这里面人物的名字太乱了 有的叫姓有的叫名 结果是一个人
不可告人 Ne le dis à personne,有意思~
不可告人 Ne le dis à personne,2小时太长了~
不可告人 Ne le dis à personne,真有那么好么。。。。
不可告人 Ne le dis à personne,美国小说改编的法国悬疑片，确实挺法国的。
不可告人 Ne le dis à personne,"他老婆和纽维尔什么关系,纠结"
不可告人 Ne le dis à personne,懸疑兮兮搞神秘，看的好累…
不可告人 Ne le dis à personne,这是我看过的第一部悬疑片，没怎么看懂，但终于理解为什么ylian会那么中意看悬疑小说了，也知道为什么自己演绎推理能力那么差了。
不可告人 Ne le dis à personne,分了3次才看完
不可告人 Ne le dis à personne,全片充斥法国电影的浪漫气息。一如既往的浪漫配乐，是全片支撑我看下去的动力。前面铺垫太长，导致看了后面忘了前面。看完也并没有恍然大悟的震撼之感。
不可告人 Ne le dis à personne,法国人拍悬疑片太碎了，节奏不好
不可告人 Ne le dis à personne,爸爸替女儿顶罪 这海报和这电影太不符了 这电影一点都不暴力
不可告人 Ne le dis à personne,父爱的形式。
不可告人 Ne le dis à personne,感觉被骗了
不可能的事 Breakthrough,烛光那一段还是很感动滴。这样的白人大妈简直是反智典型
不可能的事 Breakthrough,故事是好故事，很感人，很积极向上，但是可能这片子本身定位就是传教片…？叙事当中一直在强调是上帝在起作用，去创造医学上的奇迹（no offense）感觉作为一个没有宗教信仰的人并不太能感同身受。基于这是一个根据真实故事改编的电影我还是为这个奇迹的亲历者感到欣慰的。PS：好像这是库里（是的，打球的那个）作为制片人的第一部作品，值得鼓励。
不可能的事 Breakthrough,冲Sam叔来的，虽然不是什么重要的角色，但是影片还是有许多改进的地方，并且由于是真实事件改编的，所以还需努力💪
不可能的事 Breakthrough,强行煽情，这样传奇的真实事件本来可以有更好的表现力，结果却平平。演技...尤其是主治医生的演技...看了想掀桌
不可能的事 Breakthrough,神棍片
不可能的事 Breakthrough,"faith and love, things i have been alway longing for.
这是传教片。一种白左小清新各种queation god的剧的时代大荧幕还能上一部传教片真是惊人。

以为是俗套感人片，想好好哭一场，结果发现是个神棍片。挺无语的，最后是妈妈的prayers让神来救你了吗。我真的不信这个神迹。老师最后质问为什么选择了你，我以为能投点反思有点深度，结果一条道走到黑。小孩穿着一身西装上台，身材特别像我哥高中的时候，他绝对不是这样的人。
与其说讲事件本身，不如说发散到宗教（包括刻画妈妈和神父关系）。
但是通过不同人眼看这起事件的讲法还是有趣，就是最后还是归到god我很失望。
"
不可能的事 Breakthrough,母爱如山，人也如山
不可能的事 Breakthrough,传教片。
不可能的事 Breakthrough,这个故事放在咱们这儿就一句话概括：“这孩子命真大！”，不过老美用神迹的方式拍出来，传传福音宣宣教吧，也算暖心吧。神迹这类事件，就是个人或者一个群体的绝不放弃和无私奉献的情况下才发生。不过在没有信仰的国度，人们太容易不坚持了，都太自私了，所以这个国度里的人不配得到你们真正想要的。
不可能的事 Breakthrough,虽然是传教片，但去电影院哭一场排排毒相信人间总有奇迹在也挺好。在我大圣村发生居然还是在我入学的当年，相不相信神迹我不知道，但我相信坚定的相信自己的信念是一定正面的，我相信除了神迹还有因为我校医学院附属医院太牛逼了
不可能的事 Breakthrough,have some faith……不过不太喜欢整个电影传教调调
不可能的事 Breakthrough,宗教意味太浓了，对于非信徒来说感觉整个就一传教片…
不可能的事 Breakthrough,Advance screening@AMC Metreon; At your will.
不可能的事 Breakthrough,冲着曾经的男神Josh Lucas来看的，天，没想到昔日的男神，身材竟然走形至此？！心痛！
不可能的事 Breakthrough,恕出言不逊，请问是教会出资拍的吗？
不可能的事 Breakthrough,故事是个好故事，拍的很细腻，但是太过于强调宗教的作用了，我相信会有奇迹，但并不相信是因为上帝的作用，只是男主角身体素质好，抢救及时，医治得当，警察医生还有父母朋友都没有放弃而已！
不可能的事 Breakthrough,福音电影，为奇迹的祷告，用奇迹来荣耀神；片中母亲爱子的动人有些冲淡了信仰的力量，但结尾的说教还是拉回了福音电影的“正轨”。
不可能的事 Breakthrough,「你不了解我儿子，他就是个战士」……然后他儿子就开始恢复了。我可去你妈的吧。早就不相信这样讲述的奇迹了（不是不相信）。
不可能的事 Breakthrough,awful
不可能的事 Breakthrough,被trailer狂轰滥炸用脚都能猜到故事大纲，这种真人真事也就只能是发生在密苏里这种地方了
不可能的事 Breakthrough,要看到亲情的力量，至于信仰和宗教的力量我们可以认为是偶发事件
不可能的事 Breakthrough,这是教会众筹拍摄的吧？！
不可能的事 Breakthrough,🙂
不可能的事 Breakthrough,如果跟熟人一起看必提前离场
不可能的事 Breakthrough,好傻
不可能的事 Breakthrough,"传教也该有主题  
真实的让人感觉虚假"
不可能的事 Breakthrough,？？？？EXO me？
不可能的事 Breakthrough,大型传教医闹现场。
不可能的事 Breakthrough,傳教片中這部算稍微能看的，主要是導演水平可以
不可能的事 Breakthrough,朋友教会包场#have faith
不可能的事 Breakthrough,"看得我哭到崩溃，里面有好多情节我经历过类似的，尤其是倒数三分之一处女主角在雪地里说I surrender to you Lord, 在我自己人生跌倒谷底的地方也说过一样的话。最后的那个问题其实很简单，神有恩典也有主权，祂决定要救谁想救谁，我无法掌握自己是否人生中会得到电影这样特殊的神迹启示，但没关系，我放手让祂做决定就好。神的主权这个奥秘，对这个世界来说特别难理解，因为大多数人不理解这个世界不是围绕着我们来转的，我的感情我的感受我的意愿并不是第一位的。谢谢推荐这部好片给我的爸妈，五星好评。"
不可能的事 Breakthrough,只要是虔诚的基督徒都会看懂泪崩的影片，很好看！
不可能的事 Breakthrough,"母亲Joyce刚开始是一个极力想要控制好生活的人，直到John的意外让她意识到有些事情远远超出她能改变的范畴，她在事后的祷告“I'm broken, desperate.. a woman full of pride.. I surrender, I surrender...”很扎心，能真实的认识自己的骄傲得需要多大的“勇气”。如果用表白作比喻，估计也是表白*100以上的勇气了。"
不可能的事 Breakthrough,在复活节之际上映这么一部关于上帝、爱与奇迹的片子也是很应景了。上一部让我暴哭到不得不摸黑找纸的片子还是《奇迹男孩》……#年度最佳传教影片 #配乐加五十个鸡腿
不可能的事 Breakthrough,信望爱，这其中，最大的是爱。
不可能的事 Breakthrough,希望更多人看到这部电影！
不可能的事 Breakthrough,母爱的力量真伟大
不可能的事 Breakthrough,真实时间改编，只要你相信，就会有奇迹。曾经我也受过伤，是妈妈的祈祷让我得到上帝的爱，出现了所谓奇迹，唯有爱能拯救人。
不可能的事 Breakthrough,我想说看完此片觉得美国的福利真的太好了！医疗技术也非常优秀！歌颂基督的，有信仰是好事儿！
不可能的事 Breakthrough,"there is no imporsible things in the word,this movie tell miercle things about life and love.it give me deep impress is john's mother,she dose not give up,just stand around jonh,you know,john is not her own son,but her love is more than her own.so in this move,the title ""impossible""means there is not about science but love."
不可能的事 Breakthrough,不错，我很喜欢这种类型的电影
不可能的事 Breakthrough,复活节的周末去看了这场真人故事改编的福音电影。整体剧情流畅，原声很赞。领养孩子和养父母之间的亲情隔阂，老一代教会和新一代教会的隔阂。因为有耶稣，因为有爱，这一切的隔阂都被消灭。很佩服这位妈妈的信心。
不可能的事 Breakthrough,在飞机上无聊时候看的，不是教徒但仍旧哭的稀里哗啦，一次成功的救援，母子感情动人，恢复的有点太过奇迹，不过人还是要有点信仰的好。
不可能的事 Breakthrough,挺好看的啊！
不可能的事 Breakthrough,没有信仰的人看这电影是无法理解的，是怀疑一切的
不可能的事 Breakthrough,虽然有传教的成分在里面，但还是被故事感动到了。一个小时没有脉搏，放中国早就放弃了吧。
不可能的事 Breakthrough,母爱真伟大，美国人得生活方式真人性化
不可能的事 Breakthrough,"总有一些事，别人知道，而你，不知道，包括奇迹，神迹，奇事。

我们生下来就给很多“现象”贴上标签，比如“基督教”“上帝”。但我们没有认真、诚实地去寻找和了解过。要么由于骄傲、要么受的打击太少、太轻。要么，就是，没有认真活过。没有反省过人生，没有真正思考和用心寻找世界的真相。

相信奇迹，你才能经历奇迹。或者说，这个世界不可思议的真相等待着那些真心寻找的人。

“你若真心寻找我，就必定找到我”

 你们寻求我、若专心寻求我、就必寻见。（Holy bible ）

是什么蒙蔽了我们的双眼？使我们看不见悬浮在空中的地球本身就是奇迹（神迹）？是什么污染了我们的思维，使我们意识不到我们睡着之后竟然还能迎来？这个世界从无到有，在有与无之间发生了什么？世界的起初，生命从何而来？"
不可能的事 Breakthrough,很不错的一部电影，温暖人心！
不惧风暴 Into the Storm,片尾发现两个傻逼没有死让我很生气
不惧风暴 Into the Storm,再普通不过的灾难片 不同的是 半夜十二点坐在一个除了我和梁老师整个放映厅全是黑人的地方看的…还看到几个人磕了药疯疯癫癫…格外心惊胆战…而且！！！演到一半最大的风暴来袭炒鸡紧张的地方 电影院的火!警!警!报! 响了一刚！！！后来工作人员通知是false alarm才继续放映……真是别样的体验……=_=
不惧风暴 Into the Storm,三星半。YouTube那兩個人 真的是 好作！爸爸好帥！半顆星給你！他說這是他見過最大的龍捲風 我想說 我看了這麼多災難片 這也是我看過的最大的龍捲風！
不惧风暴 Into the Storm,这种完全遗弃一切摄像机画质和收音合理性而且拍着拍着到最后干脆导演自己都忘了索性直接不解释上叙事镜头了的伪纪录到底有个屁意义？！？！
不惧风暴 Into the Storm,真不忍心给三星……但总觉得哪里差口气，即使有RA也弥补不了啊_(:з」∠)_ 而且Gary这个角色很难让他发挥演技…每个角色似乎都描写不够深入…最后一段很萌（。）电影拍摄手法有点纪录片footage的感觉。
不惧风暴 Into the Storm,影片完美诠释了什么叫no zuo no die。龙卷风的部分还是不错的，除了龙卷风的部分都挺没劲的。影片尝试引入多媒介（专业摄影，手持摄影，手机，监视摄像头……），不过运用得略失败。Richard Armitage是个很不错的演员，应该有更好的未来。两星半
不惧风暴 Into the Storm,前面需耐心，后段略紧张
不惧风暴 Into the Storm,中规中矩灾难片，拍摄手法是还挺有想法的，不过最终效果也就是中规中矩，能看，比变形金刚4看的舒坦
不惧风暴 Into the Storm,花样作死选手们又有了新的平台与方向。
不惧风暴 Into the Storm,场面没的说，但该片的矛盾就在于：要身临其境的真实感还是要宏观镜头的震撼感，电影在伪纪录视角和上帝视角之间来回切换，结果二者都没有兼顾好。
不惧风暴 Into the Storm,口水鸡肋片。
不惧风暴 Into the Storm,这么多手持镜头还好意思做成3D啊，果然是圈钱不眨眼～
不惧风暴 Into the Storm,追风少年作死记，珍爱生命，远离youtube。2014.9.12成都万达影城（成华店）
不惧风暴 Into the Storm,虽然特效比龙卷风好，格局却比之小多了，没有那种疯狂热血的追逐感，各人（连科学家、摄制组）都只是在恐慌张皇的逃命。所以除了看到大风圈张大嘴哇哇两声后，也没什么太多的感觉。
不惧风暴 Into the Storm,伪纪录片，低能儿一样的剧情，预算有限导致大场面并不算多。可角色不管是铺垫还是渲染都不足，使得后面的情感戏直接崩溃。总体是一部很中庸的片子，各项都不突出，真要说那点不错的话，那就只有配乐了。
不惧风暴 Into the Storm,后半部分的风暴特效还不错的，但前面的一些无用铺垫和违和加入的两个作死者有够无聊的。
不惧风暴 Into the Storm,只为了大舅，片子拍的像个小成本
不惧风暴 Into the Storm,常规灾难商业片，没什么大的创新，打发时间。
不惧风暴 Into the Storm,电影院看会更爽。
不惧风暴 Into the Storm,尽然结合伪纪录片的形式拍摄！后半部分才进入状况，那个被卷进“火龙卷风”的人太惨了，结尾那两个烧饼尽然没死真素不科学。。。★★★☆Ps.我特么尽然没认出帅老爸是矮人王子索林，，，TT
不惧风暴 Into the Storm,场面不错
不惧风暴 Into the Storm,特技不错，故事一般。
不惧风暴 Into the Storm,特效还可以，龙卷风多的时候有些假
不惧风暴 Into the Storm,反正灾难片的意义只在于--珍惜当下，就当没有未来。导演是个总跟着大牌混的摄像/副导 表现龙卷风的各种手法还蛮实在的 不过导演你既然都让RA的屁股被吸进检修口了 为毛不给个顶上的屁股特写啊啊啊啊 PS：你们一直叫tornado 我老想起DC里那位机器人 好出戏╮(罒w罒)╭
不惧风暴 Into the Storm,"I only liked the climax part - the EF5 tornado. Besides that, honestly nothing is desirable, especially the structure. Too many cameras telling too many sides of the story. But at least, there was momentary peace in the eye, and it was stunning."
不惧风暴 Into the Storm,凑合吧。
不惧风暴 Into the Storm,中规中矩，没有期待的好。
不惧风暴 Into the Storm,如果需要打发时间，这种片子是不错的选择
不惧风暴 Into the Storm,还行的一部片子 最精彩的地方莫过于用2D的技术拍出了3D的效果吧 最后Pete人物性格转换挺奇怪的 不过在风眼里看到云层上的太阳还蛮帅气的 片子里每个人都是不作死就不会死 故事的发生有些牵强附会 人物都没特别的记忆点 流水账吧 不过坐第一排棒呆了！
不惧风暴 Into the Storm,好在看之前知道这只是一部中等制作，及时放低了期待，所以看时倒觉得还行，至少看得到5000W美刀都花哪去了。几段风暴特效虽然不够精致，至少在伪纪实镜头前还算有说服力。但除此之外的其他部分都非常尴尬，尤其是缺乏情绪铺垫的模板化角色们，和又土又出戏的配乐。
不惧风暴 Into the Storm,视觉不错，头次见火龙卷风
不惧风暴 Into the Storm,RA演一发Mr.达西如何。
不惧风暴 Into the Storm,超长待机工作的家庭摄影机，防水防大风。大舅特写太少，感觉在躲镜头。作为灾难片紧张度一般。
不惧风暴 Into the Storm,感觉在灾难片中算蛮上乘的，煽情与特效都特别到位，时光胶囊这个噱头还不错，就是车飞上天抄了黑客帝国不过也不要紧，分这么低挺意外，RA真帅！！！！！！！
不惧风暴 Into the Storm,每一个此种类型的电影里都有一个不听话的熊孩子 然后整个剧情都围绕着如何营救熊孩子而展开。
不惧风暴 Into the Storm,一般般的伪纪录片
不惧风暴 Into the Storm,鉴于《死神来了5》，我对这个导演的这部新片有所期待，希望我没错……我的确没错，至少在我看来，导演在这90分钟里完成了该完成的所有部分。我觉得“时间胶囊”的想法很不错，结尾也呼应了一下，不过总觉得有些让我跳脱，有些刻意。但对于爆米花影片来说，我觉得够了。
不惧风暴 Into the Storm,即使在巨幕厅，龙卷风的效果还是不够震撼，不过，虽然故事情节比较俗套，但是内容还是比较合理，比较有内涵，很积极，很正面，却并不高大上，作为灾难片来说也算还可以了。
不惧风暴 Into the Storm,这是逗我呢吧，作为灾难片节奏太奇怪了……居然还是跟帅哥同事看的太怪了
不惧风暴 Into the Storm,预告片做的很吸引人，实际上是很散的一部片子，里面的人在龙卷风面前都好镇定哟
不惧风暴 Into the Storm,很一般啊，特效不多。
不惧风暴 Into the Storm,伪纪录片式的拍摄手法，可又不够纯粹，不停和叙事镜头之间来回切换，最后干脆放弃切换直接改用叙事镜头。这个该去向超能失控学学。剧情依旧很渣，文戏和大段对白更是想让人按快进。灾难片一般套路，好在特效确实够震撼。此片开启不作会死新标杆。另外把校长看成奥巴马的我不是一个人。
不惧风暴 Into the Storm,预告片觉得很赞，看前半段第一感觉是好糟糕的纪录片，与海洋、海豚湾根本没法比，熬过半个小时之后，飓风袭来，各式英雄人物开始出现，心里一直回旋着OMG和dame it两个词，各种特效可以说是震撼，还是那句话，不知道明天会发生什么，只能更好的过完今天。
不惧风暴 Into the Storm,对于从小看BBC和美国国家地理长大的我来说，龙卷风不算新鲜，只是视效所体现龙卷风的破坏力还是挺慑人的。剧情部分可以抽身去解个大号，特效部分在回来吧。
不惧风暴 Into the Storm,其实特效还是挺好的，但除了特效其他就太坑了。。。。RA演这种片太憋屈。。。。
不惧风暴 Into the Storm,视觉效果不错
不惧风暴 Into the Storm,大家一致把分数都投给了龙卷风 2014.9.19
不惧风暴 Into the Storm,下次抽点再看。。。
不惧风暴 Into the Storm,cool 绝对合格的灾难片 预告片就发现了它的潜质 90分钟 特效满满 剧情饱满 你还图什么?
不惧风暴 Into the Storm,为片子不是3D的良心而鼓掌！片子当然还是一如既往的普通灾难片。。。
不惧风暴 Into the Storm,影片用纪录片的手法拍摄，全程无感。部分剧情俗套。跟96版《龙卷风》还是有一定差距。
不惧风暴 Into the Storm,特效做的不错？没开始就结束了？
不惧风暴 Into the Storm,就是一个纪录片，没啥剧情，索林刮了胡子就认不出来了。。片子一般，城西银泰的2D巨幕更是看的头晕，屏幕太大了，这片的镜头太短又很抖，看得相当不爽。。郁闷。。。
不惧风暴 Into the Storm,虽然伪纪录片的风格已经不再新鲜，但特效还是颇为震撼。营救场面惊险刺激，两大逗比负责搞笑，父子亲情制造感动，还有科学家的献身精神靠拢主旋律。
不惧风暴 Into the Storm,肆虐的风暴不依靠3D依旧让人身临其境。
不惧风暴 Into the Storm,挺一般的，还没十几年前的同题材电影《龙卷风》看着让人紧张。全片给人印象最深的可能就是那个带火龙卷风的特效画面了。
不惧风暴 Into the Storm,交功课的电影，完全刚刚过合格线。爸爸很帅，女主美。
不惧风暴 Into the Storm,写个唬人的名字就可以当灾难片了？拍了些什么鬼。。
不惧风暴 Into the Storm,好可怕的龙卷风啊！这个特效也太逼真了吧，飞机都被吹起的乱飞
不惧风暴 Into the Storm,大自然太强大了，无须最强风暴也能摧毁一切。
不是冤家不聚头 不是冤家不聚頭,根本不是喜剧……以前的电影情节都是这么跳跃吗？姜大卫你真不如你哥会导啊～不过芳芳姐的演技是真真好，这种没有人物感情发展经过的电影都能演的这么感人～
不是冤家不聚头 不是冤家不聚頭,看姜大卫的导演履历表都是这样轻松的风格，虽然剧本略显生硬，但演员们的表演都可圈可点，萧芳芳演技浑然天成，吴耀汉难得演回男主演，导演还拉来一大帮亲戚撑场面，最后自己露了一小脸。
不是冤家不聚头 不是冤家不聚頭,原來是陳冠中編劇，劇作和導演方面其實普通，但蕭芳芳的演技的確出神入化，完全挑起整套戲，當年的對手有王祖賢的聶小倩，鄭裕玲的梁好逑和鍾楚紅的十三妹，芳芳姐最後拿到影后頗不容易！
不是冤家不聚头 不是冤家不聚頭,我说吴耀汉怎么会生出吴嘉龙那种绝顶尤物，人家年轻就不是丑星嘛。芳芳姐不愧香港之光。
不是冤家不聚头 不是冤家不聚頭,剧情一般，但好在有萧芳芳、吴耀汉、秦沛三大老戏骨出演，适合居家观看的正统香港家庭喜剧。
不是冤家不聚头 不是冤家不聚頭,芳芳姐好靓，吴耀感叔叔演技老练。尽管剧情在那个电影高产的年代是一个主流。
不是冤家不聚头 不是冤家不聚頭,演员有点老，不怎么喜欢萧芳芳
不是冤家不聚头 不是冤家不聚頭,吴耀汉老实巴交，跑船挣了点儿风险钱，老婆却跟了别人，于是女儿占据了他心房最珍贵的位置，亲情是不能用金钱衡量的，而萧芳芳被假面的秦沛的欺骗后，也在寻找心灵依靠，玩笑之后的反玩笑成就了令人动容的温馨！
不是冤家不聚头 不是冤家不聚頭,拍的不怎么样，一看导演是阿尊也就能理解为毛这么烂了。幸好几个演员演技好，不然就是垃圾。法庭上那个焦娇的代表律师是不是小顾。。。
不是冤家不聚头 不是冤家不聚頭,三兄弟的合作戏，不过大概还是尔冬升导演会好些。
不是冤家不聚头 不是冤家不聚頭,【德宝】萧芳芳真是有气质！联合主演秦沛；摄影尔冬升；导演姜大卫—这三兄弟又联手了。（高志森又搞新闻播报了==
不是冤家不聚头 不是冤家不聚頭,本片是一部描写中年情怀的温馨喜剧，趣味源于主角的生活沧桑多于胡闹搞笑，萧芳芳和吴耀汉的搭配也见神采，颇能满足小人物对于美好家庭的渴望。
不是冤家不聚头 不是冤家不聚頭,我我我我居然看过。
不是冤家不聚头 不是冤家不聚頭,各自遭遇情感危机的男女，同在屋檐下，是非常容易有喜剧效果的故事架构。因为导演的功力不足，本片的效果并不充分，最大的看点居然是小演员关佩琳。
不是冤家不聚头 不是冤家不聚頭,俗归俗，不过芳芳姐有几场戏还满好。
不是冤家不聚头 不是冤家不聚頭,原本期盼两位主演飙戏的呢，有些失望  http://v.pps.tv/play_31K20G.html
不是冤家不聚头 不是冤家不聚頭,二流的喜剧叙事，一流的爱情叙事，没有可圈可点的笑点，看起来更像是一部家庭温情片，总的来说不愠不火，没什么特别的惊喜。吴耀汉的法庭戏表现很出色，长镜头下感情说来就来发泄性质的演技很到位。电影中这段爱情本来是挺好，蛮隐晦挺单纯的，可是后来没有收住，表现得太直接了就缺了一点纯真的味道。
不是冤家不聚头 不是冤家不聚頭,萧芳芳身上的鬼马之气演起古怪机敏的黄梅再合适不过。剧本还是有点跳脱，是芳芳姐那迅速又自然流畅的情绪转变使得没有足够铺垫的情感显得感人。送别余大地那场，由不舍与等待对方的示爱到心里意会拿捏得相当到位。ps.那两段芳芳姐想象部分的蒙太奇有点意思。
不是冤家不聚头 不是冤家不聚頭,虽然也不错，但囧还是更适合幕前。
不是冤家不聚头 不是冤家不聚頭,三兄弟之作
不是冤家不聚头 不是冤家不聚頭,三星都给芳芳姐，故事结局挺温馨的，虽然开头就已经猜到了结尾。
不是冤家不聚头 不是冤家不聚頭,吳耀漢同蕭芳芳搭檔並未擦出我期望的火花、可能姜大衛的導演水平也就這樣了。
不是冤家不聚头 不是冤家不聚頭,姜大卫哥哥、弟弟、媳妇全家齐上阵，可惜故事还是挺老套的，但萧芳芳和吴耀汉把戏给撑起来了，两个人的演技都没话说。萧芳芳对情绪转变的把握真是妙到毫巅，丝毫不显做作和夸张，金像影后拿的实至名归，去年看完《虎度门》，她就成了我心目中香港女演员里最会演戏的那一个。
不是冤家不聚头 不是冤家不聚頭,姜大卫三兄弟联动
不是冤家不聚头 不是冤家不聚頭,笑点虽然很多，但是主体不像喜剧片，主角一上来就被绿了，也是绝了！还有吴耀汉那一伙几个演员真的都很不错，萧芳芳演技也没的说！
不是冤家不聚头 不是冤家不聚頭,导演竟然是姜大卫！
不是冤家不聚头 不是冤家不聚頭,虽然剧情让我连不上 男女主毫无cp感而且还不知道情从何处起并一往情深 但是芳芳姐的三段哭戏也太牛逼了 感染力真的强
不是冤家不聚头 不是冤家不聚頭,充满温情和生活。剧情和片名也不搭边啊。
不是冤家不聚头 不是冤家不聚頭,萧芳芳本名居然是梁萧…我的天啊
不是冤家不聚头 不是冤家不聚頭,一般
不是冤家不聚头 不是冤家不聚頭,"芳芳姐拿影后的电影,我都觉得不实至名归,对于男主来说跑船才是生命."
不是冤家不聚头 不是冤家不聚頭,克莱默先生在桃色公寓~有萧芳芳在，多跳脱的剧情都会变得真挚起来
不是冤家不聚头 不是冤家不聚頭,八十年代太美。
不是冤家不聚头 不是冤家不聚頭,两个喜剧演员的感情戏，吴耀汉一出来我就想笑，完全不适应
不是冤家不聚头 不是冤家不聚頭,慢热型的爱情……看多了轰轰烈烈的爱情，偶尔看看这种平凡温暖的爱情也不错。
不是冤家不聚头 不是冤家不聚頭,还是那句话，黄金年代的港片即使如今看来很简陋，也很温馨有趣，觉得生活是新鲜而可期的。
不是冤家不聚头 不是冤家不聚頭,原汁原味老港片，轻松平实，还不错，7。不过结尾是一起跑船了吗？😄
不是冤家不聚头 不是冤家不聚頭,看了前面就能猜到后面的剧情，不过两个主角的人设都很可爱，感觉还挺好看的。不管怎么样都觉得对海员过于苛责了，而且对于一个喜欢航海的人来说，不能去航海简直痛苦。很喜欢贯穿全片的儿歌和女主的脑补。
不是冤家不聚头 不是冤家不聚頭,芳芳姐好美呢
不是冤家不聚头 不是冤家不聚頭,2017.5.4 By PPTV
不是冤家不聚头 不是冤家不聚頭,有趣、温馨、搞笑。
不是冤家不聚头 不是冤家不聚頭,不算是冤家，冲突不是特别明显。正剧演绎，掺杂爱情、亲情的家庭故事。
不是冤家不聚头 不是冤家不聚頭,台词一般，剧情一般，女主的表演不错
不是冤家不聚头 不是冤家不聚頭,被萧芳芳的演技折服 几乎差点跟着她哭😅
不是冤家不聚头 不是冤家不聚頭,三兄弟
不是冤家不聚头 不是冤家不聚頭,值得一看
不是冤家不聚头 不是冤家不聚頭,小女孩挺可爱的～
不是冤家不聚头 不是冤家不聚頭,萧芳芳好美哦
不是冤家不聚头 不是冤家不聚頭,来看萧芳芳
不是冤家不聚头 不是冤家不聚頭,2.5
不是冤家不聚头 不是冤家不聚頭,在电视上看的
不是冤家不聚头 不是冤家不聚頭,导演居然是姜大卫诶。。。。
不是冤家不聚头 不是冤家不聚頭,故事有些跳。【露了一面 惊到我了
不是冤家不聚头 不是冤家不聚頭,三星冲萧芳芳。
不是冤家不聚头 不是冤家不聚頭,八十年代香港流行自发功
不是冤家不聚头 不是冤家不聚頭,2.5
不是冤家不聚头 不是冤家不聚頭,比起尔冬升，还是更喜欢他哥做导演><关佩琳实在太可爱了
不是冤家不聚头 不是冤家不聚頭,我的家在那一方，后窗对望有月光。。法庭那场戏真有感情
不是冤家不聚头 不是冤家不聚頭,芳芳姐真是女中豪杰。没想到姜大卫导演的东西跨度这么大，上次他们还一起玩《猫头鹰》.
不是冤家不聚头 不是冤家不聚頭,那个年代再温和的影片都堪称经典。五颗星给姜氏三兄弟，全是大爱。PS:唐宁真是可爱，差点错了，不是唐宁是关佩琳。
不朽真情 Immortal Beloved,片中出现的音乐有：皇帝钢协、致爱丽丝、奏鸣曲（克鲁采、悲怆、月光）、交响曲（第3，5，6、7、9）、小协、鬼魂三重奏……
不朽真情 Immortal Beloved,太一般，里面也没有什么太多有爆发力的段落，尤其是他爱上他兄弟的女人这个最后的秘密抖出的时候让我很难信服。这种公民凯恩式的一人讲一段本身没错，只是根本没有用力在点子上。
不朽真情 Immortal Beloved,罗生门式拼凑的贝多芬的情感历程，还安排了狗血的擦肩而过结局，痛苦造就艺术，高潮略微不给力。全片铺背景音乐，有的地方显得太喧腾了，奥德曼演贝多芬有点不对劲，说不上来是为什么……
不朽真情 Immortal Beloved,摄影与色彩出众，余下了了。传记片非得挖点丑闻八卦，以显出奇制胜吗。相比之下，十年前福尔曼的《莫扎特传》比之好过太多了。
不朽真情 Immortal Beloved,梅德明老师最喜欢的电影之一
不朽真情 Immortal Beloved,伟大的音乐人，但是谁能真的和他共处？
不朽真情 Immortal Beloved,除了贝托芬的音乐，片子缺乏感染力，而且还安排了个通俗剧式的结尾。
不朽真情 Immortal Beloved,贝多芬耳聋以后。。。
不朽真情 Immortal Beloved,几次没看到，还是看到了，正是不怎么样阿
不朽真情 Immortal Beloved,编剧充分发挥了主观臆测性，自作多情地将搬出一堆贝多芬的民间韵事来八卦，不好当真看。不过忽略没有实质没有内容没有主题等问题，电影中贝的生平事迹与作品的组合是比较生动的，好几处视觉效果听觉效果的联合展现让人印象深刻，尤其是欢乐颂和第九交响曲第四乐章那两段。还有，场景美得蛮精致。
不朽真情 Immortal Beloved,一生坎坷，童年遭父亲遗弃虐待，青年为情人遗弃，成年后盛名之下再遭世人遗弃。然则，可怜之人必有可恨之处，性格的弱点是他挥之不去的阴影。。。
不朽真情 Immortal Beloved,不知道真实的贝多芬究竟是怎样的，但是贝多芬的一生是一个不断反抗命运的一生这样的传记难以拿捏这样的人物性格何其命运更是不好演绎GaryOldman 老戏骨多少有些不够味道还有那时候的钢琴和现在的钢琴不一样音色没有现代那么纯美和细腻所以这一点导演忽略了所以剪
不朽真情 Immortal Beloved,20170614电脑。如果不是这个糟烂的好莱坞式结尾，我会打出更高的分数。最后的圆满结局，完全流入世俗化，怎么够配给乐圣这一生做结呢？！导演还是十分厉害，各种细节让人热泪盈眶，比如俯身弹奏月光，无声的贝9，星空里的欢乐颂，都是极感人的。奥德曼的表演，5星赞。找了好久好久才找到，万能的B站。
不朽真情 Immortal Beloved,中級英文寫作課看的 當時沒認出是gary oldman
不朽真情 Immortal Beloved,再好的电影也不能完整诠释出Beethoven这样伟大的神···
不朽真情 Immortal Beloved,后来，各位女人看花了眼，分不清了。乱七八糟。原来，最后还是通奸恋情
不朽真情 Immortal Beloved,贝多芬真的是这样的吗？
不朽真情 Immortal Beloved,作为一部电影比较一般，就贝多芬“不朽的爱人”进行了“大胆”的猜测，给出的答案居然是贝多芬的弟媳...实在很大胆很猎奇...结尾欢乐颂那里，高潮的音乐配上繁星的场面还是挺震撼的！
不朽真情 Immortal Beloved,真的不怪我啊！！！投影仪太渣了我直到最后才能确定是加里奥德曼演的贝多芬啊！！！！这种传记电影太好驾驭了 中间部分就算看不清楚也没关系 结局大揭秘就好了 可是还是被感动了一把...
不朽真情 Immortal Beloved,1.贝多芬音乐；2.繁星和男童；3.会作曲又能弹琴的男人能泡到妞 。ps，伊莎贝拉罗西里尼有看点
不朽真情 Immortal Beloved,纯靠音乐说话。也就贝九那段不错。其他都太水了
不朽真情 Immortal Beloved,"“My angel, my all, my another self, only a few words today...and indeed with pencil ”"
不朽真情 Immortal Beloved,The comedy is over.
不朽真情 Immortal Beloved,有点。。。总之挺失望的
不朽真情 Immortal Beloved,爱人还是爱音乐
不朽真情 Immortal Beloved,比起《与此同时》这个gary可弱爆了
不朽真情 Immortal Beloved,06.8.2
不朽真情 Immortal Beloved,表糟践我的Beethoven。
不朽真情 Immortal Beloved,最后结尾真相了：原来贝多芬居然是德古拉伯爵的转世！！
不朽真情 Immortal Beloved,Gary Oldman还是演的有点病态，总觉得写命运交响曲的人应该再爷们儿一点。。。
不朽真情 Immortal Beloved,musl 223看的，老师解说说和真实的历史并不符合。而且把beethoven拍好丑
不朽真情 Immortal Beloved,电影比音乐逊色
不朽真情 Immortal Beloved,有些流畅感的缺失吧
不朽真情 Immortal Beloved,三星半。我觉得很好看的呀！！！我对公民凯恩的结构毫无抵抗力。。。
不朽真情 Immortal Beloved,少年与星空融为一体的镜头美不胜收，三段式叙事层层递进，但是主角太显眼的话，配角和背景和故事就虚了，总之主角太抢戏造成了有点失衡。非古典乐迷表示如果懂得古典乐的话，可能给给四星。。。
不朽真情 Immortal Beloved,6倍速。
不朽真情 Immortal Beloved,撇开真实性不谈，奥德曼的演技老辣，几个女角相貌平平，配乐虽有现成，但几处插入得却差强人意。
不朽真情 Immortal Beloved,贝多芬的爱情史或者……八卦
不朽真情 Immortal Beloved,贝多芬的爱情
不朽真情 Immortal Beloved,像《阿曼德斯》一样，又是一部好莱坞改版的作曲家生平故事。因为太敬重Beethoven的音乐，对编造很有反感。Only Beethoven的音乐Immortal！！！
不朽真情 Immortal Beloved,太一般，不精彩。也没有爆发力的段落。多处配乐不恰当，有硬塞进去的感觉。没想到贝多芬的感情生活这么乱。
不朽真情 Immortal Beloved,配乐真心好，以前没觉得喜欢贝多芬作品，用在配乐里倒是很美。
不朽真情 Immortal Beloved,"You're my life , my everything!"
不朽真情 Immortal Beloved,总有太多版本的贝多芬传
不朽真情 Immortal Beloved,somewhat dull……
不朽真情 Immortal Beloved,搞得太过戏剧化了。狼狈不堪的一生，荡气回肠的音乐！
不朽真情 Immortal Beloved,我估计94年那会儿，还没有“狗血”这个词儿...
不朽真情 Immortal Beloved,真的，假的，贝多芬还是鲁迅
不朽真情 Immortal Beloved,我也不知道这是杜撰还是真的。。。很多很多很多年前看的了
不朽真情 Immortal Beloved,难以想象，贝多芬的不朽真情。
不朽真情 Immortal Beloved,当年在CCAV音乐台看过片段现在补完，作为一部传记片感觉有点乏味，权当听音乐的。
不朽真情 Immortal Beloved,贝多芬贝多芬贝多芬···因为他是贝多芬！
不朽真情 Immortal Beloved,贝九梗一星 配乐一星 表演二星 故事扣一星
不朽真情 Immortal Beloved,7.4/10
不朽真情 Immortal Beloved,"虽然我尊敬贝多芬，但莫扎特还是我的最爱！＝D
咳咳，永远无法真正了解一个人，因为没人真正了解自己。人生只有运气和偶然么。"
不朽真情 Immortal Beloved,Must it be? It must be. 一星给GO叔，一星给打酱油的罗西里尼，还有一星给配乐
不朽真情 Immortal Beloved,三颗星是看在音乐上的。用贝多芬的音乐做电影配乐，再蹩脚的剧本也能捏着鼻子看下去，更别提是索尔蒂做了音乐指导。狗血剧情不解释。
不朽真情 Immortal Beloved,加里奥徳曼演这种非常角色没有问题啊，但感觉不太像贝多芬，像任何一部古典的爱情故事，或许是我自己对演员的了解多过对贝多芬这个人的了解，比较喜欢第一段那个考验，他贴在钢琴上
不朽真情 Immortal Beloved,可怜的贝多芬。
不朽真情 Immortal Beloved,一句话概括剧情：一个2b前台引发的误会造成的悲剧
不要忘记哥哥 にぃにのことを忘れないで,腐片，鉴定完毕~
不要忘记哥哥 にぃにのことを忘れないで,矮油，中间田中丽奈在病房那段，期待夜勤病栋情节的麻由实在太糟糕了……
不要忘记哥哥 にぃにのことを忘れないで,"不要忘记哥，与脑残斗战斗的8年~
不是我KUSO，但是每次瞄到这个标题都会看错=。="
不要忘记哥哥 にぃにのことを忘れないで,看多了就麻木了……
不要忘记哥哥 にぃにのことを忘れないで,来不及问你什么算永恒
不要忘记哥哥 にぃにのことを忘れないで,日本人真喜欢拍这种电影
不要忘记哥哥 にぃにのことを忘れないで,24H的煽情一如既往
不要忘记哥哥 にぃにのことを忘れないで,20100315 21”
不要忘记哥哥 にぃにのことを忘れないで,麻生君变身亚也，您实在是适合演暴力虐待者啊...
不要忘记哥哥 にぃにのことを忘れないで,一升反串？
不要忘记哥哥 にぃにのことを忘れないで,脑海里抹不去的还是麻生和宗佑啊！！！
不要忘记哥哥 にぃにのことを忘れないで,整个人哭的惨兮兮的T＿T
不要忘记哥哥 にぃにのことを忘れないで,脑瘤不是这样
不要忘记哥哥 にぃにのことを忘れないで,和Nino那部很像 黑木瞳阿姨演得很好
不要忘记哥哥 にぃにのことを忘れないで,同類型的電影之中，劇情最松散的一部
不要忘记哥哥 にぃにのことを忘れないで,日本人多喜欢这种题材啊。。。连套路都是一样的。。。中心是为什么是我得这病。。。生病这种事，会因为你是个有为青年就放过你么。。。
不要忘记哥哥 にぃにのことを忘れないで,这算男版一升吧
不要忘记哥哥 にぃにのことを忘れないで,一向觉得SP是鸡肋，24H的也如此。象征性流了几滴泪。
不要忘记哥哥 にぃにのことを忘れないで,果然病人只能跟护士有JQ，真可怜
不要忘记哥哥 にぃにのことを忘れないで,评分都好高，都不好意思只给三星了，不过这也就是24小时的惯例而已
不要忘记哥哥 にぃにのことを忘れないで,尼尼的性格也太恶劣了点。。但是直到最后，都一直温柔的注视着家人
不要忘记哥哥 にぃにのことを忘れないで,抬头天上就掉颗流星，这RP好的简直没话说
不要忘记哥哥 にぃにのことを忘れないで,32的美颜啊……6爷演技一天天看涨……不过难道阵内桑就长了一张苦命老爸的脸么= =+……总的来说在这类题材剧里算不上很好
不要忘记哥哥 にぃにのことを忘れないで,麻生遥斗得病了。
不要忘记哥哥 にぃにのことを忘れないで,黑木瞳的演技不错。亮同学真的是无耻了 09年说15岁 笑死我了。 
不要忘记哥哥 にぃにのことを忘れないで,虽然患有脑瘤，但是也不能仰仗自己生病把过错全部怪罪到家人身上，他们应该是最痛苦的，惠介走了，他们还要生活在没有他的世界许多许多年。最看不下去的是，竟然还动手打了妈妈，本来应该值得同情和关怀的惠介，让我一下提不起兴趣。太自私，学习那么好，情商怎么如此的低？！
不要忘记哥哥 にぃにのことを忘れないで,立志家庭剧
不要忘记哥哥 にぃにのことを忘れないで,向いてないんじゃないの？りょうちゃんはこういうの
不要忘记哥哥 にぃにのことを忘れないで,俺家小亮啊~
不要忘记哥哥 にぃにのことを忘れないで,剧本一般
不要忘记哥哥 にぃにのことを忘れないで,该绝望时除了绝望还能干什么……
不要忘记哥哥 にぃにのことを忘れないで,挣扎在死亡边缘的心理变化、最后领悟出因为爱着大家才来到介个世界上、
不要忘记哥哥 にぃにのことを忘れないで,最近几天才真正切身体会到，人真的可以随时突然就死去，与其被死亡拖着走，那种瞬间死亡说不定也是种幸福和解脱。谁的离去最不伤心，大概也就是自己的死亡了吧
不要忘记哥哥 にぃにのことを忘れないで,没想象中的好……不过很真实
不要忘记哥哥 にぃにのことを忘れないで,想给三星半的
不要忘记哥哥 にぃにのことを忘れないで,这回换作男主生病。
不要忘记哥哥 にぃにのことを忘れないで,为了看我儿子 看下了这部 苦情戏
不要忘记哥哥 にぃにのことを忘れないで,又是狗血SP剧。。。不过这回66的性格不太招人喜欢啊
不要忘记哥哥 にぃにのことを忘れないで,"好吧 最后的最后还是泪目了..话说66 U究竟演了多少个""X介""君了 = ="
不要忘记哥哥 にぃにのことを忘れないで,NINI~~~我是冲着这几声甜甜的“nini”看的 - -
不要忘记哥哥 にぃにのことを忘れないで,"好吧，安慰女主的男主终于也患上绝症啦，enha～
006幸苦你啦～"
不要忘记哥哥 にぃにのことを忘れないで,https://v.youku.com/v_show/id_XMTI3NjQ3NDY0.html?tpa=dW5pb25faWQ9MTAyMjEzXzEwMDAwMl8wMV8wMQ（2017.6.16想看）大概看
不要忘记哥哥 にぃにのことを忘れないで,我素为了被大家所爱才活在这个世上的……TT
不要忘记哥哥 にぃにのことを忘れないで,"黑木瞳阿姨好迷人 下垂眼真是呀撒系
然后没了"
不要忘记哥哥 にぃにのことを忘れないで,从前有个大爷叫亮大爷，他演了女版一公升的配角，后来呀，他又演了男版一公升的主角。这次的毒舌真是太本色啦XDDD
不要忘记哥哥 にぃにのことを忘れないで,黑木阿姨演得真好T T
不要忘记哥哥 にぃにのことを忘れないで,小凉介好傻哟
不要忘记哥哥 にぃにのことを忘れないで,24小时的衍生品，又是这种剧情，完全是因为ryo而去看得说~话说山小凉真的在里面很不出彩阿~剧情真的是看了太多遍了的吧，我都怀疑我这么敏感的家伙竟然都没有哭。真是奇迹哦~
不要忘记哥哥 にぃにのことを忘れないで,我要把亮哥哥演的所有电影电视剧都看完！！！！ 这个是《一公升的眼泪》的姊妹篇，其实剧情都差不多~
不要忘记哥哥 にぃにのことを忘れないで,锦户亮集大成之sp啊
不要忘记哥哥 にぃにのことを忘れないで,にぃに这样的称呼觉得有点汗毛也竖起来了，扮演母亲的演员演的非常好。
不要忘记哥哥 にぃにのことを忘れないで,为爱而生...
不要忘记哥哥 にぃにのことを忘れないで,此类型片子也就这么个套路了。。。
不要忘记哥哥 にぃにのことを忘れないで,料酱的睫毛啊，刷子一般的。。。
不要忘记哥哥 にぃにのことを忘れないで,【08夏 NTV】Ryo就适合演这种被虐的角色，小眼神太到位了。
不要忘记哥哥 にぃにのことを忘れないで,好吧，我哭了。
不要忘记哥哥 にぃにのことを忘れないで,虽然整部片子都在嘲笑亮爷，但是还是着实被感动到了，尤其是黑木瞳演的妈妈，还有32演的弟弟，这娃怎么这么好看这么乖。日本人好多脑瘤啊。
不要忘记哥哥 にぃにのことを忘れないで,说真的我觉得哥哥一直很绝望啊 = =
不要忘记哥哥 にぃにのことを忘れないで,算是蛮感人的SP
不要忘记哥哥 にぃにのことを忘れないで,及川宗佑在第20分钟灵魂附体。
与我同行 Going My Way,看到許多之後影片的影子像放牛班春天像修女也瘋狂。畢竟是老片了只能說一般吧。主角能唱能演倒還是不錯的。
与我同行 Going My Way,貌似在VCD时代看过，充满希望的片子
与我同行 Going My Way,老神父也比较可爱。支线情节过多，
与我同行 Going My Way,"第17届Oscar best picture.
Going my way "
与我同行 Going My Way,忧虑除非是浪漫的，否则是没有用的，不如做些别的事情。奥斯卡的老片，和歌舞结合的都比较紧密。世界日新月异，能够积累点自己不变的信念，也算是有福气。
与我同行 Going My Way,那个时代电影的特殊魅力，轻松诙谐、简简单单，不刻意制造什么大的冲突，平实之中见真情。修女也冲突的前身。
与我同行 Going My Way,【派拉蒙（2）】前半段节奏相当不错，可惜后半段叙事分散，将之前积累的情绪消耗至尽
与我同行 Going My Way,卡洛真是个尤物
与我同行 Going My Way,海报属于标题党。神父戏很饱满，可是那些配角是来闹场的么？
与我同行 Going My Way,"“我们光着屁股的时候就是好朋友了”年轻牧师喜欢唱歌，弄唱诗班。老神父看见教堂被火烧，心疼。
"
与我同行 Going My Way,"第17届奥斯卡最佳影片, 其他提名: 双重赔偿, 煤气灯下, 自君别后, 威尔逊总统传 最佳男主角: 平·克劳斯贝 , 其他提名: 查尔斯·博耶【煤气灯下】,巴里·菲茨杰拉德【与我同行】,加里·格兰特【寂寞芳心】,亚历山大·诺克斯【威尔逊总统传】"
与我同行 Going My Way,宗教就是社区的领导 西方社会传统的价值观 。电影在1新老神父对比2唱诗班非常有趣
与我同行 Going My Way,"Another story of ""Would you be the savior of the broken""...如果删减成一或两个主要事件会比现在杂而不精好。原来Swinging on a Star从这里来"
与我同行 Going My Way,早期奥斯卡中很难得敢于把视角投放到宗教上，其实还是借着宗教的外壳来讲了一个温暖的故事，老神父的形象令人印象深刻。
与我同行 Going My Way,本来主题就很无聊，情节和节奏做得比默片还要稀薄。
与我同行 Going My Way,经典好莱坞叙事结构，角色性格相对单薄但塑造非常生动，喜剧化处理片中矛盾，部分情节稍显多余琐碎，音乐段落很动听。因为对西方的宗教史了解不深，所以无法体会此片主题对于西方社会的影响。
与我同行 Going My Way,影片利用保守的老神父和开明的年轻神父的性格对比来制造喜剧效果，接着把圣诗用流行曲方式演唱，打破宗教电影的严肃面貌，也成功地表达了“教会创新”的主题，因此受到大众的欢迎，但现在看来表现方式有点呆滞。
与我同行 Going My Way,1945年，第17姐奥斯卡最佳影片！1945年，第2届金球奖剧情类最佳影片！主旋律影片。剧情平淡，内容略显枯燥，但还是能看得下去的。歌并不怎么好听。有点《放牛班的春天》的感觉。
与我同行 Going My Way,这样的片子能拿奥斯卡？Goging my way这样的歌曲能大卖？美国30年代真是个黄金时代
与我同行 Going My Way,本片是《修女也疯狂》的前身《教士也疯狂》。
与我同行 Going My Way,早期电影的生涩。年轻神父为没落穷困的教区带来活力，并时时照顾他人的感受，鼓励年轻女孩唱歌，组织青少年合唱团，带老神父打高尔夫，人格魅力征服了无数人。
与我同行 Going My Way,温；情；柔，并且自然，这恰恰是小津欠缺的，更是多数文艺片常常拿捏不准的优点。
与我同行 Going My Way,老神父卖萌超可爱！
与我同行 Going My Way,不知道是不是年代久远的缘故，我看的这个版本翻译极其不给力⊙﹏⊙片子本身情节也有点散，不知道是不是那时普遍的风格。不过老神父真是非常可爱了，居然还离家出走-_-||开心起来真的笑得像个孩子*^O^*果然善良的人老了也是可爱的。
与我同行 Going My Way,后半部分有些无聊，别的都还好~~
与我同行 Going My Way,剧情浅显易懂，轻松欢快，新老两代神父如何沟通并互相理解的故事。无关剧情较多，略显拖沓。亮点是Bing Crosby的歌声实在太好听，低音部分简直起鸡皮疙瘩。总的来说就是：走自己的路；向前一小步，人生一大步；音乐带来希望的积极向上的片。
与我同行 Going My Way,起初以为是个特别牧师拯救教堂的故事，中期有点放牛班的感觉，最后有些突兀，不明不白的就烧了，人也调了，就一首歌为主体？
与我同行 Going My Way,我知道他主题很好，可是真的很无聊好么
与我同行 Going My Way,主要卖点是听克劳斯贝唱歌，然而我毫无感觉；麦卡雷的白右气息显露无遗，主旋律加传教是为了迎合民众战争期间的精神需要。
与我同行 Going My Way,圣洁其实不需要固定模板。
与我同行 Going My Way,有点太平淡了，没有剧情冲突，老神父演的挺可爱
与我同行 Going My Way,这片子看不下去，看了一半就停了，实在坚持不住，觉得没什么意思。又是神父又是教堂的，比较烦人，勉强3星
与我同行 Going My Way,1945年奥斯卡最佳影片。本片的主旋律毫无疑问在西方是很受欢迎的，我想这也是其能一举拿下小金人的最主要因素，但是抛开宗教这个因素，本片的吸引性并没有那么大，只能是一部还算凑合的制作。
与我同行 Going My Way,"表演很出色。主旋律的真善美真是屡试不爽啊，倒不如说这种精神一直在传承，否则也不会有后来的《修女也疯狂》等影片了。体现的是一种生活方式，不仅存于电影。影片首映就卖了1630万美元，在当时可谓天文数字。同时是获得奥斯卡最佳影片奖和最佳歌曲奖的第一部电影。
"
与我同行 Going My Way,欣赏不来。。。
与我同行 Going My Way,老神父这条线写的真好，一个古板不服老但非常可爱的老人在年轻一代神父的帮助下达到了内心的和解。其他的情节，唱诗班，18岁女孩，歌剧院的歌手，稍显无聊。年轻神父的声音很有磁性，加分～
与我同行 Going My Way,像是放牛班春天的前身 总感觉会弹琴懂音乐总能受人尊重吃遍天下饭 很有美国黑白片的特色 喜欢里面好几首歌但是总觉得主题曲怎么就是那么难听… 那时一个教父可以改变一个地方区域的发展 看来信仰的力量真是强大不容小觑
与我同行 Going My Way,人与人之间其实很简单纯粹，和谐美妙。
与我同行 Going My Way,让我想起另一部片子了。。明自不记得但剧情差不多，是讲一个老师。也是在他们学校里组织了合唱团~~片子蛮感人。不过拍的一般般啦~~
与我同行 Going My Way,"麦凯里首先利用老神父和年轻神父的性格对比来制造喜剧趣味，接着把圣诗用流行曲方式演唱，打破宗教电影的严肃面貌，也成功地表达了“教会创新""的主题。"
与我同行 Going My Way,3.5。温情的宗教‘洗脑“片，我是不会上当的。
与我同行 Going My Way,第17届奥斯卡最佳影片
与我同行 Going My Way,剧情太慢了
与我同行 Going My Way,看得闷死了。故事好像和《放牛班的春天》是差不多的。虽然我没看过《放牛班的春天》
与我同行 Going My Way,和谐乐观，宣扬真善美，极具放牛班的雏形。★★★☆
与我同行 Going My Way,好多年前看的。
与我同行 Going My Way,以今天的眼光看，这部电影，俗套，清风不起涟漪。也许在那个年代，这是一种创新，符合主旋律，这也许是为何能拿多项奥斯卡的原因吧。
与我同行 Going My Way,第17届奥斯卡金像奖 最佳影片
与我同行 Going My Way,欧曼尼暖男，充满爱与温情的主旋律电影，节奏感觉比较流畅，情节还是太俗套了。
与我同行 Going My Way,男主对老神父平淡的感化和陪伴非常暖心和柔软，男主真正做到了用真善美去改变、影响身边人。支线相互交杂很严密，唱歌的部分真不错，尤其是小孩合唱的部分非常优美。但还是太平淡了点。
与我同行 Going My Way,夜半三点 看了那么温馨的片子
与我同行 Going My Way,从节奏，表演等方面感觉这片子不像40年代的老电影，挺现代的。另外，一看到电影里有一群孩子合唱就想到《放牛班的春天》……
与我同行 Going My Way,老电影的结构真棒！
与我同行 Going My Way,是讲教会的故事
与我同行 Going My Way,年轻神父的答案到底是什么？
与我同行 Going My Way,只有歌也能叫歌舞片啊，不对，好像有一小段《卡门》演出。
与我同行 Going My Way,很有趣的电影，没有故弄玄虚，也没有可以制造冲突，一切都很平实但不沉闷
与我同行 Going My Way,无趣
与我同行 Going My Way,就着鸡汤看有点hou...
与我同行 Going My Way,B
与男孩同车 Riding in Cars with Boys,按某人推荐看完了.. 力道差那么一点点~
与男孩同车 Riding in Cars with Boys,挺真挚可爱的，但就是拖沓点了。表演是重点。
与男孩同车 Riding in Cars with Boys,百种青春
与男孩同车 Riding in Cars with Boys,"看了一半,可惜豆瓣没有""正在看这部电影"",所以只要点看过了."
与男孩同车 Riding in Cars with Boys,CUUUUUUUUUUUUU~~~!!!!!TE!!!!!
与男孩同车 Riding in Cars with Boys,问题来自于不沟通
与男孩同车 Riding in Cars with Boys,"不能算“励志”，应该是“生活”和“成长”。看的时候脑子里一直闪的词儿是""dynamic"""
与男孩同车 Riding in Cars with Boys,后半段还不错~那种纠结，真实了
与男孩同车 Riding in Cars with Boys,收尾真赞
与男孩同车 Riding in Cars with Boys,35岁的时候，就有一个已经20岁并且又高又帅的娃儿～怎样都值了。
与男孩同车 Riding in Cars with Boys,到底是谁毁了谁的人生~
与男孩同车 Riding in Cars with Boys,"Its all about life, youth, marriage and growth. 年少时我们总嚷着要一起谈恋爱，怀孕，结婚生孩子，而结婚后生活即是柴米油盐酱醋茶，还有很多责任需要承担。无论生活如何，坚强的面对，至闺蜜！"
与男孩同车 Riding in Cars with Boys,Just not my type.
与男孩同车 Riding in Cars with Boys,2010-10-29 故事還OK，但裡面的一些溫馨的小笑點還不錯~就真的是她的青春，沒有其他劇情上的重點…
与男孩同车 Riding in Cars with Boys,虽然很温馨，但是很知音，时间冗长，不太喜欢。中等
与男孩同车 Riding in Cars with Boys,一直蛮喜欢drew Barrymore的
与男孩同车 Riding in Cars with Boys,这么庞大的故事 两个小时 怎么可能讲得真实呢
与男孩同车 Riding in Cars with Boys,没看到开头
与男孩同车 Riding in Cars with Boys,故事徐徐道来，并没有过多强调BEV一个人带着JASON的艰辛，但之后的对话却透露出来，很温暖的电影。
与男孩同车 Riding in Cars with Boys,青春告诉我们冲动不是魔鬼也是毒药
与男孩同车 Riding in Cars with Boys,可谓一代甜心的青春。
与男孩同车 Riding in Cars with Boys,Dream Dream Dream...  All I have to do is dream. 故事有点冗长，但是温情而又坚定。最喜欢贝弗莉带着杰森去找雷签字的那段。德鲁是个漂亮而且性感的妞。
与男孩同车 Riding in Cars with Boys,故事太温馨了
与男孩同车 Riding in Cars with Boys,小时候的男主萌翻了！
与男孩同车 Riding in Cars with Boys,It     is     so    so
与男孩同车 Riding in Cars with Boys,同样的道理，张爱玲早用一个短篇《非走不可的弯路》说透了。
与男孩同车 Riding in Cars with Boys,跟看的证据游戏女主的经历如出一辙 看来这真是米国失足少女历经磨难遭遇渣男迷途知返勤学苦读最终修成大仙的经典套路 妈的跟起点修仙小说的套路一模一样 几分几秒出哪个鸿沟 几大境界几小境界打哪个对手 最开始看这套路觉得真吊 这得多深的感同身受 看多了才明白 这只是被类型融合的形 这部还是挺纯的家庭片儿 毕竟01年套路还没那么深
与男孩同车 Riding in Cars with Boys,“只有她的问题最重要，别人的问题都不算数”15岁少女意外怀孕，她将人生的不顺全归咎于儿子。女人不会因为成了母亲就心智成熟。
与男孩同车 Riding in Cars with Boys,b zhan
与男孩同车 Riding in Cars with Boys,明明儿子一次次有意无意毁了妈妈的前半生，为什么他一路上把自己当成受害者？
与男孩同车 Riding in Cars with Boys,永远都习惯不了她的歪嘴，也总觉得她演不了作家。。爸妈都是黑帮的哈哈哈，最后哼歌还是很。。
与男孩同车 Riding in Cars with Boys,希望有时候是个坏东西，它比从未有过还令人感到绝望。
与男孩同车 Riding in Cars with Boys,结论是避孕一定要做好 我说一万遍了 不然毁人毁己 看到那些傻姑娘我都急（明明自己还是处就不要这么杞人忧天了好嘛少女
与男孩同车 Riding in Cars with Boys,冬天真美 平庸又不平凡
与男孩同车 Riding in Cars with Boys,巴里摩尔的颜值巅峰
与男孩同车 Riding in Cars with Boys,好看。看得开心。
与男孩同车 Riding in Cars with Boys,无感
与男孩同车 Riding in Cars with Boys,布莱特妮·墨菲可惜了~~
与男孩同车 Riding in Cars with Boys,剧情结构失衡，前半段铺张而拖沓，后半段匆促而失焦，女主角的成长史被一笔带过，削弱了人物的感染力。
与男孩同车 Riding in Cars with Boys,#剧透#旧年代的非主流失足少女的悲催人生追忆。看完第一感想是——孩子你瞎了吗？你妈比你女朋友好看多了好不好！
与男孩同车 Riding in Cars with Boys,德鲁和詹姆斯再续父女搭 德鲁演得挺烂的 但立意挺好的。
与男孩同车 Riding in Cars with Boys,这部剧里面巴里摩尔和Max好像呀！还有the end of world的配乐。
与男孩同车 Riding in Cars with Boys,美国六七十年代青春写照
与男孩同车 Riding in Cars with Boys,剧情应再紧凑些
与男孩同车 Riding in Cars with Boys,生活总是不如意
与男孩同车 Riding in Cars with Boys,三点五吧。剧情还不错 但是说不出来有点怪 很难太感动
与男孩同车 Riding in Cars with Boys,好温馨
与男孩同车 Riding in Cars with Boys,最后的雪景好好看
与男孩同车 Riding in Cars with Boys,#061 中间一度很刻薄地想 既然不喜欢就别生下来 但长大后的儿子真的变得好爱妈妈 
与男孩同车 Riding in Cars with Boys,没想象的好，比较温吞
与男孩同车 Riding in Cars with Boys,在电视上看到的，对欧美电影电视一向不是很感冒，看看风格，也不是喜欢的，但后来看看还行，尤其是女主一心想去名校完成她的梦想，但是终因为这样那样的原因没有去成，有共鸣。到后来和儿子的关系。
与男孩同车 Riding in Cars with Boys,All I Have To Do Is Dream
与男孩同车 Riding in Cars with Boys,永远都要有梦想。
与男孩同车 Riding in Cars with Boys,"Barrymore, my favorite actress, although this film is little boring. I like the father in the film "
与男孩同车 Riding in Cars with Boys,儿子小时候超可爱啊
与男孩同车 Riding in Cars with Boys,好吧，我确实对九十年代的美国肥皂电影没抵抗力。
与男孩同车 Riding in Cars with Boys,表演的自然有趣，角度非常具有普世价值，年轻女性可以看一下～
与男孩同车 Riding in Cars with Boys,3星半，论选择的重要性，婚姻对人生的影响
与男孩同车 Riding in Cars with Boys,一失足千古恨
与男孩同车 Riding in Cars with Boys,jason小时候太可爱太懂事了 
世上最快的印第安摩托 The World's Fastest Indian,Old man on the road.
世上最快的印第安摩托 The World's Fastest Indian,极速的梦想
世上最快的印第安摩托 The World's Fastest Indian,新西兰赵本山远赴美国破纪录。前半段公路片后半段体育片，过程中少不了淳朴乡亲、艳遇、热心人以及小小的恶意，对年代的还原挺粗糙的，我完全看不出来这是个讲60年代故事的电影，好在全片风格特别清亮，流程中有些没来由的人物和没动机的尬聊，霍普金斯在这些时候演法类似赵本山。
世上最快的印第安摩托 The World's Fastest Indian,【130510】★★★☆公路+励志的混搭效果还不错。前半段打的“文化差异”喜剧牌让我想起德尼罗的天伦之旅。感觉最后的冲击稍微弱了一点。
世上最快的印第安摩托 The World's Fastest Indian,虽然影片在人物的刻画上很是薄弱， 但充满人生哲理的语言依然像一支鸡血针。
世上最快的印第安摩托 The World's Fastest Indian,一部老年励志片。。with 小m、gl at影城。。
世上最快的印第安摩托 The World's Fastest Indian,中间一段加入莫名其妙的公路情节是为了凑长度么
世上最快的印第安摩托 The World's Fastest Indian,老年人主演的公路片！坚持梦想是难得，可是摩托车上竟然用瓶塞来密封，是不是太扯了一点。
世上最快的印第安摩托 The World's Fastest Indian,夕阳红
世上最快的印第安摩托 The World's Fastest Indian,　Christopher Lawford好帅！！！
世上最快的印第安摩托 The World's Fastest Indian,"刚看完，没想到他老人家还拍过这部电影，喜欢前面，老头一路前往目的地，遇到不同的人，后面就太美国了拉！
"
世上最快的印第安摩托 The World's Fastest Indian,只要你肯迈出第一步，所有人都会帮你。
世上最快的印第安摩托 The World's Fastest Indian,Anthony this is your own movie.
世上最快的印第安摩托 The World's Fastest Indian,老男人的速度梦。
世上最快的印第安摩托 The World's Fastest Indian,老当益壮，不管是开摩托OR搭女人。
世上最快的印第安摩托 The World's Fastest Indian,"if 2/3 years younger, i would be excited. but not now. what is dream? afraid not agreed with it. it's not about thrill,or merely taking risks. 醍醐灌顶"
世上最快的印第安摩托 The World's Fastest Indian,"不喜欢励志片，不喜欢传记片 == 2星。
可我还是有点感动，加1星。

ps. 电影里老美个个是好人，和谐得让人心慌，估计也是美国的主旋律影片，我心甘情愿接受美国的文化入侵。"
世上最快的印第安摩托 The World's Fastest Indian,细节很奇怪的电影 励志神马对我无用了
世上最快的印第安摩托 The World's Fastest Indian,光看老爷子的演技  就可以了
世上最快的印第安摩托 The World's Fastest Indian,老当益壮，老而弥坚
世上最快的印第安摩托 The World's Fastest Indian,老了也不放弃，我不会介绍出去，别人不喜欢这个题材（我猜
世上最快的印第安摩托 The World's Fastest Indian,文艺公路片~很喜欢的老头子~选对人，选对故事而已~哈
世上最快的印第安摩托 The World's Fastest Indian,纽西兰的柏特蒙罗喜欢飚改装摩托，带着1920年的印第安摩托去美国波尼维干涸盐湖参加比赛。这么老了还能和不同老女人做爱真够厉害的。他9次去波尼维比赛，打破多项记录，1967年印第安创下地表时速记录至今无人可破。不会吧
世上最快的印第安摩托 The World's Fastest Indian,励志，其实这是一部公路片
世上最快的印第安摩托 The World's Fastest Indian,"坚持梦想 感受飞翔
"
世上最快的印第安摩托 The World's Fastest Indian,对白多的令人无法忍受。
世上最快的印第安摩托 The World's Fastest Indian,三星半，固执到让人为难，感动到有些恶心，速度是一个永远停不下来的幻境。他的所遇多良人，那些朴实的邻居，温情的公路邂逅，异装癖Tina特别可爱。
世上最快的印第安摩托 The World's Fastest Indian,真的老了
世上最快的印第安摩托 The World's Fastest Indian,3.5典型的美式励志电影，虽然真人真事改编很吸引人，但中段导演插入了大量戏剧性情节，太过刻意导致真实感降低，变性人与越战士兵，及时行乐的寡妇等人物形象虽然能反映出60年代美国是时代面貌，但也导致了配角的刻板塑造，好在霍普金斯的影帝风采犹存，生动刻画了一个视速度为生命的老人。
世上最快的印第安摩托 The World's Fastest Indian,好豁达的老头，好淳朴的群众！这家伙女人缘也忒好了吧，你是怎么做到的！哈哈
世上最快的印第安摩托 The World's Fastest Indian,"激励人心的片咯。
其实蛮害怕主角心脏病发死掉。"
世上最快的印第安摩托 The World's Fastest Indian,"banal biographical movie with great performance. mediocrely moving at its best, cringeworthy at its worst."
世上最快的印第安摩托 The World's Fastest Indian,呃，我只喜欢小男孩。。
世上最快的印第安摩托 The World's Fastest Indian,黑新西兰大农村的梗还蛮好玩。然后大爷梦想感动所有人，但他人只是出于种种善意，终究只有他自己相信自己会做到。电影拍的一般般，很多地方交代的都不是很清楚。 
世上最快的印第安摩托 The World's Fastest Indian,人真的可以活得随心所欲，而他后面的价值却千差万别。
世上最快的印第安摩托 The World's Fastest Indian,安东尼·霍普金斯的表演自不必说，很难想象这是由真实故事改编的，一个传奇的老头，能如此执着于自己的梦想，并且还实现了。
世上最快的印第安摩托 The World's Fastest Indian,makes sure
世上最快的印第安摩托 The World's Fastest Indian,没有梦想的人生和卷心菜（咸鱼）有什么区别：）
世上最快的印第安摩托 The World's Fastest Indian,如果你的梦想足够强大，世界会为你让步 ( p.s.还赠免费炮哟亲~！)
世上最快的印第安摩托 The World's Fastest Indian,原来自己一直是植物，会行走的植物而已。
世上最快的印第安摩托 The World's Fastest Indian,演的真好
世上最快的印第安摩托 The World's Fastest Indian,这样的老年生活倒是不寂寞，美国人民中好多活雷锋的
世上最快的印第安摩托 The World's Fastest Indian,厉害了这老头，这么大年纪飙车约炮一样都不落下
世上最快的印第安摩托 The World's Fastest Indian,励志儿童片
世上最快的印第安摩托 The World's Fastest Indian,5年前标注的片子… 这老小子路上还要来一炮 厉害厉害!
世上最快的印第安摩托 The World's Fastest Indian,你有梦想吗，70岁的梦想
世上最快的印第安摩托 The World's Fastest Indian,老房着火没法救～
世上最快的印第安摩托 The World's Fastest Indian,非常中规中矩，适用于励志片的俗套应有尽有绝不含糊。。。
世上最快的印第安摩托 The World's Fastest Indian,中规中矩
世上最快的印第安摩托 The World's Fastest Indian,怎么没看进去
世上最快的印第安摩托 The World's Fastest Indian,励志，我不爱。老帅哥。
世上最快的印第安摩托 The World's Fastest Indian,中规中矩，不过看到了霍普金斯的另外一面
世上最快的印第安摩托 The World's Fastest Indian,这种电影真的看烦了
世上最快的印第安摩托 The World's Fastest Indian,好人有好报。#把美国黑的#
世上最快的印第安摩托 The World's Fastest Indian,就那么一个烂摩托，跑出了理想
世上最快的印第安摩托 The World's Fastest Indian,1962年，伯特·孟若与他的850 CC引擎创下的288公里/小时的世界纪录；1967年8月26日在巴纳维亚创下1，000 CC的世界纪录，295.453公里/小时的陆地最快记录，至今无人打破。
世上最快的印第安摩托 The World's Fastest Indian,11.1.16
世上最快的印第安摩托 The World's Fastest Indian,老年版速度与激情
世上最快的印第安摩托 The World's Fastest Indian,拍得太匠气了点，最感人一幕是为了速度烧伤自己
世上最快的印第安摩托 The World's Fastest Indian,B站字幕：大爷肾好，随时一夜情……
世界滞在记：18岁的小栗旬在西伯利亚 世界ウルルン滞在記 小栗旬がシベリア,一直想去俄罗斯，却也一直没有勇气面对西伯利亚残酷的寒冷以及独自在异国的恐惧。什么时候想去经历的愿望可以战胜这份怯懦呢
世界滞在记：18岁的小栗旬在西伯利亚 世界ウルルン滞在記 小栗旬がシベリア,一个人冬天跑到贝加尔湖，碰到一个妹子，告诉我是因为看了小栗旬的纪录片来的
世界滞在记：18岁的小栗旬在西伯利亚 世界ウルルン滞在記 小栗旬がシベリア,"栗子真迷人又可爱。弹幕有人说""栗子看起来是总攻气质，其实内心是个软萌善良的小可爱""，深以为然，试问这世上谁不爱栗子呢？"
世界滞在记：18岁的小栗旬在西伯利亚 世界ウルルン滞在記 小栗旬がシベリア,挺有意思的人
世界滞在记：18岁的小栗旬在西伯利亚 世界ウルルン滞在記 小栗旬がシベリア,我看这弹幕和短评百分之九十是迷妹吧
世界滞在记：18岁的小栗旬在西伯利亚 世界ウルルン滞在記 小栗旬がシベリア,不知道为什么这部是传记里最高的。。。。。
世界滞在记：18岁的小栗旬在西伯利亚 世界ウルルン滞在記 小栗旬がシベリア,第163个评分的豆瓣er 耶 明明是被栗子爆炸的荷尔蒙总攻气质迷倒 却发现他是个倔强又理想主义的敏感宝宝 私下善良又软萌 整个人都敞开给你看那么真诚的 所以才能专心演戏吧 真好 18岁的他就明白了我去年才想通的事 总觉得大部分明星都傻 其实各行各业做得出色的都有过人之处才是 我的爱豆都好励志啊
世界滞在记：18岁的小栗旬在西伯利亚 世界ウルルン滞在記 小栗旬がシベリア,年纪小小的时候，就已经显示出善良，温柔，坚韧的品质，栗子最棒了！
世界滞在记：18岁的小栗旬在西伯利亚 世界ウルルン滞在記 小栗旬がシベリア,很特别的一次经历，也能从中看出一些能让小栗旬日后成功的品质，比如谦逊有礼、内心细腻、意志坚定等等。但是我老觉得这种真人秀都有表演的成分，你怎么才让人家去一星期，至少要去一个月才像话嘛……
世界滞在记：18岁的小栗旬在西伯利亚 世界ウルルン滞在記 小栗旬がシベリア,看着少年成长为男人，俄罗斯爸爸对着栗子的热高的DVD说：这是那孩子吗？印象中的栗君很温柔呢，大家都泪目了，想起过去。真好，穿越时光遇见那个最纯真的你。
世界滞在记：18岁的小栗旬在西伯利亚 世界ウルルン滞在記 小栗旬がシベリア,看了这个视频竟然感动的哭成狗。。比那些狗血青春梦想电影动人多了。18的嫩栗子对人生迷茫，去西伯利亚体验生活。那时候的少年眼神清澈，是个执着的爱哭鬼，在极寒的环境里体会到人生况味。回访篇里，栗子已经是成熟凌厉的人气演员，正所谓成长，所谓初心。俄罗斯一家人好棒啊。
世界滞在记：18岁的小栗旬在西伯利亚 世界ウルルン滞在記 小栗旬がシベリア,十八岁的小栗简直卡哇伊～
世界滞在记：18岁的小栗旬在西伯利亚 世界ウルルン滞在記 小栗旬がシベリア,还是在一个综艺里看完的 冻得通红的小脸和小鹿般的眼睛
世界滞在记：18岁的小栗旬在西伯利亚 世界ウルルン滞在記 小栗旬がシベリア,啊，可爱。怎么说呢，小栗旬就是很有人格魅力啊，即使心软还是知道打猎是必需，选错了地点照样坚持挖掘冰层直到冒出水。
世界滞在记：18岁的小栗旬在西伯利亚 世界ウルルン滞在記 小栗旬がシベリア,特别好看，感动哭了。
世界滞在记：18岁的小栗旬在西伯利亚 世界ウルルン滞在記 小栗旬がシベリア,捕鱼挫败2333【2016.07.21】
世界滞在记：18岁的小栗旬在西伯利亚 世界ウルルン滞在記 小栗旬がシベリア,嫩得出血
世界滞在记：18岁的小栗旬在西伯利亚 世界ウルルン滞在記 小栗旬がシベリア,哈哈，这个好可爱的，最后跟着一起感动不舍。。。
世界滞在记：18岁的小栗旬在西伯利亚 世界ウルルン滞在記 小栗旬がシベリア,那时嫩嫩的小栗子 心软到不行 钓鱼会心疼鱼 打猎会为了猎物流眼泪 在零下四十几度的天气 想为主人家做点事一个人去凿冰洞钓鱼 苦战5小时却空手而回 很让人感动 原来他一直那么努力 从小时候就是。
世界滞在记：18岁的小栗旬在西伯利亚 世界ウルルン滞在記 小栗旬がシベリア,喜欢这样的纪录片，真实质朴不加修饰的展现。喜欢这样感性的小栗子，善良可爱努力坚韧。
世界滞在记：18岁的小栗旬在西伯利亚 世界ウルルン滞在記 小栗旬がシベリア,看哭了我。日本人跟俄羅斯人一比，真的好瘦！
世界滞在记：18岁的小栗旬在西伯利亚 世界ウルルン滞在記 小栗旬がシベリア,18岁的小栗旬好温柔，跟现在的感觉差好多
世界滞在记：18岁的小栗旬在西伯利亚 世界ウルルン滞在記 小栗旬がシベリア,突然很想去西伯利亚修行一个礼拜啊 在一个无法纵容自己的环境里 找到原点
世界滞在记：18岁的小栗旬在西伯利亚 世界ウルルン滞在記 小栗旬がシベリア,很痴迷了，爱他想他
世界滞在记：18岁的小栗旬在西伯利亚 世界ウルルン滞在記 小栗旬がシベリア,十八岁的栗子成长的烦恼。
世界滞在记：18岁的小栗旬在西伯利亚 世界ウルルン滞在記 小栗旬がシベリア,栗子栗子栗子栗子栗子栗子栗子栗子栗子栗子栗子栗子栗子栗子栗子栗子栗子栗子栗子栗子栗子栗子栗子栗子栗子栗子栗子栗子栗子栗子栗子栗子栗子栗子栗子栗子栗子栗子栗子栗子栗子
世界滞在记：18岁的小栗旬在西伯利亚 世界ウルルン滞在記 小栗旬がシベリア,真的是一个值得喜欢的偶像。
世界滞在记：18岁的小栗旬在西伯利亚 世界ウルルン滞在記 小栗旬がシベリア,哎呀看得眼泪哗哗的
世界滞在记：18岁的小栗旬在西伯利亚 世界ウルルン滞在記 小栗旬がシベリア,想去
世界滞在记：18岁的小栗旬在西伯利亚 世界ウルルン滞在記 小栗旬がシベリア,看到《再会篇》里爸爸说：旬，我现在还在打渔哦就泪目了。八年过去了呢，给一家人看栗子的写真什么的那种骄傲感，真的好像自己的亲人一样。
世界滞在记：18岁的小栗旬在西伯利亚 世界ウルルン滞在記 小栗旬がシベリア,18岁的栗子萌萌哒
世界滞在记：18岁的小栗旬在西伯利亚 世界ウルルン滞在記 小栗旬がシベリア,美如画～
世界滞在记：18岁的小栗旬在西伯利亚 世界ウルルン滞在記 小栗旬がシベリア,总攻原来是内心敏感的爱哭鬼，亚撒西内！可虽然如此依然在坚持初心的走下去啊，加油啊旬酱，你的努力配得上所有收获。
世界滞在记：18岁的小栗旬在西伯利亚 世界ウルルン滞在記 小栗旬がシベリア,栗子桑的十八岁
世界滞在记：18岁的小栗旬在西伯利亚 世界ウルルン滞在記 小栗旬がシベリア,片子拍的很好，朴素纯真。看完更喜欢小栗旬，也对这个节目很感兴趣。
世界滞在记：18岁的小栗旬在西伯利亚 世界ウルルン滞在記 小栗旬がシベリア,清澈的小栗子
世界滞在记：18岁的小栗旬在西伯利亚 世界ウルルン滞在記 小栗旬がシベリア,历经零下49°的寒冷，泡澡凿冰钓鱼捕猎好喜欢战斗民族的爸爸说的 “放弃的勇气也很重要” “永远也不要忘记西伯利亚的寒冷哦” 一家人跟告别的场景真的很感人，像这样懂事又纯真的小哭包有谁不喜欢呢，八年过后的再会篇里，已经往低音炮发展了，含泪看一家人的录像，不什么时候他的心都是那么柔软
世界滞在记：18岁的小栗旬在西伯利亚 世界ウルルン滞在記 小栗旬がシベリア,可爱的快死的眼睛亮晶晶头毛乱蓬蓬的18岁软萌男孩子⁽₍՞̥̥̥̥̥̑ළ̫̉՞̥̥̥̥̥̑₎⁾哭的我一把鼻涕一把泪…感谢遇到这么好的你，我也要加油！
世界滞在记：18岁的小栗旬在西伯利亚 世界ウルルン滞在記 小栗旬がシベリア,18岁的栗子真是柔软得让人想哭啊。//然后看完再会篇是真的哭了qaq
世界滞在记：18岁的小栗旬在西伯利亚 世界ウルルン滞在記 小栗旬がシベリア,做什么事都要乐在其中 不然很快就会厌烦；放弃的勇气也很重要
世界滞在记：18岁的小栗旬在西伯利亚 世界ウルルン滞在記 小栗旬がシベリア,真好，能看到18岁的嫩栗子，感谢栗子这么多年坚持了下来，才能让我们看到他最好的样子
世界滞在记：18岁的小栗旬在西伯利亚 世界ウルルン滞在記 小栗旬がシベリア,不忘初心，是因为认识到人本身的力量吧！小栗真是太软萌了(≧∀≦)♪
世界滞在记：18岁的小栗旬在西伯利亚 世界ウルルン滞在記 小栗旬がシベリア,栗子也有那么稚嫩的过去呀。太纯了。世间的缘分总是很触动人心呀，看到最后给我哭得眼泪哗啦啦掉。
世界滞在记：18岁的小栗旬在西伯利亚 世界ウルルン滞在記 小栗旬がシベリア,每年都要看几次小栗旬。
世界滞在记：18岁的小栗旬在西伯利亚 世界ウルルン滞在記 小栗旬がシベリア,期望我也能有一次让我回到人生原点的旅行。爱栗子。
世界滞在记：18岁的小栗旬在西伯利亚 世界ウルルン滞在記 小栗旬がシベリア,18岁的经历，栗子软萌的一面～
世界滞在记：18岁的小栗旬在西伯利亚 世界ウルルン滞在記 小栗旬がシベリア,十八岁的你是个善良而又倔强的爱哭鬼//如果你真心喜欢的话努力去做就一定会乐在其中的/放弃的勇气也很重要/永远不要忘记西伯利亚的寒冷哦
世界滞在记：18岁的小栗旬在西伯利亚 世界ウルルン滞在記 小栗旬がシベリア,认真的男人很帅
世界滞在记：18岁的小栗旬在西伯利亚 世界ウルルン滞在記 小栗旬がシベリア,栗子从前也是个敏感善良的小哭包啊~
世界滞在记：18岁的小栗旬在西伯利亚 世界ウルルン滞在記 小栗旬がシベリア,"
妈蛋 看个纪录片都能让人哭的稀里哗啦 不愧是小栗旬 永远的偶像 就算你老到八十岁我也会骄傲的说这是我偶像！！！"
世界滞在记：18岁的小栗旬在西伯利亚 世界ウルルン滞在記 小栗旬がシベリア,"十八岁的小栗好温柔啊♥
虽然节目下的煽情我总是不太信的
但是感觉小栗真的上到很好的一课呢
爸爸对没有钓到鱼的旬说 认识到失败也是很重要的 
旬说 感觉很迷茫 不知道自己是不是真的能胜任演员这个角色  因为想变得坚强，所以来了西伯利亚

所以呀  迷茫的时候应该都有吧  迷茫就迷茫吧  找到自己 笔直向前
"
世界滞在记：18岁的小栗旬在西伯利亚 世界ウルルン滞在記 小栗旬がシベリア,"好吧，重点就是18岁的青涩栗子，超嫩的颜和小奶音简直心都融化了，习惯了后来栗子的低音炮小奶音不要太萌吗😘😘😘
栗子很怕冷，所以他应该很难忘记18岁时在西伯利亚湖边生活过一个周的日子吧，体验和自己完全不同的生活环境和人生轨道的人都生活的感觉让人羡慕啊，话说这是演员的福利吧？"
世界滞在记：18岁的小栗旬在西伯利亚 世界ウルルン滞在記 小栗旬がシベリア,第一次做鱼切肉的时候，心里也不好受，一直一直在说对不起。很能体会旬的心情。ああ、だいすきですね。
世界滞在记：18岁的小栗旬在西伯利亚 世界ウルルン滞在記 小栗旬がシベリア,43/ “放弃的勇气也要有哦。”
世界滞在记：18岁的小栗旬在西伯利亚 世界ウルルン滞在記 小栗旬がシベリア,从此我有了想去西伯利亚的心
世界滞在记：18岁的小栗旬在西伯利亚 世界ウルルン滞在記 小栗旬がシベリア,放弃也是一种勇敢
世界滞在记：18岁的小栗旬在西伯利亚 世界ウルルン滞在記 小栗旬がシベリア,18的栗子好嫩好嫩，但是忘不了他一个人在零下三十度时一个人凿冰的执着。懂礼貌又能吃苦的人总是会成功的吧。
世界滞在记：18岁的小栗旬在西伯利亚 世界ウルルン滞在記 小栗旬がシベリア,诶 深深被感染
世界滞在记：18岁的小栗旬在西伯利亚 世界ウルルン滞在記 小栗旬がシベリア,「吐芽结实于雪原 而今正值旬」ps.十八岁的栗子真的好奶
世界滞在记：18岁的小栗旬在西伯利亚 世界ウルルン滞在記 小栗旬がシベリア,放弃的勇气也很重要。  不要忘记贝尔加湖的寒冷。
丘吉尔 Churchill,整场电影刻画了丘吉尔是如何易怒，酗酒，抽烟，不通情理的傻胖子形象，最后出来个字幕说他被公认为英国最伟大的领导人。请问逻辑何在?
丘吉尔 Churchill,飞机上看的老派英国话剧性传记片，其实女打字员那场戏我居然看着深受感动，顺便，第二次看到Ella Purnell，眼前一亮，小妹超好看！
丘吉尔 Churchill,太流了。表演、叙事和情感都流于表面，细节不好。
丘吉尔 Churchill,电影感不太强，但对人物的塑造还算有趣。再一次印证了没有任何实据可以表明狗爹比其他丘吉尔的饰演者强。
丘吉尔 Churchill,差强人意啊，特别是字幕翻译的太糟心
丘吉尔 Churchill,制作精良，但是我前三分之一竟然睡着了。。。
丘吉尔 Churchill,有凭《王冠》的Churchill拿满各大演技奖的Lithgow爷珠玉在前，还是觉得Brian Cox的表演带给我的印象不深啊。但电影以小见大，去还原了一个德高望重的历史人物在关键事件下的“凡人感”：对战争和平的保卫，对过往错误的审慎思考。平铺直叙却也很真诚。Miranda Richardson饰演的妻子很是加分。
丘吉尔 Churchill,看过至暗时刻，这个真看不进去了，平庸、肤浅、词不达意。
丘吉尔 Churchill,这都不能算是个电影，应该属于话剧。如果以话剧的标准，可以打五星！
丘吉尔 Churchill,英国人继续着对丘吉尔传记片的深度痴迷，这两年就拍了不少。这部看下来和去年的《第一夫人》观感特别像，戏剧性让位于历史，非常不讨好观众的拍法。如果说编导对角色的塑造可打6分，那么整部电影的其他元素可能加起来只有3分，基本配不上布莱恩·考克斯的演技。另外，还是期待一下《至暗时刻》吧。
丘吉尔 Churchill,你丘是个暴躁逼吗……
丘吉尔 Churchill,和同年《至暗时刻》的坚毅好斗一体两面，敦刻尔克四年后的诺曼底，丘吉尔因为加里波利的教训反对登陆作战而受到将领的挤兑、国王的劝解、亲人的反对，甚至一度血气上涌想亲赴战场，其中表现的冲动、偏执、虚弱和顽固颠覆了一贯对丘吉尔的刻板印象，角度其实不错，甚至有舞台感，但完成度一般，尾声拖沓
丘吉尔 Churchill,和至暗时刻走了一个路子，不过这次关注的是D-day三天时的丘吉尔。我觉得表现得很好，不比至暗时刻差，最关键的就是表现出坚持、奋斗的精神
丘吉尔 Churchill,非常傾側單一角度將歷史大人物大事件投射出來，顯得有點瑣碎婆媽，期待 Gary Oldman 版本的丘吉爾。
丘吉尔 Churchill,感觉看了场话剧....大段大段的两人对话，剧情场景极其有限，看着看着就走神了……
丘吉尔 Churchill,总会拿至暗时刻来比较。还可以吧。看看了解下还是可以的。
丘吉尔 Churchill,英国人独有的故事，还不让他们大写特写。
丘吉尔 Churchill,即使是伟人，也不过是一个自负又固执的可爱老头罢了。
丘吉尔 Churchill,《至暗时刻》《丘吉尔的秘密》《丘吉尔》，2017有关丘吉尔的三大传记片，终于补齐了，分别聚焦丘吉尔人生中的三个时刻。这一部是诺曼底登陆战48小时之内的故事，刻画了一个懦弱的，害怕失败的伟人，布莱恩考克斯演技非常棒
丘吉尔 Churchill,丘吉尔是英国最受爱戴的政治家，特别是那篇影响世界的《永不妥协》的演讲
丘吉尔 Churchill,飞机上看的，实在......一般
丘吉尔 Churchill,坚持下去，并不是我们真的足够坚强，而是我们别无选择。 ——温斯顿·丘吉尔
丘吉尔 Churchill,大段大段的对话，有些话剧的感觉，重点塑造伟人而非动荡世界。
丘吉尔 Churchill,作爲學英語資料OK。
丘吉尔 Churchill,与我想象的Churchill太不同，一副焦躁和短虑的样子。
丘吉尔 Churchill,似与史实不符
丘吉尔 Churchill,英文字幕，跟男朋友一起看电影从来专心不了...
丘吉尔 Churchill,跟Darkest Hours里面的丘吉尔比，感觉换了一个性格？
丘吉尔 Churchill,三星半吧，演技有时候飚得很过瘾（国王演得超好）。剧情有点扯有点平有点故意制造戏剧性吧
丘吉尔 Churchill,这样一个历史角色会有如此一面？我是绝对不信的！
丘吉尔 Churchill,叫 丘吉尔的演讲 算了
丘吉尔 Churchill,电视剧
丘吉尔 Churchill,制作精良
丘吉尔 Churchill,人都是一样的，一样的彷徨，一样的困惑，一样的衰老，一样的渴望成功，一样的无能为力。。。
丘吉尔 Churchill,飞机上看的 人物形象不是特别饱满 想看了至暗时刻再评
丘吉尔 Churchill,權力遊戲中，霸氣，控制欲，征服欲，智慧和能力集一體的男人真是迷人到爆炸。電影一般，沒有打動我。
丘吉尔 Churchill,非常傾側單一角度將歷史大人物大事件投射出來，顯得有點瑣碎婆媽，期待 Gary Oldman 版本的丘吉爾。
丘吉尔 Churchill,诺曼底登陆前3天，老丘和艾森开撕，关于对生命的尊重、对战争的反思，以及对自我的过度认可。
丘吉尔 Churchill,像一场儿戏，人物说翻脸就翻脸，前一秒钟还是被老婆嫌弃的老疯子，后一秒钟就化身人见人爱的伟人。欲神话之必先丑化之，如此才能登峰造极。看电影觉得丘吉尔老到随时会去见上帝，其实人家那之后还要活好几十年呢。
丘吉尔 Churchill,不知道想说什么
丘吉尔 Churchill,不想说什么，很暴躁
丘吉尔 Churchill,飞机上看的，演员演得不错，通过诺曼底登陆前的48小时，展现了丘吉尔的倔强和伟大
丘吉尔 Churchill,还好
丘吉尔 Churchill,对画面和细节的处理显示出纯熟精湛的运镜和剪辑功力，但是整体节奏让人喜欢不起来
丘吉尔 Churchill,丘中堂也有脆弱的时候
丘吉尔 Churchill,稍微有点平
丘吉尔 Churchill,怕不是美国人的阴谋，把艾森豪威尔拍得那么帅，那种标准的锐利又不惹人讨厌的美国式傲慢，而且大家都是这么想的，片中丘吉尔问他老婆“那你怎么不去跟艾森豪威尔结婚”的时候我= =？蒙哥马利的白毛衣也好可爱啊！是我的童年同款！
丘吉尔 Churchill,这个电影 摄影真的很好 但是真的太慢了 而且看着看着就觉得就是在拍一个固执的爹爹 除了可怜 看不到感动 内心刻画太过于了 但是摄影真的很好 🤓
丘吉尔 Churchill,飞机上看的，落地刚好结束，有点英国风味，但还算不上历史正剧吧
丘吉尔 Churchill,不论你曾经如何伟大，该退休的时候就退休！
丘吉尔 Churchill,睡着了……
丘吉尔 Churchill,英雄的怯懦。经历过一战的惨烈 要么杀人如麻见多不怪 要么心灵悸动畏战厌斗。这部电影里的丘吉尔是一战后遗症患者，心中揣着慈悲和阴影的上位者，哪怕慈悲带来的是畏惧犹豫、是影响士气、是错误指挥和不可理喻，但这一丝因为慈悲的怯懦还是讨人喜欢的。当年在孤立无援的境地下沉着领导了伟大撤退的人在美国参战支援丰厚的局势下却反而畏首畏尾了，治愈他的还是英国上至国王下至平民的抵抗决心和勇气。伟人不为人知的心理世界是这片子的卖点，通篇还是好看的，不过力求国王御驾亲征那段戏编太假了，严重侮辱了首相先生的智商，我不相信丘吉尔会那么傻。三星半。
丘吉尔 Churchill,不知道想突出啥，感觉里面的丘吉尔英雄迟暮，所有周围的人都盼着他盖棺定论，倒是他的妻子不卑不亢颇令人敬佩
丘吉尔 Churchill,飞机上看的……
丘吉尔 Churchill,做个决策者，得有多大的心理承受能力
丘吉尔 Churchill,飞机上看的，真实的丘吉尔
丘吉尔 Churchill,加叔珠玉在前的话，其实蛮难超越的。但说实话看完这个，竟然觉得丘吉尔有点可爱，这是在看《王冠》或者《至暗时刻》的时候没有的。所谓伟人，也是要有人性弱点，才够真实够饱满。
丘吉尔 Churchill,一定有所演绎，但也有事实基础。如果一个政治家所能做的只是鼓舞人心，何况还是在种种过分感性最后才被打醒，那么，这部电影真的在黑丘吉尔，在黑政治正确。
丘吉尔 Churchill,在家吃饭找到的剧，其实我看不太懂，但他确实热爱人民
丘吉尔 Churchill,飞机上看的，因为看了至暗，对比之后真的没有至暗拍的好，包括各个角色演员的选取
丘吉尔的秘密 Churchill's Secret,天然厭惡護士的角色，生而自帶正確感和莫名自信
丘吉尔的秘密 Churchill's Secret,最重要的還是KBO。。//熟臉大集合。。。Macfadyen的Randolph演得不錯吶，Jennings的Eden好像怪怪的。。。
丘吉尔的秘密 Churchill's Secret,丘吉尔版《国王的演讲》。即便权势如此，一旦身体力不从心，也马上会变成一个普通的老人。有些细节真令人心酸。
丘吉尔的秘密 Churchill's Secret,首相一家人聚在一起吵架那段其实最有意思，其他部分有点太正能量了，不是我的菜，但看着也不难看
丘吉尔的秘密 Churchill's Secret,老校长的精湛演技为影片增色不少，关于这类传记片，看点多半还是在私下的一面，纵使你在人民心中是英雄也好魔鬼也罢，观众想看的不是你在战场上运筹帷幄，那是历史课本的任务，大家真正感兴趣的是展现人物真性情的一面，显然本片也深谙此道，通过对生活细节的轻描淡写，一代首相的刚强形象跃然纸上
丘吉尔的秘密 Churchill's Secret,丘吉尔真的是英国贵族绅士最最完美的代表人物。。高贵的出身和优秀的教育让他一直充满自信和霸气。。以及晚年时不时的“坏脾气”。。很可爱哈哈。。剧情不太吸引人。。Emma父女reunion是一个看点。。丘吉尔的子女们也是一个看点。。那段父亲病重时吵架的群戏很精彩。。Darcy竟然。。竟然胖成了鲁道夫。。心碎一地啊。。不过表现很不错。。老校长演技好棒。。还有丘吉尔夫人回忆病逝的女儿那一段。。硬生生用演技逼出了我的眼泪~
丘吉尔的秘密 Churchill's Secret,不服老 Keep buggering on
丘吉尔的秘密 Churchill's Secret,时间，是打败伟人的最好方法。
丘吉尔的秘密 Churchill's Secret,伟大的上帝啊，请赐予我坚不可摧的灵魂吧
丘吉尔的秘密 Churchill's Secret,二战时的丘吉尔果断睿智，电影主要拍摄丘吉尔的晚年，在中风后仍然恋栈权位、独断专行，家人的担忧与愤怒更反衬了这位伟人的弱点与无奈，年龄与衰老是无论多强大的人也无法战胜的对手。
丘吉尔的秘密 Churchill's Secret,平铺直叙，道具精致
丘吉尔的秘密 Churchill's Secret,演技灿烂却故事平淡。
丘吉尔的秘密 Churchill's Secret,表现出丘吉尔死不罢手的韧性，然而他实在是没有办法让出王冠回归家庭，因为政治使人忘情。
丘吉尔的秘密 Churchill's Secret,垂垂老矣呀～～唉……
丘吉尔的秘密 Churchill's Secret,偉人的代價 往往是他至親的人在承受
丘吉尔的秘密 Churchill's Secret,只能说制作精良，因为我对内容一点兴趣也没有。无非是为伟人立传，捧捧而已。
丘吉尔的秘密 Churchill's Secret,看着不难看
丘吉尔的秘密 Churchill's Secret,他也算一个独裁者吧！
丘吉尔的秘密 Churchill's Secret,位高者最怕迟暮
丘吉尔的秘密 Churchill's Secret,(邓布利多)校长的演讲
丘吉尔的秘密 Churchill's Secret,英剧很难细心欣赏
丘吉尔的秘密 Churchill's Secret,伟大，原本是不应放在单独某个人身上的形容词。所以，试图去承担这个词语的人必然带有强壮、自私、操纵、好胜、贪权等特质。这些都是成就非凡必然的代价。没有例外。其实不必刻意展现某个夏日夭折的幼小生命，是否闪入了人性的悲怆，伟人的内心结构不需要被解构。
丘吉尔的秘密 Churchill's Secret,不可说
丘吉尔的秘密 Churchill's Secret,"Face them down,Winston."
丘吉尔的秘密 Churchill's Secret,无感
丘吉尔的秘密 Churchill's Secret,ITV的电视电影 哈利波特中的邓布利多校长主演 丘吉尔晚年生活纪实 把一切奉献给工作 著名的“以守为攻”KBO=keep buggering on 丘吉尔的行动准则
丘吉尔的秘密 Churchill's Secret,一般般吧，他的题材实在太多了，这部片子也没什么新颖之处。
丘吉尔的秘密 Churchill's Secret,没看完
丘吉尔的秘密 Churchill's Secret,"政治伟人家庭多不幸，本来想看看clemmie和winston的美好爱情，结果越找资料看越觉得瞎🙄。所以还是""for the unconquerable soul""得了╮(╯▽╰)╭"
丘吉尔的秘密 Churchill's Secret,丘吉尔是个很自以为是的人。当然，他有资本。
丘吉尔的秘密 Churchill's Secret,17.1.23  有一个孩子后来转世成德普了 唯一的一个男孩带领除了玛丽之外的姊妹气死他爹的故事
丘吉尔的秘密 Churchill's Secret,真心不好看，情节拍摄都再普通不过，也就挂了个伟人的噱头罢了
丘吉尔的秘密 Churchill's Secret,晚年丘吉尔的生活写照，故事平淡无奇，对晚年丘吉尔的描写有所欠缺，但刚本演技担当，很动容。三星。
丘吉尔的秘密 Churchill's Secret,嗯看了。权利对他这样的人来说就是生命，就像毒瘾，不可能抛弃。看到后半段，细腻的情绪跟人物刻画三星当之无愧。
丘吉尔的秘密 Churchill's Secret,没看明白想歌颂什么
丘吉尔的秘密 Churchill's Secret,政治家的子女，对外要保持骄傲，注意规矩，对内则像所有有矛盾的普通家庭那样，愤恨不满。衰老与疾病很可怕，垂死挣扎中还需要希望来支撑，男性总有征服世界的欲望，为何女性需要退而求其次，成全对方委屈自己？这个问题上至首相夫人，下到优秀护士，都没有给出自己一个满意的答案。
丘吉尔的秘密 Churchill's Secret,关于丘吉尔的故事，总是以一段演讲结束，能够如火纯青的驾驭语言真好～
丘吉尔的秘密 Churchill's Secret,有那么一个老爹，如何找到自我而摆脱他的影响，不易
丘吉尔的秘密 Churchill's Secret,看过路过，留下脚印而已，对这段故事没有什么特别想说的
丘吉尔的秘密 Churchill's Secret,不是所有的疾病都能好转或者稳定的，我妈妈在74岁到75岁上够运气，丘吉尔78岁上创过了鬼门关，但是大多数的老年病都是下坡路，这个片子太美化了中重度中风患者的康复。
丘吉尔的秘密 Churchill's Secret,整体感觉尚可，怎样表现的伟人的刚毅和作为普通人的感情，做到不落俗套，不程式化讲述考验着导演的功力
丘吉尔的秘密 Churchill's Secret,故事編的有点單一⋯
丘吉尔的秘密 Churchill's Secret,撇开对丘吉尔个人的看法，我觉得电影以小描大的功底还真是不错
丘吉尔的秘密 Churchill's Secret,温吞水
丘吉尔的秘密 Churchill's Secret,为丘吉尔点赞，为维护世界和平而努力。但确实身体不好做事会力不从心，影片有些细节挺打动人的。
丘吉尔的秘密 Churchill's Secret,挺好看的哟
丘吉尔的秘密 Churchill's Secret,chartwell真是proper english countryside...电影本身想表达的太多。啊！aging is not for cowards
丘吉尔的秘密 Churchill's Secret,这个丘吉尔与本尊太不像了，让俺木有看下去的兴趣。不过，还是快进扫了一眼，感觉剧情比较沉闷，格局比较小，是一部成本不高的室内剧，相比《女王》、《国王的演讲》要逊色很多。
丘吉尔的秘密 Churchill's Secret,无趣的人物传记
丘吉尔的秘密 Churchill's Secret,所有国家领导人都没有私人生活，所有的生活都是工作
丘吉尔的秘密 Churchill's Secret,中规中矩 有亮点
丘吉尔的秘密 Churchill's Secret,比较线性的刻画，但也算是诚意之作，演技加分。那个年代女性的挣扎和痛苦，这个视觉还是很棒的。
丘吉尔的秘密 Churchill's Secret,护士给了丘吉尔10年寿命！
丘吉尔的秘密 Churchill's Secret,其实无关丘吉尔，讲一个老人战胜病魔的故事，专员的护士，相爱但有矛盾的家人，和不那么凶残的政敌。
丘吉尔的秘密 Churchill's Secret,《中风患者的预后与护理》
丘吉尔的秘密 Churchill's Secret,老戏骨啊～非常了得！
丘吉尔的秘密 Churchill's Secret,一部中规中矩的传记电影，仍然令人十分感动。伟人之所以有别于常人，最大的区别可能就在于他们对于自己近乎苛刻的要求，非常具有教育意义。然而，还是不可能达到片中人的那种程度啊。
丘吉尔的秘密 Churchill's Secret,没看完
丘吉尔的秘密 Churchill's Secret,国王的演讲2？
丘吉尔的秘密 Churchill's Secret,伟人的题材，加上演技不错，一般都不会难看
丝克伍事件 Silkwood,"一个人在战斗面对的残酷和冷漠让人无奈。
"
丝克伍事件 Silkwood,作为人物小传可能可以，但女主角是一位在普通工作岗位认识到恶劣环境进而加入工会、勇敢站出来揭发的人，她的心态如何变化、为何没有从组织获得应有的帮助没有被电影当成重点。花了很多笔墨描绘的室友和男友好像只是徒增伤感并无大用。斯克伍值得更有力也更明确的传记电影。
丝克伍事件 Silkwood,本片获第56届奥斯卡最佳导演、女主角、女配角、原创剧本和剪辑提名。颓废，透到骨子里面的颓废，每个人都在颓废中等待死亡。既然生活态度都这样了，又何必在乎核辐射呢？说真的，看着戏中人物个个抽烟的架势，以为他们早就视死如归了呢！影片的前半段几乎都是废话，几乎不明白要表达什么。
丝克伍事件 Silkwood,梅姑这里美好得发指，我就知道amazing grace你亲自唱
丝克伍事件 Silkwood,周五孤胆女英雄二连刷@美国中心。7分。整部片的调子硬、冷、灰，压榨，孤立，无处告解，仅存一丝暖色是梅姨两次轻唱的Amazing Grace。印象深刻的，是中西部的贫穷无望，冷战背景下的核恐慌。ps. 毛病如前，细节不够，指向明显。床戏也不知所云。
丝克伍事件 Silkwood,MikeNichols好克制啊，到底是纽约的导演。我始终认为，MerylStreep的巅峰是在上世纪八九十年代，这几年积攒的只是人望
丝克伍事件 Silkwood,"2018.02.18
拍得是不错的，演得也很好，但总感觉应该更好一些才对。"
丝克伍事件 Silkwood,3.5星，冷静克制的叙事，几乎不带任何额外的情感，或许是因为这个事件本身就够触目惊心了，客观的陈述也让观众不寒而栗。。。相比较而言雪儿在这部电影中的表演似乎比斯特里普更出色。。。ps奇异的恩典用在了片尾赋予了这首脍炙人口的基督教圣歌另一种含义。
丝克伍事件 Silkwood,本片是根据真实事件改编，最终呈现给观众的戏剧张力上有所制约，例如由于真实事件指向主人公醉驾身亡（非外力）而对片中Silkwood死因所作的模糊处理。同居伙伴Dolly这个角色有点为雪儿量身定制的味道（而她也确实凭借这一角色斩获了金球奖最佳女配），对剧情完整性没有多大帮助，去掉枝桠，聚焦主人公调查、抗争的过程，可能更接近观众的期待。
丝克伍事件 Silkwood,2016059 可以看出尼科尔斯在处理真人真事改编题材上的刻意平淡化处理，但还是让人觉得不够味，所幸还有梅姑和雪儿的精彩演出。
丝克伍事件 Silkwood,ʕ•̫͡•ʕ*̫͡*ʕ•͓͡•ʔ-̫͡-ʕ•̫͡•ʔ*̫͡*ʔ-̫͡-ʔ，打卡。
丝克伍事件 Silkwood,可以看出尼科尔斯在处理真人真事改编题材上的刻意平淡化处理，但还是让人觉得不够味，所幸还有梅姑和雪儿的精彩演出。
丝克伍事件 Silkwood,平庸的电影，出色的表演
丝克伍事件 Silkwood,恐怖的核电厂工作环境，苦逼的打工仔被剥削阶级。
丝克伍事件 Silkwood,一个人的战斗
丝克伍事件 Silkwood,80年代大概就是这种拍法？平铺直叙还行，展现家庭，个人生活也还行。但对于工会活动与那次事件本身实在着墨太少，更别提之后的法庭上的对抗了。梅姨挺美。6.8
丝克伍事件 Silkwood,对于女主的抗争，在矛盾冲突表现上有些无力
丝克伍事件 Silkwood,梅姨美的我都不认识她了（星星眼）
丝克伍事件 Silkwood,前半段在说啥啊！
丝克伍事件 Silkwood,工薪阶层的哀歌。
丝克伍事件 Silkwood,梅姨演技没得说 可惜剧本节奏缺乏张力
丝克伍事件 Silkwood,观影作业。。。
丝克伍事件 Silkwood,三星半
丝克伍事件 Silkwood,梅姨加星
丝克伍事件 Silkwood,演得真好
丝克伍事件 Silkwood,　本片根据真人真事改编而成，描述的是六十年代末期，一名在核电厂工作的女工有感于不合理的工作制度和环境，开始参加工会活动，并搜集核电厂危害公众安全的证据，使她的工友纷纷敬而远之，最后就在她决定要将资料交给记者的时候，她却离奇的死亡了。
丝克伍事件 Silkwood,这个剧本根本没弄清楚自己想要干什么，无节奏无重点毫无取舍散漫破碎得一塌糊涂
丝克伍事件 Silkwood,怀疑索德伯格的《永不妥协》有再写此片的动机。整片最大的卖点是核电厂的工作环境，造了惊悚的氛围支撑了叙事，也让观众看个新鲜。尼克尔斯与演员比较统一的用清淡的处理方式，全片用大量时长在工会打交道、行政这些琐事上，是写实，但也扔掉了节奏的起伏。女主在和整个环境作对，亲朋也未提供实质帮助
丝克伍事件 Silkwood,梅姨
丝克伍事件 Silkwood,七八十年代流行的政治题材与传统故事片的混合，叙事冷静自如，一切只是平静地展现而不是以煽情的方式向观众强加观点。人物设置虽然是工人阶层，但是浑然一种嬉皮的气质，亲切又充满魅力。
丝克伍事件 Silkwood,3.5。郁郁独行，轻吟浅唱，那一片灯火阑珊。PS：此作气调上同「换子疑云」，但比之于用力过猛的朱莉，梅姑的诠释果断要赞多了。催人垂泪的清唱收尾+1。
丝克伍事件 Silkwood,以舒緩的節奏滲透出的絲絲感人。結尾的清唱讓人太難忘。
丝克伍事件 Silkwood,amazing grace
丝克伍事件 Silkwood,当梅姑还是美梅…… 片子的情绪处理得刚刚好。
丝克伍事件 Silkwood,"「Why don't you concentrate on upping our wages and skip over what is none of our business? → This is our business, honey.」「A year later the plant shut down.」【♫Meryl Streep — Amazing Grace♫】"
丝克伍事件 Silkwood,第56届奥斯卡金像奖最佳导演提名
丝克伍事件 Silkwood,叙事平静，表演彰显力量~
丝克伍事件 Silkwood,现场后来提问 很多人的不出声即是反应I just dont give a damn shit! 所谓Whistle blower哪那么容易当。片子很棒。听到她最后唱Amazing Grace还听到掉眼泪了
丝克伍事件 Silkwood,《永不妥协》升级版
丝克伍事件 Silkwood,工薪阶层的哀歌。杀死这个女人的不是一场车祸，而是那个需要发声却无处安放的时代。真实事件改编，诺拉·埃夫隆写的剧本很平静、委婉。这也许是梅姨自己演过的最悲情的角色，甚至不亚于《苏菲的抉择》。最后的清唱真是绝望的一笔。
丝克伍事件 Silkwood,本片根据真人真事改编而成，描述的是六十年代末期，一名在核电厂工作的女工有感于不合理的工作制度和环境，开始参加工会活动，并搜集核电厂危害公众安全的证据，使她的工友纷纷敬而远之，最后就在她决定要将资料交给记者的时候，她却离奇的死亡了。
丝克伍事件 Silkwood,最底层人物的可爱和伟大。正因为要凸显这个最底层，人物的刻画略显刻意，但也因为最底层，才能显出斯特里普的惊人演技。
丝克伍事件 Silkwood,看完觉得挺心痛的，梅姑演的Karen在那厂子里几乎没有得到任何人的帮助，差不多都是一己之力，让人心痛极了。
丝克伍事件 Silkwood,片子很冷静，没有煽动，没有冲动。导演在生活化处理，更能让观众慢慢渗透对其中人物感同身受，雪儿的第一部片子起点真高，两场哭戏和梅姨对戏都更胜一筹。海报里的梅姨好像苏菲玛索。。。
丝克伍事件 Silkwood,沒看完，在電影協會為meryl做tribute時的嘉賓口中聽到的
丝克伍事件 Silkwood,梅姨演得真好，电影80年代的感觉很足，核电站工作、工会抗争。最后很悲情，电影很好
丝克伍事件 Silkwood,梅姨演得真好，电影80年代的感觉很足，核电站工作、工会抗争。最后很悲情，电影很好
丝克伍事件 Silkwood,梅姑所有表演中我最爱的一次，没有之一。这么淡的导法，全靠梅姑撑起来的啊！雪儿惊吓到我了，在梅姑的光芒照射下，Cher居然还有如此强的存在感，丝毫不像是处女作。那段哭戏太完美了
丝克伍事件 Silkwood,"For this work, Meryl deserve her title of ""best american actress"". Cher is amazing too. I never know her as a actress, acturally pretty good one."
丝克伍事件 Silkwood,那一颦一笑一嗓子，年轻的梅姨就是米国林青霞啊。83版永不妥协
丝克伍事件 Silkwood,第一次见毒瘤演这种角色哎 唱歌加分 比前两年的好听N倍 and看过导演三部电影了 都挺喜欢的惹
丝克伍事件 Silkwood,海报处的镜头实在太好。
丝克伍事件 Silkwood,我还能怎么说？！绝赞的梅丽尔·斯特里普！叹为观止的表演！
丝克伍事件 Silkwood,声画不同步降低了观影的愉悦感，也说明学好英语的重要性。片子节奏有点慢，故事题材像永不妥协但是结局令人心碎。个体的力量有时太渺小。最后的清唱“奇异恩典”引发泪点。
丝克伍事件 Silkwood,遭受核辐射污染的女员工，孤身反抗公司，以意外之死收场。梅姨的演技加The Amazing Grace那是相当催泪。
丝克伍事件 Silkwood,比 艾琳布洛克维奇强很多！
丝克伍事件 Silkwood,"我的作業啊～痛不欲生
"
丝克伍事件 Silkwood,八十年代流行盛广的传统故事片与利益惊悚片的结合，配合真人真事改编的力度，但并不像现代的影片刻意煽情让观众站在主角的视角看待问题，这便令影片显得沉闷冗长。每个平民英雄几乎都是独自在奋斗，丝克伍的结局甚至今时今日仍在中国上演，揭开丑恶事
丝克伍事件 Silkwood,冷静而有力。
丝克伍事件 Silkwood,总算见识了点解个个美国人都爱过meryl streep
中国最后一个太监,谁说婊子无情，谁说太监不爷们
中国最后一个太监,莫大眼那时候真是水嫩嫩的。感觉张之亮被钳制住了，一方面想讲些深度，一方面又要顾及娱乐有趣，结果风格混杂，片子也变得怪里怪气。结尾真是狗血啊。比预期的好看，
中国最后一个太监,看到片名，最大的记忆点就是“小的时候，光碟”。
中国最后一个太监,"和我期待的差别很大,以为以太监的角度看待大清的最后时期,也没有很深入的描写太监在紫禁城内的遭遇,革命推翻大清对人民改变的细节更是略略带过,这么大的戏名却到最后变成一段小情爱,儿女情长从来都要伴随家国情仇才发挥的圆满"
中国最后一个太监,片子还是很有野心的，用小人物的命运多舛影射大时代的残酷变迁，可惜片长有限，很多地方都浮皮潦草了，差了口气。本片是“大眼仔”莫少聪演艺生涯的高光时刻，说这部是他的“一人一片”也不为过。旦角扮相不输张国荣。来喜这个角色有情有义有担当，与其说是中国最后一个太监，不如说是大清最后一个男人。
中国最后一个太监,对太监的地位又重新认识了。
中国最后一个太监,开始吃剩饭那 那个小女孩嘴上挂着个什么 恶心爆了 像大鼻涕又像菜叶的我去了 太悲惨了 实在 最悲惨的还在后面 49之后什么的 咋活啊 最后太有情义 太勇敢了。。唉
中国最后一个太监,好古怪的cult片，超写实+奇怪笑点，中心理念十分邪门
中国最后一个太监,配乐太满太突兀，剧情无聊，名不副实。
中国最后一个太监,莫少聪 张之亮 刘德华演誰? 客串的吧? 7/10
中国最后一个太监,没想象中好看，中规中矩，不出彩，而且不喜欢莫少聪的大眼。。
中国最后一个太监,莫少聪真惊艳。刘天王打酱油。温碧霞婴儿肥。
中国最后一个太监,莫少聪演的太好了，剧情本来可以更严肃一点，最后很催泪。噗，我泪点低爆了，
中国最后一个太监,开始以为是一部纪录片。在1988年，这应该算是部好电影吧。
中国最后一个太监,我晕，什么题材都可以拿来拍电影...- -！
中国最后一个太监,谁都年轻过啊真是~~~~~
中国最后一个太监,其实……不太记得情节了……
中国最后一个太监,我记得小时候似懂非懂的看过 最后谁的宝贝被狗吃了。。
中国最后一个太监,我清楚的记得我租过这盘碟……
中国最后一个太监,20121115 结尾草了点。
中国最后一个太监,历史大背景中的小人物。时代的厚重感淡了点，从太监这个角色的角度来解读十分新颖，中规中矩的片子。
中国最后一个太监,"莫少聪年轻时还挺帅 眼睛超级大！脸好小！温碧霞也是好漂亮哦！！虽然是太监 可是太监也是有信仰的 虽然很傻 但是也是一个小人物的悲欢史 朝代更替时,有多少心酸就有多少泪水."
中国最后一个太监,那时候的莫少聪太清秀了！刘德华太帅了！
中国最后一个太监,能一直红下去像华仔那样才是硬道理。
中国最后一个太监,现在看以前的港片，总觉得很多片过于轻浮了，快节奏的香港更喜欢些不太正经的笑料电影
中国最后一个太监,最后的为爱献身，让人动容。
中国最后一个太监,可惜了
中国最后一个太监,中国柏拉图式的爱情
中国最后一个太监,细节真实，格局不大，抨击也不多，转折过度太快，缺了份历史的厚重感，对水深火热的旧社会刻画深刻，英叔表演很到位，就小孩那声惨叫就可以给三星，估计再也不会有这种反应糟粕的电影了，相比之下，如今的光棍还算幸福，先三点五星吧！莫少聪那时就已红，扮相惊艳，可惜了，洪金宝有才，功底扎实
中国最后一个太监,主題不清晰，這最後一個太監是如何成為最後一個太監的？拍這個太監的意義？莫少聰這裡演的很不錯，但貴妃醉酒我覺得洪金寶演的更好呢
中国最后一个太监,那时的文隽鼻头还没红，温碧霞还是个清纯小葱白。
中国最后一个太监,比较特别的题材。。内地人不敢拍的。。
中国最后一个太监,悲苦
中国最后一个太监,遗民
中国最后一个太监,哎。。。
中国最后一个太监,如果不是刻意搞笑，主角的命很惨。
中国最后一个太监,"港片，伪历史。
用力过猛，不推荐。"
中国最后一个太监,片尾虐啊，师傅是个好人
中国最后一个太监,莫少聪自带美瞳，好嫩…话说最后有点心酸啊…
中国最后一个太监,让我大蜜哭的稀里哗啦的片子
中国最后一个太监,当年的莫少聪真的很让人惊艳
中国最后一个太监,"结局挺感人
"
中国最后一个太监,莫少聪那时候真的好年轻，眼神就像惊惶的小鹿一样。
中国最后一个太监,不得不佩服香港电影，这么沉重的命题，也能写出这么搞笑的桥段
中国最后一个太监,为郞雄来结果看完都没看到，难道是在太监那段出现过，最后确认就是开始出现（返乡的小张德）温碧霞小鸟依人留恋那时候的的美女们
中国最后一个太监,又好笑又悲哀...
中国最后一个太监,虽然不是那么严肃但真的非常感人！！！我想去广化寺，希望孙耀庭老人也是一样好的结局！！！
中国最后一个太监,其实就是小人物的命运，而且是特别小的人物。剪辑有点差
中国最后一个太监,那个年代的香港片有一股特殊的历史气息，有没有
中国最后一个太监,太监比革命党更爷们儿
中国最后一个太监,把太监演的有血有泪很爷们啊。年轻时候的莫少聪和温碧霞真是纯的不得了。
中国最后一个太监,名字冠的很大，但刻画人物不深入~不知所谓
中国最后一个太监,蜻蜓点水式的叙事，最后亮下体救人那段还行
中国最后一个太监,6.8/10
中国最后一个太监,当猎奇片看
中国最后一个太监,很压抑的电影至少我看的感受是这样，或许这就是还原历史的小片段而已，旧中国真的会有因为贫穷心甘情愿的去当太监，认为这样就能吃到自己梦寐以求的鸡屁股了，生在这样一个交替的年代，你不得不对自己当初的选择负责
中国最后一个太监,刘德华客串了一下。都不知道怎么分类？
中国最后一个太监,我真的服洪金寶😂
中国最后一个太监,一部默默无闻的好电影，作品的影响力因为局限在一个特定的历史时期，所以被埋没了。
中国最后一个太监,看这部电影一直处于舔屏的状态，莫少聪年轻的时候也太太太好看了。他有多好看，来喜的命就有多惨，电影最后招娣回来了，可是真正的，那些被时代抛弃的太监，哪里有招娣呢。每个路人都是今天我们心中的大佬了，不谈咖位反而令人震撼
丹东 Danton,"豬隊友也壞了不少事//文青vs普青//貴圈真亂（R去求C放棄D，C不從，R於是回去就說要arrest D但還想給C機會, SJ又不願意放過C，C後來又後悔拒絕了R）//女性角色都很醜//演SJ的太老了//都是咆哮帝啊//C圖森破呀//都很fashion//David為毛咖一腳？//“Revolution eats its own children“//馬屁拍錯了"
丹东 Danton,政治讽喻剧，影射当时尚处于军管的波兰。拍得太脸谱化，不好玩。瓦伊达把丹东完全拍成了瓦文萨，有意思的是它也让观众看到丹东/瓦文萨这种魅力型领袖的弱点：无视规定和程序。瓦伊达是瓦文萨的脑残粉。他在瓦文萨政府中任过职，让瓦文萨在《铁人》里扮演了他本人，前年又拍了部《瓦文萨：希望之人》。
丹东 Danton,这是一部用新的视角探索和评价法国大革命的历史片，揭示了革命阵营内部的矛盾与斗争。
丹东 Danton,对罗伯斯庇尔的刻画深度不够，没有反映出冲突，有的只是毫无争议的正义与独裁。重温一下《九三年》的名言吧：“在我们所处的时代中，仁慈可能成为卖国的一种形式”
丹东 Danton,一切建立在激进暴权专制之上的理想都不是理想，理想不能成为残害生命的帮凶。这部片子根本没讨论到大革命的本质，充其量是部话痨片，有意思的其实都是豆瓣ers的延伸评论，政治学学得都很到家。
丹东 Danton,【中国电影资料馆展映】以法国大革命历史为题材的政治电影。围绕罗伯斯庇尔和丹顿两个政治人物的分裂与矛盾，描绘了他们生命中最后一段日子。除非提前做功课，否则对法国大革命历史知识的缺乏会导致观众难以理解片中政治派系的关系和政体，倍感沉闷。后期配音有疏离感。片尾30分钟才迎来高潮
丹东 Danton,奸情与基情并存！！！   丹东X罗伯斯庇尔！！！丹东X卡蜜儿！！！
丹东 Danton,Ceux qui réclamaient le droit du peuple deviennent finalement les tyrans. 瑟瑟发抖掉眼泪的Desmoulins可爱。就找不到一个会说法语的小矮子能演罗伯斯庇尔吗？（妈耶，后来看福地又有点喜欢这个小矮子。17.11.26 @中国电影资料馆
丹东 Danton,http://f.xunlei.com/184468011/file/223af48c-4e73-4132-8469-710896af7db8
丹东 Danton,当一群人借着自由民主的名义革命的时候 他么往往比以前的统治者更血腥更残忍革命不是如宣传的那样美好 也许进步了 也许停滞不前反而落后了 朝鲜是个最鲜明的例子 片子有个人用一副破旧的眼镜一直在看书 即便上了法庭还是沉默着看他的书 丹东也好 罗伯斯皮尔也好 都是权力的追捉着 只有那个近视眼 沉默
丹东 Danton,不完美的人，完美的英雄
丹东 Danton,比起正片，我还更喜欢海报。打动我的也就是控告丹东的演讲里镜头由下而上拍的罗伯斯庇尔在讲台后面踮起的脚尖。
丹东 Danton,http://f.xunlei.com/226922046/file/f066b18e-f3e3-47d6-81a3-8776e0c8f19e?relTime=1370604841234
丹东 Danton,没书好，舞台剧。开头罗伯斯比尔嫉妒丹东那一幕镜头移动得太笨拙了
丹东 Danton,又是瓦伊达的历史片 这部主观倾向太重了点 应该是和当时波兰的时局有关 远不如卡廷惨案
丹东 Danton,话痨片，导演如果换成侯麦，或者李安，可能会更有味道。目前的样子，不温不火，没有余味的沉闷
丹东 Danton,围绕革命后雅各宾派主要人物决裂斗争绞杀的电影，丹东和罗伯斯庇尔着墨均等，律师出身的罗更有冷酷的一面，丹东在法庭的发言精彩! 行大善不克小恶真的合适么，什么是大恶? 丹东对罗曾说自己才懂人民，这是不需要革命也能一辈子光辉富裕的丹东。大革命最乌龙的还是人民嘛。革命家必须是个政治家！瓦伊达
丹东 Danton,Walker强烈推荐，大家一起看了。有点昏昏欲睡，特别戏剧化，并不喜欢丹东的刻画。
丹东 Danton,电影的海报挺恐怖的~电影本身太枯燥了，完全是对话构成的，对法国大革命历史感兴趣的可以看看。
丹东 Danton,海报已经说明了一切。纵欲与强权，双方在缠斗中被慢慢吃掉，渐渐熄灭的蜡烛与消逝的声音。瓦伊达对绘画的迷恋
丹东 Danton,3.5星，瓦伊达的借古喻今。。。闹革命容易守革命难，敢于为人民说实话的最后都会走上“断头台”。。。在激情澎湃的摄影调度下仿佛有股洪流从银幕倾泻出来，相比丹东的扮演者德帕迪约其实还是罗伯斯庇尔的扮演者沃捷希奇·帕斯佐尼亚克的表演更精彩更传神。。。PS“人民唯一的敌人就是政府”
丹东 Danton,年代感十足，波兰导演拍眼中的法国大革命，带入了很多对波兰革命的反思，配乐很棒很恐怖，德帕迪约最后几段演讲太棒了，但是资料馆放的字幕实在太差了
丹东 Danton,悲剧的大革命时代
丹东 Danton,7/10。和平会随着革命的黎明如约而至吗？瓦伊达持否定，在社会转型时期多种政治理念的交替产生矛盾，引发不同派系的仇杀。影片塑造人物时没刻意设置道德界限，无论罗或丹都有不怕为政治献身的崇高。不过每场戏都充满乱糟糟的争吵，很难让人对这段历史感兴趣。死灰般冷色调和突响的超重低音乐确实阴森。
丹东 Danton,瓦伊达将丹东的形象塑造如此完美就让自己的动机未免也太明显了点。但是瓦伊达对于罗伯斯庇尔的刻画太值得推敲了 就比如其在议会做说服通过丹东公诉的演讲时 一个微微的踮脚隐藏了不知道多少信息在里面。
丹东 Danton,好吧，如果不是和课程相关我想我不会喜欢、也不会看的。ps：罗伯斯庇尔是政治家，不是政客。即使他不好。
丹东 Danton,历史总在轮回里不断的重演，只是一次比一次残酷. 德帕迪约的咆哮演技印象深刻
丹东 Danton,闷片，恕我浅薄……
丹东 Danton,电影拍摄的节奏太慢，吸引力严重不够，看得很想睡觉。政治片不也可以拍得很精彩的吗？
丹东 Danton,革命就是沉渣泛起，流氓和罪犯都会浮到表面上来。法国大革命让皇室、贵族都上了断头台，最后连革命党自身也不能幸免。断头台下丹东、罗伯斯庇尔的头颅似乎也无法解释革命和反革命的区别。
丹东 Danton,溜了一遍评论似乎没人提及悲催的原剧本作者Stanislawa Przybyszewska嘛呵呵。这姑娘生于1901年，是个疯狂的罗粉，三十出头就死了。原剧本黑丹东绝不手软。瓦依达为了影射波兰政治矛盾替丹东洗白，但保留了多数原著台词和设定，所以全片有强烈的违和感。我觉得本片最大的问题在于暗示罗是同性恋。
丹东 Danton,高唱马赛曲一段令人唏嘘
丹东 Danton,罗伯斯庇尔很有魅力
丹东 Danton,几乎是纪录片……
丹东 Danton,几乎没有内敛的省察和深刻的洞见，只是直白的展现。全靠对话撑起，人物几乎没有细节没有立体感没有和观众建立的亲密，正义和人权都是靠咆哮的。全片有一种冰冷现实的压抑以及结尾的讽刺这两点还不错，其余实在不喜欢。看来以后我可以放弃瓦依达了
丹东 Danton,=_______________= 拍的太主旋律了，而且我看的时候一直脑补各类清朝宫斗剧的场景。。。其实如果国内能拍一拍朝廷政治的电视剧不知道多有趣。以及我实在是学够了跟法国有关的东西了咆哮！！！！！！
丹东 Danton,音乐有意思的，又有意义的电影，但是真的很聒噪。电影资料馆字幕简直是乱来。20171126波兰影展
丹东 Danton,海报非常有特点 故事相对一般 也不敢当正史看 不好不坏
丹东 Danton,砍头一场和最后背宣言一场
丹东 Danton,服装考究，表演出彩，却因为片子过于严肃，大段对话，稍显平淡沉闷
丹东 Danton,18.1.26 小西天
丹东 Danton,「丹东必须死」
丹东 Danton,我所有的分，都要给海报
丹东 Danton,不安的气氛做的很好  好喜欢海报
丹东 Danton,为脑补托克维尔的《旧制度与大革命》看了这部电影，有几句台词印象深刻：1，人民是薄情寡义的；2，这是一场政治审判，政治审判是没有正义的；3，他可真英俊。（路旁编织妇看到一名被逮捕的流亡贵族时花痴语）。
丹东 Danton,很多年前就知道这部电影，今天看仍然很震撼
丹东 Danton,【CC#464】法国大革命
丹东 Danton,主线很明确，演绎得很好。很能引起情绪。比较有意思的是其中几个挺诡异的长镜头，比如前后两次对法式专用砍头刀。以及对于丹东的人物刻画挺有意思的，不是单纯的革命者。
丹东 Danton,海报比电影好看。
丹东 Danton,"对于只知道历史书上的“法国大革命是历史上最彻底的革命”的人来说，值四星。
对于法语系以及学习文化和政治的人来说，值三星，其中一星给最后小男孩背的五条article和Terreur背景音。
历史和革命远比此电影复杂的多。"
丹东 Danton,大革命变成小恩仇。
丹东 Danton,在个人感觉上，我竟然支持Robespierre。这片子把法国政府丑化到愚昧。而Danton则像是个讲大话的浪荡子。喜欢它的结尾，在所有着一切发生之后，革命的宗旨从孩子口中说出。
丹东 Danton,革命家关于革命速度与进度的矛盾
丹东 Danton,有些事情不该忘记
丹东 Danton,还是对东欧的冷硬比较无感（。
丹东 Danton,不是我的菜
丹东 Danton,塑造出了老狐狸罗伯斯皮尔和小狮子丹东，直观又稍显单薄。最后三十分钟惊心动魄。法庭演讲煽动力非常强。金句频出。收尾很有味道，被自己的所谓信仰审判。金属配乐可餐。
丹东 Danton,除去政治影响，电影挺无聊的。
丹东 Danton,老片，没耐心。
丹东 Danton,飞机刷片3/4 比起89版法革电影 这部的画面 镜头都要好看的多 但我实在不喜欢这部的情节安排 尤其萝卜丝试大袍子那里 给人感觉他好像想要当皇帝 这太过了 太过了 
为家而战 Fighting with My Family,女主角比原型长得要悲悯大气得多，总觉得她这张脸演这个角色有点强说愁。佩琦本人虽然打扮成那样，但满脸幸福洋溢，青春无悔，所以她的故事才这么励志。
为家而战 Fighting with My Family,凑合吧，节奏有点怪怪的，倒确实是比预告好看那么一点。传统体育励志题材套路，整个片都很平。倒是让我涨了不少WWE的知识…我还真以为是百分百肉搏竞技呢…
为家而战 Fighting with My Family,"杰克·劳登也太太太像西蒙·佩吉了吧，有尼克·弗罗斯特的片子看不到西蒙·佩吉，这一黄金CP，略遗憾。But don't worry about being the next me, be the first you."
为家而战 Fighting with My Family,在电影院看的太着急了喊了一句“come on！” 然后旁边大叔狂笑
为家而战 Fighting with My Family,兄妹冲突那段有点怪，其实本来是可以理解的，可是这么拍出来就有点强行，女主的爆发和转变也因为片长压缩的莫名其妙。最后夺冠的比赛也没有那么多笔墨，总之就是节奏把握不太好。想起了初二每周四晚上看送葬者的日子。
为家而战 Fighting with My Family,不错的家庭鸡汤。虽然套路了些，但是几个演员的表演让人觉得不至于说教。Vince Vaughn真是好莱坞最被低估的男演员之一！！但下辈子投胎我还是要朝着老邓的方向（做梦
为家而战 Fighting with My Family,巨石本色，打的太肉疼了。
为家而战 Fighting with My Family,影片由纪录片《the wrestlers Fighting with My Family》启发，改编自真实事件。训练的残酷、女性职业的尊重、家庭支持的力量都在这部影片里得到了呈现，有笑料有争执有退缩有感动。还是励志故事的旧瓶子，剧本上改编的亮点并不大。结尾绵羊音的歌不错。
为家而战 Fighting with My Family,带有明显宣传性质的电影 有点小温馨 有点小笑点 总体而言 主角抗不起传记大旗 导演四处讨好却什么都没做实
为家而战 Fighting with My Family,一个看WWE的哥们推荐，我看的时候表情跟那两去佩吉家吃饭的家伙一样，但这完全不妨碍我跟这哥们之间的友谊，虽然他留长头发打舌环有没有其他环待定有大花臂，每次撸猫撸狗都觉得能下狠手。这片子是个轻松的WWE宣传片，用来文化扫盲还是可以的。瑟曦皇后和胖尼克这个搭配总是让我出戏。另外，rock是个噱头，大家后面看期待不要太多，他是个客串。2019.5.4 6/10
为家而战 Fighting with My Family,英国萌妹去参加WWE，看预告就觉得很有意思的一个题材。拍摄的手法却太死板了，完全施展不开，就连最后字幕时真实案例的影像资料都做得跟PPT似的。惊喜在于出品方有WWE studio，看他们自黑和自我调侃还是挺有乐趣的。
为家而战 Fighting with My Family,小燃，wwe真厉害
为家而战 Fighting with My Family,开头的节奏慢进，一度让我觉得这片无聊套路，甚至定位模糊，家庭?成长?摔跤?直到兄妹参赛二选一才有了点起伏，兄妹间的较劲相依，家庭对于子女的庇护，以及个人梦想的自我拉扯，三线合一还算勉强完整，摔跤部分，太三脚猫了。
为家而战 Fighting with My Family,6/10，勉强及格对于对职业摔跤不了解的人来说基本无感。
为家而战 Fighting with My Family,看到巨石强森就赶紧下载去看了，可是大光头只是神一样存在的人物，主角是个很强很倔强的丫头，以前不知道啥是WWE，这个电影算是给我科普了。
为家而战 Fighting with My Family,我没太搞清楚怎么计算输赢。。5
为家而战 Fighting with My Family,6.5分，wwe对我影响挺大的，所以会加一些分。其实这个题材没太多深度可以挖掘，拍成这样也还可以。节奏上有些奇怪，一会顺一会卡顿，有些不舒服，兄妹冲突处理也不是很好，但几场摔跤戏拍的还是不错。当然对于摔角迷来说应该很开心，大秀哥和希莫斯在台下友好斗嘴可能没人见过吧。
为家而战 Fighting with My Family,还行吧，挺工整的结构线，除了导演想面面俱到，有些头重脚轻外，能看。
为家而战 Fighting with My Family,比较老套的励志故事。摔角这种表演性质的比赛冠军没啥说服力嘛。
为家而战 Fighting with My Family,应与同样上周小范围上映的Donnybrook对比，两种极端下的“暴力成分”的表演；无疑更符合社会的是家庭价值观，甚至通过这样的励志对WWE有更好的推广作用
为家而战 Fighting with My Family,我是被封面骗的。
为家而战 Fighting with My Family,普通，相当普通。（但瑟曦在这里是可爱的，我原以为我看见这个演员都会恨得牙痒痒）
为家而战 Fighting with My Family,拍得中规中矩的真实事件励志🐔🥣 有好几处都有被感动到 女主挺可爱的！
为家而战 Fighting with My Family,5.5/10
为家而战 Fighting with My Family,摔角不算体育，天然缺少竞技体育的魅力，就不该当成体育电影来拍.但是show归show，台下也是要十年功的，亮点也恰恰是“比赛”之外的部分.女主选的好！
为家而战 Fighting with My Family,普通水平的电影 感觉剧情稍微有点牵强
为家而战 Fighting with My Family,AMC的Q&A也太惊喜了吧！Paige和Zak本人来了，同场观影的制片人现场和道森FaceTime还把一大姐激动哭了哈哈哈哈哈哈哈哈
为家而战 Fighting with My Family,非常老套段电影，但是台词还是蛮有趣的。
为家而战 Fighting with My Family,7.4
为家而战 Fighting with My Family,敦刻尔克的男孩子真好看！
为家而战 Fighting with My Family,3.5强森只是酱油，不该出现在海报，另外套路还是有点老了，最后，瑟曦很出戏！！
为家而战 Fighting with My Family,get不到题材…以及中间好拖…
为家而战 Fighting with My Family,剧情还是套路，但冲着还原的比赛场景，3.5还是有的。
为家而战 Fighting with My Family,挺一般的，没拍出我想看的东西。其实3p门和伤退之前paige的人生轨迹还不足以拍部传记电影，但目睹过的人都知道paige在wwe那几年绝不是像电影里那样无趣普通，并且有她成功的理由，片子完全弱化了这一块只能强行拉长家庭感情线导致整个角色都像一个提线木偶而且显得非常孱弱。说到wwe，电影居然还是模糊了这项运动的“虚拟与真实”，最后的女冠剧情竟然拍成了传统竞技体育来烘托人物弧线也太假了点。不过paige扮演者几个地方还是很像原型的，相比之下Zelina Vega演的AJ Lee就差太多了。
为家而战 Fighting with My Family,预感可以作为WWE的科普电影，而且是基于女摔跤手的真实故事。
为家而战 Fighting with My Family,摔角，是有剧情的，怎么打，谁赢等。但需要技术好，不然会受伤；要表演好，观众爱看，组办才会让你上，让你拿冠军。算励志电影吧。
为家而战 Fighting with My Family,如果...，如果这部片大卖的话，你要知道这部片是为你而拍的！—— 道恩·强森
为家而战 Fighting with My Family,不是很能代入
为家而战 Fighting with My Family,stereotype和prejudgment这一段还蛮有意思的 其他就...也没多燃。看完找了一段Paige和the bella twins的比赛视频来看，真实比赛比电影里拍的更像show啊lol 完完全全acting 那些move啥的 我还是欣赏不来
为家而战 Fighting with My Family,真事改编，但把Paige奋斗的艰辛给压缩了，感觉好像一蹴而就是的。
为家而战 Fighting with My Family,不加true story 就很尬
为家而战 Fighting with My Family,说是fighting with my family，但是并没有太多和家人并肩作战的感觉…只能说是部太套路的传记片了。
为家而战 Fighting with My Family,剧情老套了，槽点不少
为家而战 Fighting with My Family,还行
为家而战 Fighting with My Family,wwe居然是演的 
为家而战 Fighting with My Family,没什么亮点 很普通
为家而战 Fighting with My Family,打着强森的名头罢了，最多算是客串。不过这种套路的片子已经审美疲劳了……哦对了，瑟曦是亮点！
为家而战 Fighting with My Family,说实话有点看不下去，因为有巨石强森才看的，整体感觉一般，说励志吧，可我毫无感觉，女主的历程不够，╮(╯_╰)╭……仔细想想其实还是个人一直对摔角运动无感的原因吧……
为家而战 Fighting with My Family,就，凑合吧。
为家而战 Fighting with My Family,快进着看完了。另，海报和影片介绍把强森放在那么显眼的位置完全是挂羊头卖狗肉。
为家而战 Fighting with My Family,家庭喜剧片。题材很特别，不太符合大众主流。
为家而战 Fighting with My Family,還行把，缺點應該是結尾太快把。
为家而战 Fighting with My Family,励志片……
为家而战 Fighting with My Family,兄妹冲突那有点尴
为家而战 Fighting with My Family,不是摔跤粉丝的我看不懂欣赏不来的这种竞技，电影透露的女主的成长和不管做什么事情都需要的毅力和勇气，值得一看。面对自己的弱点和正视他人的优点，帮助自己成长。为此真实故事女主点赞
为家而战 Fighting with My Family,19.07.03   ★并不是每个人的传记都是一段好故事  ★主角真实的经历往往比电影出彩的多
为家而战 Fighting with My Family,在看之前，对WWE的印象都是暴力的运动；看完之后，原来摔跤也可以那么美。
为家而战 Fighting with My Family,"• rock台词功底很好，真正成长为大块头有大智慧
• 女主弟弟是谁，很眼熟
• wwe、simpons、x-files是20年前英语学习的动力，致敬青春"
为家而战 Fighting with My Family,WWE宣传片
为家而战 Fighting with My Family,喜欢女主，刚看了她的女鼓手，刚硬倔强，适合演这摔角冠军
丽兹 Lizzie,Sundance 2018 SLC Grand Theatre. 暮光女的演技能摧枯拉朽拉掉了整整一颗星。女主又给掰回来半颗。改编历史故事为当代主流女权政治背书，非常聪明地迎合时宜，略刻意。
丽兹 Lizzie,裸女斧砍父亲和继母的故事我就想考究她最后干嘛非赤身裸体杀人
丽兹 Lizzie,以前总觉得Chloë Sevigny是被年少成名而耽误的，但最近几年慢慢改变了这个偏见。至于小K，她的颜真是一种精致的瘫，瘫得刚刚好。“古代（过去）为我们而存在，而我们却不是为古代（过去）而存在的。我们从来不是，也永远不会是。”
丽兹 Lizzie,"Sundance Film Festival 2018 @ SLC The Grand Theater 1.21.2018 Shot in Savannah, GA. 中规中矩略graphic. Chloe和KS杀人前先把衣服脱光也是可以了"
丽兹 Lizzie,丽兹与布丽吉之间的情愫还是太寡淡了，以至于她们之间的分裂和不可触及实在难以打动人。
丽兹 Lizzie,拍得挺差了... 背景考据多做一点点都是好的啊为什么不
丽兹 Lizzie,这不能算是传记，这根本是戏说，创作者的脑洞挺大的，在基于真实之上扩展出另外一个故事背景，尤其女同元素的加入，相当的刻意，导致整个电影都站不住脚了，缺少说服力了。倒是喜欢科洛·塞维尼的表演，她似乎总是能给驾驭这种神神叨叨的角色，克里斯汀·斯图尔特也很棒，不过两个人都被故事拖了后腿。
丽兹 Lizzie,"不算是很严肃正统的传记吧
影片讲述了震惊全美的“裸女砍父事件”
故事聚焦Lizzie为什么残忍杀害了父亲与继母
她是残忍 也最可悲
人性在极端处境下 的确会爆发出残忍的一面
争议的点是 在当时那个年代 凶手因为稳固的社会地位和外表柔弱 当即被无罪释放
而这些显然不能为人性罪恶和自私的弱点担保
丽兹在同代人间 其实是具有超前意识的
只可惜退无可退的她 选择了最残忍的办法
成功逃脱法律制裁的她 还是孤独终老"
丽兹 Lizzie,简直勉强的给到三星 …… 看在俩都裸胸了的份上 orz 
丽兹 Lizzie,完全看不出情从何起，唯一值得看的点就是杀母弑父那里了
丽兹 Lizzie,小k怎么演什么什么就出戏，同样是没有表情的演戏，女主就很优秀。
丽兹 Lizzie,用了两个最好的演员，片子却非常平庸，甚至可以说寒碜。即便是这种小故事，也可以彰显格局，可这个没做到。记得从前克里斯蒂娜里奇演过剧版，都比这种苦情抗争蕾丝路线要有趣。
丽兹 Lizzie,平淡无奇（除了脱衣杀人）。小k感觉演技没超越了，还是那种拽酷样，有点违和。
丽兹 Lizzie,你k的演技…不可说🙄️🙄️🙄️
丽兹 Lizzie,阴诡缥缈。小k真的很喜欢演这种恬静的文艺片角色尽管并不适合，不过这次演技有进步。两女主气质太相近没有cp感。
丽兹 Lizzie,很美的裸体。
丽兹 Lizzie,小K不适合柔弱
丽兹 Lizzie,原型的故事性真的太强了 只是这样一个残忍血腥的案件好像不适合太过文艺的手法来完成 一丝不挂的背后可能也是对父权男权的抗争 女同线拍得不是很好
丽兹 Lizzie,绝望之人在绝望处相逢 互相依靠争取获得改变的机会 
丽兹 Lizzie,本片依据历史故事改编。Lizzie Borden是19世纪初美国那起著名的斧杀双亲事件的主要嫌犯。但是基于当时的法律理念和技术水平，还无法确认她就是凶手。在本片中，科洛·塞维尼和克里斯汀·斯图尔特联袂出演，而且都奉献了裸戏。相对而言，饰演丽兹的科洛表现更胜一筹。冷酷、麻木、恐惧、失控，尽在其中。
丽兹 Lizzie,三星半，情结弱了些，结局仓促，低于预期。倒叙的手法、色调很喜欢。
丽兹 Lizzie,无论是影片还是影评们复述的真实事件，都没提到丽兹杀人的证据？莫名其妙就被审判了？没有什么确凿证据却拍了这么多部丽兹杀人魔的片？
丽兹 Lizzie,砍人时为啥一丝不挂？囧rz
丽兹 Lizzie,唯一可圈可点的是配乐 但搭配如此平淡的故事和画面配乐太宏大了。两女主下楼梯塞纸条片段配乐简直直接偷的Carol。and 女主太丑了
丽兹 Lizzie,Kristen Stewart的演技跟 Chloë Sevigny一比真是相形見拙……
丽兹 Lizzie,Lizzie因柔弱形象与缺乏证据获无罪释放。请问柔弱形象在哪儿？感觉这个故事可以改编的更有看头的，反正都是要改编嘛……因为小K看的，K没让我失望。
丽兹 Lizzie,纯为了看克里斯汀
丽兹 Lizzie,女权
丽兹 Lizzie,Chole要是再年轻十岁演女主比较合适，K真的太不适合演女仆了，船戏那么娴熟…
丽兹 Lizzie,这裸得太突然了
丽兹 Lizzie,故事铺垫还行，但是太平了，导致好不容易垫到弑父情节，情绪也不是太高昂——
丽兹 Lizzie,又美又渣的人设也是没谁了
丽兹 Lizzie,K姐的颜我是吃的 但是这姐的演技跟仆人真的是没有半毛钱关系。。。
丽兹 Lizzie,确认过眼神，你是能干出这种事儿的人。
丽兹 Lizzie,#LFF18# K很好，Chole也很好，但两个人摆一起就是各种别扭，尤其是sex戏份，真是尴尬出屏幕了。选角太有问题了，K真的不适合这样的。but hey， at least she showed her tits， for no reason......
丽兹 Lizzie,变态色鬼老爸拿刀砍鸽子的头的时候，我内心一万个cnm
丽兹 Lizzie,在这片屋檐下，女儿出门是父亲的恩赐，女佣改名是继母的无理，学会懂事是女人的宿命。想逃脱，受钱财所困，想偷生，被顽疾所扰。唯有褪去这华丽的衣裳，提起带血的斧头，砍断这操蛋的亲情。对她，不知是真是假，似情非爱，各种扑朔迷离，留给后人诉说。
丽兹 Lizzie,题材狠
丽兹 Lizzie,一個生於18世紀的女孩，她敢愛上另一個女孩，卻不敢為她殺人。而明明前者需要更大勇氣。歸根究底，無所謂敢與不敢，分別只有愛與不愛。
丽兹 Lizzie,老相好的有钱人家小姐，身材真好。除了挥动斧头弑父和砍鸽子头，通篇克制得令人窒息
丽兹 Lizzie,觉得应该是一个很棒的题材 但也不知道是叙述有些生硬还是延展性不够，或小k的温柔选角失败或伪文艺片 太刻意了  以至于看完时有种“额怎么会这样”的不解
丽兹 Lizzie,有点昏昏欲睡啊，改日看看电视剧版吧
丽兹 Lizzie,老K演技完全无法使她演个温顺的女仆，一个人的女权到最后有点凄惨，its not easy to make your life a paradise
丽兹 Lizzie,或许压抑的太久是会突然爆发的，这本就是人性的特点之一。
丽兹 Lizzie,如果不是因为某些镜头，我大概要把这片从珍贵的硬盘空间里删掉。
丽兹 Lizzie,前半段平淡无奇，结尾莫名其妙，杀人就杀人，why naked???
丽兹 Lizzie,杀人犯洗白，还是逼着人犯罪？
丽兹 Lizzie,你K耳朵红得(九成熟)快掉下来噜，原谅她的表演和Chloe一对比就显得单一缺层次
丽兹 Lizzie,剪辑Ref. 弑父片段
丽兹 Lizzie,这个故事之前被讲了很多次，其中对父权反抗，暴力血腥，改编自真实事件等元素无疑是如今电影人的心头好，这部作品又加上百合和裸露元素，可故事还是讲得很单薄。
丽兹 Lizzie,在新版的牡丹花下之后很难更糟了
丽兹 Lizzie,我觉得我问了太多个为什么，感受是好仓促又好不连贯
丽兹 Lizzie,表演挺好的(Stewart除外) 光着杀人挺好的
丽兹 Lizzie,19世纪末轰动一时的谋杀案的女权主义解读，批判了了男权、父权体制对女性个体的扭曲与异化，具有极强的现实意义。配乐设置很有技巧，大段留白佐以短促爆发。和静止的镜头一同渲染了压抑、窒息的氛围。但除结尾富有张力外，整体进展缓慢，女同情节缺乏铺垫与展开，颇显突兀。
丽兹 Lizzie,暮光女依旧停留在暮光女时代，并没有进步，硬生生给电影拉低了分数
丽兹 Lizzie,总感觉爆点不足，K的形象不太像女仆啊，反倒是女主，越看越耐看
丽兹 Lizzie,2441
丽兹 Lizzie,就为了看一眼。。
丽兹 Lizzie,啥玩意儿啊我的妈呀
丽兹 Lizzie,真人真事的恐怖童谣
丽兹与迪克 Liz & Dick,"流于表面的演技和上世纪最轰动的爱情故事 请别责怪我对爱情和珠宝保持同等的兴趣，30年来我一直都是这样，所以也请别期望我能改变。”
我很容易假戏真做，别相信我的爱，它是灾难。”他和她一样，拥有的是成人的身体、孩子的头脑。他不但不退缩，反而爱得更坚决
我爱你，不管我们在不在…一起"
丽兹与迪克 Liz & Dick,这种流水账的表达还真算不上一部电影，八卦了玉婆生命中最重要的一段情史。纠缠了那么久，曲终人散的时候，生命的一部分也随风而逝了。
丽兹与迪克 Liz & Dick,额啊不知道怎么说好....................
丽兹与迪克 Liz & Dick,戏如人生...故事整体过渡的有点快，还有人物塑造的不够饱满。。PS：lindsay 脸好肿啊
丽兹与迪克 Liz & Dick,Lindsay Lohan的皮肤及珠宝是亮点
丽兹与迪克 Liz & Dick,居然是LL，完全没认出来。最后那段还是有些揪心。
丽兹与迪克 Liz & Dick,声音和妆容有点像，但是她的口语腔和身体语言做得不到位。Elizabeth Taylor还是有点英国腔的，而且她的姿态是慢条斯理的。  -- 2013-6-27
丽兹与迪克 Liz & Dick,哎 看到林赛的脸就很难看下去 
丽兹与迪克 Liz & Dick,有几个瞬间真的可以假乱真，但大多数时间看到的还是LiLo
丽兹与迪克 Liz & Dick,拍的还行；琳赛你怎么了
丽兹与迪克 Liz & Dick,琳赛罗汉现在的脸实在是和【蓝紫色的眼睛，熟透的李子，柔软的嘴唇】没有关系~也许她想表现出自己和伊丽莎白泰勒的共鸣，那些被流言蜚语，童星生涯，酒精所迷乱的低潮，很可惜假睫毛，浮肿的面孔，大胸，成就不了她
丽兹与迪克 Liz & Dick,很满意罗韩版玉婆的服饰，很不满意她的表演，从头到尾都像一个少女在竭力装熟妇，而且还没装好。
丽兹与迪克 Liz & Dick,用单纯的黑屏来分割每一段时间太突兀，也许是对泰勒跟伯顿的十几年时光期待了些，以至于，看完变得失望，流水账，无法感同身受。。
丽兹与迪克 Liz & Dick,Lilo的肥增得有点过度啊。
丽兹与迪克 Liz & Dick,作为传记电影并不差 只能说人flop之后必然墙倒众人推
丽兹与迪克 Liz & Dick,还行～
丽兹与迪克 Liz & Dick,感觉像一场节奏混乱的闹剧。
丽兹与迪克 Liz & Dick,泰勒的一段感情史
丽兹与迪克 Liz & Dick,作为lilo出狱后的电影，指望翻身还是不太可能了，不过还是很美。就是胖了，少减点，不过不减也没关系。这部电影剧情太多，内容太短，lilo选点好的剧本。我每看见mean girl的同辈演了这些演了那些，真是为你气死。
丽兹与迪克 Liz & Dick,影片拍得略显廉价，同样是表现上个世纪轰动的爱情故事，麦姐拍的W.E综合分数高出很多。
丽兹与迪克 Liz & Dick,不太了解泰勒的感情生活，感情纠葛看得好累呀。
丽兹与迪克 Liz & Dick,not afraid to love~that's the most beautiful thing~
丽兹与迪克 Liz & Dick,演别人的故事，不是伊莉萨白和理查德。
丽兹与迪克 Liz & Dick,An affair born in betrayal will end in ashes. 影片故事算是流畅，两位巨星如何分分合合，原因也讲的很清楚。他们都那么骄傲，自恋至死，又爱得撕心裂肺，必然是燃尽了力气。身处一个追逐名利的圈子里，谁又比谁更加自卑呢？最喜欢他们第一次分手后，在瑞士一家湖畔咖啡馆再见面的那一场戏，小心翼翼的挽回，“这一切能过去吗？为什么感觉永远也不会？” Never say never again. 没有什么矢志不渝，不过是到手了觉得闷，放手了又心酸。（女主角也有几分神似，感情戏演的不错。男主角略逊色一些，跟Richard Burton的忧郁高贵气质没法比。）
丽兹与迪克 Liz & Dick,LL根本不能有taylor的感觉啊 我不吐槽了 打三星还算手软了
丽兹与迪克 Liz & Dick,LILO我是喜欢的，一直以来，但是这部片儿本身太烂。
丽兹与迪克 Liz & Dick,雀斑女滚粗。。
丽兹与迪克 Liz & Dick,有几个造型还蛮像的
丽兹与迪克 Liz & Dick,女主把伊丽莎白·泰勒演得好风尘好没气质！
丽兹与迪克 Liz & Dick,林赛风格的泰勒挺好的。。。
丽兹与迪克 Liz & Dick,林赛罗韩那张嘴估计是整过了。。实在不忍心打两颗星。
丽兹与迪克 Liz & Dick,这就算孽缘吗？
丽兹与迪克 Liz & Dick,不容易
丽兹与迪克 Liz & Dick,哗啦啦的流水账。LILO明明身材已经根棒了为什么脸那么肿啦
丽兹与迪克 Liz & Dick,人不能太过放纵生活
丽兹与迪克 Liz & Dick,埃及艳后
丽兹与迪克 Liz & Dick,琳赛还是演邻家女孩好，浓妆不适合他，埃及艳后那场戏好像异装癖。。。
丽兹与迪克 Liz & Dick,看完没什么感觉，就喜欢林赛而已
丽兹与迪克 Liz & Dick,"下午电视上演的 刚才出去打雪仗回来看了个后半段。
虚荣与欲望  凌乱 的虚荣与欲望......"
丽兹与迪克 Liz & Dick,原来是电视剧的 怪不得当中剪辑会有点断  但是虽然如此 我觉得LINDSAY演的很好啊 为什么有那么多人喷，演技都很到位而且也神似。唯一的不足就是觉得一段段剧集连起来成电影看会有点不自然的感觉~
丽兹与迪克 Liz & Dick,传记片的叙述手法需要真实和侧重点，演员不仅要形似，还应该将个性发挥极致，lindsay做到了，真心喜欢这个女孩，希望现实中的她快点领悟如何主宰自己的人生。
丽兹与迪克 Liz & Dick,太任性的爱不太美好
丽兹与迪克 Liz & Dick,虽说是泰勒和伯顿，但是这算是寨版的纪录片？我看看就行，你们就别浪费时间了...
丽兹与迪克 Liz & Dick,一般像吧
丽兹与迪克 Liz & Dick,扮相是真的好，演技是真的弱。莫名其妙地爱情来了，莫名其妙地闹翻天了，莫名其妙地男主死了。我不喜欢这种只追求形似，完全没有精神主旨的人物传记片。整一个莫名其妙。。。
丽兹与迪克 Liz & Dick,客观点说，确实没有泰勒的高雅，影片也一般，但是琳赛真的很魅，是我喜欢的那种类型的女人。骨子里的魅惑。
丽兹与迪克 Liz & Dick,他们的爱天雷地火！过于散乱了，作为一部伊丽莎白.泰勒和理查.伯顿16年的爱情传记，犯了《铁娘子》一样的毛病，影像堆积，其实像《与梦露的一周》那样只截取篇章或许更为出彩，片子的八卦爆点不少！原来《灵欲春霄》泰勒为了怕伯顿失意奥斯卡，选择没有参加啊！可怜伯顿，一生7次提名一次未中！
丽兹与迪克 Liz & Dick,呃。。。女演员的皮肤真的很不好
丽兹与迪克 Liz & Dick,本来不讨厌伊丽莎白泰勒，看了这个片子，简直觉得她原来是这么差的人吗？所以Lindsay Lohan真是毁人不卷，演员本身品质的欠缺也烙印在塑造的人物身上。太遗憾了。
丽兹与迪克 Liz & Dick,和去年的MyWk&Marilyn一样。谁能演好莱坞曾经最美的女子最美的紫罗兰眼睛。和伯顿的二度婚姻两个人性格如此相似火爆爱的死去活来。埃及艳后成就世纪之恋弗吉尼亚是最写实的电影。LL就这么被负面新闻毁了童星魔咒和玉婆一点边都搭不上妆画的更不入目。男主角基本忽略。
丽兹与迪克 Liz & Dick,#观影手记# 1229 俩演员自说自话，完全没互动的，哪里有爱？化妆还不错。流水账都没记清楚。泰勒不是说她只和自己的丈夫上床的吗~？
丽兹与迪克 Liz & Dick,过分曝光的私生活的缩影。
丽兹与迪克 Liz & Dick,脑残粉同认为LL圆滚滚且微调过度的脸确实演不出玉婆 从电影的角度 Liz&Dick的故事也完全可以讲得更好
丽兹与迪克 Liz & Dick,勇气可嘉
丽兹与迪克 Liz & Dick,虽然伊丽莎白泰勒我也不熟，但是你个肤浅淫乱的小太妹，真的不配
丽兹与迪克 Liz & Dick,琳賽羅漢發生什麼事
丽兹与迪克 Liz & Dick,2012-12-08 不太明白重现名人生活特别是狂热爱情的看点何在。林赛·罗汉的表演并无亮点，只是在流露自身的特点如肆意妄为，这是其在 Mean Girls 中成功的原因，但却和伊丽莎白·泰勒的谨慎端庄完全相悖。她这一代和上一代好莱坞演员除了巨大的名声之外，豪无相通之处。
丽兹与迪克 Liz & Dick,很粗糙，LL完全不像，而且一身雀斑。。。
丽兹与迪克 Liz & Dick,此片是来让大家讨厌泰勒的吗？
丽兹与迪克 Liz & Dick,什么乱七八糟的。
义海倾情 Wyatt Earp,本来只想给两星，包皮过长，逻辑到处错位，情节云里雾里，要不是因为我了解厄普的故事，估计还有不少摸不着头脑的地方，选角也很不咋滴。多一星给音乐。
义海倾情 Wyatt Earp,3小时片长，竟然还会觉得怀厄尔普的人生每个片段都是支离破碎，缺乏合理的铺垫转换。例如：老婆倒地前，何故争吵？读法律，当执法者，却突然想到外地发财？到外地图财了，为什么还要在外地执法树敌？兄弟如手足，老婆如衣服，既然是副线，那妓女情人自杀剧情为何再三上演，对人物塑造剧情发展有何帮助？非常喜欢《天地无限》，事实证明，西部电影中，凯文·科斯特纳适合当赶牛人，当警长还是不够英武。
义海倾情 Wyatt Earp,凯文·科斯特纳主演的西部片，与前几天看的《墓碑镇》一样以西部传奇警长怀特·厄普为题材，这部更详尽些，差不多是怀特·厄普传记了。
义海倾情 Wyatt Earp,搞不懂墓碑镇为何出名。。。
义海倾情 Wyatt Earp,有些冗长，趣味性一般，笑点泪点一般
义海倾情 Wyatt Earp,平庸冗长。虽然更注重情感，但同样讲述怀特·厄普的故事，我更喜欢《西拉瓦多大决战》
义海倾情 Wyatt Earp,a little too long
义海倾情 Wyatt Earp,黑暗的人生，后牛仔时代。
义海倾情 Wyatt Earp,读大学时候看到，印象还不错～
义海倾情 Wyatt Earp,一个半小时的好电影 被拖成了三个多小时的裹脚布
义海倾情 Wyatt Earp,ｓｏ　．．．．．．．．．．．．．　ｌｏｎｇ　故事讲得不好　
义海倾情 Wyatt Earp,比墓碑镇差点。。。
义海倾情 Wyatt Earp,传奇西部警长Wyatt Earp的史诗，三个多小时真是长~
义海倾情 Wyatt Earp,不懂西部片，不过Holliday……Oh Doc！太苦情了好吗！
义海倾情 Wyatt Earp,能与《燃情岁月》媲美的故事  太“大气”的音乐  西部片标配的镜头  屎样的剪辑  凯文演这种片子没有那种大气  让人热血喷张的感觉
义海倾情 Wyatt Earp,太长了...
义海倾情 Wyatt Earp,很培养耐心
义海倾情 Wyatt Earp,长达190分钟的流水帐
义海倾情 Wyatt Earp,又臭又长的西部片，最近看多了。
义海倾情 Wyatt Earp,你可以叫我怀特，也可以叫我厄普，就是不要叫我怀特厄普……
义海倾情 Wyatt Earp,有野心，却不理想。一个传奇不一定拍得越长越好，好的叫史诗，不好的就成了裹脚布，支离破碎的人生历程叫人难以忍受。
义海倾情 Wyatt Earp,他们的服饰真是太酷了。规则法律的维持需要大家共同的认同与尊重，但总有人挑战底线，所以需要武力等利益来保障，靠道德自觉等是很难的，我也是深有体会（之前本科在宿舍制定到点按时睡觉，但总是被突破底线）。规则建立的初期总是艰难的，总需要东西来压制，但至少是向野蛮的远离、文明的靠近。
义海倾情 Wyatt Earp,还行吧 就这样吧
义海倾情 Wyatt Earp,印象最深的角色竟然是影片前期在赌场站在怀亚特身边的Sally……看完好怀念大地惊雷
义海倾情 Wyatt Earp,支离破碎，丹尼斯奎德瘦的跟鬼一样
义海倾情 Wyatt Earp,仅看到一部分
义海倾情 Wyatt Earp,3个小时的传记，有些冗长，主次不明，有些像流水账，但依然有科斯特纳的特色，有一定的可看性
义海倾情 Wyatt Earp,如果不了解背景的话会感觉剧情比较跳跃
义海倾情 Wyatt Earp,叙事节奏不是很对，剪辑凌乱
义海倾情 Wyatt Earp,为人腐败，地位却无可动摇！
义海倾情 Wyatt Earp,流水账。风景和道具美。
义海倾情 Wyatt Earp,怀特似乎有点道德瑕疵
义海倾情 Wyatt Earp,给画面和摄影。
义海倾情 Wyatt Earp,众多以厄普警长为题材的片子中的一部，但本片更具有传记性
义海倾情 Wyatt Earp,相当冗长的一部电影，可能是这半学期都在研究厄普警长的一生于是已经熟悉所有电影套路，也可能是和上周tombstone太过相似却非要用三个多小时来讲一部支离破碎的故事，也有可能是同样是时长感人长达四个小时的美国往事在前，所以对这部影片整体而言评价不高，但是平心而论也不失为一部佳片。
义海倾情 Wyatt Earp,是有多装逼……
义海倾情 Wyatt Earp,和93版的不能比啊
义海倾情 Wyatt Earp,还是快进了
义海倾情 Wyatt Earp,就算是KC的出演还是没能让我想通为嘛在剧中有那么多女的为了Wyatt要死要活的，配乐大赞（超有Dances With Wolves的赶脚，Kevin的电影配乐都蛮好的）
义海倾情 Wyatt Earp,"凯文·科斯特纳版的《墓碑镇》,丹尼斯·奎德演的达克好乐迪还是可以和方基默版有的一比"
义海倾情 Wyatt Earp,"凯文·科斯特纳版的《墓碑镇》,丹尼斯·奎德演的达克好乐迪还是可以和方基默版有的一比"
义海倾情 Wyatt Earp,7.0/10。摄影流畅到位，配乐不能算作经典却也能够渲染情绪，情节拖踏但不无趣，气氛轻松看着不累，表演中规中矩但也不坏，逻辑是有问题但人物动机也比较明确，高潮戏更不能说没有只是都压得比较后面。结尾加分：再完美的英雄事迹都有添油加醋的部份。PS：父亲真是怀特一生中最伟大的角色！
义海倾情 Wyatt Earp,一般
义海倾情 Wyatt Earp,"一个人的一生总是会有好有坏的。最重要的是知道什么是自己想要的。还有觉得西部英雄片就是恨的循环，你杀我，我杀你，英雄何谈？最后的疑问是：怀特一生都没有受过枪伤吗？太假了 
"
义海倾情 Wyatt Earp,借用短评一句话：“这是怎样的自恋造就了3小时又10分钟的（凯文·科斯特纳式）个人英雄主义膨胀”。美妆也别费劲给满脸赘肉和褶子横行的科斯特纳化成十几岁勇敢骚年，怎么看都不像是JC的哥哥...Isabella Rossellini和Catherine O'Hara的酱油很亏，导演给多少出镜费？
义海倾情 Wyatt Earp,一个人的一生总是会有好有坏的。最重要的是知道什么是自己想要的。还有觉得西部英雄片就是恨的循环，你杀我，我杀你，英雄何谈？最后的疑问是：怀特一生都没有受过枪伤吗？太假了
义海倾情 Wyatt Earp,到墓碑镇叫醒我吧醒了又差点睡着了。和这个一对比93版就是热血浪漫的史诗。凯文科斯特纳再怎么喜欢西部片，他的气质还是太肉了，糙不起来。就算没方寂寞，丹尼斯奎德也是平凡鬼祟，老气横秋。Wyatt他爸是吉恩哈克曼小弟弟是吉姆卡维泽，好可惜。
义海倾情 Wyatt Earp,憨厚老实的Wyatt，凶神恶煞的Doc……这演员选得太不合适了。
义海倾情 Wyatt Earp,身临其境 @ Tombstone。。。
义海倾情 Wyatt Earp,"长达三个小时，恨不得从wyatt婴儿时期讲起，剧情真j8拖沓冗长，每个段落都看的一头雾水，剧情都是断崖式发展，拍的真垃圾
勉强最多给两颗星"
义海倾情 Wyatt Earp,流水账里也算比较差的
义海倾情 Wyatt Earp,本片获第67届奥斯卡最佳摄影提名。人物传记影片，虽然描述的是人物的一生，起码也要突出重点啊！这样抓不住重点的泛泛而谈，拍上十个小时也拍不完。三个多小时的片长我花了4天才看完……而且过后还不记得看了什么。。。
义海倾情 Wyatt Earp,情节设置极不合理，人物对话矫情，观影感受和看国内三流电视剧的尴尬感类似
义海倾情 Wyatt Earp,一个人情感丰富了，就不容易得到同情了
义海倾情 Wyatt Earp,悶啊...
义海倾情 Wyatt Earp,要有多自恋，才能一直拍这种3个多小时的电影，而且还那么拖沓无趣...
义海倾情 Wyatt Earp,这才是我想看的电影，有情节有感动，实实在在的享受。相比现在新拍的好莱坞电影，虽然没什么炫目的电脑特技和悦耳的音效，但却显现出震撼人心的大气。凯文·科斯特纳早期的电影都很长，《与狼共舞》4小时，《刺杀肯尼迪》4小时，这部《义海倾情》也到达了3小时。看下来都十分过瘾，剧情饱满，叙事流畅，有情有义，西部片中的经典。
义海倾情 Wyatt Earp,"""When you find yourself in a fight with such viciousness, hit first if you can.  And when you do hit, hit to kill."""
义海倾情 Wyatt Earp,"重温2015.12.30
拍得异常稳健，展现了一个多世纪前美国西部的野蛮与豪情，对Wyatt Earp这位传奇人物的塑造层次丰富、不落俗套。（最后字幕显示Doc Holiday死时只有36岁，真的惊到我了。）"
义海倾情 Wyatt Earp,传记典范！！音乐好，节奏好，枪战也有创新
乔治亚·奥基弗 Georgia O'Keeffe,欧姬芙暴躁古怪，酷得像一个男人。琼.艾伦模样虽近，却满脸的柔软慈悲。女画家的世俗成功，无关才华实力，始于一个男人事先不打招呼的预谋，以陷阱的方式精心推出，向大众展示她的阴毛与乳房。她抗拒方式，却没能抗拒成功；欣然笑纳成功也默许了方式，以便秀出她身上原本并不存在的，由他人策划的不凡.
乔治亚·奥基弗 Georgia O'Keeffe,传记
乔治亚·奥基弗 Georgia O'Keeffe,艺术家结婚就是悲剧各种被利用。
乔治亚·奥基弗 Georgia O'Keeffe,jeremy irons演的真好
乔治亚·奥基弗 Georgia O'Keeffe,兩位男女主角的老牌演員，拍的得心應手，可惜劇本似乎少了些張力，未如預期的那麼精采，但就一部傳記電影來看，似乎仍可藉此多了解一些這位女畫家。
乔治亚·奥基弗 Georgia O'Keeffe,同是画家，法国那个花开花落更震撼点。大概尽管都是画，但人生机遇不同，感情和感受也很不一样吧。
乔治亚·奥基弗 Georgia O'Keeffe,艺术家的生活看来都是类似的
乔治亚·奥基弗 Georgia O'Keeffe,"To live by your own vision,in the end,that's all you have.Lose it ,you lose yourself and everything else."
乔治亚·奥基弗 Georgia O'Keeffe,不明白为毛还在一起。都公开劈腿了还love来love去的，好意思说吗？
乔治亚·奥基弗 Georgia O'Keeffe,这一部让我想到张爱玲和胡兰成。。。只是，张胡是本家风味；这一对，在现代的名义下和新墨西哥州的沙漠里，多了些苍茫的大气。另，欧姬芙的画真好
乔治亚·奥基弗 Georgia O'Keeffe,真的真的没想到okeefe和stiglitz居然还有一段情。感觉虽然都是当代艺术奠基人物，但是想到他们两个来自不同的领域却互相欣赏 影响 嫉妒实在是奇葩
乔治亚·奥基弗 Georgia O'Keeffe,Joan Allen足够优雅瘦削，但总觉得少股子凌厉之气；Jemery Irons倒是神似Alfred Stieglitz。再心灵契合的伴侣，也难免会被世俗爱情中的不忠所影响。女人放下身段的忍耐谦卑毕竟有限度，在暴日骄阳的荒漠里寻找到更广阔完整的自我才是灵魂的真正提升吧~
乔治亚·奥基弗 Georgia O'Keeffe,没懂里边说的对georgia的伤害到底是什么
乔治亚·奥基弗 Georgia O'Keeffe,重核硬糖变身成了抹蜜小清新哦这是
乔治亚·奥基弗 Georgia O'Keeffe,"他们俩都深爱艺术和彼此。But,他爱艺术多于她，她爱他多于艺术。But,他们其实都更爱自己吧。"
乔治亚·奥基弗 Georgia O'Keeffe,一个有魅力的女人，傍上大自己24岁的男人，靠出卖自己的裸照出名。之后无所顾忌的享受人生比如吃比自己小50岁的嫩草。奇葩说那个叫苏紫紫的应该以此为偶像
乔治亚·奥基弗 Georgia O'Keeffe,这个男人还是有很多观念非常超前的，比如让小三和原配一起过，比如拍妻子的私处再搞成摄影展，比如拥护夫妻间“出轨自由权”。他之于O'Keeffe就像萨特之于波伏娃，如果没有遇上这样的人渣，受过这般简直是悲壮惨烈的精神折磨，她们也不会成其为她们；但又值得女人羡慕么？我不知道。
乔治亚·奥基弗 Georgia O'Keeffe,敢爱敢恨的女人  你的生命属于你自己
乔治亚·奥基弗 Georgia O'Keeffe,"“I miss U,虽然我已经决定离开你” ---O’Keeffe.

哭到不能停的电影，重演或预言故事的全部。一个以前看似完美故事的另一幕，一个其实也并不真实的故事，一个牺牲真实来迎合我故事的故事。
	
“经常性的摩擦，一如海洋潮来潮往，仿佛有些什么炙热的，阴暗的，具破坏性的东"
乔治亚·奥基弗 Georgia O'Keeffe,苍老…无趣
乔治亚·奥基弗 Georgia O'Keeffe,ʕ•̫͡•ʕ*̫͡*ʕ•͓͡•ʔ-̫͡-ʕ•̫͡•ʔ*̫͡*ʔ-̫͡-ʔ，还可以更好。
乔治亚·奥基弗 Georgia O'Keeffe,不是传记大片，是传记小品，音乐画面节奏情绪都很美，Irons真是天才演员
乔治亚·奥基弗 Georgia O'Keeffe,还是看书吧，没有把欧姬芙最美的特质展现出来
乔治亚·奥基弗 Georgia O'Keeffe,人物形象太单薄了，欧姬芙刻画得并不立体，铁叔又是一个被嫌弃的老男人 ╮(╯_╰)╭
乔治亚·奥基弗 Georgia O'Keeffe,喜欢开头的独白。
乔治亚·奥基弗 Georgia O'Keeffe,居然可以拍得那麼平淡，我真是服了。
乔治亚·奥基弗 Georgia O'Keeffe,你脾气古怪，酷的像个男人。既是低下头，也有一颗无法被驯服的心。 .
乔治亚·奥基弗 Georgia O'Keeffe,挺失望的
乔治亚·奥基弗 Georgia O'Keeffe,一直在想传记电影要干嘛，对于人物是再现还是展现，最终可能没有完美的点，只好将某个转折点包装一下，这片是帅气的服装。本来一个大女人的形象，落到了“俗”的地方，这样一个自由到可爱的女人不应该有一个情“人”，当然最后她自省了。但如此勇敢的具有原始力量的女人还是委屈给一个糟心的男人，不该
乔治亚·奥基弗 Georgia O'Keeffe,几个女人围着一个糟老头争风吃醋，无聊。
乔治亚·奥基弗 Georgia O'Keeffe,廉颇老矣，不知饭否?
乔治亚·奥基弗 Georgia O'Keeffe,新年第一部。镜头语言真的还不如再早之前的纪录片，欧姬芙本人的形象塑造也偏离真实。主演本人真的看过欧姬芙那些酷酷的照片上酷酷的表情吗……anyway，这部电影依然是于我而言最有仪式感的跨年动作。
乔治亚·奥基弗 Georgia O'Keeffe,"I don't know they both are brilliant artists, I took A as a greedy and irresponsible husband..."
乔治亚·奥基弗 Georgia O'Keeffe,两个演员都不让人满意，情感爆发的太突兀，相互折磨的太肤浅
乔治亚·奥基弗 Georgia O'Keeffe,很压抑甚至有点窒息的一部中老年艺术家文艺片
乔治亚·奥基弗 Georgia O'Keeffe,JEREMY IRONS的爱因斯坦扮相！
乔治亚·奥基弗 Georgia O'Keeffe,两位（或两代）造星者的情感纠葛。
乔治亚·奥基弗 Georgia O'Keeffe,从照片上揣摩人的性情是缺乏根据的，传记片强求形似也不理智，但是琼艾伦就是不像啊！整部都在关注人事和情感，对艺术本身入手的太少了，也许因为太难？至少多花点心思展现一下新墨西哥州也好啊，那么强烈地冲击了奥基芙的景观。
乔治亚·奥基弗 Georgia O'Keeffe,都多大岁数了 还风花雪月的。。。我是get不到point。。。我是觉得这片子很俗套。。要女权没女权 就一些比较文艺的对白罢了。。大叔大妈实在没啥看头
乔治亚·奥基弗 Georgia O'Keeffe,不喜欢
乔治亚·奥基弗 Georgia O'Keeffe,一个擅长描绘苍凉内陆景观的女画家的爱情故事，内心的强大与坚韧能够抵御一切创伤，而只有宽容的心才能愈合创伤后留下的疤痕。女主角过多的锋芒注定了其婚姻不幸——即使是再默契的两颗心遭遇如此的才情与个性也会渐行渐远。很钦佩O‘Keeffe完美的独立人格。
乔治亚·奥基弗 Georgia O'Keeffe,看她在画巨幅花卉时，无法抑制泪水，想起陈丹青说，画不重要，画画时的情绪重要
乔治亚·奥基弗 Georgia O'Keeffe,特别羡慕那些生有才华的人，那是他们几辈子积累下来的。
乔治亚·奥基弗 Georgia O'Keeffe,艺术家的世界我不懂。。。。
乔治亚·奥基弗 Georgia O'Keeffe,太多感情纠葛的描写。。。草草收尾也让人猝不及防。
乔治亚·奥基弗 Georgia O'Keeffe,妈呀，铁铁简直了，太会演了，太美，太帅！
乔治亚·奥基弗 Georgia O'Keeffe,欧姬芙暴躁古怪，酷得像一个男人。琼.艾伦模样虽近，却满脸的柔软慈悲。
乔治亚·奥基弗 Georgia O'Keeffe,比［弗里达］好！
乔治亚·奥基弗 Georgia O'Keeffe,中规中矩
乔治亚·奥基弗 Georgia O'Keeffe,"同样题材的电影Frida,明显表现力胜于此片，除开电影本身，本人对于乔治亚·奥基弗，是相当崇拜和敬重。"
乔治亚·奥基弗 Georgia O'Keeffe,我只是想，自始，史帝格勒兹爱上的都仅是她的才华，乔治亚看到他眼中的崇拜之光，他借由将乔治亚的才华张扬而获得世界，但他并未想获得一个妻子。正如，他认为她，生而绘画而不是养孩子。
乔治亚·奥基弗 Georgia O'Keeffe,美式逃离法
乔治亚·奥基弗 Georgia O'Keeffe,我不是一个好的伴侣，但我却是你的一半甚至还多
乔治亚·奥基弗 Georgia O'Keeffe,电影拍得平平、粗糙，有点失望。奥基弗在我心中是一个满分女人，她的画里展现的对永恒与至纯的渴望，以及她独特的性格气质，这部电影都没怎么演绎出来
乔治亚·奥基弗 Georgia O'Keeffe,为什么被拍成了一个奇怪的爱情故事
乔治亚·奥基弗 Georgia O'Keeffe,没拍好，人物真实故事的体量大于这个电影本身，所以不会差到哪里去，可是其中的各种过程和经历变化都没有表达饱和到一定的情感体量当中。
乔治亚·奥基弗 Georgia O'Keeffe,2018.8.19 myself 10e hk 不知道为什么优秀的女艺术家都是从感情受伤中得到灵感。
乔治亚·奥基弗 Georgia O'Keeffe,Stieglitz大爷。。哎。。
乔治亚·奥基弗 Georgia O'Keeffe,我是你的另一半，超过一半
乔治亚·奥基弗 Georgia O'Keeffe,"#乱话画#过去在我身上发生什么，以及如何发生，我觉得不干别人的事，只和自己有关，你只用看画，觉得在画里面看到些什么，你就有权看这么多，就允许你看到这么多，就这样。别人的视角永远也没有自己的好，与生俱来，因为最终，这就是你的全部。失去了它，你就失去了自我，以及所有的一切。

"
九日女王 Lady Jane,完全是因为Cary Elwes才看的
九日女王 Lady Jane,二十岁的carter还没有皱纹，……也没有表情。篡改历史严重，影片本身价值骤减。不失为一部骗骗人的宫廷爱情戏。小小地鞭笞了一下政治理想派
九日女王 Lady Jane,Too romantic and too dramatic to be a good historical movie
九日女王 Lady Jane,这种带路党一样的处理也太扯了。。。早知道简格蕾当时就是个十六岁的小姑娘。。。三星全部给helena的美貌>3<
九日女王 Lady Jane,古时的女性原本就难以掌控自己命运，更别提是一个在家族与政治斗争中毫无话语权的16岁少女。只不过篡改历史严重，Jane如果真的那么有头脑，大概也不会那么快就退出历史舞台了吧……话说，20岁的海姨实在是好清纯。
九日女王 Lady Jane,Helena当年真是蜜桃般的女孩啊。
九日女王 Lady Jane,不了解一点历史背景很难啃的电影。看着犯困。。。。
九日女王 Lady Jane,Helena Bonham Carter 当年好水灵啊好水灵，谁想她现今会在好莱坞打酱油呢~
九日女王 Lady Jane,哲人王的统治，结局肯定是个悲剧。即使以一个政治票友的身份来看简格雷女王短短九日中的执政方针，都能感觉，她被送上断头台确实没被冤枉。好吧，我实在不适合去看披着历史片的皮的浪漫爱情电影。PS：小伙子挺帅，砍了可惜了，嗷~
九日女王 Lady Jane,感觉很没有底蕴的贵族片，给了理想派一个小耳光后就什么都没了。最后的旁白是败笔。一星献给海伦娜。
九日女王 Lady Jane,原来伊莉莎白女王前还有这样的两位女王作为插曲。玛丽女王又戴了几天皇冠呢~~飞到人们看不到地方幸福的生活着。
九日女王 Lady Jane,又见年轻的helena，柔和的没有一丝锐气。
九日女王 Lady Jane,伊丽莎白女王之前之前的女王Jane....那么风云叵测的时代，变得好是轻巧与单纯。15/16岁的孩子，傀儡大了点，独当一面也还小了点。
九日女王 Lady Jane,真是 桑心啊 正史里两个人行刑前Jane拒绝了和老公见面 这电影演错了
九日女王 Lady Jane,记忆之中这位女王的记载很少 而且登基之后一直是受人摆布，与玛丽女王关系也没有那么势同水火……所以这个电影是不是yy太多了……
九日女王 Lady Jane,女主不喜欢，但全片古味甚醇正
九日女王 Lady Jane,不知道为什么，比起后来的爱情，总是记得Jane和Ed两个孩子抱在一起哭泣的画面。Ed和Jane一开始就是提线木偶的命运，生死半分不由自己。
九日女王 Lady Jane,hellena好青葱啊。
九日女王 Lady Jane,瓜分了天主教财富的英国贵族们最终还是选择了伊丽莎白一世，这是既得利益集团的一贯选择。
九日女王 Lady Jane,这英国调调～
九日女王 Lady Jane,可爱的女主 一直都很喜欢她
九日女王 Lady Jane,80年代清纯且正派的海伦娜啊~但是不贴合历史还那么多的长镜头。。所以看起来比较累啊。。
九日女王 Lady Jane,"Lovely Jane, poor Mary"
九日女王 Lady Jane,原来是她！真的是她！！！！
九日女王 Lady Jane,The music is as poor as Stealing Heaven! Unbearable! Just let me know about the history
九日女王 Lady Jane,lovely...
九日女王 Lady Jane,没有看完
九日女王 Lady Jane,女主角的本色演出 把一个皇室少女的命运演绎的如此真实~另 影片纯正的伦敦腔真好听！
九日女王 Lady Jane,打酱油的爱德华六世小朋友好萌好萌
九日女王 Lady Jane,lady Helena
九日女王 Lady Jane,理想主義的小女孩果然還是嫩了點啊 徒有政治包袱卻毫無權謀意識 在他人的對權利的慾望的操控下半推半就的上了王位最終成了政治的犧牲品 可惜卿卿性命 當年的HBC和Cary真是嫩出水來啊 HBC雖不算標準的美女但經過了歲月的洗禮反而積澱出了氣質 而當年英俊得不像話的Cary現在卻真的根本無法直視→_→
九日女王 Lady Jane,海伦娜年轻时挺好看～
九日女王 Lady Jane,完全被父母的 ambition 断送的两个年轻的生命，好在他们除了宗教还有对方相互做个支撑。
九日女王 Lady Jane,善良前卫有改革精神的女王和她的夫君。砒霜还来可以让人活的更久呀。
九日女王 Lady Jane,你内时候好嫩啊
九日女王 Lady Jane,那时候的海伦娜古典而清新，小方脸充满了倔强和不甘，被处死前那种恐惧的感觉演得蛮好的。
九日女王 Lady Jane,八几年的电影毕竟有其局限性～跳着看完
九日女王 Lady Jane,当年看男主角，那个帅啊
九日女王 Lady Jane,这就是海伦娜的处女作嘛？如此清纯娇柔的乙女怎么就走上了疯婆子的不归路了呢？？
九日女王 Lady Jane,这是一部悲壮的爱情史诗吧！男主长得眉清目秀的。
九日女王 Lady Jane,本来是想看另外一部，不知道怎么看了这一部，正好补上血腥玛丽那段历史，拍的不错，下次去伦敦的时候会更觉得更有底蕴。
九日女王 Lady Jane,海伦娜少女状态美得像精灵，欧洲贵族少女范儿足足的。片子中规中矩。
九日女王 Lady Jane,看过都铎王朝，是这部电影的上一代……总体来说还不错。一直欣赏不了女主的颜太丑了
九日女王 Lady Jane,"坚强，纠结，勇敢的女王。
音乐很浪漫，王子很帅。"
九日女王 Lady Jane,我希望下一次再见你，那会是永恒。
九日女王 Lady Jane,"Next time I see your face, I want it for eternity."
九日女王 Lady Jane,如此嫩的海伦娜
九日女王 Lady Jane,我就看了a
九日女王 Lady Jane,那时的Helena真是年轻啊 漂亮
九日女王 Lady Jane,遇到这样一个丈夫 此生无憾又遗憾多多
九日女王 Lady Jane,没想到是披着历史外衣的纯爱片
九日女王 Lady Jane,虽然我很喜欢有关都铎王朝的一切故事…但真心的，来个人告诉我当年的HBC真的有那么好看么orz为什么我觉得她有一种浓烈的女仆气质…
九日女王 Lady Jane,Helena年轻时候的颜真的秒杀我
九日女王 Lady Jane,除了海伦娜，我真不知道看什么
九日女王 Lady Jane,"对Jane的故事很感兴趣 
剧情有点拖沓，看到最后还很感慨 
一个贵族女孩的短暂悲剧人生"
九日女王 Lady Jane,疯姨年轻的时候美炸了！
九日女王 Lady Jane,古典油画美
九日女王 Lady Jane,爱情片。
九日女王 Lady Jane,pure 不过太理想化了
九日女王 Lady Jane,男主身上透着一股弱气，让人喜欢不起来
九条命 Nine Lives,中规中矩的温情片，有萌点，但情节还是平淡细碎了点，似乎没什么高潮就结束了。
九条命 Nine Lives,特别老派的喜剧，可看性确实不高，两星半吧，
九条命 Nine Lives,作为一个最喜欢的动物是猫的人，实在没办法给这部电影差评啊。更何况我连片中女儿那僵硬做作不分场次不合时宜的笑容都看不腻啊…
九条命 Nine Lives,感觉Spacy的配音比猫咪还萌。大儿子真是天菜嘤嘤...
九条命 Nine Lives,电影实在是乏善可陈。但是KS实在是太帅了。而且当猫咪为了人类做这个做那个的时候我居然哭了……不知道徐达澈的身体里是什么样的人
九条命 Nine Lives,猫猫萌萌哒~小女主好惊艳！简直就是苏菲玛索小时候！
九条命 Nine Lives,副总统被困在猫里！想看碎碎念！结果还是我期待太多，整体挺平淡的，其他演员带不起来啊
九条命 Nine Lives,狗人拍的猫片。上次在电影院遇到一群小姑娘不约而同发出融化的叹息还是二刷天启老万mv里小教授出场的时候（？？？）。此片没有正确饲养猫咪的方法，没有猫咪是人类最好的甜心的意思。只有自私的猫有人爱自私的人都要死的结论。（。）希望你们这些深柜狗人正视自己，去拍狗片，不要cg猫了！
九条命 Nine Lives,中规中矩的温情片，可惜我已经变成了🐶党，对🐱完全无感了
九条命 Nine Lives,喵（he）不（jia）可（huan）言（film）
九条命 Nine Lives,我司副总「大侠」及跟班「如风」的故事比这个好看一百倍。
九条命 Nine Lives,偶尔大荧幕看到法式老牌温情剧，还是挺可乐的。大概是和自己养了狗有关系，这种动物和家庭建立纽带的片子，细节总是特别打动我。灵魂替换玩得比较低幼，法国喜剧也就是这么简单无厘头，其实也是老少咸宜，票房却应该不会高。
九条命 Nine Lives,如果你是一名职业的铲屎官，那么或许你会无法拒绝这部电影，因为《九条命》以一个工作狂总裁被困猫身的奇幻经历，确营造了诸多啼笑皆非关于猫的萌点，但作为一部电影来说，剧情的平庸，却显得其难如人愿。
九条命 Nine Lives,荒诞并快乐着~~~ 小布什 喵喵喵~~~ O(∩_∩)O
九条命 Nine Lives,全程舔屏西伯利亚森林猫!
九条命 Nine Lives,竟是如此陈旧的作品，且一度以为是在模拟90年代的纽约。本来下木大人蜗居猫身，再不新鲜，也该有不少强烈冲击的。但后来还是流于胡扯与俗套了。但当然，这只猫尽管个别地方明显失真，但还是顺利地集狡黠与蠢萌于一身的，加上起初的猫视频，铲屎官无法不爱。话说宠物店老板是专门来净化人心的咩？两星半
九条命 Nine Lives,人家跳楼是背了降落伞的，你特么跟着跳下去干嘛，妈的智障。
九条命 Nine Lives,看这部电影是因为在朋友圈看到的中国发行宣传片，其中有个女孩儿抱着自己的猫对着镜头说：“一想到我40岁的时候她可能就不在了……”她没说下去，而我在电脑前一下子也大哭了起来。
九条命 Nine Lives,感觉像好莱坞十年前爱拍的类型....
九条命 Nine Lives,这个喵挺可耐！
九条命 Nine Lives,资源是上译厂的中文配音版，所以本来只值两星的电影给了三星。翻译出现了不少弹幕用语来讨好观众，我并不喜欢但似乎国配现在只能走这路子。“真诚才能变回自己”的老套路没什么新意，但是我詹妮弗加纳女神依然养眼，小萝莉也很妩媚。无头骑士的客串恰到好处。其他就真的没有可取之处了。
九条命 Nine Lives,标准剧，没惊喜没啥错，唯一的亮点就是小萝莉玛丽娜·维丝曼，可爱爆了
九条命 Nine Lives,小笑点铺满的温情片
九条命 Nine Lives,猫咪挺可爱
九条命 Nine Lives,pretty average
九条命 Nine Lives,怎么感觉cw才是主演
九条命 Nine Lives,太假了
九条命 Nine Lives,忘了剧情啦已经
九条命 Nine Lives,正片比预告差远了，绿幕抠的好敷衍，看来钱全用来做猫了。
九条命 Nine Lives,有点短 有点弱
九条命 Nine Lives,大大毛毛的一只喵，抱起来一定很幸福
九条命 Nine Lives,作为喜剧，勉强及格吧。
九条命 Nine Lives,凯文史派西这么大的咖怎么会选这么一部平庸的片。
九条命 Nine Lives,每天睡前必看视频大集合
九条命 Nine Lives,另一个角度诠释成功男人找回被忽视的家人情
九条命 Nine Lives,三星半吧，4月份预告片出来就很期待，结果没有预想的那么好看吧～还是反差萌～
九条命 Nine Lives,撸猫大片。
九条命 Nine Lives,剧情完整性不高，影片偏低幼，加上不是铲屎官所以看的触动不那么大，所以三星，我发现克里斯托弗·沃肯老爷爷很适合这种神秘职业。
九条命 Nine Lives,7分，挺轻松愉快的家庭题材小电影
九条命 Nine Lives,要什么剧情，全程捧脸看完
九条命 Nine Lives,全程靠卖萌支撑，剧情简单无脑，人物脸谱化，特效五毛钱。不过还不赖。
九条命 Nine Lives,喵敲可爱！
九条命 Nine Lives,太过老套的剧情梗，太过模式的喜剧。这个世界我大概最不懂的就是那些只会说萌的没有品位的猫奴们了！为总统的配音加一颗星。
九条命 Nine Lives,视角还不错，可惜拍成了肥皂剧的风格。
九条命 Nine Lives,猫咪还是很可爱的。不过这电影真的是让我回忆起小时候看的喜剧片，反派那么萌真的好单纯好不做作
九条命 Nine Lives,无脑儿童片。一星给凯文斯派西，两星给西伯利亚森林喵星人。
九条命 Nine Lives,"I'm a fan of Kevin Spacey. Love his seemingly-casual-proud and controlling everything quality. However, this story focuses on the self examination of the millionaire but neglects the truth that it is impossible actually."
九条命 Nine Lives,喵片
九条命 Nine Lives,中规中矩的动物电影！
九条命 Nine Lives,略失望，猫还是萌的
九条命 Nine Lives,流水线
九条命 Nine Lives,这质感，果然像一部电视电影，咋就上院线了呢
九条命 Nine Lives,五毛特效，布偶猫好可爱！剧情中规中矩~
九条命 Nine Lives,猫很可爱，除此以外，乏善可陈
九条命 Nine Lives,预期不高，觉得挺好看的。
九条命 Nine Lives,2017.7.27 0:20
九条命 Nine Lives,meow that hurts. http://www.le.com/ptv/vplay/26994264.html?ch=douban_mf
九条命 Nine Lives,套路，但还挺可爱的
九条命 Nine Lives,我没想到凯文史派西还能演喜剧，作为一只猫，还是很有喜感的，在我印象中他还是那个七宗罪里变态杀手…还有纸牌屋里一本正经的样子…片子的确一般，有点像《人生遥控器》结尾有点仓促，猫店老板有点眼熟…
九条命 Nine Lives,卖萌也拯救不了。
乱世情缘 Restoration,格局挺大的一部电影拍得也太小气了，非常的工整，缺少力道，直接把一个浪子回头的故事变得让人感觉索然无味，严重缺少传奇色彩。可取之处是场面很华丽，摄影还不错，加上强大的演员阵容，多少还是可以让人撑着看下去。不过话说回来，让小罗伯特·唐尼和梅格·瑞恩演情侣还要来段床戏，还是相当奇怪的。
乱世情缘 Restoration,一个浪子回头的故事，没觉得唐尼演得有多好，前半部正好是他的本色演出，风流倜傥玩世不恭，后半部虽然返璞归真，但也没什么值得称赞之处。还是喜欢中间突然挂了的老好人大DT，以及酱油出场5分钟，浓妆艳抹的休·格兰特……
乱世情缘 Restoration,最近看的第二部万磁王大战钢铁侠了！原来你们合作过那么多片子！在漫威的宇宙里也相遇一下嘛！妮妮简直是女主粉碎机的先驱 美嫩得出水 故事就麻麻滴 hp好评 不过布景真是太赞了⋯⋯考究得要命⋯⋯满屏幕的银子啊⋯⋯⋯⋯
乱世情缘 Restoration,ʕ•̫͡•ʕ*̫͡*ʕ•͓͡•ʔ-̫͡-ʕ•̫͡•ʔ*̫͡*ʔ-̫͡-ʔ，90年代果真是梅格颜值的巅峰，钢铁侠的这个扮相就不评了，细思恐极...........
乱世情缘 Restoration,生命中掠过浮华，才可收获真谛，玩实的不来虚的，剧情挺起伏挺琼瑶
乱世情缘 Restoration,小唐尼的眼睫毛真是绝了，胶片的感觉让他看起来水嫩水嫩的，要是没有这一脸邋渣胡子就好了。看不出来，休格兰特一直这么幽默的，还以为他就是个文艺美少女呢，最近连续被他 的幽默惊到。
乱世情缘 Restoration,演员阵容强大，加一星，但故事真难看。
乱世情缘 Restoration,因为恐惧而逃避自己的人生放弃上天赐予的天赋这看上去很难理解，为什么明明有这种天赐的能力却要竭力的逃走甚至不惜自我放纵呢。。。或许只有真正看过死亡（疾病）那丑陋面目的人才会理解男主角的行为吧。。。最后他幡然醒悟的过程更像是被友情和无私的爱所拯救，一颗充满爱的心才能真正战胜恐惧和懦弱。。。唐尼很好的串联起了整部电影，如果没有他这电影就严重脱节了像是两部电影的胡乱拼凑。。。ps演员阵容强大，伊恩.麦克莱恩和梅格.瑞恩演技出色，休.格兰特这个角色太搞了。。。
乱世情缘 Restoration,比唐伯虎点秋香看的次数多
乱世情缘 Restoration,大牌真不少哇，万磁王爷爷来和小糖泥主仆情深了一把，meg姐姐其实只出现半小时，竟然还有休格兰特涂成调色板来打酱油==。。为嘛看着又像小糖泥的传记片呢【喂【浪子回头洗心革面之后的那场灾难看着还是挺担心的。。浮华暂借问这译名挺美~
乱世情缘 Restoration,1.一个浪子回头金不换的故事简直就是萝卜自己…这片子95年的算预言吗orz 2.他演的角色也叫Robert更让我目瞪狗呆了 3.全片最美不过萝卜演奏乐器，梅格瑞恩一头乱发在泥地里欢快地跳舞，两个人简直在发光 4.我最后一句感想是你们美国人还是不要强求自己演英国人了==
乱世情缘 Restoration,"更喜欢“浮华暂借问”的译名，“暂”字尤为出彩，人生皆过客，浮华易逝，从心而活吧，每个人一生也许都有那么几个大事件，不大彻大悟怎能打碎重生，珍惜生命和时间，远离垃圾娱乐，去做真正应该做的事，方才不会空虚与迷茫。
那时的胶片拍出的画面真美真暖，留中长卷发的小罗伯特唐尼真好看，满满的古典气质，然而戴假发就有点一言难尽了233333
休格兰特和梅格瑞恩是亮点啊，戏份虽短却一出场就占尽目光，太抢戏了，英伦情人和美国甜心名不虚传。
戏如人生，人生如戏。可以搭配德普的浪荡子一起食用。"
乱世情缘 Restoration,当年糖泥被我彻底忽视掉了..
乱世情缘 Restoration,喜欢另一个译名：浮华暂借问。场景和服装太美了，文艺复兴的华丽和优美。浮华落尽，真情最为宝贵。RDJ又可爱又美丽，穿着层层叠叠花花绿绿的衣服简直像个贵妇哈哈哈……
乱世情缘 Restoration,浮华暂借问——看这译名，是那个时代的标志啊！
乱世情缘 Restoration,国王给了他发现自己的机会？哈哈哈，哈哈哈，看过了浮华之后，人才会知道自己的内心的啊
乱世情缘 Restoration,的确是洗尽铅华，因为友谊的失而复得和爱情的不遂而产生，哪儿有DT没见到啊
乱世情缘 Restoration,的确是洗尽铅华，因为友谊的失而复得和爱情的不遂而产生，哪儿有DT没见到啊
乱世情缘 Restoration,其实情感还是很真挚的，这种角色对舞台唐来说，弱弱哒。
乱世情缘 Restoration,不知道在讲什么
乱世情缘 Restoration,整体风格太浮夸了，主题不够深入。稍微有点浪费卡司。梅格瑞恩真是美。当年DT还那么瘦，又是这种温良贤淑（？）的角色，简直美味。被萝卜分手的段落来回Loop了无数次。
乱世情缘 Restoration,这中文名是有多毁这部电影啊！不过故事本身不够细腻。
乱世情缘 Restoration,本片获第68届奥斯卡最佳艺术指导和服装设计奖。17世纪的英国还真TMD像个猪圈。而所谓的由堕落到重生的心路历程，说白了就是做狗都没人要的时候，不得已只好做人……堕落笔墨太多，重生轻描淡写，倒看不出为这种人著书立传的目的了。
乱世情缘 Restoration,看起来的时候觉得趣味性很足，但看完一回想要翻白眼。前面铺垫并没屁用，浪子回头也全是命运所迫，最后也没啥真正突出的对比。还想以小见大，但其实大小都没讲好。不过时代感是做的最好的那部分，所以看的过程很棒。顺便我要给假发一万个差评！
乱世情缘 Restoration,meg ryan美美搭 萝卜长头发看上去就是个女孩纸。电影布景服装都华丽的不行 剧情后来想想也还算是不错 不过拍的时候就太平白直述了点。。。
乱世情缘 Restoration,"没感到这个医生有什么变化,勉强看完了后半部,查理二世是个有意思的人物."
乱世情缘 Restoration,报告，这里有只睫毛精（萝卜：我不是，我没有。  另，浮华暂借问这个译名是真的好
乱世情缘 Restoration,"33:49 HG扭着腰肢风骚上线(哈哈,你娃嘴角那颗小痣真性感) 45:39 我看着他踉跄的背影，摇晃着摇晃着便从我的视界淡出。在那之后，我便不曾再见过他。我想，他是不是摔死了。ps:为了这累计时间不足5分钟的出场，我还特地跑优酷买了个会员我容易吗::>_<::"
乱世情缘 Restoration,电影整体来说还可以，美工华丽到无以复加。
乱世情缘 Restoration,西方男版大长今哈。亮点却是休格兰特演的丑画家。
乱世情缘 Restoration,查理二世的时代 可惜格局太小 浪费了费心复原的服化道 
乱世情缘 Restoration,从服装到场景都非常考究，萝卜当时真是水灵，呼扇呼扇的大眼睛当的起眼波流转几个字。浮华暂借问这个译名多美啊，改成乱世情缘差评。
乱世情缘 Restoration,水灵灵的萝卜~~~
乱世情缘 Restoration,看之前以为是爱情片，看前面以为是荒诞片，然后看完发现其实是个励志片~~~
乱世情缘 Restoration,妮妮叔美翻了
乱世情缘 Restoration,国王不得了呀，万磁王和钢铁侠都跪你！浮华暂借问这个译名太美了。剧情中规中矩，全程看脸，打光一绝。场景花了大价钱，还有浓妆艳抹娘兮兮的休格兰特。
乱世情缘 Restoration,剧情有点散   尤其是后半部分  主题不是很明白   妮妮搁那一立   就是一副画啊啊啊   以及  国王是个好人
乱世情缘 Restoration,萝卜很水嫩啊
乱世情缘 Restoration,全程笑得我没法好好看片……（喂
乱世情缘 Restoration,《查理二世大御医》，在失去爱鸟、朋友、妻子之后，从歌舞升平声色犬马中解脱出来，明白了与其仰望星空不如脚踏实地的道理。意外格兰特与唐尼在此片短暂的交手，格兰特竟点了一颗滑稽的痣以掩盖美色。侧面展现了伦敦规划、大火的场景，以及国王对科学的沉迷。惊叹于室内装饰与服装的华贵。
乱世情缘 Restoration,还行吧，看脸来着。
乱世情缘 Restoration,我就想说梅格瑞恩好漂亮...
乱世情缘 Restoration,故事拍的不怎么样
乱世情缘 Restoration,分了3次才看完，前面的真的很有纪录片的味道了 整部片看下来  就像在看一个人从幼稚草率到成熟自知的变化过程  五味杂陈  但是一应俱全
乱世情缘 Restoration,服裝方麵我不是很懂（假髮wig倒是很豐富）單就小羅手中那杆巴羅克雙簧管的複古來看 得獎是名致實歸！
乱世情缘 Restoration,中规中矩，梅格·瑞恩的出现是一大亮点。
乱世情缘 Restoration,还有一个译名叫《浮华暂借问》，比较喜欢这个名字
乱世情缘 Restoration,长发的唐尼还是美的很
乱世情缘 Restoration,国王的真爱的其实是萝卜吧。。。。
乱世情缘 Restoration,不知道这为什么会获奥斯卡。
乱世情缘 Restoration,果奔的萝卜
乱世情缘 Restoration,跳着看的，实在不下去，前段演个弄臣后面就怎样怎能样吧。没什么新意，长发的妮妮非常美貌
乱世情缘 Restoration,Katherine 超美
乱世情缘 Restoration,最受不了米国人演英国人。。。休的喜剧天份可惜因为俊俏的脸被浪费了。
乱世情缘 Restoration,看过该片，你就会明白《莎翁情史》是多么才华横溢了！尽管片中巨星云集的耀眼度，可以和极度奢华的美工金碧辉煌媲美，但仍不能掩盖这是韦恩斯坦冲奥历史最大败笔之一！
乱世情缘 Restoration,再次印证一群好演员不一定演出一部好电影。唐尼的表演如同角色一样，都属于光鲜无内涵那种，其他配角大咖纯属打酱油。
乱世情缘 Restoration,前面rush through后面改得面目全非（乱加的“where's the lady”那场戏把整个故事的语调都搞坏了），如果脱离原著作为新故事来看的话又没有任何立足点，所以只能看看衣服了。本来觉得Merivel是唐尼生平最适合的角色：滑稽讨厌得令人怜悯却个性突出，但是他演得好平淡而且不够丑！休格兰特和波丽沃克嗲
乱世情缘 Restoration,为什么总有人要用这个人演英国人，虽然我挺喜欢他演的美国人，但他演英国人实在太不像了，完全没有感觉！
乱世情缘 Restoration,看到很多老面孔的年轻时，同样的演技也很稚嫩，反衬出山姆尼尔的演技出众，但是剧本，剪辑，都很不用心
乱世情缘 Restoration,一年前看过2次，都睡着了，今天看了一次又睡着了，强忍着看完没中文字幕的电影，😡
亨利五世 Henry V,用一万法国佬的绳命为奥运献祭。
亨利五世 Henry V,我能说我觉得抖森演的很装13么（表打脸
亨利五世 Henry V,抖森们，对不起了。个人觉得，这部远远不如1989年Kenneth Branagh演的《亨利五世》。抖森演的国王非常不到位。不能接受让黑人演员扮演约克公爵这种后现代手法。删除了不少桥段，没了剑桥伯爵谋反、法军袭击英军辎重等情节，所以不好解释国王为何命令屠杀战俘
亨利五世 Henry V,我只记得憋屈的战争场面，以及虔诚的弟弟……抖森已然定型了
亨利五世 Henry V,並沒有很好。Hiddleston念詞味如嚼蠟，遠不能比KB。最可恨的是duke of york莫名其妙變成了一個黑人
亨利五世 Henry V,不是我苛刻，自从看完小本的理查二世我就不自觉的对比了抖森的独白水平，唉。。。爱之深责之切就是这样，不仅苍白还让人容易出戏，这一部直接整了一个旁白，你是演的有多无力？人家小本一人独挑大梁，我的目光和耳朵根本没空理其他任何人，给你三颗星吧，帅度爆棚，但演技还有很多上升空间，看好你加油
亨利五世 Henry V,有点扯。英格兰Vs法兰西，只是两个堂兄弟的势力范围打仗，说到底君主都是诺曼底人安茹王朝的后裔。
亨利五世 Henry V,原汁原味的莎翁剧，腐国的靡靡之音听得快睡着了
亨利五世 Henry V,求婚很浪漫
亨利五世 Henry V,语言不通 不能相爱 “我越老越好看” 哈哈哈哈哈哈
亨利五世 Henry V,"if it be a sin to covet honour, i am the most offending soul alive."
亨利五世 Henry V,来看抖森的，演的挺不错，和以前loki的反差很大，都有点认不出了。法国公主真的太丑了，借用一位豆油的短评：“英国人民你们太过分了，连法国公主的长相都黑”
亨利五世 Henry V,或许我不是抖森粉。。。我肯定不是
亨利五世 Henry V,"This is definitely overrated! Too much dramas in this movie, however, director was lock of capability of controlling all those elements letting them fit in the movie."
亨利五世 Henry V,螺蛳壳里做道场，气场压不住，晚节不保……
亨利五世 Henry V,mark
亨利五世 Henry V,被刷分的花痴们摆了一道
亨利五世 Henry V,好好一部片子，毁在两个独白没做成
亨利五世 Henry V,法英之间真的是。。。。所以说  我又miss重点了 我真心是不太喜欢看这种片子 太高档了。。。。
亨利五世 Henry V,麻痹这部东西的摄影太不对了吧，有几个画面的角度完全是错的，还有几个角度人物走位也完全不对。band of brothers那段演讲抖森和布拉纳的水平真不知差了几个level，他到底是怎么理解那一段台词的？最后向凯瑟琳求爱的那段也演的完全不对，就他一个人对着镜头在卖萌，两个演员之间完全没有感觉
亨利五世 Henry V,"抖森演技真的一般,跟本喵的差距不是一星半点。剧组拍一场声势浩大的战役居然没两条枪没几顶帐篷。法国公主学几个单词翻过来覆过去重复了好几遍,白浪费时间。"
亨利五世 Henry V,个人觉得应该先普及一下莎比和历史。。。。。。。。。。。。
亨利五世 Henry V,话太多反而显得违和，历史剧有点无聊
亨利五世 Henry V,台词倒是优美，可惜太长太多；战争场面真实，但是比较村。
亨利五世 Henry V,那个什么公主真丑啊。安排她这么个玛丽苏的角色除了尊重原著及事实以外的意义究竟是什么。个人演技来说还是喜欢第一集的本。
亨利五世 Henry V,冲着抖森去的～
亨利五世 Henry V,抖森在其他两人对比之下突然不会演戏了
亨利五世 Henry V,- -||.....给抖森三颗星...倒是没觉得演得用力过猛 ...战斗场面一点也不宏大 而且各种背台词虽然为了忠实莎翁原著但是看着略出戏...
亨利五世 Henry V,左手截屏右手快进 女主香肠嘴 说句真心话抖森太软根本Hold不住登基后的亨利五世这角色 【罚泥把求爱那段对锤哥深情背诵一百遍 看完大有种了却君王天下事之感〒U〒
亨利五世 Henry V,什么东西吃多了也难受，虚妄之冠亨利五世就是这样，依然是大篇的对白可是看着直想吐，剧情一般，场景华丽，历史上赫赫有名最有看点的战争戏就这么马马虎虎的一笔带过，全指望男主角一人的演技苦苦支撑
亨利五世 Henry V,三星半。莎翁就是莎翁，所有的句子都是诗。只是抖森的气势和法兰西公主的颜稍弱了一点。
亨利五世 Henry V,看过忘记了演的什么了
亨利五世 Henry V,终于来到正式的亨利五世，照样有许多小市民的故事，有贵族的正反面.战场打气配上法兰西求爱，亨利王真的嘴上功夫无敌了，可惜我太熟悉抖森了吧，没有吸引力
亨利五世 Henry V,呵呵
亨利五世 Henry V,"1. 我要挨句精读台词！！！！！！😍
2. 英年早逝什么的简直痛心…"
亨利五世 Henry V,好像这部印象深的就只有求婚那段特别可爱。还是本老师毕竟舞台剧出身，抖森实在缺口气。
亨利五世 Henry V,虽然还没看完可是实在忍不住了。。。。。抖森同学是小动作太多还是表情太亲和，在这部舞台剧范儿的电影里显得格外滑稽啊！别人都比他有范儿！！
亨利五世 Henry V,四星不足，三星有余。
亨利五世 Henry V,总算是比四下好一点了，这版的古斯塔夫窝一点都不喜欢啊，而且从抖森路人粉直接转黑了都要orz。。。演的是什么 =  = 或者是这位女导演的理解比较与众不同？说到底还是比较喜欢舞台剧
亨利五世 Henry V,原剧是经典的。改编后也还行和经典版还是不能比。少了IV助阵V就有点单一指演员。讲的就是英王统一英法的光荣战役。向法国公主求爱还是挺搞笑‘你是我的我是你的法国是你的所以也是我的’最主要是后一句。还有打酱油的明星。
亨利五世 Henry V,偶像剧……
亨利五世 Henry V,打得了仗，撩得了妹，死于疟疾。
亨利五世 Henry V,每次看20分钟，也要坐个6次车才能啃完。表示不是文化人，市井乡民和战场的文绉绉很不适应，莎翁对不起了，抖森把亨利五演得像个到处行骗的油头一样，极度违和，还是ehehehe的不羁王子好玩，ehehehe。
亨利五世 Henry V,英式主旋律，无聊的紧，最重头的战争戏依然一塌糊涂
亨利五世 Henry V,某人演技有待提高啊 各种戳HHP...
亨利五世 Henry V,抖森慰问军中士兵的片段是照抄新闻联播里天朝领导人深切慰问灾区人民的吧！内姿态，内动作，内眼神，我勒个去！
亨利五世 Henry V,我只觉得抖森背台词背的精神恍惚了，眼神都凌乱了，我心疼不已。公主太丑了减一星。
亨利五世 Henry V,比皇家莎士比亚剧团的现场好看太多！！！
亨利五世 Henry V,Not my type
亨利五世 Henry V,成功快进过本卫肖部分，最后就看国王如何穿着秋衣撩妹了。能看下去全靠弹幕。
亨利五世 Henry V,抖森让人出戏
亨利五世 Henry V,抖森满屏幕打鸡血。。。。
亨利五世 Henry V,不是我想吐槽，莎翁的台词一点都木有激情阿，一直的絮絮叨叨……然后两个多小时就结束了……鉴于这部是亨利五世。我想说：软妹，就你这脸庞你也敢说是stubborn outside么……对于我这文盲来说，这四部其实都挺装13的么……
亨利五世 Henry V,完全是冲汤姆 希德勒斯特
亨利五世 Henry V,台词过于华丽
亨利五世 Henry V,三颗星是给抖森的颜和演技。可能我国历史剧场面都太宏大了，导致我觉得带着几十个人把法国打败了特别没有实感。。。
亨利五世 Henry V,不知道是他们演不下了还是我看不小去了感觉跟前三部不在一个水平上~抖森在马上慷慨激昂说那么长一段话我还有闲情逸致笑他的马不听话来回晃呢。。。还有继抛弃Wallander之后果然Poins也默默消失了~国王到底还是要爱公主的~
亨利五世 Henry V,国王陛下汝名为「话太多」
亨利五世 Henry V,亨Ⅴ，姗姗来迟的主角
亨利五世 Henry V,请删掉凯瑟琳公主的戏份吧，又雷又囧无法直视。法国人一会儿法语一会儿英语，跟《末代皇帝》一样的违和感。8.8分估计都是抖森脑残粉刷出来的，虽然长得萌身材好，但是演技真心比小本和铁叔差挺多。。。
亲人们 My Ain Folk,摄影DIAO
亲人们 My Ain Folk,“监护人”变了，糟糕的日子却一成不变。几位至亲被接连送进棺材，剩下的则可有可无。
亲人们 My Ain Folk,7.5 愣是没缕清人物关系
亲人们 My Ain Folk,首先，这导演不太会叙事，这属于基本功不过关。有人说摄影很好，摄影也不是很好，主要是风景本身好，除了麦田的镜头，摄影也没什么好的。现在的人，风景明信片看太多，什么镜头都追求美，美只是电影的起点。
亲人们 My Ain Folk,2014.07.20
亲人们 My Ain Folk,感到绝望
亲人们 My Ain Folk,三部曲我顺序看反了
亲人们 My Ain Folk,好沉重的故事 同情男孩
亲人们 My Ain Folk,原来这个才是 电影史话 中提到的。  大人们往往不知道节制，把麻烦延续到下一代。
亲人们 My Ain Folk,沉重 灰色 燥郁
亲人们 My Ain Folk,确实有点费穆的风格，但是始终没能明白那几个亲人身份，爸爸，爷爷，奶奶可以，奶奶对面房子里的人就搞不清了。很可怜的男孩。
亲人们 My Ain Folk,孤独本是生命的常态
亲人们 My Ain Folk,三部曲里最心寒的一部
亲人们 My Ain Folk,景别近乎凝固，一个个场景像是连缀成一段段情节碎片，光影从容，调度少而克制，声音强化，细腻到近乎完美
亲人们 My Ain Folk,在屋角独资抱膝而坐；贴在玻璃上过于忧伤的眼神；对人物面部神情精妙入微的捕捉，确实是大师级的手笔。
亲人们 My Ain Folk,死亡确实是最轻巧的。你根本不知悲剧的源头。
亲人们 My Ain Folk,神构图 空镜姿势水平高
亲人们 My Ain Folk,冲突更加直接，笔墨分散了，结构也显得凌乱。把第一部含着的那些东西直接刻画了出来。乱性且不负责的成人世界。最美妙的静默的力量和诗意丧失了，虽然仍保持着第一部里克制的视听风格，却不如第一部浑然天成，形成静默。镜头有些跳跃。我无法再深刻地认同理解吉米，人物的情感转变也显得比较奇怪。惜之
亲人们 My Ain Folk,摄影好棒。比尔道格拉斯的三部曲风格一样，主角一样，他的电影史似乎也只有这三部，但就是这三部，可以使他名垂整个电影史。
亲人们 My Ain Folk,第二部最好看！比第一部更具戏剧张力，比第三部更单纯。
亲人们 My Ain Folk,4.3 獨特的、陰鬱，惶恐，慘白暗淡卻是最動人的敘述。
亲人们 My Ain Folk,汤米，你有没有一种被阴影埋没的感觉呢？你相信一切都会变好么？|陷在棉皮沙发里的奶奶，一个冥顽而又永恒的姿态。炉火。打不开的门。篮筐里的狗。|我们的乡间美丽多过恐怖，希望多过绝望。死人花。吹气球。埋藏母亲的珠宝。|我们如此微小，以至于看不到。PS：苹果意象的贯穿。
亲人们 My Ain Folk,浓缩的人间百态...最爱爷爷
亲人们 My Ain Folk,英国导演比尔·道格拉斯自传体三部曲，镜头感很强，简洁、有力，不拖泥带水，也不带太多感情表露，很冷静。
亲人们 My Ain Folk,比尔·道格拉斯的自传体影片“童年三部曲”详述一个年轻男孩的成长经历。其中，第二部《亲人们》（55分钟）里，杰米被送到祖母和叔叔家里住，生活中充满了死寂与冷漠。看了前两部，对话都很少，导演是不是想这样表现人们的冷漠和主角的孤独。
亲人们 My Ain Folk,开始是破碎的片段，逐渐的会跟着男孩的角度去看去听，童年的一切经历就是他自己以后选择的未来。
亲人们 My Ain Folk,4.5
亲人们 My Ain Folk,灰色的影像，灰色的童年。模糊叙事的效果，难道是对童年伤痛的一种有意遮蔽？
亲人们 My Ain Folk,"比第一部故事性强一点。人物开始更明显的表现他们的扭曲，善良，冷漠，同情与关爱，落寞。最后都无一例外的离开，包括他自己。
疑惑也有不少。
天文课，关于太阳，暗示着什么？
为啥要抱着奶奶痛哭，暴行不是在她默许下进行的么？"
亲人们 My Ain Folk,这套回忆童年三部曲基本上全部采用静止拍摄，看下来居然不闷，却又张力十足
亲人们 My Ain Folk,三部曲之二，親人們；疏離，冷漠，孤獨，死亡。
亲人们 My Ain Folk,当老头身边的火车呼啸而过的时候我狠狠地震撼了一把。
亲人们 My Ain Folk,没啥好说的，脱帽致敬！
亲人们 My Ain Folk,人人为己，苹果旁放着个老鼠夹，这就是世界的逻辑。孩子浑身是煤，而大人却是如此肮脏。又看到把避孕套当气球吹了！
亲人们 My Ain Folk,比尔道格拉斯三部曲之二，童年继续着绝望，孩子同时开始显得暴躁和困惑，令人感到心痛。
亲人们 My Ain Folk,畸形的爱，生硬的表达
亲人们 My Ain Folk,大师
亲人们 My Ain Folk,第二部《亲人们》（55分钟）里，杰米被送到祖母和叔叔家里住，生活中充满了死寂与冷漠。
亲人们 My Ain Folk,对话可以更少
亲人们 My Ain Folk,EE-2752
亲人们 My Ain Folk,变化无常，痛苦不堪的亲人们。
亲人们 My Ain Folk,很少对话，没有色彩，但是依旧是部很好的电影
亲人们 My Ain Folk,凝练诗意，奶奶目送儿子远去时的镜头真是美极了
亲人们 My Ain Folk,名曰第二，实为第一
亲人们 My Ain Folk,绝望
亲人们 My Ain Folk,傑作
亲人们 My Ain Folk,破碎，我是来看摄影的
亲人们 My Ain Folk,Bill Douglas的第二部“亲人们”。令人窒息的情绪控制，几乎全面静止的镜头语言，精心设计的场面调度，无处不在的细节设置，惹人追问的情节发展，每一点都在这55分钟里做到足够出色。发狂和病态的家庭氛围，疏离和冷漠的父子关系，男孩的前途在虐待和绝望中一次次走到了分岔路口。
亲人们 My Ain Folk,张力是怎么形成的？
亲人们 My Ain Folk,大爷的，原来我看错顺序了……怪不得总感觉怪怪的，回家的路里小孩已经长大了，而亲人们里小孩还是这么小。。。- -。。不过总算把童年三部曲看完，完满了。
亲人们 My Ain Folk,看得我无比揪心。有些镜头用的真是极为巧妙，颇具震撼效果，仿佛将倔强的孤独情绪放大了一百倍。没有四百击那么绝望，好看~
亲人们 My Ain Folk,头像出处
亲人们 My Ain Folk,看看这些年国内拍的这些电影，在这部电影面前，这些由钞票，电脑特效，各种高科技和高颜值面瘫脸堆出来的垃圾，就像一堆呕吐物和排泄物，真特么的令人恶心
亲人们 My Ain Folk,道格拉斯幼伤三连击之二。固定机位与断片式叙事如前，诗意略减，苦逼更浓。愈见明晰是原生家庭之罪——祖辈处理不妥的爱恨情仇，不仅催生变态代际，更令罪责结结实实落在小孩身上。无人可傍的苦痛与酸楚，宇宙间极不足道的存在。小演员太不容易，惶恐的眼袋与郁结的眉头令人揪心。结尾，与明亮终擦肩。
亲人们 My Ain Folk,相当风格化。异常沉闷，异常牛逼。沉闷得异常牛逼的电影。
亲人们 My Ain Folk,電影資料館
亲人们 My Ain Folk,太忧伤了。5555
亲人们 My Ain Folk,比尔·道格拉斯三部曲之二，凝固的空镜头，渺小个体与无穷自然的对比，必要的静默。
亲人们 My Ain Folk,在开着暖气的房间裹着大衣看还是觉得很寒冷。那些空镜头真的是小津的影响嘛？
亲人们 My Ain Folk,更喜欢这部。慢慢展现了更多成人世界的残酷。划了刻度线的牛奶瓶
亲爱的克拉拉 Geliebte Clara,音乐不错，其它一般。
亲爱的克拉拉 Geliebte Clara,故事乏味/三大主演极具安全感的表演和一串串乐章也够安抚人了 请两个外援来配德语比较囧
亲爱的克拉拉 Geliebte Clara,三颗星给勃拉姆斯的音乐……
亲爱的克拉拉 Geliebte Clara,可惜电影里人物成了音乐的附庸，平板无味；轰动音乐界的三角恋在只靠音乐串联的画面里苍白无感染力，死于舒曼之前——若不是还有大师级的音乐养耳，该片根本不值一看。
亲爱的克拉拉 Geliebte Clara,据说导演贺玛桑德斯布拉姆斯素有「德国新电影教母」美誉，同时也是布拉姆斯家族的后人，但本片也太一般了，特别是女主角根本不像才华横溢的著名钢琴家，倒像是家庭妇女，两位男主角还行，但本片有些地方怪怪的，不知道哪里出了问题，就是感觉不是很到位的说。
亲爱的克拉拉 Geliebte Clara,音乐很好听
亲爱的克拉拉 Geliebte Clara,勃拉姆斯演得真寒碜啊
亲爱的克拉拉 Geliebte Clara,华丽丽的三角恋。
亲爱的克拉拉 Geliebte Clara,……无情无色；只有大胸……
亲爱的克拉拉 Geliebte Clara,人物气质
亲爱的克拉拉 Geliebte Clara,勃拉姆斯只是个花痴，舒曼只是在神游。女主演得比他俩加起来都演得好。
亲爱的克拉拉 Geliebte Clara,除了音樂，糟踏歷史。
亲爱的克拉拉 Geliebte Clara,音乐史的课上，那个学期学的是浪漫主义时期的钢琴作品。老师是个有才华的钢琴家，每节课都像是室内乐音乐会。同时也擅长讲音乐家的小八卦。最打动我的就是他们三人的感情。缄默沉重又附有灵感光辉。可惜这个电影把该故事演绎得很干瘪，没有故事本身那么令人尊敬，甚至有点卑劣。可惜。
亲爱的克拉拉 Geliebte Clara,"1. 不漂亮的女人如有超强自信一定魅力无穷。
2. 音乐家的生活真如一团乱麻，荒杂而蓬勃。"
亲爱的克拉拉 Geliebte Clara,我不喜欢舒曼的曲子，这部电影里的舒曼我也不喜欢，我就是不喜欢舒曼。
亲爱的克拉拉 Geliebte Clara,一个疯狂的还有点同性恋倾向的舒曼，一个欲拒还迎的克拉拉，一个有才华又热情张扬的勃拉姆斯……除了音乐别的只能说还可以……
亲爱的克拉拉 Geliebte Clara,舒曼的那种憋屈着的浪漫是我所不能理解的，还是喜欢勃拉姆斯的阳光劲儿。
亲爱的克拉拉 Geliebte Clara,没看太懂 好含蓄啊
亲爱的克拉拉 Geliebte Clara,可惜了这段故事和这几位演员
亲爱的克拉拉 Geliebte Clara,终于明白那些愤恨了，因为跟历史大差别。撇去现实就3人情里只喜欢约翰里斯。
亲爱的克拉拉 Geliebte Clara,节奏跳跃，让每个人物的个性显得很模糊。看了一下史料，感觉这部电影很大程度上是导演个人的意淫，虽然她是brahms的后人。完全没有表达出clara的丰富啊。关于天才嘛，很多都是被自己的敏感杀死的。一份给音乐吧。
亲爱的克拉拉 Geliebte Clara,一分给乐曲。一分给台词，“克拉拉是一个从没玩耍的孩子，我在死亡之后与你相约”一分给演勃拉姆斯的男演员，虽然勃拉姆斯是一个很内敛的人，但被导演设定为一个非常活泼浪漫的小男孩也是非常有意思啊，比如我这种活泼奔放的人在表达感情上也是极端内敛和隐忍的嘛。没啥故事性
亲爱的克拉拉 Geliebte Clara,导演Helma Sanders-Brahms（姓氏是亮点！）大概算是个属于专拍德国妇女问题的。不过看了这个，感觉像德国版desperate housewives
亲爱的克拉拉 Geliebte Clara,欠火候。。不过想在这么短的时间里描绘出这个女人传奇的一生也蛮难的吧
亲爱的克拉拉 Geliebte Clara,这部片子只需要耳朵听不需要眼睛看  三颗星全给片中的钢琴曲了
亲爱的克拉拉 Geliebte Clara,克拉拉的手型对得简直是惨不忍睹。。
亲爱的克拉拉 Geliebte Clara,勃拉姆斯是一个才华横溢的帅小伙
亲爱的克拉拉 Geliebte Clara,不看剧情，听听钢琴演奏还行的。
亲爱的克拉拉 Geliebte Clara,电影挺无聊的，就当听钢琴吧
亲爱的克拉拉 Geliebte Clara,故事单薄，音乐不错
亲爱的克拉拉 Geliebte Clara,怪失望的...不过克拉拉是某人觉得不可能不爱的女人啊。还有，那个，哈，你喜欢勃拉姆斯吗？开头的勃拉姆斯好调皮好活泼好桀骜的，穿着晨衣滑到钢琴底下摸克拉拉的脚，好香艳啊...
亲爱的克拉拉 Geliebte Clara,翻译太差，导致不知所云。不过，舒曼的“降E大调第三交响曲Op.97莱茵河”真是好听。
亲爱的克拉拉 Geliebte Clara,难看死了。怎么拍成这样
亲爱的克拉拉 Geliebte Clara,喜欢勃拉姆斯~
亲爱的克拉拉 Geliebte Clara,要说叙述的话，只有1星。但是场景演员都不错
亲爱的克拉拉 Geliebte Clara,作为了解克拉拉、舒曼、勃拉姆斯，还是有意义的。但是在电影的角度，也真的太一般了，演技也很一般。
亲爱的克拉拉 Geliebte Clara,"Das Mädchen Clara ist nur noch ein Kind, ein Kind das nie gespielt hat, so wie ich. Immer noch das Klavier haben wir gespielt."
亲爱的克拉拉 Geliebte Clara,也许，再好的电影也无法表达出勃拉姆斯同克拉拉之间的情感......
亲爱的克拉拉 Geliebte Clara,1、这种旷世纯洁的爱情被演得有点俗了。2、舒曼的样子好猥琐。3、第一次听到匈牙利舞曲的钢琴版，赞！
亲爱的克拉拉 Geliebte Clara,不喜欢这种类的好么...
亲爱的克拉拉 Geliebte Clara,舒曼和妻子克拉拉，而年轻的勃拉姆斯疯狂的喜欢克拉拉。里面的钢琴曲很好听，演员不是很漂亮
亲爱的克拉拉 Geliebte Clara,跟我想象中的勃拉姆斯差太多了 结尾太狗血了
亲爱的克拉拉 Geliebte Clara,浪漫古典的艺术生活，让人不忍向往。只是导演的表达着实絮絮叨叨，节奏紊乱。
亲爱的克拉拉 Geliebte Clara,"神奇的音乐，微妙的感情......
微妙的音乐，神奇的感情......"
亲爱的克拉拉 Geliebte Clara,当时我就想问导演一个问题：既然你有这个优势、能力、想法、见解、诚意把这个故事搬上银幕，为何不刻画得再真实、完整、透彻、连贯、饱满、深刻一点？……我还是没有问，大概是因为自己也已经有了答案。
亲爱的克拉拉 Geliebte Clara,ʕ•̫͡•ʕ*̫͡*ʕ•͓͡•ʔ-̫͡-ʕ•̫͡•ʔ*̫͡*ʔ-̫͡-ʔ，讲真，其中俩人都不喜欢，这点老掉牙的事儿更不喜欢
亲爱的克拉拉 Geliebte Clara,古典音乐果然比流行歌曲耐听
亲爱的克拉拉 Geliebte Clara,Brahms的演员太帅了，这个Ozon《干柴烈火》里的男主角，让我实在没办法和Brahms联系起来……另外片子里Brahms怎么和Clara好上的也没交代清楚，Schumann为什么要推荐Brahms也没说明，感觉莫名其妙。描述克拉拉和舒曼的故事还是小时候看的《春之颂》印象深一点
亲爱的克拉拉 Geliebte Clara,音乐不错，其它一般。
亲爱的克拉拉 Geliebte Clara,我会想你，时时刻刻，夜复一夜
亲爱的克拉拉 Geliebte Clara,想起《钢琴教师》里于佩尔说男主不适合谈舒曼，他太帅了。克拉拉老了，而勃拉姆斯还年轻，又是一颗光彩的星
亲爱的克拉拉 Geliebte Clara,人物刻画得不饱满，剧情紊乱。了解克拉拉和勃拉姆斯的感情后更发现此片对三人的感情描写得太浅，这么一桩深情的悲情剧，导演浪费了好题材。克拉拉一生简直是集一部好电影所有元素大成者，可惜了。完全没有（莫扎特传）那么流畅精彩。
亲爱的克拉拉 Geliebte Clara,故事讲得支离破碎。让一个轻佻的法国帅哥来演勃拉姆斯实在是太不靠谱了，舒曼和克拉拉比较神似。
亲爱的克拉拉 Geliebte Clara,超级三角恋
亲爱的克拉拉 Geliebte Clara,艺术家的爱情，一定不能用世俗的眼光去看——它是一件艺术品，有残破，有激情，我们远远地欣赏。
亲爱的克拉拉 Geliebte Clara,导演得是有多讨厌舒曼
亲爱的克拉拉 Geliebte Clara,可有看过一部钢琴剧叫《克拉拉的情殇》
亲爱的克拉拉 Geliebte Clara,翻译和配音不太好；女主角很喜欢！
亲爱的克拉拉 Geliebte Clara,这个brahms太雷人了⋯⋯
亲爱的克拉拉 Geliebte Clara,2.5星
亲爱的日记 Caro diario,当Nanni Moretti骑着小绵羊游荡在罗马的角角落落时，而背景是leonard cohen的i’m your man时，感觉是多么美好，简直就是一封致罗马的情书。只是最后，满身骚痒的男主继续天马行空地唧唧歪歪时，直接抓狂了。真心的，这丫比Woody Allen还不着调。
亲爱的日记 Caro diario,3.5。莫莱蒂的日记电影，音乐、风光，以及吐槽。关于意大利建筑以及舞蹈，关于商业电影以及红包影评人，关于孩子为王以及肥皂剧，关于医生以及看病经历。看到了帕索里尼被杀害的地点，听到了莱翁内《革命往事》的歌。
亲爱的日记 Caro diario,ʕ•̫͡•ʕ*̫͡*ʕ•͓͡•ʔ-̫͡-ʕ•̫͡•ʔ*̫͡*ʔ-̫͡-ʔ，怎么办，我的意大利语又进步了，都怪自己太机智........
亲爱的日记 Caro diario,跟《儿子的房间》相比，差了点。
亲爱的日记 Caro diario,前半部分缺少情节，有点儿想睡觉
亲爱的日记 Caro diario,演的有点做作。不喜欢没有台词的空的长镜头！
亲爱的日记 Caro diario,挺好玩的，南尼自己演自己讲
亲爱的日记 Caro diario,失眠症和没耐心症治疗佳片。我很努力地想跟上这股意识流，无奈始终不明觉厉！音乐不错，第三段挺有意思。
亲爱的日记 Caro diario,看海报还以为是公路片……没想到是南尼莫莱蒂的碎碎念，有点伍迪艾伦老头的意思。凑合看得相对来说比较喜欢第一段骑着小摩托到处溜达，说自己想要成为跳舞高手，喜欢看各种房子。想拍一部关于房子的电影。第二段去各个小岛准备静心创作却被各种事情打扰，第三段因为瘙痒看遍各路医生也是醉了。
亲爱的日记 Caro diario,南尼同学，自恋也是病，得治！
亲爱的日记 Caro diario,难以评述。罗马94年的八月风光。长着大花椰菜熟的长长的道，经济新城什么的，总觉得见过，但又与实际有差别；那个追着床大喊与电有关的物品的电视迷太可爱了，想起以前爷爷看电视节目表，把每个台想看的标起来。他也是爱看电视的人啊。都是从无电视到有电视的转型时期。迷倒不少人呢；最后一段，关于庸
亲爱的日记 Caro diario,01-06-01
亲爱的日记 Caro diario,3星半。音乐确实招人喜欢，形式不太对口味。
亲爱的日记 Caro diario,第四十七届戛纳电影节主竞赛单元金棕榈奖提名
亲爱的日记 Caro diario,6/10。首章以骑摩托游荡为线索贯穿前后，欣赏路边建筑，沮丧地走出浅薄娱乐的影院，人物没丁点寻找目标/戏剧事件；续章更像喜剧，电话亭里无数个大人哀求孩子，朋友看火山不忘追问电视剧情节，老学者没电视无法活而弃岛，表现大众媒介对人精神的腐蚀；终章病久难医实则心病是批判现代社会的生存焦虑。
亲爱的日记 Caro diario,有种过敏的感觉
亲爱的日记 Caro diario,除了音乐精彩以外，真的有什么意思吗？
亲爱的日记 Caro diario,闷的可以
亲爱的日记 Caro diario,字幕对不上。。
亲爱的日记 Caro diario,配乐很赞。还有对着独生子打电话那一段，竟有舞台剧的感觉。
亲爱的日记 Caro diario,第三个故事的确很痒
亲爱的日记 Caro diario,冲着导演是意大利伍迪艾伦看的，碎碎念跟大面积风景的风格挺像的，但是故事性不强，看得我些许无聊。更闷的文艺片我都没睡着，这个实在让我打磕睡了。
亲爱的日记 Caro diario,"第2个故事不知所云····
因为字幕不对
1，3很逗··"
亲爱的日记 Caro diario,真希望那段温馨惬意的公路骑行永远不要停下来，这其实也是一个很好的点子，走不尽的路，到不了的远方。
亲爱的日记 Caro diario,w/Candice
亲爱的日记 Caro diario,这导演真挺有风格的，意大利的伍迪艾伦，可是就是看不下去。14/08/13
亲爱的日记 Caro diario,"前面两个Chapter让我浑浑欲睡，后面看医生的那个Chapter搞笑，配乐倒是可圈可点。anyway,不能迷恋任何标签的，片都要看完之后才能盖棺定论。另风行上的中文字幕真的不是一般的烂。"
亲爱的日记 Caro diario,像一个自言语的疯子的，第三个故事确实存在，每个医生都开一大把的药，有没有用都不知道
亲爱的日记 Caro diario,看时觉得闷，看完却有点余味，或者潜意识里想过这种漫不经心的、脱线的人生，然而活在这个世代，想做个“废物”，谈何容易
亲爱的日记 Caro diario,有点混乱 不过音乐挺好听的，看他开小摩托来来去去
亲爱的日记 Caro diario,纯粹考验耐性。
亲爱的日记 Caro diario,一个无聊男人的碎碎念
亲爱的日记 Caro diario,不知道Nanni想表达什么……是我欣赏能力太低
亲爱的日记 Caro diario,3.5
亲爱的日记 Caro diario,长镜头
亲爱的日记 Caro diario,很特别。。看不懂。。。。但是整个感觉很舒服。
亲爱的日记 Caro diario,没意思 
亲爱的日记 Caro diario,其实挺有意思的，只是情节性太弱以至于有点催眠……
亲爱的日记 Caro diario,哎……
亲爱的日记 Caro diario,飘过
亲爱的日记 Caro diario,机车公路电影。
亲爱的日记 Caro diario,对不起，没看懂
亲爱的日记 Caro diario,节奏稍慢，生活动人之处、可笑之处确实常在细节。
亲爱的日记 Caro diario,看起来有点尴尬。
亲爱的日记 Caro diario,补标
亲爱的日记 Caro diario,好意识流，真的不怕丢人的说，在观片过程中几次都睡着了。不过值得一提的是里面的音乐特别是第一章非常优美动听，我都想弄张原声碟了。还看到了神奇的中国针灸，在片中听到了中文，颇为有趣。
亲爱的日记 Caro diario,非常个人风格
亲爱的日记 Caro diario,影片由三个短片构成，片中演员均扮演他们本人。
亲爱的日记 Caro diario,打电话那处很好玩
亲爱的日记 Caro diario,南尼莫莱蒂这个丑逼拍电影的目的基本上是一次次升调循环的存在主义实践，别鸡巴实践了，你瞅瞅你那个逼样我操你妈的，实践你妈大血逼
亲爱的日记 Caro diario,真心没有心情看这样的电影。。没耐性鼠标点过。。
亲爱的日记 Caro diario,Nanni Moretti，1993。日记体的电影，十有八九是小众艺术片，这个我不怕，我怕的是完全的流水账，没有主题的流水账，那充满着十足的自恋情结，好似伍迪艾伦，在罗马游荡，在小岛逗留，步行，摩托抑或其他，他试图在游荡的旅途中添加些许诗意，却显现出太多无趣。造作让电影盖上了愚蠢及虚假的印记。
亲爱的日记 Caro diario,骑Vespa穿越罗马
亲爱的日记 Caro diario,用了两周才看完的一部。第33分钟才渐有好感。三个章节几乎完全独立，似乎是意识流形态，但仍有深意可究。第三章节讲述的大概是无稽，困扰我们几欲不能生的常常是无稽和虚无，及，其中的一段钢琴配乐好安静，应该找来再听。男主角就是导演，应该算挺帅了，但真心对意大利男人的相貌无感。
亲爱的日记 Caro diario,今天真是闷片荟萃
亲爱的日记 Caro diario,风景倒是美的。导演讽刺的东西都很私人，是他个人的观点，也许有些人有共鸣，但是我是不认同的。电影文化不一定就要因循守旧，保持高冷，社会在变化，文学艺术也在不断适应大众需求。关于医学，任何人无法否认现代医学是历史的最高点，导演的经历过于追求讽刺。
亲爱的日记 Caro diario,96
亲爱的日记 Caro diario,不懂
亲爱的日记 Caro diario,南尼的片子都不能让丫的出演，过于自恋自大了
亲爱的日记 Caro diario,如果让我来拍一个熟悉的城市一座热爱的岛屿，我一定像南尼·莫莱蒂（Nanni Moretti）《亲爱的日记》这样潇洒自恋却充满感情去边走边拍。如果喜欢意大利你会喜欢《亲爱的日记》；如果喜欢地中海风光，你会喜欢《亲爱的日记》；如果喜欢可以听无数遍的电影原声，那你一定喜欢《亲爱的日记》，如果……
人生的另一天 Un día más con vida,根据波兰战地记者卡普钦斯基的著作改编，70年代越战之后冷战的美苏扶持两大政党把阵地带到安哥拉，用动画还原大屠杀等战场情形，用纪录片的形式穿插幸存者当事人回到昔日之地的探访，加上新闻影像等材料感到有些混乱，也削弱了人物的伟大，不如同类的一些其他影片，反而最后展现当时拍的一些照片更有力量。#金马55#
人生的另一天 Un día más con vida,#Cannes2018-07 动画和真人访谈的穿插交替，尤其是蒙太奇的同形叠化，仿佛探索一种新的纪录片形式。波兰记者只身深入安哥拉南部，却在最后关头因为内心道德的对抗而选择推迟报道真相，是对现代新闻伦理的直面讨论。主人公的转变与选择有些《现代启示录》的意味。
人生的另一天 Un día más con vida,格式很像Waltz with Bashir 
人生的另一天 Un día más con vida,八十多岁的老太想要面包，二十岁不到的女战士想要小孩，但全部前提是赢得战争。人都会消失，先从世界里肉体消失，再从记忆里精神消失，卡普钦斯基的相机里才会记录下他们存在过的痕迹。安哥拉到处都是尸体烧焦的味道，却让记者兴奋。是让自己名垂青史，还是尽快结束硝烟。人生的另一天，有人做了抉择。
人生的另一天 Un día más con vida,3.5。想来想去动画才是真的重点，战争场面是需要想象力来还原的。纪实影像资料的使用不功不过。我一个东方观众或许想看到的不只是波兰记者如何在职业道德的困境中做出对安哥拉有益的选择，而是从他的叙述中得到对一段极不熟悉的冷战历史的认识。
人生的另一天 Un día más con vida,想法很好，手绘风格的动画片段避免了血腥画面的过度曝露（城市中产观众是多么脆弱），真人访谈的切入又可以为主题增加“纪录片的可信度”。但这两者的结合带来了一种微妙的感觉：你会忍不住开始揣测哪些是事实而何处又是演绎，即便我们都知道当事人的言辞也并不完全可靠。就始终和全情投入保持一定距离。卡普钦斯基两段内心世界的具象化画面非常迷人，非常迷人，说两遍。主题还是很棒的，世界需要这样的电影，世界也需要这样的记录者（也许，某些国家不需要，于是我们更要努力记录）。如果没有图像和文字保留，这样残酷恶心的代理战争也就会经历两次消失。片尾很精致，“电影的片尾是它的一部分”，直到亮灯之前没有人离开影院。“美国，你觉得世界是你的吗？苏联，你觉得世界是你的吗？”在当下环境看来更有一番滋味。三星半。
人生的另一天 Un día más con vida,siff2019 总要有个人把那些历史写下来 使那些人们不被遗忘
人生的另一天 Un día más con vida,睡了半程，有几场动画视效印象深刻。对动画真人影像资料的结合形式持保留意见。
人生的另一天 Un día más con vida,"#2019北京电影节#
真人动画结合的传记电影"
人生的另一天 Un día más con vida,关于安哥拉内战，第一眼感觉就想到守望者，因为两个都是真人和动画结合，动画的人物倒是很好看但是总感觉面部表情略显生硬，感觉叙事上面有点混乱其他毛病还没发现，17分钟的背景乐歌词我很喜欢，美国苏联你们认为世界上你们的吗？
人生的另一天 Un día más con vida,想活着，感谢自己活着，珍惜每一次呼吸。
人生的另一天 Un día más con vida,Angola
人生的另一天 Un día más con vida,電影的第N種可能性。動畫和紀實影像交替，其實有點跳戲。最近發生了一些事，讓我再度陷入關於「做一個什麼樣的記者是有意義的」之類的思考，也是選擇去看這部影片的原因。
人生的另一天 Un día más con vida,曾經天真的電影世界，因為二戰帶入黑暗深淵之中，那二戰之後又有沒有任何一場戰爭改變電影人，或者敘事方式，例如越戰發生下的美國電影，或者為爭取獨立，舉起反殖旗幟的第三世界。我們又如何去描述這些世界？是不是只有一種講述方式？是不是只有娛樂化，奇觀化的視聽形式，才可以將戰爭最殘忍一面刺激觀眾？看得我異常不安的，就算電影穿插了真實人物的紀錄訪問，又借助動畫重現也好，也隱藏不了背後那一套美國電影的敘事模式，最戲劇性的情節帶出關鍵時刻的重要，極煽情地對年輕生命離開的無奈，還有最後一定要借助充滿正能量的文字來交代主角往後人生，形式與故事的政治性背道而馳，一位一生反美，努力將第三世界的聲音帶到西方的記者，竟然是以美國電影中的大英雄視覺來講述，這不是一種諷刺和不尊重？還是你想記者從棺材彈出來找你這班創作者算帳？
人生的另一天 Un día más con vida,“还有两个月我就满20岁了，我想要有小孩。”安哥拉赶走了葡萄牙殖民者独立的时候，他们以为这个国家终于获得了自由，但结果未来还是一个命如草芥的时代。（半动画半纪录片的看起来非常奇怪，在影院见到了失声的导演）
人生的另一天 Un día más con vida,#HKIFF#典型的现实改编题材。形式新颖但是略显生硬（也不意味着我认同了它的间离效果），最后也没被它煽动起来（甚至在高潮处瞌睡了一下）。
人生的另一天 Un día más con vida,影片讲述了在冷战期间发生的一场热战，这场鲜有人知的、非洲大陆上的代理战争，如果不是因为影片主角，甚至都不会有多少史料照片流传至今。如果所有人都忘记他们是怎么死的了，那他们就永远死了。//葡萄牙裔的老将军说：当我作为入侵者空降这片大地，却发现自己必须要杀掉十二岁的儿童。当时我只有24岁，选择非常的容易，我要站在弱者的一边。我很高兴，我曾为自己选择的人民而战。
人生的另一天 Un día más con vida,【台北金马影展展映】又是一部动画与真人相结合的历史题材影片，以波兰记者视角讲述1975年安哥拉独立前后内战的故事。在各方面处理都比《瑞士人克里斯》好太多。动画部分采用渲染成2D手绘风格的3DCG动画，不仅画面效果生动逼真，而且运镜也模仿了纪录片的手持摄影感，代入感十足。在动画的渲染下，很多场景有天马行空的震撼力量。真人部分采用纪录片访谈形式，倒也相得益彰。四星半
人生的另一天 Un día más con vida,SIFF. 2D动画＋真人记录交叉还原事件全貌，主角以三个当事人的访谈完成人物塑造。动画部分的幻想段落有创意，具备较强的沉浸感，纪实影像增加了故事的历史厚度。以典型的美式主旋律风格抨击美国，极为讽刺，也赞扬了战地记者的高尚职业品德。放映完毕后周围大妈妹子纷纷飙泪，啧啧。
人生的另一天 Un día más con vida,2019.6.22 10点半 上海百丽宫影城万象城店
人生的另一天 Un día más con vida,上影节展映单元，波兰记者亲历安哥拉独立内战的故事…采用纪实摄影和动画穿插的手法…还是挺不错的！
人生的另一天 Un día más con vida,3.5，除了结尾英雄主义式抒情，以及美学质感上略显突兀的当下纪录片，还真是一部各方面都可圈可点的主流处女作，如果全部都由历史档案影像+动画，应该是放一种关注或者柏林主竞赛片子。
人生的另一天 Un día más con vida,真实比虚构更恐怖，这部电影勾起了我内心深处的恐怖记忆。我很崇敬影片中的战地记者，谢谢这部电影，谢谢这位记者&作家。
人生的另一天 Un día más con vida,就是一部以动画来做的纪录片啊   歌曲好棒
人生的另一天 Un día más con vida,美利坚大毒瘤
人生的另一天 Un día más con vida,动画部分觉得都很赞，看的时候有点困
人生的另一天 Un día más con vida,今年上影节第一部看到哭的电影
人生的另一天 Un día más con vida,喜欢这种穿插与虚拟动画和现实人生的影片 通过一个战地记者的视角和回忆纵观了安哥拉民族独立斗争中的种种细节 超现实的细节动画很好刻画出人物的内心活动 恐怕普通的纪录片式的访谈 即使是与人物本身进行面对面讲述 都很难达到这种效果 这也是纪录片的一个新的趋势吧
人生的另一天 Un día más con vida,Reporter.
人生的另一天 Un día más con vida,继承和巴什尔跳华尔兹。以波兰记者的视角进入安哥拉内战，实拍转制动画加强了镜头的自由度和沉浸感。纪录片素材结合超现实段落，在沉重的历史与充沛的情感间做出平衡，依旧是特别的作品
人生的另一天 Un día más con vida,"战争的残酷用动画来稀释，人性的光辉交织在异国他乡。
音乐太棒了。
百丽宫的巨幕厅，宽敞的座椅，电影节闭幕日的视听享受！"
人生的另一天 Un día más con vida,3.5 摄影的意义，新闻的意义，记者的意义。for war
人生的另一天 Un día más con vida,"动画/真实影像/原型采访
叙述的不仅是历史事件，还有记者的心境。"
人生的另一天 Un día más con vida,很感动 maybe this is why I still love this world
人生的另一天 Un día más con vida,#HKIFF2019 電影尚可 期待不高比想象中好 話題值得關注 喜歡動畫對人物心境的呈現
人生的另一天 Un día más con vida,喜欢第三世界题材类的电影！ 最后在影院热泪停不住
人生的另一天 Un día más con vida,所有伟大的革命都需要牺牲。
人生的另一天 Un día más con vida,2018/3/24 18:15 JC Cube
人生的另一天 Un día más con vida,被这交错的动画写实风格惊到了，也许这才是魔幻现实主义
人生的另一天 Un día más con vida,真喜欢！
人生的另一天 Un día más con vida,"动画+原型叙事，很特别的传记组成，同时很大原因是因为这段历史鲜为人知，就连记录的照片和影像也极少。
“如果可以的话，你可以保存一些东西。因为人可能某一天就消失得无影无踪。完全不留痕迹，先从这个世界消失，再从我们记忆里消失。”
从坟墓里带出来的故事，战地记者真的是让人很尊敬的职业。"
人生的另一天 Un día más con vida,SIFF 2019
人生的另一天 Un día más con vida,内容过于真实
人生的另一天 Un día más con vida,动画纪录片
人生的另一天 Un día más con vida,超现实的动画场面很美，很震撼。
人生的另一天 Un día más con vida,为顽强的人道主义感动
人生的另一天 Un día más con vida,很棒 你上次纵舞欢歌好多了 想看书了
人生的另一天 Un día más con vida,"动画反而比真实影像更有血淋淋的感觉。
甚至觉得全片高潮是在去南方的路上，那首""美国你认为世界是你的吗？""的背景音乐响起来的时候。"
人生的另一天 Un día más con vida,Remember the heroes! Flight for Freedom!
人生的另一天 Un día más con vida,少见题材，少见形式，绝佳的影视素材。当我看到卡洛塔是真实存在的人物的时候就觉得这是上天给的机会让这个故事上大银幕。里面的无政府主义当地词语已经记不住了。但是这是我这辈子可能都无法体会的社会状态。这种让我再次找到自己幸福的第三世界战争片让我着实着迷。故事相当精彩，话题相当沉重，除了晦涩的人名和最后的照片对不上之外，整个故事讲的非常清楚，节奏也很好，观赏性很强。视觉做的非常完美。
人生的另一天 Un día más con vida,第一次见这种神奇的动画方式
人生的另一天 Un día más con vida,动画与采访交织
人生的另一天 Un día más con vida,动画+纪实，手法像《摄影师》
人生的另一天 Un día más con vida,意义大于作品本身
人生的另一天 Un día más con vida,面对战争的混乱感和渺小感表现得很好
人生的另一天 Un día más con vida,"美国、苏联后面跟的竟然是China 

以及
用动画来填补现实的空缺，反而是一种真实"
人生的另一天 Un día más con vida,看的是巨幕，画面和内容都很不错，残酷战争支离破碎的画面，被摧毁的一切，“到处乱七八糟”，最难受的地方是女战士那一段了
人生的另一天 Un día más con vida,"战争带给我们的只有创伤和痛苦，但这些创伤和痛苦必须有人记录。
于是男主角抛弃了相对安全的环境，一路南下。
沿着整条路铺开的尸体，他看了看，继续走。
同盟里那个喊着希望自己能被人记住的女战士牺牲得那么快，他哭了一场，还是只能继续走。
那个被众人鄙夷的军官，在谈到自己孩子的时候眼中也会有光芒闪耀。
在无数个心绪不宁的夜里，他苦苦思索着他来到这里的目的。
他是一个记者，他要让全世界都听到这里真实的声音。
但他也是一个人，为了国家里的所有人，他暂时放下了记者的求真。
他是我们这个时代应该记住的人，因为有他这样的人，我们才能知道现实是多么的冰冷。
我们幸福生活着的时候，有的人，还在为人生又拥有了另一天而感谢上帝，还在为自己那理想的生活，花掉自己好不容易得来的那另一天。
100+/100。"
人生的另一天 Un día más con vida,北影节展映。真人和动画结合，借由多人第三方描述把记者卡普钦斯基形象具象化，片尾终于出现本人影像，一睹真容，一同出现的还有他拍的部分纪实照片，有种虚虚实实终于对应上的圆满。
人生的另一天 Un día más con vida,2019年香港国际电影节观影。电影是写实又诗意的动漫风格，穿插真实人物的访谈和实景，还是挺震撼的。有点让我想起Joe Sacco的comic journalism。看完立刻要去读这本原著Another Day of Life。
亿万少年俱乐部 Billionaire Boys Club,好可怕，METOO之后凯文史派西再出现在荧屏上总觉得他在打男主的主意，想把大小伙子搞上床。整个故事有点无聊，新老骗子没什么技术含量，骗局没两下就露馅了。所以不来些狠的，New Money没那么容易。
亿万少年俱乐部 Billionaire Boys Club,60/100 第一幕还有模有样，让人短暂的想起了大空头或者社交网络，之后就变得只会说故事不会讲故事了，显得缺乏足够的耐心，就像事先已经知道了凯文斯派西的丑闻会曝光一样。
亿万少年俱乐部 Billionaire Boys Club,凯文史派西的确喜欢和年轻男孩子搭戏..
亿万少年俱乐部 Billionaire Boys Club,2018年第17部，20180802。“我不知道我怎么走到了这一步”，没人能知道，一直保持清醒，几乎不能实现。毕竟命运的事情太难捉摸。穷孩子和富孩子的一场游戏而已，荒唐不荒唐都是人生。
亿万少年俱乐部 Billionaire Boys Club,很好的故事没拍好，节奏乱，人物立不住。本来有希望成为另一个华尔街之狼的，结果成了半成品。遗憾。
亿万少年俱乐部 Billionaire Boys Club,不太行 大家都不太行 同样是拍美国青少年傻子是吧…
亿万少年俱乐部 Billionaire Boys Club,剧情人物都差那么一股劲，也是可惜这几位熟脸了
亿万少年俱乐部 Billionaire Boys Club,三张熟悉的面孔，一部无感的电影。
亿万少年俱乐部 Billionaire Boys Club,蛋蛋又玩骚气女装lol
亿万少年俱乐部 Billionaire Boys Club,一部齐聚了新生代里喜欢的男女演员（男：蛋蛋+Ansel；女：《尖叫皇后》“Chanel”们再聚首）的电影，又是西装革履的架势，按理说怎么拍也不会难看，只可惜80年代的庞氏骗局和兄弟会文化在如今层出不穷的金融犯罪和诈骗已经无甚新意，更怀疑片头层出不穷的中资是否真让这个不痛不痒的翻拍有“洗钱”之疑；结尾利己主义和Dean Karny的翻转演得不错，但其实也没有太多惊喜。最喜欢的一场戏是Sydney和Joe跳《堕落天使》有过的《Only You》，果然好看的人床戏也好看【PS 有生之年希望看到Ansel和蛋蛋合演gay片。
亿万少年俱乐部 Billionaire Boys Club,剧情像是elizabath holmes
亿万少年俱乐部 Billionaire Boys Club,5️⃣Kevin Spacey又给Ansel Elgort当人生导师了，只不过这次被后者亲手搞死。这个故事，拍成现在这样不土不洋还是挺可惜的。
亿万少年俱乐部 Billionaire Boys Club,"庞氏骗局, 有点夸张"
亿万少年俱乐部 Billionaire Boys Club,Alpha white male are arrogant retarded dickheads.
亿万少年俱乐部 Billionaire Boys Club,劇情沒什麼張力，男主太嫩了啊，還是BABY那種角色適合他，為什麼一度給我一種凱文史派西看上他的感覺。蛋蛋演技不錯，其實我是來看艾瑪羅伯茨的。
亿万少年俱乐部 Billionaire Boys Club,很混乱，不知道重点在哪里，无感
亿万少年俱乐部 Billionaire Boys Club,开头的感觉还挺吸引人，后面越来越不好看了，所以最后蛋蛋突然成了主角？
亿万少年俱乐部 Billionaire Boys Club,幼稚园版华尔街之狼 后半稍微好点 蛋仔美味
亿万少年俱乐部 Billionaire Boys Club,前面还不错，后面剪辑开始各种崩坏，不知道是不是受到史派西丑闻的影响。
亿万少年俱乐部 Billionaire Boys Club,制作水平一般，问题的阐释也浮于表面，但令人意外地没有什么尿点，能安静坐着一路看到完。最有趣的是，男主Mean Dean有一种非常极致的卑鄙品质，足以证明即便在撕逼领域，男人仍然可以强过女人，无论是撒谎还是背叛，都可以举重若轻信手拈来，不要脸到令人惊叹。
亿万少年俱乐部 Billionaire Boys Club,果然评分好低
亿万少年俱乐部 Billionaire Boys Club,#浪费卡司系列#
亿万少年俱乐部 Billionaire Boys Club,一个令人唏嘘的庞氏骗局，影片似乎想表述一个在庞氏骗局中无辜的人。不过在我看来，没有哪一个是无辜的，有的只是贪婪的欲望。
亿万少年俱乐部 Billionaire Boys Club,少年华尔街之狼，感觉这种类型近来很吃香
亿万少年俱乐部 Billionaire Boys Club,没有《最佳出价》悬疑，故事的几人叙说也没有《看不见的客人》精彩。结尾被同伴出卖，可怜的小白羊，两条人命都是背锅侠。
亿万少年俱乐部 Billionaire Boys Club,其实看这部片的时候我满脑子都是对Spacey的惋惜。 3.4
亿万少年俱乐部 Billionaire Boys Club,一般我不打三分 我都给三颗星了 证明真的不太行啊 前部分还成 后面是要演啥呢
亿万少年俱乐部 Billionaire Boys Club,一言难尽的片子，就算没有凯文那些破事，本身片子就麻麻地，还是冲着宝宝和蛋蛋多给一颗星吧……这富二代的套路啊……还是认真搬砖适合我们老百姓
亿万少年俱乐部 Billionaire Boys Club,昨天在火车上看的第三部电影，两位主角都挺面熟的，才看就想起了华尔街之狼，搜一下才知道男二是王牌特工，特别像当年血气方刚的小李子。男一忽然从一个humble小推销变成了咋咋唬唬的hustler确实很突兀。然后还看了一下居然是确有其事～
亿万少年俱乐部 Billionaire Boys Club,这两个男主的同时出演就很让人高潮！！啊啊啊啊啊
亿万少年俱乐部 Billionaire Boys Club,本来应该很精彩的片子。被拍的实在太一般，可惜了这么多有名的演员
亿万少年俱乐部 Billionaire Boys Club,Kevin Spacey  演技没毛病
亿万少年俱乐部 Billionaire Boys Club,“在美国有钱才能得到尊重，不管你的来路正不正，你就是得有钱才行”，临近片末的内心独白告诉了观众这个世界的最大潜规则，你得有钱，否则只能卑微活着，欲望使人膨胀，使人忘乎所有，使人铤而走险，就看每个人自己怎么想。如果我的女朋友是艾玛罗伯茨，我才不会像男主那样投奔钱海，但是如果我不是很有钱，我还有信心留住像艾玛罗伯茨这样的女朋友吗？
亿万少年俱乐部 Billionaire Boys Club,虎头蛇尾 说好的黄金期货交易怎么变成了二手车和骗中骗🙄️
亿万少年俱乐部 Billionaire Boys Club,基於真實故事拍攝 哎呀 看的心慌慌
亿万少年俱乐部 Billionaire Boys Club,这类题材不感兴趣
亿万少年俱乐部 Billionaire Boys Club,"Oh, Kevin Spacey, such a charming awesome actor, so sad the scandal detracts from his fame."
亿万少年俱乐部 Billionaire Boys Club,只有剧情
亿万少年俱乐部 Billionaire Boys Club,阵容豪华，但故事没讲透，没能达到设想中的戏剧性效果
亿万少年俱乐部 Billionaire Boys Club,年纪轻轻的把聪明才智用在正途上不好吗？
亿万少年俱乐部 Billionaire Boys Club,主角们颜值撑了半集，之后就一路快进到结束，虎头蛇尾，结束得有点草草了事。
亿万少年俱乐部 Billionaire Boys Club,真人真事这么扯嘞
亿万少年俱乐部 Billionaire Boys Club,有时候真相是最完美的谎言
亿万少年俱乐部 Billionaire Boys Club,英皇剧院看过
亿万少年俱乐部 Billionaire Boys Club,一夜暴富难长久，天堂地狱一秒钟
亿万少年俱乐部 Billionaire Boys Club,真事加一颗星 
亿万少年俱乐部 Billionaire Boys Club,"不作不会死
里面那个艺术小姐姐的点在哪里 露胸？"
亿万少年俱乐部 Billionaire Boys Club,"凯文史派西性侵呵呵哒 虽然角色演得很好
剧情老套 
世人有几人能够不受钱多钱少的约束 变的自由？"
亿万少年俱乐部 Billionaire Boys Club,"一星给蛋蛋，一星给baby,一星给这首BGM"
亿万少年俱乐部 Billionaire Boys Club,虽说是根据真实故事改编，可还是觉得太扯了。就算80年代的人还没见识过那么多骗局，还未经过如今这么多P2P爆雷事件的洗礼意识不到如此高的回报率完全是不可能实现的，但光凭这么一个空壳和想法就能让这么多人疯狂砸钱还是难以理解，中间计划怎么实施也没太明白。只能说无论何时，大家都有从众心理，即使你还是原来那个一无所有的自己，当有名人追捧来往时，你就会不自主得把资源吸引过来。看在baby车神和艾玛的颜上再加一星。罗伯茨是真漂亮！
亿万少年俱乐部 Billionaire Boys Club,一直没看明白他们怎么就赚了那么多钱了……电影节奏不好，感觉讲不清楚故事
亿万少年俱乐部 Billionaire Boys Club,"""All he ever wanted was to belong. And you made him think he needed a BMW for that."""
亿万少年俱乐部 Billionaire Boys Club,前半程拍得还是有模有样的，从杀了第一个人之后就开始不会说故事了。Kevin Spacey是好演员。
亿万少年俱乐部 Billionaire Boys Club,美国青少年傻子电影这个分类hhx
亿万少年俱乐部 Billionaire Boys Club,飞机上看的电影，女主其实是凯叔。
亿万少年俱乐部 Billionaire Boys Club,看到片尾交代的法庭自辨故事 觉得那会是个比正片精彩得多的故事……集结了那么多优秀年轻演员，但是what a flop......
亿万少年俱乐部 Billionaire Boys Club,#谷阿莫 一个团队，无论什么团队，一定得有一个演讲型选手。
亿万少年俱乐部 Billionaire Boys Club,那么谁才是房子里最聪明的人呢？一个关于背叛的故事。
亿万少年俱乐部 Billionaire Boys Club,除了老史，其他的演技都嫩了点
亿万少年俱乐部 Billionaire Boys Club,为啥凯文骗走那400万美金之后还不慌不忙地在当地shopping和约joe晚上见面？他对自己的忽悠能力这么有信心，即使冤家上门也不担心被暴力催收？不做任何plan b的准备？感觉不太符合现实啊，骗子拿到钱第一步应该就是跑路，不跑路至少也得请保镖和律师吧。自己一个人handle，太托大了。
从足球流氓到黑帮崛起 Rise of the Footsoldier,。。。
从足球流氓到黑帮崛起 Rise of the Footsoldier,"在一月三日的清晨,我就是被这样一部血腥电影带醒,了解了两点：1、别去夜场,2、别随便欺负人或者试图搏命。人生还是清淡为主。"
从足球流氓到黑帮崛起 Rise of the Footsoldier,这不失为换个口味 尝试暴力观影经历的好电影，
从足球流氓到黑帮崛起 Rise of the Footsoldier,肌肉是这么练的。
从足球流氓到黑帮崛起 Rise of the Footsoldier,可以说本片除了暴力场面还值的一看外，毫无意义可言，只是一个从小地痞变成大流氓的过程
从足球流氓到黑帮崛起 Rise of the Footsoldier,开头不错，后面就不知所以然了
从足球流氓到黑帮崛起 Rise of the Footsoldier,了解英伦的另一面
从足球流氓到黑帮崛起 Rise of the Footsoldier,导演很想拍个好片子，却事与愿违
从足球流氓到黑帮崛起 Rise of the Footsoldier,...太过了 
从足球流氓到黑帮崛起 Rise of the Footsoldier,七零八落
从足球流氓到黑帮崛起 Rise of the Footsoldier,fucking
从足球流氓到黑帮崛起 Rise of the Footsoldier,英国佬拍片都像刚飞完一样
从足球流氓到黑帮崛起 Rise of the Footsoldier,摇晃的伪纪录片形式，凌乱而又粗暴。
从足球流氓到黑帮崛起 Rise of the Footsoldier,这么血腥和暴力
从足球流氓到黑帮崛起 Rise of the Footsoldier,一部探究黑帮人士从道一生的过程。英国足球流氓有史以来都是最危险的，没想到这么危险，看到千万老特拉福德的道路还是比较凶险的。
从足球流氓到黑帮崛起 Rise of the Footsoldier,摇摇晃晃的看了，对剧情没有任何把握，后面不耐烦的跳过；几乎每句台词都有fucking；每分钟都有暴力；或许对于某些人，生活方式就是如此，无法脱离。
从足球流氓到黑帮崛起 Rise of the Footsoldier,看片等欧冠决赛。果然腐国人民天生就有血腥暴力嗨药的爱好么，也不知道腐国是不是真的这么重视家庭，男人再混蛋也绝对不能容忍自己的女人孩子受威胁。腐国的发际线和啤酒肚果然是国家传统。片末法医持剪的手法一看就是乱来。真心不理解那些对于暴力不是厌恶而去模仿的傻逼们。忘不了那些蜜一样的姑娘。
从足球流氓到黑帮崛起 Rise of the Footsoldier,看的时候...没有字幕
从足球流氓到黑帮崛起 Rise of the Footsoldier,一般
从足球流氓到黑帮崛起 Rise of the Footsoldier,一开是很爽，然后就有电不知所云
从足球流氓到黑帮崛起 Rise of the Footsoldier,看前 需要了解点英式交流
从足球流氓到黑帮崛起 Rise of the Footsoldier,画质不错。。。口音不错。。。
从足球流氓到黑帮崛起 Rise of the Footsoldier,看后还感觉很糟的一部片，不是它糟糕，是营造的糟糕气氛依然存在
从足球流氓到黑帮崛起 Rise of the Footsoldier,血腥，暴力，色情，其他就看不懂了....倒叙和插叙的手法太多
从足球流氓到黑帮崛起 Rise of the Footsoldier,乱七八糟
从足球流氓到黑帮崛起 Rise of the Footsoldier,第一次觉得英国英语也不是那么的难听，画面很暴力，故事蛮复杂，越往后看越心不在焉。。。。。。
从足球流氓到黑帮崛起 Rise of the Footsoldier,足球流氓。。。足球呢！
从足球流氓到黑帮崛起 Rise of the Footsoldier,肯尼，一切都会以泪水收场。
从足球流氓到黑帮崛起 Rise of the Footsoldier,看得出导演想写实，但真的写得乱七八糟啊。
从足球流氓到黑帮崛起 Rise of the Footsoldier,"只看一半的片子。
莫名其妙，愚蠢且不入流。"
从足球流氓到黑帮崛起 Rise of the Footsoldier,"主角告诉我一个道理,就是再好打也会有一天..."
从足球流氓到黑帮崛起 Rise of the Footsoldier,很黄很暴力
从足球流氓到黑帮崛起 Rise of the Footsoldier,犯罪界的小人物小传记
从足球流氓到黑帮崛起 Rise of the Footsoldier,就是这部电影让我觉得打架原来是一场激情到可以为之拼命的盛筵。其他的都很乱。
从足球流氓到黑帮崛起 Rise of the Footsoldier,有关足球 有关UK 躁
从足球流氓到黑帮崛起 Rise of the Footsoldier,08年看的了
从足球流氓到黑帮崛起 Rise of the Footsoldier,很久之前看的片，字幕制作比较随意，故事也不够吸引，一开始是冲足球流氓去的，怎知半途就转调了，到最后我也分神做别的去了。
从足球流氓到黑帮崛起 Rise of the Footsoldier,血腥纪实风格
从足球流氓到黑帮崛起 Rise of the Footsoldier,野
从足球流氓到黑帮崛起 Rise of the Footsoldier,我受够了伦敦腔! 
从足球流氓到黑帮崛起 Rise of the Footsoldier,不好看
从足球流氓到黑帮崛起 Rise of the Footsoldier,除了暴力还是暴力，看得不爽。
从足球流氓到黑帮崛起 Rise of the Footsoldier,".......乱七八糟
.......不知所谓"
从足球流氓到黑帮崛起 Rise of the Footsoldier,无脑电影，无脑自传
从足球流氓到黑帮崛起 Rise of the Footsoldier,真英国啊，看来我们足球不是我们踢的，球迷也不是我们能做的。
从足球流氓到黑帮崛起 Rise of the Footsoldier,"除了fuck以外我就没听清其它的了,太混乱了"
从足球流氓到黑帮崛起 Rise of the Footsoldier,依旧跟不上
从足球流氓到黑帮崛起 Rise of the Footsoldier,镜头没说明白事情
从足球流氓到黑帮崛起 Rise of the Footsoldier,一个小球迷的暴力史
从足球流氓到黑帮崛起 Rise of the Footsoldier,"關足球什麼事,footsoldier,not footballsoldier.拍得不好,電影主角亦是個渣男,整齣電影毫無意義"
从足球流氓到黑帮崛起 Rise of the Footsoldier,英国暴力片，传记风格胡乱剪辑，为啥还可以上映，真是奇怪。
从足球流氓到黑帮崛起 Rise of the Footsoldier,一个老流氓被人打成帕金森之后口齿不清的瞎比比
从足球流氓到黑帮崛起 Rise of the Footsoldier,在足球流氓片中也不算好
从足球流氓到黑帮崛起 Rise of the Footsoldier,"fuck 用的最多！
感觉一般，一直打到尾！
暴力一直到尾！"
从足球流氓到黑帮崛起 Rise of the Footsoldier,乱七八杂 音效 画面 情节 找不到一点喜爱之处
从足球流氓到黑帮崛起 Rise of the Footsoldier,血腥暴力露点~~~
从足球流氓到黑帮崛起 Rise of the Footsoldier,🇬🇧英国口音在暴力片中搭配实在违和！暴力格斗没有什么内涵！烂片！
从足球流氓到黑帮崛起 Rise of the Footsoldier,"足球，在片名中占了20%，可是在影片中占了1%都不到。
流氓，在片名中也占了20%，但是在影片中占了99%"
从足球流氓到黑帮崛起 Rise of the Footsoldier,没文化是真可怕啊！脑子里全是黄色和暴力！死全家的不归路！
从足球流氓到黑帮崛起 Rise of the Footsoldier,完全丢失了体育本质
他们 Loro 1,三星半，延续索伦蒂诺的美学风格，仍然具有大师水准，保有费里尼遗风。前半小时很《华尔街之狼》，各种酒林肉池。之后索伦蒂诺将贝卢斯科尼描绘成一个可怜的老人，拥有无尽的财富，即使失去总理职位后仍然保留着巨大的政治影响力。妻子生活在他的侮辱之下，一群美丽的女孩只为达到某种目的，在他们眼中他是粗暴的，在导演眼中，他还是个孩子。两次在不同场合用到“我一米七，想象一下我躺在地板上，再乘以四，就是你家起居室的长度”这个梗也是够讽刺的了。
他们 Loro 1,7分电影，索伦蒂诺还是把意大利上流阶级金钱美色权利这些东西融在一起了，还是他的特色，但感觉还是没有看绝美之城时惊艳，期待2的上映！
他们 Loro 1,emmmmm.......中间断裂的剧情想表现什么？
他们 Loro 1,情色MV
他们 Loro 1,现代罗马帝国艳情史
他们 Loro 1,150分鐘版本。「他們」不再是他們，已經變成了「他」。在縱情聲色的背面，藏著落寞與孤獨
他们 Loro 1,和《了不起的盖茨比》倒是有几分相像。
他们 Loro 1,完成度其实还算相当高，但很难说看得到SB在哪里。只能说慢慢变（更）老的导演和我的审美共识也越来越少了XD。ps：我觉得Marinelli演De Andre'应该学一点口音，TS演SB则不是非学不可，但看来意大利电影界的观念和我完全不同惹。
他们 Loro 1,同他前兩部作品La Grande Bellezza和Youth差太多。
他们 Loro 1,3星，其中至少1星是给了片中的美女。本片剪辑零碎，问题表面化，前后反差大，根本没能把想说的那些上流社会的丑恶很好的串联起来。给观众的感觉就是东一榔头西一棒子，尤其是下半集。最能反应本片水平的，就是开头那让人云山雾罩的空调冻死羊的桥段了。
他们 Loro 1,@Tiff2018 國際版  冗長而欠缺精煉，比期望低了不少。個人看來表達的東西不夠準確和清晰，技術有了，力度卻不足。
他们 Loro 1,作为索伦蒂诺粉略有一些失望，主题上对浮夸虚华的讽刺和对新旧生死的哀叹其实是绝美之城和年轻气盛的重复，让人少了一些新奇，他擅长的美学和视觉又被拖沓空洞的时长稀释了冲击力，虽然还是有记忆深刻的大师手笔，但我为了看这个沐浴更衣焚香点烛还是有点亏了
他们 Loro 1,导演差评 ，，丁度巴拉斯来就完美了
他们 Loro 1,美女多到略显荒诞的成人童话
他们 Loro 1,三星半，150分钟版本的观影感受不觉漫长，反而很愉悦，依然延续索伦蒂诺的美学风格，肆意甚至放荡到极致的肉体、泳池、狂欢、慢镜和Disco乐，跟看Mektoub mylove类似的蹦迪看肉其实很开心，单部这么长居然跟柯西胥一样还要拍个几部曲…内容是臭名昭著的贝卢斯科尼和他纸醉金迷也腐烂入骨的商业政治帝国，但形式和核心却较前几部作品更为自我沉溺，流露出酒池肉林中年华老去力不从心的恐惧，豪华庄园巨大财富面前那张疲惫、空虚的脸，对权力迷恋充满欲求。真正的政治立场上的批判在索伦蒂诺那里是缺失，不似莫莱蒂那般激进先锋的左翼作派，而更像一个疏离冷静的旁观者，讥诮与讽刺只是伪装自己的武器。
他们 Loro 1,在多伦多电影节开幕第一天赶的午夜场，还是在《水行物语》的拍摄剧院看的，无奈我倒时差最起码睡过去三分之二（严格意义来说无权评论），半睡半醒间看到了一些标志性绝美镜头，但叙事太考验人耐性了，政治题材还是拍成黑色惊悚喜剧类型好看。
他们 Loro 1,这是想学绝美之城的结果吗？结果发现还真是同一个导演。。。
他们 Loro 1,还可以
他们 Loro 1,太猎奇了，人物塑造没头没尾
他们 Loro 1,Toni Servillo这个演员太有特色了，冲着他去看这部电影也是很值得的。三星半。
他们 Loro 1,眼看他起高楼眼看他宴宾客眼看他楼塌了，透着悲哀的纸醉金迷。
他们 Loro 1,一个多月过去了，踩个尾巴+2也上映来看个1。索伦蒂诺式纸醉金迷，仿佛镜头就是为上层社会打造的，旖旎动人，精致迷情。但可能因为分两部上映，节奏非常拖沓，就颇显中干。加之我对故事主人翁的微妙感觉和对题材的不喜六分不能再多。
他们 Loro 1,150‘国际版，篇幅有限，没有展开，不太过瘾。流动的雕塑。
他们 Loro 1,索伦蒂诺怕是疯了八
他们 Loro 1,还是很会玩的，视觉填充不断，养眼润耳。★★★/6.1
他们 Loro 1,这脸好有喜感
他们 Loro 1,麻辣隔壁的，美好肉体呢，最后怎么就烂尾了呢，麻辣隔壁的，政治斗争呢，怎么最后又烂尾了呢，俩半小时，你倒是给我给主题啊
他们 Loro 1,"一切浮华都建立在空洞虚无的基底以上，他只有在这一切谎言的基础上信仰谎言继续构建这浮华的梦才能让自己相信自己不老还很年轻。整个国家也跟着这样一个孩子般自欺欺人的总统一起漂浮在地狱之上。但他内心深处知道，这一切都是因为他脆弱的怕老怕过时怕不被人需要的心。妻子看穿他的一切，但也是一个脆弱的逃离不了这个大环境的一个可悲的人。唯有那个年轻有活力的女孩仿佛看透一切，这是错的是假的，是不真实的，遂马上远离……
索伦蒂诺这部我感觉明显不如绝美之城，酒池肉林场面太过多，对话太过繁琐啰嗦。虽然风格还是那种浮夸和讽刺的美学。期待第二部的样子"
他们 Loro 1,前三十分钟可以剪掉
他们 Loro 1,"""LORO"" 多伦多电影节首映归来，给个OK的分数吧。片子虽还是索伦迪诺式的诙谐，但下坡路有些明显。政治、性、药不明界限的表现力稍许过度。好尝试，硬着陆。"
他们 Loro 1,顺畅
他们 Loro 1,中间一段略显沉闷
他们 Loro 1,这传记电影拍的太梦幻了吧。
他们 Loro 1,"三星半
流连于女色，却并不被女色收买。
身为商人，也肯为商品售后质量担当。
作为政客，向公众营销梦想而无力实现。
收买反对党派，无力挽回民心。
不停寻找与妻子外貌相似的年轻情人，却无法挽回逝去的纯真爱情。
以及留不住的逝水流年。
看似人生得意须尽欢，却处处都是破绽。

电影运用了大量中间对称的绝美摄影，在这些美得不可思议的摄影中，影片评判的主角依旧流于表浅，形式要大于内容。

导演意图用结尾被吊车从教堂废墟中缓缓升起又放下的耶稣受难像，这个模仿了诸多名画和圣经中耶稣下十字架的经典桥段的镜头提醒政客，得民心者是为承担世人的罪而自我牺牲者，并非赢家。小镇人民肃穆而充满期待的那一刻，与电影中充斥的浮华喧嚣形成鲜明强烈的对比。这个结尾实在太牛逼，差点让整部电影反转。
"
他们 Loro 1,三星半。索伦蒂诺早早在片名揭示，这并非贝卢斯科尼的纯粹传记，而是意大利当代普通人“他们”的生活。贝卢斯科尼更像穿针引线的媒介，透过他周遭的众人，展现那些对金钱、权欲趋炎附势之流。也以他对待情感的态度、色欲的把玩，从一个完全私人化的角度看待这个臭名昭著的领导人。肉体盛宴中的“蝴蝶女郎”、地震坍塌中的流离贫民，甚至贝卢斯科尼本身，皆无法摆脱同为“他们”的宿命。151分钟的重剪版，更像是上下两部的精华速览。
他们 Loro 1,苏黎世电影节最期待的一部，有点失望了，一个词评价：cheesy
他们 Loro 1,剧中的别墅是超美了
他们 Loro 1,漫长而无意义的表演 漫长而无意义的人生
他们 Loro 1,#151分版#这个片子结合他的纪录片看会获得更好的观感。美学风格和《绝美之城》如出一辙，同样是一部很孤独的电影。从商人过渡到政客的部分有些割裂，前半部分像一部肉体堆砌出来的MV，力度都是从后半部分开始的。离婚那场戏很有张力——“既然我一无是处，你为何还跟我这么多年？”“因为我曾爱过你”。这，大概就是众多不幸的其中一种。结尾耶稣的隐喻和贝卢斯科尼自己的政治抱负形成对照，意大利人民的生活不会说谎。索伦蒂诺有成为费里尼的潜质，或者说，他就是当代的费里尼。意大利女人的美，已经被他展示到了极限。
他们 Loro 1,还行，挺讽刺，我要按摩啦
他们 Loro 1,没太看懂，不知是导演弄的乱，还是我理解不了，香艳美女不少。
他们 Loro 1,看得我云里雾里……
他们 Loro 1,台湾真善美剧院/限制片也救不了我的昏昏欲睡/政客与宣传
他们 Loro 1,酒池肉林，物欲横流，被丰足灌口强塞到麻木，坐拥声色犬马的“一贫如洗”，满目疮痍的“绝美之城”
他们 Loro 1,又一部关于“绝美”命题的电影，即使充斥着政治、情色（评价3星的原因）正如谚语所说：“权力是最好的春药”。却仍旧遮蔽不了导演的执念，最好的证据就是70岁老人与20岁少女的对话。
他们 Loro 1,"和《绝美之城》中的庄严肃穆与奢华绚丽相比，更具象的描绘了一幅上流社会的下流生活，剪辑上花哨了不少的同时损失了 太多传记电影的厚实感。
好在对于这位前意大利四任总理与前米兰老板的贝卢斯科尼了解还有点背景基础，在有兴趣的同时算是比较顺利的完成了观影过程。3/5"
他们 Loro 1,无意间点开的，不了解，也不怎么明白
他们 Loro 1,完全是为了衬托当年的Il divo: La spettacolare vita di Giulio Andreotti有多牛逼，索伦蒂诺的创作俨然已被自我所绑架。
他们 Loro 1,保罗索伦迪诺如今的地位就是即使他拍一个400斤大胖子的屁股2个半小时都有人拍手叫好。
他们 Loro 1,8012还有人在拍土气mv和salesman自我修养
他们 Loro 1,一般般的直男（像是「剛剛好的醜女」這種說法）——可能Paola Sorrentino的片我都看不完就是這樣。前面像是Cocaine trip，打入高劑量權力慾與女色，去想望更精純的毒品，那個「他」（站在國家權力頂點的男人）。《高潮》裡側寫著LSD 的迷幻感，這部Cocaine就是單純地嗨，一群嗨得跟《Spring Breakers》一樣煩的老男人和不知道去哪裡找來這麼多的老中青三代維多利亞秘密模特兒。後面像是安東尼奧尼《夜》和《大亨小傳》以及「高雄發大財」和比較沒品的維斯康提。
他们 Loro 1,"《他们》《绝美之城》《恶棍天使》《罗拉快跑》《富山春居图》《艾米粒日记》超级大烂片

给这部电影打三、四、五星的都是傻逼！"
他们 Loro 1,看得我想吐
他们 Loro 1,半夜在《水形物语》里的剧院看了展映，本来期待一个像预告片一样史诗般绝美的电影，最终大量无意义的性桥段和情色吸毒的描写让我倒了胃口。
他们 Loro 1,2019HKIFF之十一：江郎才尽，就在吃老本
他们 Loro 1,"https://www.dandanzan.com/dianying/37852.html
肉林審美疲勞，索倫蒂諾慢慢所有電影都像同一部電影讓人掃興"
他们 Loro 1,太多背景，我觉得大概只有意大利人看得会心一笑吧，我是完全没看出来这部好在哪
他们 Loro 1,2.5，失望透顶。这分明拍的是MV吧（感觉完全没有叙事），而且好几个场景居然拍出了电视剧的感觉。
他们 Loro 1,没看懂
他们 Loro 1,"無聊的片子 只是用錢砸出來的,毫無邏輯跟莫名其妙的劇情 男主只會一直唸台詞"
他们先杀了我父亲：一个柬埔寨女儿的回忆录 First They Killed My Father: A Daughter of Cambodia Remembers,过多以朱莉的视角为主，偏离了人性泯灭和战争残酷的写实感，更多的是流水账式的贩卖悲情和堆砌式的求生之路，满屏女孩的面部大特写，充满哀怨无助以及复杂的情感诉求，但也夹杂了浓浓的刻意感和成人世界里的故作高明，于现实于真实是割裂的两种境界，摄影美到窒息，可泛滥的文艺情感只能沦为历史的附庸
他们先杀了我父亲：一个柬埔寨女儿的回忆录 First They Killed My Father: A Daughter of Cambodia Remembers,68/100 尽管没有拍出红色高棉政权万分之一的邪恶，但是本片的调度、摄影至少体现出安吉丽娜朱莉作为导演的实力。或许因为当年5岁的主角Loung带着模糊的记忆在叙述这一切（以及去白人视点化），所以故事偏柔弱，缺乏直捣人心的情节，对于这个题材来说有点可惜。
他们先杀了我父亲：一个柬埔寨女儿的回忆录 First They Killed My Father: A Daughter of Cambodia Remembers,2.5 典型美国人手下的“第三世界电影”，通篇展示苦难却无深度挖掘。题材分。
他们先杀了我父亲：一个柬埔寨女儿的回忆录 First They Killed My Father: A Daughter of Cambodia Remembers,臭不臭不好说，反正挺长的
他们先杀了我父亲：一个柬埔寨女儿的回忆录 First They Killed My Father: A Daughter of Cambodia Remembers,只看到在卖苦，而没有真正的切身体会，算是失败了。剧本有堆砌之感，加上重复的镜头调度，观看途中的疲惫感相信会折磨很多人，结尾部分明显节奏加快算是比较好的一部分。潘礼德的加持没使电影走偏，但电影直白得可怕，还是觉得这方面陈冲《天浴》最佳。[C]
他们先杀了我父亲：一个柬埔寨女儿的回忆录 First They Killed My Father: A Daughter of Cambodia Remembers,苏联，天朝，柬埔寨！
他们先杀了我父亲：一个柬埔寨女儿的回忆录 First They Killed My Father: A Daughter of Cambodia Remembers,影片聚焦红色高棉政权时期的柬埔寨，其养子马多克斯将出演
他们先杀了我父亲：一个柬埔寨女儿的回忆录 First They Killed My Father: A Daughter of Cambodia Remembers,平铺直叙的传记片，如果将时代背景改为49-79年的天朝，恐怕在孩子的眼中也会同样的恐怖，美国主流价值观在电影中展露无疑，历史真相与否恐怕并不是某个单独的生命可以概括，更多仅仅是一种直观的感情反馈，因此对于历史传记片是一种难题，而如果只是一种宣泄则过于简单。
他们先杀了我父亲：一个柬埔寨女儿的回忆录 First They Killed My Father: A Daughter of Cambodia Remembers,以正义之名行邪恶之实，不能遗忘的历史伤痛，题材加一星，安吉丽娜朱莉的导演能力还需进步。
他们先杀了我父亲：一个柬埔寨女儿的回忆录 First They Killed My Father: A Daughter of Cambodia Remembers,3.5。1.现实与梦境交织的回忆录，宛如经历过灵与肉的双重洗礼。2.朱莉这一部明显有很大进步，以沉重笔触铺展赤裸裸的柬埔寨人间炼狱，细节周全，完成度很高。3.几个孩子活剥蛇皮那场戏，是我的噩梦时刻。
他们先杀了我父亲：一个柬埔寨女儿的回忆录 First They Killed My Father: A Daughter of Cambodia Remembers,成王败寇，流水账啊
他们先杀了我父亲：一个柬埔寨女儿的回忆录 First They Killed My Father: A Daughter of Cambodia Remembers,在影像上朱莉没露怯 而叙事上只能说是温吞的流水账 言之无物
他们先杀了我父亲：一个柬埔寨女儿的回忆录 First They Killed My Father: A Daughter of Cambodia Remembers,流水账式的平庸，除了叙述了大背景下小女孩的经历外，散得抓不住重点。这么好的题材，如果不懂取舍，拍成纪录片会更有意义。
他们先杀了我父亲：一个柬埔寨女儿的回忆录 First They Killed My Father: A Daughter of Cambodia Remembers,★★☆ 太多慢镜鸟瞰俯视镜头，朱莉应该多学一点毕格罗的果决。剪辑有重大问题，中间明明都瘦出高耸颧骨的小女孩到后面居然胖出双下巴。题材+☆
他们先杀了我父亲：一个柬埔寨女儿的回忆录 First They Killed My Father: A Daughter of Cambodia Remembers,朱莉翻身仗打的不错。顺便了解红色高棉。感觉今年看了好多种族屠杀的片子。
他们先杀了我父亲：一个柬埔寨女儿的回忆录 First They Killed My Father: A Daughter of Cambodia Remembers,人类真残忍…
他们先杀了我父亲：一个柬埔寨女儿的回忆录 First They Killed My Father: A Daughter of Cambodia Remembers,没完没了的慢镜俯拍特写，小女主演技差到令人发指 2.5
他们先杀了我父亲：一个柬埔寨女儿的回忆录 First They Killed My Father: A Daughter of Cambodia Remembers,很多细节的处理独具匠心，例如，小女儿用愚笨的小手艰难剁断了蛇头。运镜和剪辑以及配乐，盛赞。其实很希望在银幕上里一睹臭名昭著的S-21集中营，毕竟还没有剧情片还原过S-21，除了纪录片《红色高棉杀人机器》。遗憾的是，这么好的契机，安吉丽娜摒弃了这么个最能发力的场景，以至于有点不痛不痒。
他们先杀了我父亲：一个柬埔寨女儿的回忆录 First They Killed My Father: A Daughter of Cambodia Remembers,题材4星，看柬埔寨的电影这是第一部，恶名昭彰的红色高棉，片子呈现出来的大概不及十一，如今看来可笑更可恨。但是朱莉的导演水平还是稚嫩啊，只能给3星，电影过于平缓和柔和，承接得也不够流畅，更重要的是缺乏冲击性的情节。
他们先杀了我父亲：一个柬埔寨女儿的回忆录 First They Killed My Father: A Daughter of Cambodia Remembers,很尊敬朱莉能有如此的人文关怀，不过片拍得一般就是了……
他们先杀了我父亲：一个柬埔寨女儿的回忆录 First They Killed My Father: A Daughter of Cambodia Remembers,就电影本身来说，这个片子的摄影调色都还不错，展现这样的故事也足够克制不煽情，但是故事本身缺乏张力，而且电影后期的节奏似乎有些混乱，不过，就这段历史来说，能展示出来就已经难能可贵
他们先杀了我父亲：一个柬埔寨女儿的回忆录 First They Killed My Father: A Daughter of Cambodia Remembers,茱莉将她的养女带来再现了这场柬埔寨历史，和平年代的我们很难想象战争时期的不容易，自由、饮食、睡眠……全然不由你左右了。
他们先杀了我父亲：一个柬埔寨女儿的回忆录 First They Killed My Father: A Daughter of Cambodia Remembers,good effort，叙事有些平淡无味了…有点想看原著
他们先杀了我父亲：一个柬埔寨女儿的回忆录 First They Killed My Father: A Daughter of Cambodia Remembers,政治的黑暗好像也都相同 希望不再有战争
他们先杀了我父亲：一个柬埔寨女儿的回忆录 First They Killed My Father: A Daughter of Cambodia Remembers,5秒一次镜头切换，还在看上一个镜头展示的内容，马上就切掉了，一直不停强调这是个女孩视角的展现啊，再加上女孩的演技，实在是难受。没有二元的善与恶，人性是复杂的，原政府也会有恶，高棉也会有善，这点加分。
他们先杀了我父亲：一个柬埔寨女儿的回忆录 First They Killed My Father: A Daughter of Cambodia Remembers,安吉丽娜朱莉做的导演 从一个小姑娘的视角 去看待柬埔寨红色高棉和安卡 冷静压抑 视角选择和镜头品味都很好 可惜最后的效果非常一般 没有拍出大屠杀真正的残酷 和人们的恐惧 太过于平铺克制的感情 不足以打动人
他们先杀了我父亲：一个柬埔寨女儿的回忆录 First They Killed My Father: A Daughter of Cambodia Remembers,我不喜欢这样的东西.我讨厌小孩.战争.所以就这样吧
他们先杀了我父亲：一个柬埔寨女儿的回忆录 First They Killed My Father: A Daughter of Cambodia Remembers,了解一段历史。
他们先杀了我父亲：一个柬埔寨女儿的回忆录 First They Killed My Father: A Daughter of Cambodia Remembers,历史是何其惊人的相似啊
他们先杀了我父亲：一个柬埔寨女儿的回忆录 First They Killed My Father: A Daughter of Cambodia Remembers,实话讲不是很好，但我无法对这样一部电影批评太多。
他们先杀了我父亲：一个柬埔寨女儿的回忆录 First They Killed My Father: A Daughter of Cambodia Remembers,就影片完成来说 大量的第一视角 主角所见人物表情和主角女孩的表情切换 增强共鸣 略显刻意 结束眼睛也累 人员场景设置不可谓不宏大 穿插远景航拍 高饱和的绿野丛林景致 不显多余 红色高棉恐怖还原度不够 剧本少亮点 偏平铺直叙 纪录片 看之前并不知道是朱莉执导 完成度出乎意料
他们先杀了我父亲：一个柬埔寨女儿的回忆录 First They Killed My Father: A Daughter of Cambodia Remembers,文艺的朱莉导演 好在结尾一家人团聚在一起
他们先杀了我父亲：一个柬埔寨女儿的回忆录 First They Killed My Father: A Daughter of Cambodia Remembers,很不错啊
他们先杀了我父亲：一个柬埔寨女儿的回忆录 First They Killed My Father: A Daughter of Cambodia Remembers,感觉这个内容可以拍的深刻很多，这个全程流水账刻意煽情，各种曝光特写镜头，看到最后发现原来是安吉丽娜朱莉导演的
他们先杀了我父亲：一个柬埔寨女儿的回忆录 First They Killed My Father: A Daughter of Cambodia Remembers,节奏缓慢，没什么惊喜。
他们先杀了我父亲：一个柬埔寨女儿的回忆录 First They Killed My Father: A Daughter of Cambodia Remembers,活脱脱柬埔寨版的“XXXXX”加上弱化版金三角生存指南。镜头语言稍显稚嫩，过于突出主题却没拍出深意，有点像龙套过场，政治“明”喻非常明显。三星最多了。
他们先杀了我父亲：一个柬埔寨女儿的回忆录 First They Killed My Father: A Daughter of Cambodia Remembers,看哭了，一个时代，一群人的命运
他们先杀了我父亲：一个柬埔寨女儿的回忆录 First They Killed My Father: A Daughter of Cambodia Remembers,不太好，电影的意义可能就是揭开了这样一段历史，像镜子一般，让你看看某种形态最可怕的时候。到底是不愿受辱而死去，还是跪着活下去，生活里很多事情也是这样难以抉择。
他们先杀了我父亲：一个柬埔寨女儿的回忆录 First They Killed My Father: A Daughter of Cambodia Remembers,拖沓
他们先杀了我父亲：一个柬埔寨女儿的回忆录 First They Killed My Father: A Daughter of Cambodia Remembers,一个故事感觉全程平淡又漫长，136分钟真的感觉时间过得很慢，确实这是个反战争题材很好的题材，也呈现了战争给百姓带来了多少的痛苦与绝望，一家人本是幸福的一口子，到最后不得不各自分开，还好最后又相遇，但是这家人却少了一些人了。
他们先杀了我父亲：一个柬埔寨女儿的回忆录 First They Killed My Father: A Daughter of Cambodia Remembers,虽说比较尊重原著，可是朱莉这样没有设计的平铺直叙真的很毁题材。。艺术性和戏剧性都很低。。还是Netflix出品不太应该。。
他们先杀了我父亲：一个柬埔寨女儿的回忆录 First They Killed My Father: A Daughter of Cambodia Remembers,美帝价值观下的红色高棉，或许有中国曾经的影子
他们先杀了我父亲：一个柬埔寨女儿的回忆录 First They Killed My Father: A Daughter of Cambodia Remembers,他们如甲虫般被摆弄，被啃食，被操控，逃跑成功的场面竟如丧尸前行。从小孩的视角来展开这个历史事件，回忆穿插表达孩子在这个过程中幻想一点点破灭，一切都慢慢地失去。主体沉默，让观众始终处于一个旁观的位置去反思，没有过度地煽情。但感觉太过冷静了，有的地方感觉不应该是小孩反应。
他们先杀了我父亲：一个柬埔寨女儿的回忆录 First They Killed My Father: A Daughter of Cambodia Remembers,GCZY集权在世界各国造成的深重灾难，远远超过两次世界大战之和。庆幸没有经历那样的年代。
他们先杀了我父亲：一个柬埔寨女儿的回忆录 First They Killed My Father: A Daughter of Cambodia Remembers,三星半
他们先杀了我父亲：一个柬埔寨女儿的回忆录 First They Killed My Father: A Daughter of Cambodia Remembers,题材大于内容，对杀戮的描写很克制
他们先杀了我父亲：一个柬埔寨女儿的回忆录 First They Killed My Father: A Daughter of Cambodia Remembers,故事基本没讲清楚，片子拍得非常一般，只有少数几个镜头可以加分（比如难民过地雷阵）。另外某个别邪恶境外势力时至今日还在阻挠柬埔寨国内审判红色高棉反人类犯，可见这些马列余毒多没人性。
他们先杀了我父亲：一个柬埔寨女儿的回忆录 First They Killed My Father: A Daughter of Cambodia Remembers,短片技法扩成长片，力度欠缺。
他们先杀了我父亲：一个柬埔寨女儿的回忆录 First They Killed My Father: A Daughter of Cambodia Remembers,回忆录以作家儿时的视角 经历的那段残暴统治的恐怖历史 这段历史让柬埔寨倒退了几十年 小女主角可爱又漂亮
他们先杀了我父亲：一个柬埔寨女儿的回忆录 First They Killed My Father: A Daughter of Cambodia Remembers,这就是当初天朝支持的社会主义，红色高棉…
他们先杀了我父亲：一个柬埔寨女儿的回忆录 First They Killed My Father: A Daughter of Cambodia Remembers,如果真的去了解了这段历史再来看这部影片，一定会有所失望，节奏平缓，没有正面去描述真实的历史，不过因为影片视角的选定，一切也都合情合理，拍的很细腻。
他们先杀了我父亲：一个柬埔寨女儿的回忆录 First They Killed My Father: A Daughter of Cambodia Remembers,9/14/2017 @ Directors Guild Of America Theatre NY. Netflix首映 作为导演朱莉本人在场地忙前忙后 平静温和却气场强大 真太女神了！独立电影气息 看得出是下功夫拍的 但确实有点长…营造气氛的镜头很多有点重复 可能作为导演每个镜头都舍不得剪。小女主几乎没有台词 看的时候很容易带入自己的感受
他们先杀了我父亲：一个柬埔寨女儿的回忆录 First They Killed My Father: A Daughter of Cambodia Remembers,5分。宗教片一样的拍法剧情压抑、混乱。符号、上帝视角和象征，无数闪回和梦境。视角略乱。
他们先杀了我父亲：一个柬埔寨女儿的回忆录 First They Killed My Father: A Daughter of Cambodia Remembers,节奏感有点差，滥用特写和逆光，拍得忒文艺了。优点是没有那么西方视角，红色高棉的纪录片不少，但电影不多，给三星吧。
他们先杀了我父亲：一个柬埔寨女儿的回忆录 First They Killed My Father: A Daughter of Cambodia Remembers,3.8到4
他们先杀了我父亲：一个柬埔寨女儿的回忆录 First They Killed My Father: A Daughter of Cambodia Remembers,想起了《卢旺达饭店》，一个女孩能及的视角。一个不只是发生在柬埔寨的故事。愿我们都能和平美好。
他们先杀了我父亲：一个柬埔寨女儿的回忆录 First They Killed My Father: A Daughter of Cambodia Remembers,以上尉女儿朗的视角来讲述故事，虽然是控诉一段惨绝人寰的暴烈统治，但始终未脱离落难小公主的失落感。
他们先杀了我父亲：一个柬埔寨女儿的回忆录 First They Killed My Father: A Daughter of Cambodia Remembers,如此残酷的一段历史，权利支配下的伤痛如果要使人铭记，感觉这部拍得还是稍显温柔了一点，也许这就是孩童眼中，还有些一知半解的世界吧。
他们先杀了我父亲：一个柬埔寨女儿的回忆录 First They Killed My Father: A Daughter of Cambodia Remembers,平庸的一部，题材值得加分，
他们先杀了我父亲：一个柬埔寨女儿的回忆录 First They Killed My Father: A Daughter of Cambodia Remembers,红色政权统治下，总是惊人的相似，有些可以讲，有些不得说
他们在岛屿写作：1918 他們在島嶼寫作：1918,劉以鬯95歲高齡頭腦清晰臉泛紅光説話鏗鏘猶如一塊活寶，可窺見當年他日寫一萬字的幹勁。雖是辛苦可也滿足，白天寫著娛人夜晚寫著娛己，可正正是白天的工作孕育了晚上的作品。他就是個玩弄文字的人：「新的小說未必一定好，但好的小說，一定要有新意。」// 可找人演他的小説實在難看，訪談也略顯生硬。
他们在岛屿写作：1918 他們在島嶼寫作：1918, “新的不一定好，但好的肯定有新的意味”，他至暮年，依然前卫。在台湾纪录系列片中的港片，质量却意外的有点糟糕。摆拍情景再现部分不够精细，显得粗糙。材料组织没有找到更多、更新的角度，只是做平面范畴的堆砌与排列，几位采访者的信息量也较为有限。
他们在岛屿写作：1918 他們在島嶼寫作：1918,刻意去营造各种“对倒”
他们在岛屿写作：1918 他們在島嶼寫作：1918,希望像肥皂泡。
他们在岛屿写作：1918 他們在島嶼寫作：1918,本是很喜欢的作家，却阐释的太平面。制作有些粗糙。据说拍摄耗时最久。&硕颖@新北府中15
他们在岛屿写作：1918 他們在島嶼寫作：1918,他们在岛屿写作：1918
他们在岛屿写作：1918 他們在島嶼寫作：1918,一个喜欢文学、模型、邮票、陶瓷的前卫老头
他们在岛屿写作：1918 他們在島嶼寫作：1918,刘先生这样老顽童的姿态实在是太可爱，观看的时候大家笑声阵阵，刘式伉俪也是十分有爱的一对。把一个玩弄文字的作家拍成纪录片，用电影语言来诠释他的文字以及创作的过程是非常难的，也造成总体的深度不够以及切换不流畅，导演解释了其实风格没有模仿王家卫，当然了因为王家卫就是受刘先生影响啊。
他们在岛屿写作：1918 他們在島嶼寫作：1918,劉先生的小說無疑好看，他和顧媚的情事、《酒徒》屬意識流與否的爭論，也就隨風而散即可。
他们在岛屿写作：1918 他們在島嶼寫作：1918,这位推动了这中国现代文学进程的作家 虽是大器晚成 作品不多却影响了一代香港中产阶级 眼下诞辰一百周年 向这位兢兢业业推动五四新文学的大师致敬
他们在岛屿写作：1918 他們在島嶼寫作：1918,还是很感动的吧。可惜这个纪录片拍的十分难受，结构不好，各种混乱，看得蛮尴尬的
他们在岛屿写作：1918 他們在島嶼寫作：1918,导演有点小聪明，开头片名就以戈达尔的方式出现以配合劉以鬯意识流的风格，其后又处处可见杜可风的光影以显现劉以鬯《酒桶》对王家卫的影响，戏文对倒，但我不太高看这种小聪明，因为这会把劉以鬯的位置向后推，我可不想处处都看到导演的自恋，这是他者的纪录片，言他即可。
他们在岛屿写作：1918 他們在島嶼寫作：1918,看得昏昏欲睡
他们在岛屿写作：1918 他們在島嶼寫作：1918,岛屿2不知是怎么了…这部比上次看的好一点，但还是非常混乱，准备不充足，导致摄影不讲究，第三方的评述剪辑得就像新闻联播，非常生硬。我很喜欢这位主人公，很喜欢他的爱好，也被他和妻子的爱所打动，但应该有更多的资料补足来让视众深入了解。
他们在岛屿写作：1918 他們在島嶼寫作：1918,没拍好，配不上我这么可爱的偶像！
他们在岛屿写作：1918 他們在島嶼寫作：1918,拍的一般，老老实实做个纪录片不好吗，聊往事聊旧上海旧香港部分还是可以的。
他们在岛屿写作：1918 他們在島嶼寫作：1918,这部差点，老先生九十多，历经抗战， 内战， 辗转上海， 重庆， 南洋， 最后定居香港， 应该有很多故事可以挖掘，而编导太过拘泥香港一地， 其它除了新加坡的经历，都只是简单略过， 可惜了。
他们在岛屿写作：1918 他們在島嶼寫作：1918,刘以鬯一口上海腔粤语，居然爱玩模型。
他们在岛屿写作：1918 他們在島嶼寫作：1918,没有前几期好看，导演刻意模仿王家卫的电影风格，以至影片感觉被分成两截，一部分是“电影”，一部分是“纪实”，过度太生硬，若只成一种风格，应该是不错的；刘老对香港文学的大贡献和对后辈的影响，没有完全体现出来……
他们在岛屿写作：1918 他們在島嶼寫作：1918,片子真的一般般。但是刘以鬯好可爱 尤其讲自己骗爸妈钱的时候 本来靠着的突然起身 不知道是不是下意识。对于各种意义上「新」文学的追求很感动。 / 新的小说不一定好 但好的小说 一定要有新的意味
他们在岛屿写作：1918 他們在島嶼寫作：1918,劉太好正喔嗚嗚嗚嗚
他们在岛屿写作：1918 他們在島嶼寫作：1918,记忆都是潮湿的。
他们在岛屿写作：1918 他們在島嶼寫作：1918,文学与电影在不同年代完美的交错，也可以说是一次“对倒”吧。看这部没有爱上刘以鬯反倒更喜欢王家卫。一些擦肩而过的故事我很喜欢，模糊记得张爱玲里也看到过类似的故事。
他们在岛屿写作：1918 他們在島嶼寫作：1918,年轻时候刘以鬯的样子跟他的文字感觉很像，镜头中这个可爱调皮的老爷爷，更像一个老顽童。可惜 电影结构和戏剧化小说桥段很乱很突兀演技也奇怪。导演不如王家卫懂刘以鬯。
他们在岛屿写作：1918 他們在島嶼寫作：1918,没看完 看了几部
他们在岛屿写作：1918 他們在島嶼寫作：1918,中规中矩 结构 故事 画面 都 中规中矩
他们在岛屿写作：1918 他們在島嶼寫作：1918,导演水平挺一般的，但还是呈现了一个很可爱的老爷爷，沪式粤语集大成者也是他了😅
他们在岛屿写作：1918 他們在島嶼寫作：1918,老先生九十多岁还双目炯炯，天真可爱似一个赤子
他们在岛屿写作：1918 他們在島嶼寫作：1918,不必说遍读，导演是否认真读过哪怕刘以鬯的一本书都令人生疑。
他们在岛屿写作：1918 他們在島嶼寫作：1918,纪录部分有几个镜头还不错，有意识流的感觉，街边大楼的落地玻璃也被用来表示某种概念。但类似的镜头出现好多次，重复了，就没什么意思了。演绎部分有点多余了，也有点傻。
他们在岛屿写作：1918 他們在島嶼寫作：1918,认识了一个字，知道了几本书，越发觉得长寿很重要。他们说这是系列里拍的很差的一部，然而这竟然是我的第一部。
他们在岛屿写作：1918 他們在島嶼寫作：1918,劉以鬯當然好看，兩口子皮光肉滑青春健壯一開口已經討人喜愛。導演的東施效頻以及有氣無力的說書VO實在好難頂。
他们在岛屿写作：1918 他們在島嶼寫作：1918,勉强看完吧，感觉是系列里拍得最差的一部
他们在岛屿写作：1918 他們在島嶼寫作：1918,高中開始讀劉以鬯，很有感情。想不到這部片拍得這麼粗疏又混亂，浪費了這麼好的題材和人物。應該重新剪
他们在岛屿写作：1918 他們在島嶼寫作：1918,2015.12.21@華山
他们在岛屿写作：1918 他們在島嶼寫作：1918,CCTV风，解说词和画面能不能不这么对应？太实，缺少余味和想象。
他们在岛屿写作：1918 他們在島嶼寫作：1918,小學程度，不合格的紀錄片。
他们在岛屿写作：1918 他們在島嶼寫作：1918,剪辑奇差。各种无意义片段。全篇让人得以喘息的点反而在完全复述花样年华和镜子里的镜子作品的时候。
他们在岛屿写作：1918 他們在島嶼寫作：1918,主角本人的个人魅力要大于影片的拍摄手法，可惜了，记录方式太工整了，又是人物访谈又是情景重现
他们在岛屿写作：1918 他們在島嶼寫作：1918,若是没有王家卫的《花样年华》，估计刘以鬯仍旧是香港本土鲜为人知的作家。纪录片而言勉强及格，意识流的文本用镜头叙述，本来就存在极高的难度，所以即便用了多种手法，依旧缺乏立体的人物形象，最感人的反而是刘先生要从柜子里拿出模型给导演拍摄的生活味道。不过，也庆幸留下的这些珍贵影像，我们都应铭记岛屿上这个热爱写作的酒徒。
他们在岛屿写作：1918 他們在島嶼寫作：1918,岛屿二系列看到现在，台湾作家的场次一次能哭完半包纸，香港作家则多有全场会心爆笑的段落。也许是因为家国之感藏得更深，多了岛屿都市韧性生长的气质。倒是挺习惯导演穿插引用的手法，一如先生自己喜欢的，撞色又直白的封面。趁在这里的最后几个月，赶紧恶补刘以鬯~~
他们在岛屿写作：1918 他們在島嶼寫作：1918,这集两个收获；王家卫《花样年华》构思灵感之一来自《对倒》；港岛混杂市井、岭南、英国、上海等各方气质的城市文化在刘先生这样的人身上体现得淋漓尽致，集邮、明信片、小模型、坐小巴太有意思了
他们在岛屿写作：1918 他們在島嶼寫作：1918,劉氏伉儷實在是可愛的一對！
他们在岛屿写作：1918 他們在島嶼寫作：1918,没有中间演戏的part就好了。多拍些作家的日常。为95岁依然坚持写作的老先生加一星。
他们在岛屿写作：1918 他們在島嶼寫作：1918,寫 文 作 人
他们在岛屿写作：1918 他們在島嶼寫作：1918,我好中意九十五岁的刘先生，不中意找人装扮成他年轻时候的鬼点子。这部分像楔入，把观众的关注点偷偷转移一部分到电影的表达手法去了，刘先生诸多鲜为人知的小爱好，与年龄不符的伶俐精神和干净清晰如白描的谈吐等，本身已经是令人惊喜的撞色。刘太气质也好，一头“同款”白发梳理得整整洁洁，身材纤瘦，优雅更胜当年。难得她还经营得一手好生活，总伴在先生身旁小声提醒他什么，举手投足之间默契十足，她该是最适合他的人。
他们在岛屿写作：1918 他們在島嶼寫作：1918,我给五星并不是因为这个纪录片拍得好，而是因为刘以鬯先生和片中的粤语。刘以鬯先生也是给香港文坛注入了好多新鲜的血液。一部《酒徒》就足以让他名留华语文坛。
他们在岛屿写作：1918 他們在島嶼寫作：1918,非常值得看。
他们在岛屿写作：1918 他們在島嶼寫作：1918,精神矍铄的老爷子，童真，可爱
他们在岛屿写作：1918 他們在島嶼寫作：1918,好看，只要喜歡香港、喜歡王家衛，粗鄙如我也感到很滿足
他们在岛屿写作：1918 他們在島嶼寫作：1918,看完散場，發現劉先生和夫人就坐在後座。致敬香港文學。
他们在岛屿写作：1918 他們在島嶼寫作：1918,哪怕是差評多多的「演出」部分也有種合襯的光怪陸離／荒謬之感，同時即使只看過酒徒的開頭如我也能夠順利進入文字帶來的氛圍中去。
他们在岛屿写作：1918 他們在島嶼寫作：1918,"刘先生的生命比我想象中要厚很多
老了也颇有趣，只惜锋芒已渐从眼角消去"
他们在岛屿写作：1918 他們在島嶼寫作：1918,从那时起，我们55年从未分开过24小时。
他们在岛屿写作：1918 他們在島嶼寫作：1918,他们在岛屿写作系列看的第一步，拍摄用了很多故事语言，虽然看前不认识刘老，但是看完后特别想读他的小说，也为这么可爱的一位老人而高兴，也会很希望看完系列中的其他影片。很喜欢。
他们在岛屿写作：1918 他們在島嶼寫作：1918,劉以鬯，1918年生，2018年逝世，活过了人们对他最好的祝福：長命百歲！
他们在岛屿写作：1918 他們在島嶼寫作：1918,尚可，比洛夫的好，比痖弦的差，和陈果的西西伯仲之间。采访太刻意，贵在有生活气，引用也合格
他们在岛屿写作：1918 他們在島嶼寫作：1918,有趣的老头子，很活泼。后面在新马部分做得不是太有趣。
他们在岛屿写作：1918 他們在島嶼寫作：1918,懷正文化社；選景和配樂都是小說味~
他们在岛屿写作：1918 他們在島嶼寫作：1918,刘爷爷粤语里抹不去的上海味儿和我外公好像，以前外公在家的时候早晨总喜欢戴着老花镜读报。刘爷爷太可爱了。
他们在岛屿写作：读中文系的人 他們在島嶼寫作：讀中文系的人,他们在岛屿写作：读中文系的人
他们在岛屿写作：读中文系的人 他們在島嶼寫作：讀中文系的人,這部紀錄片的拍攝手法、音樂、攝影都非常有文學氣息，看著身心愉悅，可惜內容比較顯淺。擺拍其實挺嚴重的，但比較自然，國內講藥草那部真要學習一下了。儘管好久以前看過林文月的作品，但身世是第一次了解，回想《源氏物語》周版粉絲對林版譯本大加批判，其實了解了林的身世是可以理解她翻譯方式的由來以及表示認同的。（BTW林教授鼻炎有點重，而且眼神閃爍可能對拍攝有點不適應。）
他们在岛屿写作：读中文系的人 他們在島嶼寫作：讀中文系的人,林文月的生平经历在她的笔下已经读过不少，所以看纪录片时没有太多衔接突兀以及厚此失彼的感觉，大概我只是想来看看她真人的样子吧。要活成她这样需要太多运气需要太多先天就能被赋予的东西。很佩服她“工作狂”的一面，把生活安排得井井有条，一直勤恳努力。只是不拖拉这点，多少人能做得到😂。
他们在岛屿写作：读中文系的人 他們在島嶼寫作：讀中文系的人,沒有更深地往本質挖，中文系、學術部分本可以講更多，倒是真實影像部分比较戳。
他们在岛屿写作：读中文系的人 他們在島嶼寫作：讀中文系的人,喜歡林文月教授，但這個片子既沒有清麗到如此的美貌，也沒有優雅到如彼的才情。好可惜。
他们在岛屿写作：读中文系的人 他們在島嶼寫作：讀中文系的人,在那个时代生在上海的日籍台湾人……
他们在岛屿写作：读中文系的人 他們在島嶼寫作：讀中文系的人,” 那些人，那些事，那些美好的往日，似乎又都一一可以把握了。“
他们在岛屿写作：读中文系的人 他們在島嶼寫作：讀中文系的人,不及预期呀
他们在岛屿写作：读中文系的人 他們在島嶼寫作：讀中文系的人,林文月教授一生的簡略概括。林教授在最後談起已逝的丈夫時，說自己是他姐姐時，讓我眼睛一濕。不過這種紀錄片為什麼不好好記錄？！非要讓人擺拍，讓人演好幾處演得極差！實在讓人出戲。
他们在岛屿写作：读中文系的人 他們在島嶼寫作：讀中文系的人,其佳丽也如彼，其才情也如此。
他们在岛屿写作：读中文系的人 他們在島嶼寫作：讀中文系的人,林文月和她文字給我的印象一致，是個清微淡遠的人，活到八十歲仍然心思純淨，萬事清明，不知是不是文學的加持，這樣的人生也只有彼時彼地能夠成全了吧。
他们在岛屿写作：读中文系的人 他們在島嶼寫作：讀中文系的人,本系列最失焦淺薄的片子。完全沒表達出对林先生一生學術之紮實，文學之深厚，也根本沒有抓住林先生在台先生鄭先生門下時那段深刻的師友時光，這段故事原本是探索是五四文人在世間最後的創作思索，生命感懷的最佳門徑。如此粗糙又一廂情願的片子对老師們，特別是对林先生，可說是不敬
他们在岛屿写作：读中文系的人 他們在島嶼寫作：讀中文系的人,当林文月先生的丈夫离世后，她说到：“他比我先走了，现在我成了他的姐姐。” 听到这句话的时候我不禁潸然泪下。
他们在岛屿写作：读中文系的人 他們在島嶼寫作：讀中文系的人,最早读林文月老师就是《飲膳札記》，在茉莉买的二手书，封面是她先生郭豫伦设计的。后来读了《京都一年》和《山水与古典》，也知道她写过谢灵运。看过这部纪录片似乎就是重温了当初读书的那些喜悦。从做吃的开始，读书、婚姻、做菜、翻译、如今……希望先生一切安好。
他们在岛屿写作：读中文系的人 他們在島嶼寫作：讀中文系的人,林文月，文，如其人，如其名，荦荦端庄，莹莹姣丽，气质卓然，就像从大银幕上走下来的电影明星，却能上厅堂，能下厨房，能做学问，待人接物浸透人心，60岁看起来像40岁，80岁俨然60岁。
他们在岛屿写作：读中文系的人 他們在島嶼寫作：讀中文系的人,[cp]【蓝光 1080P】【他们在岛屿写作：读中文系的人】林文月也！ http://t.cn/RXL8g3o [/cp]片段与上次的《午后书房》有一些重复，但文月先生依旧让人感动。
他们在岛屿写作：读中文系的人 他們在島嶼寫作：讀中文系的人,林文月的优雅温润和学识在这部片子里缓缓流淌
他们在岛屿写作：读中文系的人 他們在島嶼寫作：讀中文系的人,4.1@衡山和集。7.5分。林文月平和淡雅的生平细述。导演对人物把握不错，巧借书名道出“治学”与“做人”并重的一代人境界。尤喜日本部分，动画与用乐加分。小缺点二：1.部分过于依赖插白PPT味重 2. 调度与协调可能不够充分，林有不下两次紧张地用余光看镜头233 有两个场景也太多摆拍感
他们在岛屿写作：读中文系的人 他們在島嶼寫作：讀中文系的人,女导演，细腻，淡淡的，定定的
他们在岛屿写作：读中文系的人 他們在島嶼寫作：讀中文系的人,151216 首映
他们在岛屿写作：读中文系的人 他們在島嶼寫作：讀中文系的人,看完後，感受是一個「淡」字。淡淡地講她的身份認同問題，講她讀台大中文系的經歷，講臺靜農先生，講她和郭豫倫的感情，講她翻譯《源氏物語》的前後。所有的，每一幕，都和林先生給我的感受一樣，淡。只不過在她提到十多年前過世的郭豫倫，說「我現在是他的姐姐了」時，眼淚還是掉下來了。
他们在岛屿写作：读中文系的人 他們在島嶼寫作：讀中文系的人,若说林文月代表的50-70年代台大学生是老一辈五四人在海外的最后声响和传承，那么这个片子在体现这种背景上确实失之于轻。但其特色也在于轻闲。关于女性知识分子生命的情调和生活的滋味，很美。不需要执着于埋首书斋和追溯历史的厚重，林文月的审美意趣是被抓住的，给人一种对于学问和生活的诗意向往。
他们在岛屿写作：读中文系的人 他們在島嶼寫作：讀中文系的人,林老師太美....9.8/10
他们在岛屿写作：读中文系的人 他們在島嶼寫作：讀中文系的人,这才是文如其人，优雅地老去本人。
他们在岛屿写作：读中文系的人 他們在島嶼寫作：讀中文系的人,从了解一个作者的世界观这个方面来说，没有拍痖弦的那么深刻。林文月更像个学者，这就很难说是两个人的精神面貌不同，还是片子质量上的差异了。至少，我看如歌的行板时，更为动容吧。
他们在岛屿写作：读中文系的人 他們在島嶼寫作：讀中文系的人,动画特别而有效
他们在岛屿写作：读中文系的人 他們在島嶼寫作：讀中文系的人,「出身名门的美才女」。林文月先生会做饭、开车、写作、翻译，往来日本、民国、古代文化，优雅的老去。孟子曰得天下英才育之一乐也。林先生也有此大乐。儿女皆成大才。原来文学人生也如此幸福呀。
他们在岛屿写作：读中文系的人 他們在島嶼寫作：讀中文系的人,最后先生收到礼物，弟子给她戴上，她害羞的捂住了脸，很美好的画面。看了书后终于得以来看纪录片，许多文字都是似曾相识的感觉，而且是作者的语调讲出来的，一下子真实亲切了许多。林文月先生真的是很有气质，优雅沉静淡然，大概是每一位有知识人经历岁月沉淀才会有的。
他们在岛屿写作：读中文系的人 他們在島嶼寫作：讀中文系的人,周五夜。2012年10月，北大，曾和林文月老师合影，可惜至今未能找到那张珍贵照片，念念不忘……
他们在岛屿写作：读中文系的人 他們在島嶼寫作：讀中文系的人,从三月曝书开始，林文月就是我最喜欢的台湾女作家没有之一。她的散文用词简单又贴切，写的文章不拽词，也不会写夸张难懂的句子来卖弄学问，写自己的事情或者认识的人也让人有一种非常易靠近的感觉，真是让人读起来如沐浴于4月春风中的感觉
他们在岛屿写作：读中文系的人 他們在島嶼寫作：讀中文系的人,在看过的这个系列的四部影片中，最喜欢林文月的这一部。人淡如菊，但林先生更像她先生郭豫伦笔下的荷花。
他们在岛屿写作：读中文系的人 他們在島嶼寫作：讀中文系的人,我的林先生呀。
他们在岛屿写作：读中文系的人 他們在島嶼寫作：讀中文系的人,默默地截屏，跟林老师学一道炒米粉。做饭也是创作，有那么几味配菜是我没想到的。／与海报相匹配的旁白：书在我自己的身影之下，所以读起来并不耀眼。
他们在岛屿写作：读中文系的人 他們在島嶼寫作：讀中文系的人,林文月是帶著學問與絕代芳華，優雅地老去了。
他们在岛屿写作：读中文系的人 他們在島嶼寫作：讀中文系的人,看完后觉得自己的中文系读得太草率急躁，什么都想要，最终镜花水月一场。最佩服林文月老师做事细致认真，从容不迫的气度，所以生活与工作、家庭都十分赏心悦目。惭愧之余，安静读书，希望至少有幸在文学中过这一生吧。
他们在岛屿写作：读中文系的人 他們在島嶼寫作：讀中文系的人,看的过程中翻出来手里的《枕草子》，果然是她翻译的，美好的人
他们在岛屿写作：读中文系的人 他們在島嶼寫作：讀中文系的人,“最后晒书的镜头，想到《石榴的颜色》。”
他们在岛屿写作：读中文系的人 他們在島嶼寫作：讀中文系的人,开头先是怀念恩师，后来自己也变成了别人怀念的恩师。林老师上得讲堂，下得厨房，真是无比贤良。只可惜郭先生福分浅，走得太早。
他们在岛屿写作：读中文系的人 他們在島嶼寫作：讀中文系的人,"看完有个强烈的理想，不知道能不能实现？
去做一名现代的君子！"
他们在岛屿写作：读中文系的人 他們在島嶼寫作：讀中文系的人,紀錄片本身拍得平平，看得出太多擺拍的鏡頭。但看得出林文月帶一點生僻，不那麼容易親近，但又不是孤高，是柔潤的感覺。沒想到日本投降後“馬上又變成戰勝國的人”，幾天之內的身份語言和情緒轉變，在小朋友身上尤其劇烈。
他们在岛屿写作：读中文系的人 他們在島嶼寫作：讀中文系的人,喜欢林文月呀
他们在岛屿写作：读中文系的人 他們在島嶼寫作：讀中文系的人,说“才女”太单薄了，但是找不到更好的形容配得上这种生活也过得如此有气质的人。很意识流的叙述。
他们在岛屿写作：读中文系的人 他們在島嶼寫作：讀中文系的人,非副业，非指尖的游戏，而是生活，是一生的距离，是生于这个世纪的我遥望百年交替的一根稻草。
他们在岛屿写作：读中文系的人 他們在島嶼寫作：讀中文系的人,大家世族之后
他们在岛屿写作：读中文系的人 他們在島嶼寫作：讀中文系的人,踮着脚尖去够。
他们在岛屿写作：读中文系的人 他們在島嶼寫作：讀中文系的人,读中文系的温柔的人，看了才发现是林文月的传记。
他们在岛屿写作：读中文系的人 他們在島嶼寫作：讀中文系的人,所有的细节都欢喜的♥️
他们在岛屿写作：读中文系的人 他們在島嶼寫作：讀中文系的人,（补记）
他们在岛屿写作：读中文系的人 他們在島嶼寫作：讀中文系的人,那时候岁月静，人也静，一生只够爱一人。
他们在岛屿写作：读中文系的人 他們在島嶼寫作：讀中文系的人,女神
他们在岛屿写作：读中文系的人 他們在島嶼寫作：讀中文系的人,三月曝书
他们在岛屿写作：读中文系的人 他們在島嶼寫作：讀中文系的人,如同林文月用大风歌翻译日本和歌，电影的节奏也同林文月本人一样
他们在岛屿写作：读中文系的人 他們在島嶼寫作：讀中文系的人,最后一次汉语言文学辅修作业今天交了。（高中开始迷恋中文，高三看了这本《中文系的人》后更加神往，毕业后疯狂志愿中文，还是错过（这次完成作业发现终究是无法回到从前了，中文离我越来越远接近绝缘（浮躁可以发觉，毕竟讨生活不容易
他们在岛屿写作：读中文系的人 他們在島嶼寫作：讀中文系的人,心平
他们在岛屿写作：读中文系的人 他們在島嶼寫作：讀中文系的人,夏日午后，看那些画面，听那些讲述，进入文学的世界，看中文系人的一辈子，很美
他们在岛屿写作：读中文系的人 他們在島嶼寫作：讀中文系的人,垫高脚，一次一次的去尝试
他们在岛屿写作：读中文系的人 他們在島嶼寫作：讀中文系的人,一大堆人中，她最突出。
他们在岛屿写作：读中文系的人 他們在島嶼寫作：讀中文系的人,优雅与年纪无关。
他们在岛屿写作：读中文系的人 他們在島嶼寫作：讀中文系的人,林文月老师好美，预备找来她的版本细读《源氏物语》。
他们在岛屿写作：读中文系的人 他們在島嶼寫作：讀中文系的人,温柔又有力 真美呀
以女儿之名 Au nom de ma fille,真实故事。这个时候有黑帮事情就简单多了。
以女儿之名 Au nom de ma fille,"穷尽一生 只为一个RIP。“Tu me manque, ma fille.”"
以女儿之名 Au nom de ma fille,其实法国的国内司法并没有太辜负他（狭义理解，早已判决医生有罪），让他失望的是国际私法的区际司法协助中的政治问题。这和当前国内相关话题有着质的区别。剧作太中规中矩了，采用父亲的视角，限制了更有戏剧性的亲生母亲拒绝承认，辛西娅离开的处理可能。
以女儿之名 Au nom de ma fille,讲真，禽兽和恶行全世界都有，但一个区别是在于，它们当中的一部分能被电影或者其他媒介记录下来，某程度上而言也已经是一种胜利，至少没有和谐在一片虚伪的盛世里面。那么，在此诅咒一下幼儿园的叔叔爷爷会被删掉吗？
以女儿之名 Au nom de ma fille,不细致也不详实，流水账记录了这个冲击事件。因为和江歌案有相似之处，所以可以比较出电影和新闻报道的不同，这个片子没有体现出电影的魅力，但是它记录下这个真实的事件以及带来的思考仍旧是有意义的。
以女儿之名 Au nom de ma fille,故事很有力，但是拍得有点流于表面
以女儿之名 Au nom de ma fille,虽然是真实事件改编，但叙事方式缺乏力度，讽刺性不够深入~
以女儿之名 Au nom de ma fille,横跨三十年的故事几个时间点都选得不错。
以女儿之名 Au nom de ma fille,2018-06-18及之前 / 注：三星半
以女儿之名 Au nom de ma fille,这么戏剧又背景复杂的故事，拍成了不到90分钟。由此可见，法国人真的不喜欢好好讲故事
以女儿之名 Au nom de ma fille,我知道导演已经再努力改了，可是这片依然是流水账一样……
以女儿之名 Au nom de ma fille,真实事件改编，将事件叙述得很清楚，但拍得过于仓促，三十年的光阴，似乎是一闪而过。其实，这部影片应该拍到两小时篇幅，而非现在的80分钟，影片就能有些深入的挖掘，显出厚度来。
以女儿之名 Au nom de ma fille,“今天，你就44岁了。” 真实又充满悲伤的电影，女儿被禽兽奸杀，父亲四处奔走寻求正义，坚持不懈了大半辈子才等到正义的到来，孤独一人在墓园为女儿献花，那是父爱的身影。 “这场战役，我是为你而打的。”
以女儿之名 Au nom de ma fille,把一个如此厚重的题材拍成了流水账，有点可惜了。但好在真实事件情感够浓影响动人程度。更难得的是即便寥寥几笔，每个人物都那么鲜活，都有很多可挖掘的空间。
以女儿之名 Au nom de ma fille,三星半，7分，父亲对女儿的爱，思念和疼惜造就了他30年的坚守和执着。一贯欧洲电影的调调，闷闷的，但是情节很抓人，没有故意煽情过分激烈的高潮情节，但是无声的力量也很震撼人心。
以女儿之名 Au nom de ma fille,就很悲伤。坏人理所当然的受到庇护，而主角却因为伸张正义的方式一下被抓，正义对于不同人反而来的时机不一样。真的很讨厌里面的母亲。
以女儿之名 Au nom de ma fille,题材很好，拍得一般
以女儿之名 Au nom de ma fille,正义源自死磕到底。
以女儿之名 Au nom de ma fille,有个这样的爸爸，真好
以女儿之名 Au nom de ma fille,程序正义还是结果正义。父爱如山，继父如渣。
以女儿之名 Au nom de ma fille,政府是就是人性恶的一面。
以女儿之名 Au nom de ma fille,这么好的题材，拍得如此流于表面。我真的，真的，不知道该说什么了。
以女儿之名 Au nom de ma fille,"没有波澜起伏的情节。也没有多少笔墨去描写父女情谊。但一个老父为女儿30年的战斗值得感慨，最后老父将其绑架自法国得以能在法国审判。
影片在27分钟后才进入叙述重点。影片还可更简短。
父母在女儿墓前相遇，一言不发的镜头挺好。

"
以女儿之名 Au nom de ma fille,凎！为什么一个已经作案这么多件的人渣迟迟没有被判刑？救人渣的时候速度倒是很快嘛。真的气人。
以女儿之名 Au nom de ma fille,克制但也缺了几分力道，没有情感上的触动。父亲自己绑架罪犯和舆论的推动，有些手段不够正确却足够有效，这个世界上能完全依靠的永远只有自己。
以女儿之名 Au nom de ma fille,即使身边的人都把他当作疯子，这位父亲依然不惜一切坚持战斗了30年，最可悲的是最后的最后却只能选择绑架的方式才能亲手制裁凶手。
以女儿之名 Au nom de ma fille,"这是一个进行事实阐述的新闻报道式电影,我想她是可以成为一本更深刻，角度更近的小说或者其他什么吧。比如房间"
以女儿之名 Au nom de ma fille,媽媽的角色太讓我難受了。
以女儿之名 Au nom de ma fille,真想不通妈妈怎么会这么坚信继父，被自以为的爱情蒙蔽，看的气死人
以女儿之名 Au nom de ma fille,30年的执着，过于克制了。
以女儿之名 Au nom de ma fille,剧情很好，但有点慢，并且没有出乎意料。
以女儿之名 Au nom de ma fille,有小情人的人看了之后真是有反社会倾向……
以女儿之名 Au nom de ma fille,性侵案件，事情真实，陈述首发的拍摄
以女儿之名 Au nom de ma fille,看过之后，只是觉得男主太理智了。
以女儿之名 Au nom de ma fille,穷极一生也要弄死你！
以女儿之名 Au nom de ma fille,只能说原事件太精彩了，但导演处理得太平庸了
以女儿之名 Au nom de ma fille,故事是个好故事，但是拍得也太烂了，看完印象最深的是那个父亲长得好像猫头鹰
以女儿之名 Au nom de ma fille,希望我们都能有那个 肯为了你 不惜任何代价 也要为你周全的人
以女儿之名 Au nom de ma fille,最后那一段独白挺感动的。真不知道德国为什么不把这样的人渣引渡过去。
以女儿之名 Au nom de ma fille,父亲为女复仇抓坏人。
以女儿之名 Au nom de ma fille,推荐给所有红黄蓝的家长看
以女儿之名 Au nom de ma fille,7.2
以女儿之名 Au nom de ma fille,在痛失爱女的父母面前，值与不值是一个没有意义的问题。以子之名，恪寻正义，告藉亡灵，才是支撑他们活下去的唯一动力。我毫不怀疑，世上每一位父母都有如此老牛舐犊之心；我怀疑的是，怎么会有如此冷血的母亲，任由自己女儿命丧枕边人之手而视若罔闻？江歌一案，陈虽刑20年，对于江母，恐永难安心。
以女儿之名 Au nom de ma fille,平铺直叙，没有半点煽情，更像一个纪录片而非电影，但是这样的坚持真是太伟大了！
以女儿之名 Au nom de ma fille,30年，也许有更好的解决方法，何必执念不回头
以女儿之名 Au nom de ma fille,太碎片了，感觉整体不够连贯。不过最后还是很痛心。坏人总是没能收到应该的惩罚。
以女儿之名 Au nom de ma fille,正义不会迟到，这场战斗，我为你而战
以女儿之名 Au nom de ma fille,"主题就决定着电影评分不会低
但说实话把父亲作为唯一视角单薄了，母亲显得那么蠢，国家公器为着啥一直袒护，为了不承认自己的司法体系有漏洞的鸡蛋？
父亲这样孤注一掷，对于生者可就太自私了"
以女儿之名 Au nom de ma fille,父亲为追求正义坚持了30年，故事很感人，完成的也很不错，但是没有拍摄出那种《因父之名》感人至深的感觉，可能想表达的内容太多。
以女儿之名 Au nom de ma fille,尊重事件原形的话，叙事上无法进行出彩的创作，所以这类电影不好根据艺术性来评价。能把事讲明白，起到教育作用就行了。
以女儿之名 Au nom de ma fille,故事不错 但是总觉得电影太短 人物刻画的不够深刻
以女儿之名 Au nom de ma fille,故事本身是震撼的，电影手法流水账没拍得好
以女儿之名 Au nom de ma fille,故事可以，就是拍得太水，7/10。
以女儿之名 Au nom de ma fille,不错 最近很喜欢看这样的复仇篇
以女儿之名 Au nom de ma fille,短小，有那么点儿精悍。流畅的故事，但感觉细节不够多。已阅。
以女儿之名 Au nom de ma fille,"女儿被奸杀，父亲为女儿申冤，经过30年的努力，最终把罪人绳之以法，有一个强大的国家真的很重要，话说他前妻真不是个东西，自己骗自己活着。
这个片真墨迹"
以女儿之名 Au nom de ma fille,画面一贯的欧洲风格。故事朴素，值得看
以女儿之名 Au nom de ma fille,对罪犯的刻画太少。可能是时间跨度拉得太长，剧情显得不那么紧凑。和想象中的差距有点大。
以女儿之名 Au nom de ma fille,影片叙事没有张弛可能也是法国电影的特色之一吧。
以女儿之名 Au nom de ma fille,题材不错，但是真的从头看到尾完全没有一点代入感。。。不知道是不是剧本的问题。。
任长霞,政治宣扬东西不算多，对个人故事有一定关注，洗脑片里算好的
任长霞,05年还能拍出红专片，以后就难了
任长霞,小时候的思想是真容易被影响，还以为警察真是像她那样的
任长霞,当时，很火很火，多好的宣传工具。任长霞也是一个令人尊敬的女性。
任长霞,当时陪老爸一起看的，现在一看到女主就有一种穿越的感觉
任长霞,。。。不好意思，还看过原著。
任长霞,当时听片尾曲觉得原来美声真有好听的歌
任长霞,把任长霞这一人物形象塑造的特别正直，认真且一丝不苟的对待她的事业，人民的福音
任长霞,女版伟光正，不过刘佳还蛮好的，挺亲切
任长霞,小学还是初中时响遍全国的巾帼英雄
任长霞,我记得挺好看的==破案的我是啥都看……
任长霞,#论2003-2015年湖南卫视黄金强档电视剧是怎样一个神奇的豆列# 记忆点：难以想象湖南卫视还播过这么主旋律的片子
任长霞,记得还是不错的！
任长霞,政治培训课的教材。
任长霞,中国需要这样的好干部
任长霞,小时候陪老人家看过.
任长霞,那个时候各大卫视啊！
任长霞,不太真实，但剧情也是可以的
任长霞,哦。。红啊。。正啊。。
任长霞,把以前看过的电视剧都打一遍卡，咔嚓。
任长霞,主旋律~~
任长霞,那一年，你感动了中国。
任长霞,想说刘佳演得很好
任长霞,刘佳真的演得很细腻啊……
任长霞,小时候看哭过
任长霞,感谢我妈，从小带我感受社会主义核心价值观
任长霞,据说是根据真人真事改编的
任长霞,童年。
任长霞,那是一个感动全中国的年代
任长霞,鞠躬尽瘁，死而后已。
任长霞,写观后感
任长霞,剪辑课大家懂
任长霞,这我都看过 小时候好有正义感
任长霞,超喜欢超喜欢刘老师啊，她演啥我都追，当时看这部的时候，哭的厉害。
任长霞,跟着父母一起看的，看着还不错的，挺感人的
任长霞,围观过
任长霞,挺好的主旋律电视剧，不是那么枯燥。
任长霞,我只想说，有点假..............
任长霞,好局长，人民的好公仆
任长霞,开始比较生涩，后来越演越好
任长霞,刘佳的成名作，当年轰动一时
任长霞,是为补记
任长霞,想当年是真的看过……我是肿么了……
任长霞,。。剧情介绍里竟然有  艺术感染力 这几个字……哎呦喂，我屎了算了
任长霞,偶然看到，随便看了一会儿。看到下属在上班时间帮任长霞拿鞋子去补鞋摊的情节，果断换台。难道让下属在上班时间帮自己做私事是“人民的好公仆”可以理直气壮做的事情？哼哼，只不过是又一部假大空的献礼剧而已。
任长霞,一看這種封面就忍不住來打個一星。
任长霞,当时看的很感动，现在觉得好主旋律，好和谐，年幼时太容易被洗脑了。
任长霞,两星
任长霞,回想起来我是看过的
任长霞,x
任长霞,我是脑残……
任长霞,不说了
任长霞,我竟然看过
任长霞,冲着刘佳老师去的。她把任长霞演活了，真的很好，记得看过报道说王卯卯都觉得刘佳老师就像自己的妈妈一样。
任长霞,真人真事改编的电视剧，也许有一些艺术夸张的部分，但是女主演表现的真实可信有血有肉，很感人，有爱心有魄力的一位好干部
任长霞,刘佳演得好，很多细节让人不觉得假大空。
任长霞,很好看！至少刘佳的演绎让人感到一种很真实的感觉，硬朗，正直，善良。
任长霞,万民敬仰是因为心中有大爱
任长霞,刷了N遍的剧。刘佳饰演角色总有很强的亲和力，情感由眉眼间自然流露，很会打动观众。大概也是看不到演的缘故吧。
任长霞,少数看哭过的电视剧 打低分的可能本能的反感主旋律 希望能认真看下 以电视剧的角度
伊凡雷帝 Иван Грозный,大银幕看4k修复的爱森斯坦，在还没有多机位的年代很了不起，面部特写和阴影处理尤其深刻。可是我受不了这平铺直叙的故事，而且杂耍蒙太奇呢？！
伊凡雷帝 Иван Грозный,我其实对格林纳威拍爱森斯坦搞基更感兴趣，至于他拍的电影，实在是⋯⋯
伊凡雷帝 Иван Грозный,是的，它的场景设计很牛，它的摄影很棒，几个斜线分割的构图和墙上无处不在的影子足够好几个教授混一辈子饭吃了。但我就是不喜欢这种样板戏美学！傅满洲的造型不知道有没有参考过这部里的伊凡。
伊凡雷帝 Иван Грозный,爱森斯坦自不必说了，那是相当牛逼的，可惜这部电影舞台剧印迹太重。宫廷斗争戏最苦逼了。实在不是我的菜。
伊凡雷帝 Иван Грозный,整体太过松散，看在爱森斯坦的面子上给三星
伊凡雷帝 Иван Грозный,神化，说教。这个时候的爱森斯坦很无趣诶。
伊凡雷帝 Иван Грозный,斯大林格勒保卫战刚刚结束没两年的特定历史时期的电影，政治倾向性一目了然。但作为影片来讲，对舞台剧式的表演看起来略显怪异。唯一新奇的是光影设计，巨幅伊凡身影下芸芸众生的对比特写相当有想象力，堪称一个时代的创举。6.7分
伊凡雷帝 Иван Грозный,155 怎么看怎么像话剧
伊凡雷帝 Иван Грозный,后面一刻钟字幕都没了，看得很累。艾森斯坦这部片子形式感太重，一切都为凹造型，伊凡雷帝的丰功伟绩除了短暂的和鞑靼的战争之外，片子着墨不多，全在拍宫闱里的权力斗争。也许重点第二部会更像史诗，明天看。
伊凡雷帝 Иван Грозный,斯大林说伊凡的胡子太长了，不行。呵呵……
伊凡雷帝 Иван Грозный,那特写拍的实在是太煽情了~无声片这样拍倒还能接受，有声片那效果看来，觉得非常做作。
伊凡雷帝 Иван Грозный,今年上海电影节最后一场，也许是太忙的缘故，今年感觉有些心不在焉，mark
伊凡雷帝 Иван Грозный,时代特色。
伊凡雷帝 Иван Грозный,大一统思想害死人，伊凡四代还是早点死了好。艾森斯坦技术流，内容为嘛这么跳跃？刚打完喀山就要死了，要死不死的，结果他没死老婆死了
伊凡雷帝 Иван Грозный,爱森斯坦是个很牛的电影人……@SFC上影（3厅）19届上海电影节 2016-6-19
伊凡雷帝 Иван Грозный,伊凡四世（雷帝），是莫斯科大公到沙皇俄国的传奇君主，俄罗斯历史上第一个沙皇。
伊凡雷帝 Иван Грозный,"Sergei Eisenstein全天下的名导里我就服你！直接把我从不在电影院睡觉的我看睡了！哭。
言归正传，影片的形式与内容都乏善可陈，况且其带有我最为厌恶的的类戏剧与歌舞形式的风格。好在剧本晓畅而扎实，演员肢体语言尤其地出彩。"
伊凡雷帝 Иван Грозный,考虑到电影的时代背景和前苏的政治体制，影片对伊凡四世的歌功颂德明显是向带领俄国人取得卫国战争胜利的斯大林献媚。灯光表演都带有浓重的舞台剧风格，战争场面惊鸿一瞥，略显局气。主要突出沙皇与贵族争权夺利以取得俄罗斯的统一和专制。
伊凡雷帝 Иван Грозный,年代的原因，跟舞台剧似的，一幕幕的，很多场景都是硬转，缺乏流畅感，不过同样受限于技术，那个年代的演员更懂表演是什么。另，黑白片的一个好处就是无论怎样大特写都不会显得演员皮肤不好……
伊凡雷帝 Иван Грозный,光影杰作，只是舞台剧式戏剧表演时好时坏，放大了形象但弱化了细节，很多戏过场感十足，表演方式和特写来得有些单一乏味，选角倒是很对味。资料馆银幕
伊凡雷帝 Иван Грозный,裝飾；道具和造型完成的死亡
伊凡雷帝 Иван Грозный,滑稽的山羊胡子，俯视蜿蜒前行的人群，留下的唯二印象。
伊凡雷帝 Иван Грозный,表演太像舞台剧呀，动不动摆个造型，皇帝登基时候的眼睫毛很让我出戏，摄影很牛逼。
伊凡雷帝 Иван Грозный,默片时代的导演转型普遍不成功。。。。当然了，75分钟那段环抱地球的投影还是很惊艳的
伊凡雷帝 Иван Грозный,"皇婶一直没看出来，还想那个老头这么俊orz...
服装真华美，看着貂裘被踩来踩去好捉急！
我觉得可能是不是没能力欣赏这片的表演。。。"
伊凡雷帝 Иван Грозный,"”天生领袖“形象的塑造，及其出场前的铺垫（star-role)，有指向性的取景（ex: opening时的王冠）
人的存在只以硬币的形式被清点，而非以个人层面被铭记。Ivan the terrible中无论是士兵还是protagonist都更多的是符号象征而非individual的体现。
依然没能忘却默声电影习惯，表现形式夸张，偏向表现主义。cinematography做的很好。"
伊凡雷帝 Иван Грозный,个人的悲剧，群体的英雄，对于伊凡雷帝的叙述，带着前苏联国家主义的深刻烙印，难怪得到斯大林的激赏。关注了伊凡雷帝从加冕到权力稳固的几个阶段性大事，章节感强烈，其中对于皇宫内部群画像的描摹，有几分德莱叶的风采。可惜节奏拖沓，舞台痕迹过重。【6/10】
伊凡雷帝 Иван Грозный,话剧腔很浓，脸谱化严重。但是镜头不浪费，情节也算紧凑。毕竟是老电影，不符合当下的审美，情理之中。
伊凡雷帝 Иван Грозный,黑白色调的成片在现今看来没有什么观赏性，而且演员的话剧风太浓厚了，直接将电影表演出了舞台剧的效果，这种夸张的表现形式我是不喜欢的，但是本片最有亮点的地方就是摄像镜头很有特点，在黑白画面中就表现出了光影变换的效果，还有就是导演爱森斯坦赖以成名的蒙太奇手法，在当年确实是令观众刮目相看
伊凡雷帝 Иван Грозный,#BJIFF第十一场#难以想象这是一部艾森斯坦的电影，全片没有任何形式上的突破，并且依旧沿袭三十年代的浓烈舞台剧风格，人物表演夸张，实在是无感
伊凡雷帝 Иван Грозный,戏剧感太重，无论是表演还是剧本设计等。当然，解释历史太多了。
伊凡雷帝 Иван Грозный,观赏性尚可，44年此种思路已然滞后
伊凡雷帝 Иван Грозный,他们的表情都很深刻啊⋯⋯
伊凡雷帝 Иван Грозный,很不错的一部传记，特别是大帝几乎临终时，那些大臣所做所为表明，皇帝其实也没有那么的忠诚，所看重的只是个人的利益而已！上层的权利争斗以前不会停止，现在也不会停止！
伊凡雷帝 Иван Грозный,有病
伊凡雷帝 Иван Грозный,感觉爱森斯坦到了四十年代就被淘汰了。
伊凡雷帝 Иван Грозный,4-
伊凡雷帝 Иван Грозный,感到深深的代沟。。。
伊凡雷帝 Иван Грозный,1944的摄影太棒了。葛优怎么也在里面？
伊凡雷帝 Иван Грозный,太过老的黑白片实在是困啊
伊凡雷帝 Иван Грозный,秘诀：头要抬得与地平线平行，不要眨眼！千万不要眨眼！
伊凡雷帝 Иван Грозный,实在欣赏不了像是舞台剧一样的电影，故事叙述也勉勉强强，不过人物表情都好赞，个个都是影帝级，人民伏地跪拜伊凡的场景让人震撼
伊凡雷帝 Иван Грозный,第一次看这么古老的片子🙄伊凡1完全在用眼神来演戏Orz，不得不承认不适合饭后看，当中睡着了一刻钟。然而，醒来剧情依旧能跟上😂
伊凡雷帝 Иван Грозный,好长。并没有战舰波将金那种震撼~
伊凡雷帝 Иван Грозный,太高大全了，神奇光影也救不了
伊凡雷帝 Иван Грозный,很表现主义
伊凡雷帝 Иван Грозный,喜剧片？恐怖片？舞台剧？只要政治正确，怎么都行
伊凡雷帝 Иван Грозный,实在是不能接受爱森斯坦。。。
伊凡雷帝 Иван Грозный,电影比较无趣。黑白摄影不错
伊凡雷帝 Иван Грозный,人物在影片中的表现极具雕塑感
伊凡雷帝 Иван Грозный,看着够累。。
伊凡雷帝 Иван Грозный,比起电影，更像话剧，台词宏大无物，伊凡雷帝的政治抱负实在让我难以共鸣。印象最深的是一场让影子说话的戏，巨大的影子投在墙上有强大的逼迫力。
伊凡雷帝 Иван Грозный,面部表情特写相当惊悚
伊凡雷帝 Иван Грозный,大场面之王的宫廷戏，配乐给力
伊凡雷帝 Иван Грозный,只能怪我太年轻
伊凡雷帝 Иван Грозный,更像是一部戏剧
伊凡雷帝 Иван Грозный,注意拍摄时间
伊凡雷帝 Иван Грозный,SIFF
伊凡雷帝 Иван Грозный,光影
伊凡雷帝 Иван Грозный,爱森斯坦三层剥皮法/在影子的造型上相当费心/想用拇指和中指搓一搓雷帝的尖胡子，味道好来兮
伊凡雷帝2 Иван Грозный 2: Боярский заговор,表演、摄影剪辑风格和第一部一脉相承。而且更加变本加厉。个人不喜这种严重舞台剧风格的夸张表演和沉闷剪辑。最后的彩色画面倒是很亮。
伊凡雷帝2 Иван Грозный 2: Боярский заговор,这片我硬撑着看完。
伊凡雷帝2 Иван Грозный 2: Боярский заговор,还行，其实我看不进去这类片子。快进看完o(╯□╰)o
伊凡雷帝2 Иван Грозный 2: Боярский заговор,情节细节已经忘了，感觉表演很戏剧化，非常多的人物表情脸部特写，这点在中国56年代的革命电影充分的学了过来。电影里一段人工彩色片段在当时应该算是大片级了。
伊凡雷帝2 Иван Грозный 2: Боярский заговор,比 part I 好多了
伊凡雷帝2 Иван Грозный 2: Боярский заговор,加入了彩色元素，相较第一部更像是舞台剧。
伊凡雷帝2 Иван Грозный 2: Боярский заговор,乏力之作。
伊凡雷帝2 Иван Грозный 2: Боярский заговор,上部是话剧，下部是歌剧，挺无聊的
伊凡雷帝2 Иван Грозный 2: Боярский заговор,比1差点
伊凡雷帝2 Иван Грозный 2: Боярский заговор,整部影片有着强烈的象征主义、神秘主义色彩，叙事基调里有着某种诡异的欢快、无事的残忍
伊凡雷帝2 Иван Грозный 2: Боярский заговор,电影语言以及电影叙事都比第一部丰富但是却没有第一部的精雕细琢，彩色的部分加进去不但不觉得添彩反而有点不伦不类。。。尤其这苏俄胶片的色彩真真是吓死人。。。比较可惜的是这部电影并没有真正的拍完，如果第三部也可以制作完成或许就会不一样，很可能会是一部真正的鸿篇巨制。。。
伊凡雷帝2 Иван Грозный 2: Боярский заговор,无法想象如果没有新浪潮，现在的电影是什么样子，但其实这是个伪命题，因为新浪潮迟早要来
伊凡雷帝2 Иван Грозный 2: Боярский заговор,作为一部主旋律名人传记片，其表现形式与选材要点都乏善可陈，况且是我最为厌恶的那类戏剧化与歌舞式的隐喻风格。好在剧本晓畅而扎实，演员肢体语言尤其地出彩。至于细节，其大部分的黑白色调，突然在后半部分情景中切换为彩色调，令人眼前一亮。但它实在不能给我带来太好的观影经历。
伊凡雷帝2 Иван Грозный 2: Боярский заговор,格局变小，舞台感强，风格强烈却感觉垂垂老矣，与第一部相比单薄了很多。改天重看试试。
伊凡雷帝2 Иван Грозный 2: Боярский заговор,狂欢舞蹈大补红蓝，傻皇侄是不是知道自己要替死的？
伊凡雷帝2 Иван Грозный 2: Боярский заговор,大量戏还是宫内完成
伊凡雷帝2 Иван Грозный 2: Боярский заговор,#BJIFF第十二场#和第一部的问题一样，同样让人觉得很无趣，唯一的不同就是从第一部对伊凡雷帝（斯大林）的吹捧变成了讽刺。这两部仅有的优点就是在人物造型以及室外场景的调度上，依稀可见一些大师功力
伊凡雷帝2 Иван Грозный 2: Боярский заговор,声画不同步，关声音当做无配乐默片来看。从一到二，叙事和风格简直是两个极端。雄才谋略不再，只剩阴谋权术，放在当今漫改大片的框架内，基本类同于一个超级反派的诞生。情节更加跌宕，格局却小了不少；服装和道具更加奢华放纵，却在象征指涉上薄弱许多。【5/10】
伊凡雷帝2 Иван Грозный 2: Боярский заговор,86
伊凡雷帝2 Иван Грозный 2: Боярский заговор,这个第二部依然延续了第一部的主要风格，只是在最后的二十多分钟里从黑白的画面变成了彩色的，瞬间就感觉人物形象都变得更为鲜明了，至于剧情方面还是一如既往地平铺直叙，人物的画面构图对于人物的塑造起到了直接的作用，大篇幅的面部特写还是相当考验演技的，也正是这种风格催生了演员表演的舞台剧化
伊凡雷帝2 Иван Грозный 2: Боярский заговор,"没有第一部叙事性那么强烈，很多地方更类似一个话剧而不是电影。

1895年法国卢米埃尔发明了电影，1906年第一次出现彩色电影，1910年爱迪生发明了有声电影，1936年卓别林的(摩登时代)标志着无声电影的死亡！"
伊凡雷帝2 Иван Грозный 2: Боярский заговор,他们的眼珠都可以转360°
伊凡雷帝2 Иван Грозный 2: Боярский заговор,剧情拖沓。
伊凡雷帝2 Иван Грозный 2: Боярский заговор,结尾的镜头极为饱满，震撼力很强，除此之外亮点寥寥。突然的变色看不出必要性何在，有画蛇添足之嫌。
伊凡雷帝2 Иван Грозный 2: Боярский заговор,"第二部比第一部精彩不少，故事紧凑多了，但因为太困还是睡过去了十来分钟
历史中的伊凡很有故事性，如果现在再去拍应该会有不俗的表现
最近对独裁者很感兴趣，听说这部电影映射了斯大林，所以拍出来后被苏联当成禁片禁了17年，如果不是因为这个肯定就不选这部电影了"
伊凡雷帝2 Иван Грозный 2: Боярский заговор,接着看2，大家演技比1有了很大的提升😂不只是用瞪眼来表达情绪了，当中两段彩色的看上去顺眼多了🙃这片子嘈点实在是用十个手指头也数不过来，比如原来沙皇的皇宫是个窑洞🙄而且是个没有门的窑洞，民众们想造反一冲就冲进来了😶
伊凡雷帝2 Иван Грозный 2: Боярский заговор,对close-up和shifting eyes那一套感到厌倦。。。
伊凡雷帝2 Иван Грозный 2: Боярский заговор,70
伊凡雷帝2 Иван Грозный 2: Боярский заговор,彩色的部分很带感。
伊凡雷帝2 Иван Грозный 2: Боярский заговор,彩色段落。帝王之哀。
伊凡雷帝2 Иван Грозный 2: Боярский заговор,比上部还糟糕了些
伊凡雷帝2 Иван Грозный 2: Боярский заговор,智障片，因为智障，完全忽略光影
伊凡雷帝2 Иван Грозный 2: Боярский заговор,表演太夸张，有点受不了，对于现在观众来说，前后交代也不清楚，怎么少年就继承大公的职位，父亲怎么被杀，母亲怎么被毒死，然后少年就继位了，怎么没有一起杀了，奇怪，不喜欢这部电影。
伊凡雷帝2 Иван Грозный 2: Боярский заговор,"2016.4.11
2016.4.22"
伊凡雷帝2 Иван Грозный 2: Боярский заговор,斯大林要求的命题作文，拍俄国历史上第一位沙皇，结果被爱森斯坦拍成了宫廷讽刺剧，难怪后来会被充军西伯利亚。第二部开始炫技了，故事性也强了很多，突然变彩色真是神来一笔。
伊凡雷帝2 Иван Грозный 2: Боярский заговор,复习一遍。和史实自然没有任何关系，不过这重要吗？可谓是：劝君少骂雷沙皇，特辖军事待商量。伊凡虽死俄犹在，耶教名高实秕糠……
伊凡雷帝2 Иван Грозный 2: Боярский заговор,有色的几段绝赞
伊凡雷帝2 Иван Грозный 2: Боярский заговор,世影史：本片中导演对人物脸部的特写被运用到了极致，伊凡的脸部表情在光线的照耀下更有一种恐怖的孤独感，被投射到墙壁上的前景更是显得巨大，给人一种空间的强烈压迫感。整部影片有着强烈的象征主义、神秘主义色彩，叙事基调里有着某种诡异的欢快、无事的残忍。片中有一段近二十分钟的彩色画面。
伊凡雷帝2 Иван Грозный 2: Боярский заговор,8.8；死物
伊凡雷帝2 Иван Грозный 2: Боярский заговор,"这个调度。实在是太美了。爱森斯坦这条线实在是太表现主义了。如果没有死那么早，太好奇到了50,60年代，会拍出怎样的电影来。"
伊凡雷帝2 Иван Грозный 2: Боярский заговор,神！早了十年！漸層 ... ？
伊凡雷帝2 Иван Грозный 2: Боярский заговор,没有什么比这部电影对“沙皇”的阐释更准确了
伊凡雷帝2 Иван Грозный 2: Боярский заговор,影子。
伊凡雷帝2 Иван Грозный 2: Боярский заговор,声画不同步...我受罪死了喂~
伊凡雷帝2 Иван Грозный 2: Боярский заговор,可以说俄罗斯的秦始皇
伊凡雷帝2 Иван Грозный 2: Боярский заговор,既狠且辣，黑白变彩色再黑白再彩色未知何故，相较前部越发似实验舞台剧，大约若是真出了第三部，不免走火入魔
伊凡雷帝2 Иван Грозный 2: Боярский заговор,插入了伊万的童年和一段彩色，但是感觉没有第一部有冲击力
伊凡雷帝2 Иван Грозный 2: Боярский заговор,光线对人物面部的刻画达到了极致，那一段彩色画面的20分钟像是被血染红了。
伊凡雷帝2 Иван Грозный 2: Боярский заговор,我是说第二部的上映时间和第一部怎么会差十几年，看了资料才知道本片于1946年就拍摄完成了，因为某些政治上的原因，本片曾被苏联共产党中央禁映，直到1958年才允许上映。后面有一段是彩色的，是染色的吗，感觉有点多此一举。虽然这第二部貌似评价更高些，不过其实我更喜欢第一部些。
伊凡雷帝2 Иван Грозный 2: Боярский заговор,8。统一独裁内外困，光影奇效戏剧风，显著差异之前片，看到一半又彩色
伊凡雷帝2 Иван Грозный 2: Боярский заговор,我不是很喜欢里面彩色片段的插入，破坏了原有的美感。
伊凡雷帝2 Иван Грозный 2: Боярский заговор,绝对的视觉享受
伊凡雷帝2 Иван Грозный 2: Боярский заговор,the power of both eulogizing and criticizing the regime by pure images.
伊凡雷帝2 Иван Грозный 2: Боярский заговор,"比第一部還要精彩,最後半小時彩色黑白之間的交替讓我想搞明白愛森斯坦到底想表達什麽.演沙皇這個演員真的太牛逼."
伊凡雷帝2 Иван Грозный 2: Боярский заговор,大帝童年好萌，全彩段落好美。
伊凡雷帝2 Иван Грозный 2: Боярский заговор,【2016 BJIFF】这部给共产主义看的
伊凡雷帝2 Иван Грозный 2: Боярский заговор,暴君
伊凡雷帝2 Иван Грозный 2: Боярский заговор,剧情越发阴险恐怖，对内的恐怖镇压比对外的军事打击更加血腥。同时完善演绎除了帝王的无奈和可怜。而意识形态的影响被导演很巧妙的隐藏起来了。能在当时时代背景下创造出如此杰作，当之无愧为伟大的作品
伊凡雷帝2 Иван Грозный 2: Боярский заговор,第二部是个飞跃...
伊凡雷帝2 Иван Грозный 2: Боярский заговор,变色。。
伊莉莎与玛瑟拉 Elisa y Marcela,小心思挺好。很喜欢看Greta Gerwig和莫文蔚的床戏。
伊莉莎与玛瑟拉 Elisa y Marcela,相信不用过多解释《伊莉莎与玛瑟拉》当中的隐喻和符号，我们也能读懂科赛特这部复古新作里老调重弹的政治宣言。她大概想要告诉现代观众，这个书写于百年前的悲剧（政治迫害）仿佛就发生在昨日。是的，某种程度上歧视与排斥问题的本质都源自意识形态。然而大可不必在那些露往霜来的情欲里加入过多政治讯息，就让黑暗当中的《两束光》绘制出一个纯粹的爱情故事不好吗？
伊莉莎与玛瑟拉 Elisa y Marcela,床戏也是开了眼了章鱼海带牛奶 
伊莉莎与玛瑟拉 Elisa y Marcela,黑白拉拉片，仿照默片的小圆圈转场，还混入少量真默片素材。两女主从同学发展成闺蜜再升级至恋人，一个假扮男装，一个怀了孕，1901年在西班牙登记结婚，但很快还是受尽周遭人和警方打压。逃到葡萄牙坐了一段时间牢后，她们决定舍弃孩子远走高飞。改编自真实事件，跟昨晚印度片一样属于好看但艺术价值不高的。过多的床戏及片尾对世界同性婚姻状况的说明显得有些功利了。
伊莉莎与玛瑟拉 Elisa y Marcela,#69th Berlinale# 影片虽然在[国际银幕]场刊垫底，其实并没有那么差！Netflix出品，但是导演想得肯定是大银幕，摄影和美术都非常好。摄影上面不仅使用了黑白，还有意通过控制布光和模仿默片构图来体现年代感。情欲戏完成得也不错，很有张力。
伊莉莎与玛瑟拉 Elisa y Marcela,3.5。
伊莉莎与玛瑟拉 Elisa y Marcela,导演把重点放在黑白影像上了，这故事却跟着苍白无力，两位角色就算有真人垫底也不能这么粗糙啊，角色完全没塑造，除了那张脸啥都没记住。故事也一样，情节都在矫情上了，那个时代，西班牙和葡萄牙的不同境遇都是天上掉下来的，没前没后，拉拉电影啥时候标杆变成俩漂亮女人脱光就万事大吉了？
伊莉莎与玛瑟拉 Elisa y Marcela,還不夠力量去襯托最後的警示文字
伊莉莎与玛瑟拉 Elisa y Marcela,不知不觉我这些年原来已经看过伊莉莎演员三部电影，我却一直没印象只觉得她好看
伊莉莎与玛瑟拉 Elisa y Marcela,喜欢读信那段 炕戏很美 黑白太做作了 
伊莉莎与玛瑟拉 Elisa y Marcela,拍的非常美，劇情推展頗流暢，只是不夠動人，完全無法代入兩人感情的情緒中（實際上也只有結尾瑪瑟拉在伊莉莎懷裡為離開孩子而痛哭那幕讓我稍微動容）。另外，床戲拍的並不差，但真的很不討喜（還嫌多了些==）
伊莉莎与玛瑟拉 Elisa y Marcela,居然一百年前有这样惊世骇俗的事，居然导演能把这么荡气回肠的故事拍的这么扁平无力……有些镜头的确很美很空灵，可惜不能融入主题，就只能止于炫技。无论如何，致敬两位主人公的勇气和坚持，也致敬黑暗世界里的点点善意之光。
伊莉莎与玛瑟拉 Elisa y Marcela,前半段十分细腻温柔，缱绻而热烈，后半段则急转直下，最后Elisa终于学会了骑马，值得吗？大概是值得的吧
伊莉莎与玛瑟拉 Elisa y Marcela,将近一百年后西班牙才同性婚姻合法化。先驱啊，太伟大了。警察局长和总督是什么神仙，好人果然有好报。
伊莉莎与玛瑟拉 Elisa y Marcela,19149 影像好看，但真的只是平铺直叙情比金坚…章鱼啧啧
伊莉莎与玛瑟拉 Elisa y Marcela,有點沉悶。女性胴體、歡愉方面倒是沒少拍，就算畫面漂亮，第三者章魚意圖使人聯想到日本浮世繪《章魚與海女》，這陽具的意象放在電影裡，當下就想導演是不是男的?這直男的凝望??(結果是女導演)也或許是我超譯文本了。
伊莉莎与玛瑟拉 Elisa y Marcela,中规中矩，没什么惊喜。视听很有质感，尤其是黑白画面。如果单纯的想讲一个故事，那么这个故事讲得很流畅舒服，但是最后同性情况的说明，让人觉得导演有更多的心思，但是却在故事内容上偷懒和避重就轻。倒不觉得情欲场面多余，也不觉得过分煽情，影片到最后，女儿，Elisa和牵着马的Marcela一起出现，眼泪也是水到渠成的事，旁边的直女眼泪止不住。看过之后，痛骂西班牙，更爱葡萄牙了。我的Berlinale 另外，两个人能坚持分开后再相见，du bist mein normales Leben也是令人艳羡了
伊莉莎与玛瑟拉 Elisa y Marcela,真实改编，女性LGBT，柔情似水，黑白影像很美，前半段固定套路，后半段女扮男装后有点价值，整体故事没多大意思，单纯欣赏导演的镜头语言却也值得一观～
伊莉莎与玛瑟拉 Elisa y Marcela,不懂为什么场刊这么低。
伊莉莎与玛瑟拉 Elisa y Marcela,【B】黑白调色，构图和取景镜头都挺美，然后情感变化细节控制得很巧妙。但感觉这俩不来电，后半段剧情略沉闷，对事件的最终表现还缺点。
伊莉莎与玛瑟拉 Elisa y Marcela,越到后面越不喜欢
伊莉莎与玛瑟拉 Elisa y Marcela,在那個年代，為了相守能忍受如此折磨患難與共，這樣的愛－情比金堅！
伊莉莎与玛瑟拉 Elisa y Marcela,温柔的坚定
伊莉莎与玛瑟拉 Elisa y Marcela,2019.07.01
伊莉莎与玛瑟拉 Elisa y Marcela,前面拍得挺美，这么好的题材，各种因素把情的部分挤得连二分之一都不剩，可惜啊。任何电影性爱片段超过3段就挺烂的，这要是异性片我就打一星。
伊莉莎与玛瑟拉 Elisa y Marcela,那个年代没权没势没力情况下，愿陪你承受这么大的责骂议论甚至可以会被打死都不愿意离开的爱情才是真的爱情吧，爱的纯碎。
伊莉莎与玛瑟拉 Elisa y Marcela,恰好情人节看到，黑白确实让画面显得更有质感，只记住借书信互诉衷肠的一段，情话与画面中的远山、薄雾种种风景交织分外浪漫
伊莉莎与玛瑟拉 Elisa y Marcela,3.5好的摄影和灯光布光，但是整体来讲还是落入俗套了，真实的故事还是挺感人的。
伊莉莎与玛瑟拉 Elisa y Marcela,"干柴烈火，有时候已经超出我的理解范围了。我无法理解什么叫爱一个人胜过世间一切，无法理解爱能战胜如此般苦难，甚至无法理解相依白头。伟大啊伟大。
黑白画幅在拍斜树、地平线和雨的时候，美得干净纯粹，有那么一点儿像中国画。
另，这俩还挺有情趣的。
另另，找的资源竟然是英文配音版，难受…"
伊莉莎与玛瑟拉 Elisa y Marcela,"NETFLIX  章魚情欲橫流的暗喻有點過多...over掉了,床戲意外地並無太保守"
伊莉莎与玛瑟拉 Elisa y Marcela,用最传统和平庸的方式来讲述了一个本可以很有趣的故事 以性爱堆砌起来的爱情故事丝毫共情力都没有 本可以直面并揭露那些经历过的苦难 却选择用温吞的方式来逃避一切 营造出来的美好结局假象又有什么用呢
伊莉莎与玛瑟拉 Elisa y Marcela,挺美的
伊莉莎与玛瑟拉 Elisa y Marcela,景色＋黑白质感加分。
伊莉莎与玛瑟拉 Elisa y Marcela,西班牙被黑哈哈哈哈。
伊莉莎与玛瑟拉 Elisa y Marcela,因为爱情走到了最后，影片中的表现过于平淡，激情过多有些腻，两星给现实中的两位，脸盲真的很影响看片，一度把女儿当成了恋人，还遗憾了好一会。
伊莉莎与玛瑟拉 Elisa y Marcela,可以算得上是想象中的爱情了
伊莉莎与玛瑟拉 Elisa y Marcela,"摄影构图是真的舒服 情感表达有点弱
不停看进度条"
伊莉莎与玛瑟拉 Elisa y Marcela,3
伊莉莎与玛瑟拉 Elisa y Marcela,3.8
伊莉莎与玛瑟拉 Elisa y Marcela,细腻但是床戏?
伊莉莎与玛瑟拉 Elisa y Marcela,镜头语言确实很美，床戏也确实有点太功利了总体来说不太能有共鸣。可能还是并不认同追求爱情自由＝婚姻捆绑，婚姻制度的存在保障的从来都不是爱情
伊莉莎与玛瑟拉 Elisa y Marcela,故事真的很好呀，但是做爱的镜头是不是有点太多啦，第一次觉得好漂亮，第二次觉得哦，第三次觉得怎么又来，没有感觉到这些做爱镜头对剧情的推进……
伊莉莎与玛瑟拉 Elisa y Marcela,影片改编自真实事件
伊莉莎与玛瑟拉 Elisa y Marcela,挺温柔的 温柔的最后的警示文字一点力量都没
伊莉莎与玛瑟拉 Elisa y Marcela,影片改编自真实事件，加一星。
伊莉莎与玛瑟拉 Elisa y Marcela,神仙爱情！神仙爱情！！！
伊莉莎与玛瑟拉 Elisa y Marcela,同性恋之间的温柔。
伊莉莎与玛瑟拉 Elisa y Marcela,本来觉得两星也就行了，看完以后跟一个也不喜欢该片的拉拉聊，越聊越生气。我说这作者是在用我们的身份我们的苦难史掩盖她自己的平庸，大卸八块都不解气。怒打本届柏林第一个一星。
伊莉莎与玛瑟拉 Elisa y Marcela,黑白影像让整部电影显得有点做作，尖锐的社会矛盾都被回避掉了，倒是猎奇的情欲戏很多，这让最后的警示文字也显得很没力量。
伊莉莎与玛瑟拉 Elisa y Marcela,这个题材在柏林就是政治正确的存在，除此之外真的只是平庸之作，葡萄牙人对于西班牙人的调侃大约能成为全篇最大亮点?
伊莉莎与玛瑟拉 Elisa y Marcela,特别看不进去...不懂为什么把个别桥段设计的非常舞台剧（这个倾向在《书店》的回忆桥段里就有 不过要自然很多啊）
伊莉莎与玛瑟拉 Elisa y Marcela,主竞赛的两部女同电影都让人大失所望，这部由上个世纪初真实事件改编的电影，本是上佳的同志平权文本，但导演的执行根本没有让这个故事迸发出力量。创作方式单一重复，黑白影像也没有带来历史的厚重感，噱头大于意义，可以说是一次失败的表达。
伊莉莎与玛瑟拉 Elisa y Marcela,2019柏林 圆形画幅和类胶片处理的手段放在影片中全无新意，从内容上是把对平权的探讨拉回到二十世纪的陈旧宣言。
伊莉莎与玛瑟拉 Elisa y Marcela,全黑白默片 激情是有的 但是起承轉合的衝擊力不足 那個像莫文蔚一樣的女的耐看 床戲過多了導致衝突點不夠
伊莉莎与玛瑟拉 Elisa y Marcela,两星    中段到结婚之前可以删掉至少15分钟。说来就来的床戏和生物猎奇，让人觉得不知道导演除了博眼球还有什么目的。还好只是inspired by the story，不然历史人物大概会气得跳出坟吧。
伊莉莎与玛瑟拉 Elisa y Marcela,在 Netflix 上看看就好。
伊莉莎与玛瑟拉 Elisa y Marcela,白瞎了这个故事
伊莉莎与玛瑟拉 Elisa y Marcela,1901年西班牙女同的历史性结婚事件，有太多情节可以展开讨论，可影片剧本的水平像是学生作业，流水账中还要加入土味奇情与间隙性煽情，唯美的黑白摄影都渐渐廉价。
伊莉莎与玛瑟拉 Elisa y Marcela,"虽然是飞网的，还是严格一些吧。
但是作为传记，情节可能也很难铺陈再十分生动。
全程快进看完的。就看个故事脉络。
很少能有能引起共情的地方。

看了短评有打1⭐的哦。
改评。
确实全片高潮在片尾字幕及照片。"
伊莉莎与玛瑟拉 Elisa y Marcela,"真实故事改编，故事本身很精彩，不知道为啥非得拍成这样。

两个人确定在一起，便不惜一切代价。尽管中间分开过三年，尽管其中一个人便装成男的，尽管为了避免外人非议另一个人甘愿选择生个孩子，两个人还去教堂举行了结婚仪式，也没能逃过周围人的白眼，没能逃过法律的惩罚，说白了，是没逃过社会的禁锢。从西班牙辗转葡萄牙被指控异装癖、性倒错和渎神而抓进了监狱，幸好处理这件案件的官员心地善良帮她们逃往阿根廷。

是什么让她们经受住重重考验为彼此牺牲并感动了官员，这才是重点好伐，怎么电影里大篇幅都是erotic的情景，反正我也不太懂西班牙电影里的色情镜头为啥那么刻意，美剧里虽然也多但很自然。还特意用了黑白镜头，总体来说从技术角度讲确实处理的很文艺，但是从讲故事的角度只把最表面的传递给观众了。"
众矢之的 Fair Game,没有一场动作戏，却交锋感十足。
众矢之的 Fair Game,三星半。作为根据真实事件改编的作品，首先条理清楚了，其次想表达的精神也拍出来一些。只是，摆着娜奥米和西恩·潘，完全可以做得更好
众矢之的 Fair Game,政治题材本来就闷再没重点的琐碎 吸引力比不上真相至上 俩人飚演技大脖筋都露出来了
众矢之的 Fair Game,吐政府的槽，估计中国人看的比老美还要过瘾~~~屁ass：在一个题材早已令人腻味了的电影里，能有两个讨人喜欢的演员——是多么地重要。
众矢之的 Fair Game,作為一部政治色彩濃重的電影，影片沒找准用力點。快速剪輯和角色們的高語速，也沒讓影片前半段的節奏更緊湊，反不如後半段剪輯放緩來得順暢。Sean Penn和Naomi Watts是我期待本片的最大原因，合作過《21 Grams》的兩人默契十足，但即便兩位演員的尚佳表現也沒能拓展影片的戲劇張力。
众矢之的 Fair Game,一看就是democrat拍的片子
众矢之的 Fair Game,权力和体制无言地毁掉了个人的信誉、工作、家庭甚至生命。这种故事每天有多少个在中国上演？女主演和真人还颇有几分神似。西恩潘演技已经到炉火纯青的地步了。
众矢之的 Fair Game,制作比《真相至上》强，但结局都太普世了
众矢之的 Fair Game,"""What manner of government have you bequeathed us? ““A Republic,if you can keep it."" 特别受教于Joe最后的演讲，民主的意义在于公民的责任，敢于质疑权威，寻求真相。
"
众矢之的 Fair Game,这和道格·李曼以前的风格很不一样啊 娜奥米·沃兹也和以前塑造的形象很不一样哎~！
众矢之的 Fair Game,其实这片子讲的是个人与体制的对抗，只是将其放在了一个更大的视角上；前半段关于特工工作揭秘的节奏还好，但到了真正切题的后半部，却开始无力温吞起来了；能看的也无非是两大主演的表现了。
众矢之的 Fair Game,"Dose it make me right if I shout louder than you?If I'm the white house and I shout a million times louder than you,does that make me right?"
众矢之的 Fair Game,政治惊悚片《公平游戏》前三分之一刻画事件背景蛮有功力，把复杂事情用复杂方式竟然简述清晰，且渲染了角色。后面叙事部分突然剧情传统起来，有血有泪却无痛无恙，可比不起感人的《真相至上》。全因对人性关注不够，对抨击不够深度，隔靴搔痒，无疾而终。尤其结尾处，搬出当事人的现场录影，令人失望。
众矢之的 Fair Game,娜奥米沃兹的电影之前看过的一部是东方的承诺，和这部一样都是闷片。不过还是觉得演技很厉害。
众矢之的 Fair Game,如果布什没下台的时候你拍了就牛B了，这片的实质其实跟绿区一样，都是等前任政府倒台了然后再批判，不过两位主演还是很有实力地扛住了这片，可怜Naomi现在老成这样了
众矢之的 Fair Game,一方面米帝捏造莫须有的怀疑打伊拉克，另一方面小特工能告赢白宫。这才是民主与专制。娜奥米表现出色。
众矢之的 Fair Game,以前看的，忘记打分了，三星，卡司有西恩.潘，完全可以冲上四星的，可惜的是编剧有点弱，影片叙事太过注重故事的厚重和所谓的真实历史背景，因此显得还是有点不是那么满意。不过当成看偶像剧还是值回票价的。因为有西恩.潘。以上。
众矢之的 Fair Game,三星半，力度不够。但娜奥米沃茨演得真好。
众矢之的 Fair Game,又是指向政府，质疑权力，这种题材拍的有点滥了，也没出什么新意。前半部分拖得有点长，显得收尾很仓促。可惜了两个好演员，两星半。
众矢之的 Fair Game,我只是想起了那些 伤不起的上辈子都是折翼天屎的抢盐的孩子们，其实也不能全怪他们。但是能看出，在中国，社会是这样的，人民是这样的，人民对政府砖家是这样不信任，社会对立是这样尖锐。
众矢之的 Fair Game,Sean Penn 左派风格，信手拈来。Naomi 风情有余，刚毅不足。原型更为精明干练模样。
众矢之的 Fair Game,"题材是好的,主角更好~可以比10星,可是拍的不好,扣7星.""好歹人家还能告倒白宫，要在中国，别说是主席，就是居委会大妈的权利都能压死你！"""
众矢之的 Fair Game,老男人和老女人！
众矢之的 Fair Game,真亦假时假亦真
众矢之的 Fair Game,重剪？越剪越不知道要说什么，想想史密斯夫和史密斯妻就知道没好货，害得我期待了半年。。。
众矢之的 Fair Game,抛开凌乱的剪接和跳跃，当做一部政治加生活的励志片来看得了，只可以给七分~
众矢之的 Fair Game,无甚感觉
众矢之的 Fair Game,1.故事讲得比较清楚。2.片子可以拍得更好。3.无良的媒体真是太可怕了。
众矢之的 Fair Game,纳奥米的角色好像克莱尔.丹妮丝在国土安全中的，整体外形也像。西恩潘的咆哮是亮点：“我声音比你大就证明我对吗？” 电影拍得挺差的。
众矢之的 Fair Game,还可以再拍的好一点，题材很好。
众矢之的 Fair Game,在这部电影中，无耻的政客丑恶嘴脸跃然于屏幕上。我们看到当弱小与强大的国家机器对抗时所承受的压力，西恩潘的表演很出色。最后正义来得迟了一点，但总好过一点没有。如果要对抗一个强大得多的对手，必须要有足够的心理准备。美国有这个怀疑政府的传统，总好过权力无限的扩张。
众矢之的 Fair Game,陈词滥调
众矢之的 Fair Game,前面实在很无聊
众矢之的 Fair Game,虎头蛇尾啊，前面渲染了那么多，然后，突然就这样结束了。。。
众矢之的 Fair Game,两个弊端，一，编剧把整个故事拆得过于松散，导致连贯性，高潮把握都出现了问题，二，摄影师晃得那么多以为自己在战地摄影？真实性不是靠这种手段来达到的，反正我是觉得晃眼。故事本身可以体现的公正，客观，无畏等精神都在这两个瑕疵下分崩离析了，很可惜
众矢之的 Fair Game,"2.6
"
众矢之的 Fair Game,全片平淡无奇，除了结尾的小高潮，谍影重重系列导演的深刻之作，女主怎么看都像妮可基德曼，让我想起了【翻译风波】。。。
众矢之的 Fair Game,我也不知道我为什么半夜挑了这么一部电影看。。。
众矢之的 Fair Game,【时光网搬家计划】
众矢之的 Fair Game,unfair~~~
众矢之的 Fair Game,"demand that truth
娜奥米和最后那位真实人物比较，少了一分干练"
众矢之的 Fair Game,勇者并非无惧，只是不被恐惧所控制。他们相信有比恐惧更重要的东西。结尾不喜欢。
众矢之的 Fair Game,整个故事巨大…… 但是讲述的乱七八糟的……侧重点无数 各种点在电影里面乱闪…结果哪个点都没弄好……
众矢之的 Fair Game,不错，不会再看第二次。
众矢之的 Fair Game,任何一个想在系统内做人而不是机器的人，都要面对一个选择：要体面还是要正确？体面能换来安全，正确能换来良心。这个主旨没错，不过我要说这电影拍得太庸俗了，表现方式没有一处有创新，讲述方式没有一处有亮点。
众矢之的 Fair Game,我承认，我更想看看动作片。。。
众矢之的 Fair Game,美国比我们强的地方在于，总有一些人有勇气在发现社会的黑暗面或者不公平之后努力使国家更好，而不是忍气吞声
众矢之的 Fair Game,中规中矩的政治片，政客永远有着光鲜的外表和背后不为你所知的另一面。
众矢之的 Fair Game,没劲 naomi watts浪费了 美国不是自由的天堂 所谓的民主也挡不住国家机器碾过个人
众矢之的 Fair Game,政治白痴，果真对政治片不感冒~完全系冲着SEAN PENN去睇噶，睇完后好似觉得5知部戏UP咩，仲有sean penn吸雪茄真系型爆啦
众矢之的 Fair Game,based on a true story
众矢之的 Fair Game,政治题材的伊拉克战争电影，这个故事貌似以前听过，没想到有电影版。
众矢之的 Fair Game,剧情很长，但是其实故事挺简单~重点还是来看我们沃茨的，也是二次与西恩潘合作~冲出大量悬疑与恐怖剧的类型，这次扮演了一个干练的CIA女情报员，应该说还是表演基本到位的，那一身灰西服和原著人物相得益彰，并且确实很靓丽！主题就不说了，对抗政府- -额，大家都懂的，即便在美国也吃不到啥好果子。
众矢之的 Fair Game,The country’s responsibility is not in the privileged minorities.
众矢之的 Fair Game,Fair Game (2010)
众矢之的 Fair Game,男主角最后的那段演讲是经典。
众矢之的 Fair Game,奔着Naomi Watts 跟 Sean Penn来的，关于政治，关于真相
众矢之的 Fair Game,在美国电影院里看的第二部电影 很一般
众矢之的 Fair Game,至少人家把白宮告倒了
众矢之的 Fair Game,"在一个愉快的春日早晨，
一切人类的罪恶全部得到了宽赦。
这样的一个日子是罪恶消融的日子。
阳光如此温暖，坏人也会回头。"
众神与野兽 Gods and Monsters,在线频频卡住、糟糕的翻译、玄虚的对白、老电影的知识盲点、异质的表演风格、或许还包括人生经历不够，一起制造了重重的欣赏理解障碍
众神与野兽 Gods and Monsters,弗兰肯斯坦的故事本身就让我不舒服。结果这个威尔后期的传记也看得我不太舒服，也许对这种类型不太能接受吧。但是伊恩爷爷的演技实在精湛。
众神与野兽 Gods and Monsters,不痛不痒的伪同志真传记片
众神与野兽 Gods and Monsters,http://d.xvna.com/xiazai-47554/
众神与野兽 Gods and Monsters,"我忍受了1h44min,差点睡过去。仍然似懂非懂。一个导演陷入自己的心魔。最后不过一幕实在太棒了。"
众神与野兽 Gods and Monsters,本片获第71届奥斯卡最佳改编剧本奖，并获最佳男主角和女配角提名。孤独把自己变成了野兽，以至于金钱都无法填满欲望的深沟。没有很了解导演和编剧的意图。也许那孤僻的人就是这么难以理解。但是那个园丁的言行也让人难以理解，或许片尾在雨中演化成怪兽就是解释？
众神与野兽 Gods and Monsters,呃························································
众神与野兽 Gods and Monsters,比起死唯有孤独更难以承受
众神与野兽 Gods and Monsters,每个人都有每个人的孤独
众神与野兽 Gods and Monsters,甘道夫和欧康诺之间那点事儿；结局布恩在大街上模仿怪兽摇摇晃晃的走路，一下子就被戳到了
众神与野兽 Gods and Monsters,相当一般的晚年穿插回忆黄金年代传记，用在詹姆斯威尔身上原以为会很特别，因为他是弗兰肯斯坦之父。不过影片更多聚焦在他的个人私生活，虽点题众神与野兽之矛盾，然而没有情感上带来共鸣
众神与野兽 Gods and Monsters,一个孤独爱者活过与死亡.
众神与野兽 Gods and Monsters,拍得精致，演得很好，就是一直觉得人物的思想和感情很奇怪，不能理解，所以看得有些闷闷的，幸好结尾相当精彩，也点出了主题。
众神与野兽 Gods and Monsters,战争真是 只有经历过它的人才懂吧 will有一句多令人恐惧又心酸 那些可怕的回忆 它就是那样突然出现 让你猝不及防又无法摆脱。而有一句话也很喜欢，自由也是一种药，吃多了也有副作用的。还有伊恩的演技太棒了~有些眼神表情完全让人心里神会，不再需要台词~
众神与野兽 Gods and Monsters,真的是一个老色鬼想要一夜情然后绕来绕去最后被打了一顿……还卖苦情，想不通
众神与野兽 Gods and Monsters,年迈的导演创作了《弗兰肯斯坦》电影，一个怪物般、孤独又异类的存在。男主暮年挽留不住同性恋人，又想招惹自己的园丁来为自己结束生命，最终孤独溺亡。伊恩·麦克莱恩把老人的自负骄傲与色厉内荏的矛盾演绎的传神而动人。男配布兰登·费舍第二年当上了《木乃伊》的男主。
众神与野兽 Gods and Monsters,3.5。女管家的角色設置微妙，恐同與理解並存。有預感伊恩麥克連會用這種具侵略性的孤獸氣質演福爾摩斯.....
众神与野兽 Gods and Monsters,园丁的动机表现不深刻，整个就觉得很怪。结局也俗。
众神与野兽 Gods and Monsters,神有时候也喜欢野兽利爪的畅快
众神与野兽 Gods and Monsters,"凝視（慾望）/後設/後現代/文本互涉
God-like Ian McKellen, dreadful Brendan Fraser."
众神与野兽 Gods and Monsters,最严肃的话题，最戏剧化的表达。
众神与野兽 Gods and Monsters,"Can't say I enjoyed it, but its sensitivity is touching."
众神与野兽 Gods and Monsters,萬磁王!! 
众神与野兽 Gods and Monsters,人间创造了神一样的人，人间又把人变成怪兽，人间在一个人还不谙世事的时候赐予了他们不同的天赋，又让这些人最具光芒的时候称为他人不接受的异类
众神与野兽 Gods and Monsters,"嗯，太长，好累。
回忆点：真人真事。男主是科学怪人的导演，同性恋，早年退出电影圈。老年中风，一个保姆照顾他。儿时经历悲惨，打过仗，战友战死挂铁丝网上痛苦回忆。前男友是导演，还在拍电影。
家里新来的割草小哥，付费给小哥画头像，画画时聊天，小哥还在酒吧和朋友一起看了男主以前拍的电影科学怪人。再画画时男主聊到过去同性恋聚会，出现不愉快。
带小哥参加聚会。雨天回家，保姆家有事不在。男主刺激小哥，诱导小哥杀自己，一通掐后没成功。
早上，男主泳池自杀身亡。"
众神与野兽 Gods and Monsters,爵士自己的影子太重。
众神与野兽 Gods and Monsters,伊恩爷爷贡献了他生涯的最佳表演～可是我没太看懂，字幕翻译极差～如果再看一遍的话应该会好一些～
众神与野兽 Gods and Monsters,You're my very special one. 
众神与野兽 Gods and Monsters,摄影构图到了女佣那里全是歪的，很邪乎
众神与野兽 Gods and Monsters,"生為異類,對不起..
寓意很好,可惜片子拍得不夠吸引人,3.7"
众神与野兽 Gods and Monsters,向伟大致敬的电影注定是我不能看明白的~~~
众神与野兽 Gods and Monsters,细腻又真实的人物传记 一个电影鬼才-----寂寞而疯狂的艺术家
众神与野兽 Gods and Monsters,基老头爱上壮园丁，怎么想都不会是个好故事。
众神与野兽 Gods and Monsters,并不是还原现实的一部纪录片，虽说是剧情片还是稍显累赘。Ian老爷爷的演技太棒！Brandon那个美貌啊。。。。
众神与野兽 Gods and Monsters,前面有点闷 拍怪物的导演心里有头怪物~
众神与野兽 Gods and Monsters,当荧屏上的怪物走入你的生活中时，你会如何感受呢？
众神与野兽 Gods and Monsters,万磁王大战♂木乃伊
众神与野兽 Gods and Monsters,一個怪爺爺的故事
众神与野兽 Gods and Monsters,在成为人的过程中，哪怕做了所有正确趋利避害的选择，寂静雨夜里仍忍不住浮现的怪物人格，怀念已死的神。年轻演员真的没有老戏骨魅力大。
众神与野兽 Gods and Monsters,很九十年代的叙事风格。一直想到福尔摩斯先生，原来是一个导演，后者更沉稳简练。
众神与野兽 Gods and Monsters,此间之意，需寻味良久
众神与野兽 Gods and Monsters,其实没看懂
众神与野兽 Gods and Monsters,忘年基情
众神与野兽 Gods and Monsters,好深奧
众神与野兽 Gods and Monsters,太艺术了。。。有点闷。。。
众神与野兽 Gods and Monsters,老爷子的演技撑起整部片子
众神与野兽 Gods and Monsters,对同性恋心理的琢磨堪称完美，只是少数影像叠加的画面略显简陋。布兰登的雄性美洋溢荧幕，值得一看。
众神与野兽 Gods and Monsters,🌟🌟🌟➕🌟🌟🌟🌟➕🌟🌟🌟➕🌟🌟🌟🌟
众神与野兽 Gods and Monsters,全世界的怪物联起手来
众神与野兽 Gods and Monsters,alone bad
众神与野兽 Gods and Monsters,这竟然曾经是奥斯卡提名……我的妈啊……
众神与野兽 Gods and Monsters,女仆演得很不错！
众神与野兽 Gods and Monsters,看到一半被吓到了
众神与野兽 Gods and Monsters,当万磁王爱上人猿泰山……基情满满的~
众神与野兽 Gods and Monsters,基佬竟然是本色出演
众神与野兽 Gods and Monsters,男人和男人之间的心灵感应就和一个英俊男人的命运一样难以捉摸，电影差一点就把这两种“难以捉摸”结合在了一起。
众神与野兽 Gods and Monsters,Prof rec
众神与野兽 Gods and Monsters,看爵爷撩汉子哈哈。能看出导演要表达的几个点，但没有很好的粘在一起，散了。
众神与野兽 Gods and Monsters,最初的失去与一生的追逐。
众神与野兽 Gods and Monsters,没坚持下来，不是我的菜。
传奇 Legend,作为一个有良心有节操的影迷，Legend最多三星。但是汤老湿太tm帅了，我觉得自己至少还可以再爱三百年。
传奇 Legend,电影本身是个流水账，克雷兄弟的一生意在告诉我们：1.不要当黑社会大哥的女人，容易被家暴 2. 要当黑社会大哥的男人，吃香喝辣幸福一辈子
传奇 Legend,还有谁能比艾米莉·布朗宁更丑？！！！简直比蕾雅·赛杜更让人无法直视。BD 720P 16/01/19
传奇 Legend,后半段整个节奏乱成一锅粥。
传奇 Legend,预告片的胜利。
传奇 Legend,叙事节奏差得大跌眼镜，然而居然有几场戏的编排又好/邪得离谱，这落差感，心疼汤老湿啊
传奇 Legend,汤姆哈迪太好看了
传奇 Legend,"拍的太平了，基本就是流水账，但是汤老湿真是好棒啊好棒啊。一人分饰两角神态语气肢体都予舍予求
"
传奇 Legend,怕是有二十年没有见到Duffy了
传奇 Legend,分饰两角，这个还是蛮牛逼的……亏你分裂得出来
传奇 Legend,汤老湿好适合演bipolar哦！简直就是个英式喜剧片嘛，酒吧里俩兄弟挑一群，和美国黑帮会面时弟弟说I prefer boys，还有兄弟间互殴，都太喜感了。哥哥帅炸！还有蛋蛋小男宠，睡了基佬弟弟还想勾引直男哥哥，浪到没边。为什么蛋蛋总能搞到猛男！节奏把握不是很好，配乐不错。2015.12.20@PP AMC HK
传奇 Legend,即使是汤老师，即使是他擅长的黑帮人物，也只能3星。故事太平了……汤老师演的到是演出两种人的差别，却依然让我觉得都是他自己。稍有无聊的故事，只拍了个黑社会，离教父隔了十来条街。
传奇 Legend,booooooooooooooooorrrrrrrring
传奇 Legend,"也就卡司不错。
叙事乱，故事不吸引人，不cool。"
传奇 Legend,整体还可以，为啥叫传奇呢
传奇 Legend,汤老湿既霸气又有喜感
传奇 Legend,披着黑帮外皮的爱情片……
传奇 Legend,★★☆平平淡淡的传记电影，汤老湿卖力的演绎掩盖不了剧本的平庸。
传奇 Legend,拍成爱情传奇了！
传奇 Legend,传奇没什么了不起
传奇 Legend,比较像家庭伦理片……完全不是想象中的黑帮嗨片…
传奇 Legend,这其实是个爱情故事吧。。。哈迪一人二角，区分度好高
传奇 Legend,光看汤老师的演出就花痴的不要不要的
传奇 Legend,横向对比《黑弥撒》
传奇 Legend,预告片看起来好多了
传奇 Legend,节奏和剧情都一般但汤老师和英国口音实在是太迷人了！
传奇 Legend,果然不是我喜欢看的类型
传奇 Legend,还可以。
传奇 Legend,两个角色感觉都是甜心自己呀 自攻自受的很弱智虽然 打架那一小截儿还是很酷的
传奇 Legend,看到一个小时的时候 就觉得这部片该结束了  这么炸裂的真实故事改编怎么能拍的这么又臭又长的？？？三星给汤姆哈迪
传奇 Legend,汤姆哈迪一人分饰两个角色？
传奇 Legend,就是来看汤老湿耍帅的么么哒
传奇 Legend,汤甜演风流倜傥+渣+狠戾残暴这几种模式无人可比，因为演技太突出导致整个电影里都看不到其他演员了。
传奇 Legend,那个年代的黑帮做事让人摸不着头脑
传奇 Legend,看这片老让我想起《黑道之家》，虽然剧情弱的多，但一人分饰两角却又不让人觉得是一人，演技没得说。好久没听到过《something stupid》了。。。16.1.21
传奇 Legend,疯癫的剧情，表演，人生。
传奇 Legend,分饰两角虽然表演略显浮夸，但还算成功。影片烂在活生生把一本黑帮片拍成了亲兄弟过家家，其他人都和傻缺一样陪着他们玩；意外的是能把一个女人嫁给黑帮后的生活困境、内心矛盾、悲惨结局描写的丝丝入扣，失之桑榆收之东隅。对女主角颜值不做评价，但是演技是ok的。建议导演以后放弃犯罪路线改拍爱情片
传奇 Legend,一星给帅哥，一星给纯女，一星给英式的“分寸”！
传奇 Legend,故事平铺直叙不太吸引人，节奏很差，尤其是后半部分不知道为何会演进到那一地步。但是汤老师真有魅力啊，邪邪的，一人分饰两角的效果惊人。
传奇 Legend,一星照例献给汤老湿=33= 大银幕上的甜心真的怎么都看不够 更别说双面甜心了=33= 好多梗好多惊喜啊，9th刀客特呀 蛋蛋呀 what the story morning glory呀... 旁白真的太蠢了>< 感觉导演是想搞成有点逗比的商业片，但其实如果换个角度的话 完全可以拍的很酷很屌很hard core 可以深挖的传记片。
传奇 Legend,好好的动作片拍成了纪录片。。。题材和预告片都棒极了，正片看的心累，期待是英姿飒爽对砍飙血的硬汉电影，结果是男主在哥哥和媳妇之间的选择问题，然后儿女情长家庭磕磕碰碰了好长，真正的黑帮味道基本没有，两帮派火拼更是少见，一切都是幕后。。真正呈现的就是一个黑帮老大失败的感情和人生。
传奇 Legend,7.5
传奇 Legend,故事平平，没什么传奇啊。。。猪一样的弟弟能混到这个地位也不容易，总的来说不行。
传奇 Legend,一般。
传奇 Legend,hmmm
传奇 Legend,汤老师一个人拯救了一部电影。如果有好的导演和编剧，这本来可以成为一部不错的黑帮片。Reggie演的比Ronnie好。女主非常烦人。
传奇 Legend,真帅妈的
传奇 Legend,for casting and my Hardy
传奇 Legend,汤老湿演技赞，两兄弟的差别大到根本不像是他一个人演的。话说这俩兄弟真是一个被另一个坑出屎啊。
传奇 Legend,"架不起题目的剧情处理啊，those songs and decorations were awesome, 带着god father的影子，although it was based on true story. Really cannot interested me."
传奇 Legend,2016.01.27 就可劲儿的作吧~
传奇 Legend,兄弟情，毕竟血浓于水
传奇 Legend,终于看到汤甜的一个伦敦腔角色啦！可怎么又是一部重心诡异的电影……让女主当旁白也有种导演自作聪明的感觉。Ronnie简直是Lawless里的捣乱能力加强版三弟，不过到片尾终于开始理解并有些喜欢这种扭曲的兄弟关系，反正导演就没想让观众痛快爽……又见DT叔实力龙套（笑哭）。
传奇 Legend,2015年汤老师好拼。好评。
传奇 Legend,真没看出来兄弟俩是一个人演的，很帅，英国腔很棒，其他都很屎。
传奇 Legend,好难看啊，叙事节奏和人物全面崩盘啊，全都是片段的拼凑，什么破剧本。作为黑帮片，除了基本类型元素的满足外，最重要的不是人物和时代吗？这里面一个都没拍出来，要时代感没时代感，就连主角都没有写好啊！白瞎了汤老师了！！气人！而且类型标签不加个“爱情”真的大丈夫？
传奇 Legend,Ed.2 分饰好帅 办了个电影年卡人生圆满 就是太困睡着了不开熏
传奇 Legend,汤老师舔屏之作，全程星星眼，剧情节奏几近于无。
传奇 Legend,还行吧……tom的一人分饰两角是亮点，故事其实很一般
传奇 Legend,剧情太弱 全靠汤老师一人饰两角爆炸演技独撑全场
伦尼的故事 Lenny,脫口秀的表演本身成為預敘與評論，依然類似歌廳的手法。雖然敘述者看似眾多，但敘述線本身依然清晰，前半段是感情線後半段是對社會的反抗
伦尼的故事 Lenny,达斯汀·霍夫曼尽力去还原一个疯狂的观点。
伦尼的故事 Lenny,Louis CK的偶像……实在受不了女主角这挂长相，戛纳还给了个影后，看来乱分奖真是有历史渊源的。
伦尼的故事 Lenny,精妙的叙事结构。
伦尼的故事 Lenny,女主角Valerie Perrine就是《超人》裡Lex Luthor的跟班女伴！憑此片拿下坎城影后。
伦尼的故事 Lenny,对此有所察觉的哈妮同伦尼吵闹了一番。后来，他们搬到了加尼福尼亚。虽然伦尼极力反对，哈妮还是重操旧业，当起了脱衣舞女。
伦尼的故事 Lenny,男主太帅，女主太丑
伦尼的故事 Lenny,这个拍法还是觉得闷啊……最后一部分比较触动。
伦尼的故事 Lenny,7.5 补标
伦尼的故事 Lenny,全片不是很吸引人，甚至可以说是沉闷，但是几线穿插讲述伦尼一生的手法很有意思
伦尼的故事 Lenny,达斯汀霍夫曼的个人秀~神演技
伦尼的故事 Lenny,半伪纪录式，太零散...
伦尼的故事 Lenny,段子不好笑，故事不动人。不愧为全人类最被过誉的导演之一。
伦尼的故事 Lenny,早期脱口秀，笑点有点低。
伦尼的故事 Lenny,16.10.31 第二遍 我爱鲍勃福斯 简直是公民凯恩的重制 也再次强调了贯穿近百年影史的箴言 There's no biz like show biz。每个时代都需要一个讲疯话的疯子
伦尼的故事 Lenny,原来是歌厅的导演。果然牛逼啊，本来这种形式就够新颖；记录一个人从平凡到癫狂，到分不清舞台和生活，到毁灭⋯⋯达斯汀霍夫曼的独角戏，再一次令人瞠目结舌的表演，全是锋芒【2018.08.08重看】
伦尼的故事 Lenny,A/ “任何语词的禁锢都将动摇民主的根基。”民间社会之“低俗”的意义绝不仅是低俗本身，而在于其内在的反叛性。如齐泽克前日关于metoo的探讨，如果政治正确只是伪善的空壳，那便用下流与肮脏净化之。多声部切换自如，政治诉求嬉笑怒骂皆成文章，最终又回归完整个体形象的史诗。霍夫曼神演技！
伦尼的故事 Lenny,鲍勃福斯的非音乐片，完全按照他新风格化音乐电影的逻辑来组织。让人想起文森明奈利的非音乐片。他俩对节奏、叙事、对话、情绪的理解都是音乐性的。这片可以和施辛格勒的亲爱的凑成一对来看，都是结构和影像语言创新的典范。lenny的肆意喷射带有自渎意味，而社会对他施以的暴力不在规范而在冷漠和虚无
伦尼的故事 Lenny,在这个伪善的世界，言论自由永远是奢求。影片用黑白记录式影像的方式为我们呈现Lenny Bruce那不平凡的癫狂人生，从舞台上不断嘲讽的语言，到生活中不屈奋斗的作风，他的存在如同一种社会使命，点醒了观众却也让人恐惧。达斯汀霍夫曼的表演只能用完美来形容，纪实风格令人着迷~
伦尼的故事 Lenny,君可见漫天落霞，名利息间似雾化。
伦尼的故事 Lenny,第四十七届奥斯卡金像奖最佳影片提名
伦尼的故事 Lenny,"爭議喜劇演員Lenny Bruce傳記，十分先鋒了。關於""語言""的討論，放在今日也不過時。Bob Fosse這部沒有歌舞，以單口相聲表演取代，台上的演出與傳主人生軌跡變化緊密呼應。Dustin Hoffman演出超精彩，應算他七零年代巔峰作了。演妻子的Valerie Perrine也不錯，只是看資料還拿坎城影后有點問號...?"
伦尼的故事 Lenny,个人认为Hoffman最精彩的演出。
伦尼的故事 Lenny,本片导演鲍伯·福斯在音乐剧上有着很深的造诣，这部根据同名舞台剧改编的音乐片在其构思、结构和发展上，以及影片中酿造戏剧气氛的手法都说明了这一点。达斯汀·霍夫曼的表演诙谐而深沉，令人满意，但本片的风格太舞台化，且运用了过多的近景，因此失去了音乐片的特点，有些失望
伦尼的故事 Lenny,只需要摆出解放语境的态度，百老汇之王的风格就有不同于任何浪潮所谓的狂放不羁，独属于鲍勃福斯的《公民凯恩》.
伦尼的故事 Lenny,《歌厅》导演鲍勃·福斯又一部疯狂的作品，无处不显其实力。闪回的剪辑打乱的叙事已足够疯狂，没想到还有令人惊叹的内核，变态的不只是你我。脱口秀与主线之间来回切换，更清楚的认清主人公，达斯汀·霍夫曼的独角戏太精彩，也成就了这部电影。
伦尼的故事 Lenny,形式非常前卫啊，在1979年，鲍勃福斯是挺厉害的
伦尼的故事 Lenny,达斯汀·霍夫曼的极致完美的表演，凌厉的剪辑。“他就是他妈的搞笑而已”振聋发聩，极其讽刺。
伦尼的故事 Lenny,Lenny像是地下車庫的教主，像是兔女郎裡的控制狂情人。訪談交叉，和自己的對話，他不盡然是話語的那樣，也不是正好相反，就像佛斯喜愛的，一種假面表演和人身無法分開的秀。秀幾乎是實時感的，尤其那場尷尬的？時間懸在那裡的、讓我們迷上他又註定失落的秀。
伦尼的故事 Lenny,本片真的很好，剧本相当巧妙，主题相当有力度，结局让人深思，再加上演员们的精彩表演。唯一让我打不出五星的原因就是本片在某种层面上有点太散了，我个人的感触不是特别深。本片的纪录片式访谈算是一个亮点。本片最大的亮点是表演，霍夫曼的表现太出色了，是他生涯最佳之一，女主的表现也同样出彩
伦尼的故事 Lenny,Fosses喜爱的舞台＋人物特写再一次被他用到了极致，单一场景内如何利用人像和物体的混合剪辑创立紧张感也是他的拿手好戏，这都让这部传记片充满了节奏上的紧张与平衡。只不过过于平淡的节奏有些冲淡了整体的感觉，但是两位主演用自己牛逼的表演硬生生的拉了回来。
伦尼的故事 Lenny,传奇脱口秀演员的生涯 淫秽猥亵与言论自由 无可挑剔的达斯丁·霍夫曼
伦尼的故事 Lenny,无比惆怅。故事架构、摄影剪辑和表演都堪称完美。感觉伍迪·艾伦受鲍勃·福斯的影响应该很深，在《安妮·霍尔》和《西力传》中都能看出不少后者的影子。
伦尼的故事 Lenny,前期表演舞台调度几乎全靠剪辑完成，到了最后一场“I‘m not funny”却靠一个完整单镜头来呈现，场面内的势力消长、情绪反应与光暗对比共同完成由盛转衰的变化。律师辩论的时候，讼词纸挡住了下半张脸，以此呈现不可说的因言获罪。
伦尼的故事 Lenny,"几乎是纪录片了，Lenny Bruce生平里的每个传奇都伴随着自毁式的反抗。他彻底改变了单口喜剧精神，使其具备了承载社会责任的可能。
Dustin Hoffman神演技再现。
#看完好奇当年为什么奥斯卡落败，一看当年颁给了《教父2》🤷♂️OK fine…"
伦尼的故事 Lenny,福斯把歌舞换成喜剧秀，“台上台下”形式的力度不减反增，接近尾声那个俯拍长镜头更像是打破虚实之间的墙后面对角色最真实的吐露。穿插的纪录片采访（虽然有些地方的衔接略刻意）和漂亮的黑白摄影又增添了写实的味道。霍夫曼的演出再次让人惊叹。
伦尼的故事 Lenny,2017049 气质与众不同的传记片，黑白影像却依然显示出鲍勃福斯迷人的声画技巧。伦尼的故事是一个“讽刺”，他穷其一生坚持将“语言”从时代的语境中解救出来，最终却还是因困囿于时代而死。
伦尼的故事 Lenny,在考究凌厉的黑白光影间，讲述着风光背后的宿命。主人公只能将自己的风尘困顿笑话一般的讲述给陌生人，然后继续着暗淡无光的人生。其实在他功成名就的那一刻起，欢愉已然成为了交换物质的筹码，而之后一切的抗争，也注定是徒劳。个人以为此片为达斯汀霍夫曼最佳表演。
伦尼的故事 Lenny,ʕ•̫͡•ʕ*̫͡*ʕ•͓͡•ʔ-̫͡-ʕ•̫͡•ʔ*̫͡*ʔ-̫͡-ʔ，演的很棒，过去一直分不清他和Michael Corleone。
伦尼的故事 Lenny,比起Lenny此角色，我还是更钟意Dustin彼演员啊！
伦尼的故事 Lenny,母亲：搞不懂他为什么要减肥  离异的妻子：只是见鬼的搞笑  经纪人最扯淡：嘴上说着喜欢，马上又要去签一个喜剧演员。身边最亲近的人又怎样，没有一个人真正的去了解伦尼，去了解这个伟大的喜剧演员，表演融入了他的生命。对亲人的访谈与现场的脱口秀表演交叉剪辑，能够感觉到内容会有跟过去的生活相关联，对时政的讽刺也有很明显表现在其中，几次被捕与法庭上的辩护。对于大部分观众与警察他只是一个烘托气氛的小丑，对于他自己，他则是一个很清醒的人，能够用犀利的观点去批判这个社会，可惜没人理解他，也没人再给他这个机会～(霍夫曼的表演+★～
伦尼的故事 Lenny,霍夫曼的电影都想看一看！
伦尼的故事 Lenny,偽紀錄片形式，訪談官司脫口秀穿插，見證連尼蛻變為巨星，又被社會風氣毀滅的過程。連尼的悲劇正反映社會的偽善，觀眾的鼓掌更成為警方掃蕩之目標。過去連尼，現今譚雅，都圍繞在螢光幕後的癲狂，敗壞風氣的究竟是連尼，亦只是體制下的民智未開？連尼承接一股莎劇的悲劇人物特色。黑白氣氛佳，霍夫曼亮
伦尼的故事 Lenny,时代之声
伦尼的故事 Lenny,在考究凌厉的黑白光影间，讲述着风光背后的宿命。主人公只能将自己的风尘困顿笑话一般的讲述给陌生人，然后继续着暗淡无光的人生。其实在他功成名就的那一刻起，欢愉已然成为了交换物质的筹码，而之后一切的抗争，也注定是徒劳。个人以为此片为达斯汀霍夫曼最佳表演。
伦尼的故事 Lenny,仍旧是后二十分钟比较精彩，但从表演上来说，还是觉得8年后的窈窕淑男无法超越。2018.8.11二刷，翻出这部片子感觉跟没看过一样，又找来看了一遍，可能是因为对话太多和剪辑的问题，总觉得这一遍也记不住。好是好，就是太长了。
伦尼的故事 Lenny,個人認為是鮑伯佛斯最好看。說話取代歌舞。節奏高溫沸騰，時而性感、酸澀、空虛、油通通，有他歌舞片的步調與氣勢。算是偽訪談紀實片中很棒的。
伦尼的故事 Lenny,电影结构很新颖，口述与往事交替出现。
伦尼的故事 Lenny,鲍勃福斯的东西只能给五星啊。180414金馬奇幻重看。鮑勃福斯的東西真是越看越喜歡。尤其是打破規則的私密空間構建。一個音樂劇導演能完全衝破舞台的局限，直接電影化的呈現，真的，跪。
伦尼的故事 Lenny,座位上的观众对伦尼的故事没有兴趣，伦尼的表演+伴奏者的百无聊赖+观众反应特写+在观众与观众中摄像机观察伦尼，这样的表达手法很正确，但也没有其它更新颖的地方。全片：访谈—引入往事——剪入脱口秀（的循环），把现实与脱口秀内容缝合在一起互相引证（一方是男性视角，一方是女性视角，剪接切换中流露出的差异与裂痕）；喜欢探监的戏，离婚夫妇没话说的尴尬，故作兴奋，假意的笑容，长片封面背后被挡住的叹息的脸
伦尼的故事 Lenny,开创性的叙述结构，行云流水的剪辑摄影，霍夫曼出色的舞台脱口表演，共同打造了一出令人着迷的笑星传记
伦尼的故事 Lenny,3.5
伦尼的故事 Lenny,在法国杂志流血事件之后看更有值得思考的言论与自由，当然还有完美的达斯汀霍夫曼
伦尼的故事 Lenny,鲍勃福斯的电影一开始就让人明白他要讲一个怎样的故事，全片不会有高潮，但会有一个很棒的结尾。
伦尼的故事 Lenny,达斯汀霍夫曼撑起一部电影系列。嬉笑怒骂，这个人眼睛里有整个银河系啊。Lenny是时代的病态的精神。”Don’t take away my words.”
伦尼的故事 Lenny,啊！Dustin Hoffman！人戏合一的表演！
伦尼的故事 Lenny,1.鲍勃福斯版公民凯恩，主人公本身亦为一片展示伦尼的玫瑰花蕾，所做的脱口秀与影片主线内容相对应，精妙的叙事结构沿袭前作《歌厅》。2.一部没有歌舞的歌舞片，以伦尼演出作为其中华章，黑白摄影令人沉醉。回忆终了，纪录终结，伦尼还会活在唱片中。
伦尼的故事 Lenny,33 我爱鲍比佛西，他总让我被震撼，我爱达斯汀霍夫曼，天才般的演员，投入整个生命和情感的演员，我爱伦尼布鲁斯 ，“Don’t take my words”，无数手持摇移，快速剪辑和特写和超大特写之间的那段俯拍长镜头才如此感人
伦尼的故事 Lenny,看完发现米洛斯福尔曼的传记片全按这个模子来的..还偏偏扔掉了最精巧的结构..台词多果然容易捧表演啊 不过美中不足在于那些梗如今看来已经平平无奇..
伦尼的故事 Lenny,"Dustin Hoffman Is the answer

story itself is so so"
伯纳德与桃瑞丝 Bernard and Doris,有个gay蜜让生活多甜
伯纳德与桃瑞丝 Bernard and Doris,美丽的男人/配乐超棒
伯纳德与桃瑞丝 Bernard and Doris,影帝影后彪戏确实很精彩，可是影片平铺直叙的方式又让人觉得有点无聊~
伯纳德与桃瑞丝 Bernard and Doris,拉叔太美艳了。
伯纳德与桃瑞丝 Bernard and Doris,故事。风景。
伯纳德与桃瑞丝 Bernard and Doris,"good performance, dull story. "
伯纳德与桃瑞丝 Bernard and Doris,没什么吸引眼球的，看后很容易忘~
伯纳德与桃瑞丝 Bernard and Doris,Ralph Fiennes老了，头发越发稀疏，啤酒肚也这么大了……但还是那么有魅力～可惜片子太平淡了
伯纳德与桃瑞丝 Bernard and Doris,soundtrack good
伯纳德与桃瑞丝 Bernard and Doris,所以女人中年以后的理想生活 = 一个gay闺蜜 + 一个弹钢琴的性伴侣………
伯纳德与桃瑞丝 Bernard and Doris,怎么说呢，波澜不惊的传奇，这样的片子更重要的是故事，人物刻画并不出众，但故事呢，似乎又是客观存在的，这样下来，整个片还剩什么？
伯纳德与桃瑞丝 Bernard and Doris,适合20年后看吧
伯纳德与桃瑞丝 Bernard and Doris,gays are girls' best friends.
伯纳德与桃瑞丝 Bernard and Doris,我真的受不了男主的长相，看英国病人就受不了
伯纳德与桃瑞丝 Bernard and Doris,腼腆妩媚的伯纳德和张扬妩媚的桃瑞斯。。那身粉衣服实在太美
伯纳德与桃瑞丝 Bernard and Doris,没看下去。。。
伯纳德与桃瑞丝 Bernard and Doris,真人真事，主演演技好，其他很平淡
伯纳德与桃瑞丝 Bernard and Doris,shock！
伯纳德与桃瑞丝 Bernard and Doris,这片子我确实看过 女装的Ralph....
伯纳德与桃瑞丝 Bernard and Doris,i love the way u breaking my heart
伯纳德与桃瑞丝 Bernard and Doris,片子很一般 Ralph Fiennes那麽讚 ps，海報的fu~~很有burberry的tender touch味道 
伯纳德与桃瑞丝 Bernard and Doris,SS哪都好，就是有事没事老瞪着个眼让人觉得很别扭
伯纳德与桃瑞丝 Bernard and Doris,Ralph 什么时候能演个正常点的角色啊。。。。
伯纳德与桃瑞丝 Bernard and Doris,女富豪和gay管家的故事
伯纳德与桃瑞丝 Bernard and Doris,"""I just wanna take care of you"",演员表现上和感情上我还是愿意给五星的。"
伯纳德与桃瑞丝 Bernard and Doris,我不满，Ralph童鞋gay首演不能这样>.<
伯纳德与桃瑞丝 Bernard and Doris,两个都很有气质
伯纳德与桃瑞丝 Bernard and Doris,总体而言，这部电影，可以说是中规中矩，按部就班。 
伯纳德与桃瑞丝 Bernard and Doris,挺逗的。
伯纳德与桃瑞丝 Bernard and Doris,伯纳德的情感转变有点突兀，说是友谊太牵强了，他根本是爱上女主人了嘛= =这段的处理不够到位，以至于变成了普通的言情片
伯纳德与桃瑞丝 Bernard and Doris,"ralph
"
伯纳德与桃瑞丝 Bernard and Doris,就当记录片看吧
伯纳德与桃瑞丝 Bernard and Doris,同性恋伏地魔。。。
伯纳德与桃瑞丝 Bernard and Doris,谁给它分类成喜剧的？
伯纳德与桃瑞丝 Bernard and Doris,ralph 扮gay是唯一卖点
伯纳德与桃瑞丝 Bernard and Doris,达Susan最好看的配饰难道不是眼镜吗？
伯纳德与桃瑞丝 Bernard and Doris,"我确信我是看过的,可一点也不记得看过什么"
伯纳德与桃瑞丝 Bernard and Doris,神话，感叹，我懂。
伯纳德与桃瑞丝 Bernard and Doris,3星半.啥时候能豆瓣提供个半的选项啊
伯纳德与桃瑞丝 Bernard and Doris,有点受不了配乐
伯纳德与桃瑞丝 Bernard and Doris,拉叔不愧是演技派，又强又犀利，可惜这次形象玩过火，还被女主把风头盖过，苏珊-萨兰登也真不省油，演技很赞！
伯纳德与桃瑞丝 Bernard and Doris,拉尔夫在剧里总有种卑怯的感觉是怎样~最后过生日那幕妆容略惊悚= =
伯纳德与桃瑞丝 Bernard and Doris,兰花
伯纳德与桃瑞丝 Bernard and Doris,ʕ•̫͡•ʕ*̫͡*ʕ•͓͡•ʔ-̫͡-ʕ•̫͡•ʔ*̫͡*ʔ-̫͡-ʔ，打卡。
伯纳德与桃瑞丝 Bernard and Doris,完全是冲着在《The reader》里有一角的Ralph Fiennes去看的。那一屋子的兰花，印象极其深刻。
伯纳德与桃瑞丝 Bernard and Doris,男主角太强了，居然是……
伯纳德与桃瑞丝 Bernard and Doris,"富人生活.感情在那里,淡淡的."
伯纳德与桃瑞丝 Bernard and Doris,3.5 Ralph的演技没话说
伯纳德与桃瑞丝 Bernard and Doris,这种情愫能说清楚吗？
伯纳德与桃瑞丝 Bernard and Doris,好闷。骚。的电影。两位的演技需要大赞。感情很微妙，不过翻成“姐妹情深”真会把人囧翻的。
伯纳德与桃瑞丝 Bernard and Doris,很平淡的电影。
伯纳德与桃瑞丝 Bernard and Doris,喜欢男主
伯纳德与桃瑞丝 Bernard and Doris,从头到尾认认真真的把电影看完了。当我来到豆瓣，我才知道这是一部获奖颇多，很有名的一部片子。现在想起来，看时我心里也有一丝悸动，想想，这也还是一部不错的片子，细细品味，确实是不错的。
伯纳德与桃瑞丝 Bernard and Doris,我不爱他的女装
伯纳德与桃瑞丝 Bernard and Doris,补标记，迷茫的女富豪和贴心的同性恋管家~
伯纳德与桃瑞丝 Bernard and Doris,老年人的gay蜜故事。还是不太能理解这个感情
伯纳德与桃瑞丝 Bernard and Doris,HBO的传记片有种电视电影的即视感，或者本来就是？女富豪晚年生活的秘辛更多从温柔的角度去探究，萨兰登和费因斯充分发挥自身优势互飙演技，剧情就比较平淡了
伯纳德与桃瑞丝 Bernard and Doris,情同姐妹
伯纳德与桃瑞丝 Bernard and Doris,两位表演相当娴熟.
伯纳德与桃瑞丝 Bernard and Doris,我与我的gay蜜
住货车的女士 The Lady in the Van,剧本太弱了 叙事一点都不流畅 不过双重人格的桥段还挺有意思 老奶奶实在太可爱了 祝您长命百岁
住货车的女士 The Lady in the Van,【20160410】如果我的英文足夠好，或許可以欣賞這部絮絮叨叨的片子的妙處，感覺有很多很高級的詞匯。盯著字幕看完，只覺得嘮叨無聊。看到最後睡了一刻鐘。八十歲的老奶奶演技太厲害了……精分基佬設定也是叫人啞然
住货车的女士 The Lady in the Van,故事不错，玛吉·史密斯演得非常出彩。真实事件改编，主角的命运让人唏嘘不已。从人生的高点渐渐地滑落，最后连自己也自我放弃。是何原因？影片似乎并未深究，也让观众有些小小的遗憾。不喜欢的，是影片讲述故事的方式。
住货车的女士 The Lady in the Van,你收养了一只动物，你都会对他产生感情，更别说一个拥有故事的可怜人，当然这不是收养，只是借你家门口用一下而已。
住货车的女士 The Lady in the Van,同名话剧改编，玛吉老师演的实在太好，眼神棒极了。最后上帝的镜头尽显大片本色囧。
住货车的女士 The Lady in the Van,“大家都以为你是心地太善良了，其实你是因为太胆小了。”
住货车的女士 The Lady in the Van,谁过的不是人生呢。
住货车的女士 The Lady in the Van,看的时候感慨只有在国外女性上了年纪依然可能找到适合自己的角色担任主角。在国内，看看刘晓庆就知道啦……
住货车的女士 The Lady in the Van,女主角塑造得神秘又古怪，男主角双重人格对话的桥段很有趣，但抛开这两个创新之处，整部电影无非就是“两个孤独的灵魂相互治愈”的老套故事了。况且叙事不太流畅，全靠主人公的独白来衔接剧情，真的很难和戏中人物产生共鸣啊。
住货车的女士 The Lady in the Van,BBC的制作总是一股电视电影的味道，表演也偏舞台剧化。视听语言寡淡温情，靠对白来带动感情终究难发挥电影的优势。
住货车的女士 The Lady in the Van,神奇到让我有些不习惯的叙事，以及不知道在说什么的主旨。。可能是想说不管身边的还是自己的时光总还是要珍视吧
住货车的女士 The Lady in the Van,3.6星。喜欢老太太的表演，片子本身倒是还好。
住货车的女士 The Lady in the Van,因为主角是历史系男生的作者就召唤出一帮该片演员，感觉有点丧
住货车的女士 The Lady in the Van,就记住一句，很多时候并不是因为善心是因为懒惰而施以援手。btw老妇人吐槽作家，你每天都写你妈妈，可是却没有陪过她。
住货车的女士 The Lady in the Van,典型英国电影，演得不错，但就是看着没劲。
住货车的女士 The Lady in the Van,大失望。搞一個旁白不說還要讓兩個自己對話，最後編劇本尊還來出鏡。Smith的演技有些被浪費。
住货车的女士 The Lady in the Van,小品。培训期间看着休闲。
住货车的女士 The Lady in the Van,"典型的英式电影，很典型
刻薄固执的英国老太
知书达理的英国绅士
碎碎叨叨的生活对话"
住货车的女士 The Lady in the Van,老戏骨真的就是连流浪汉都演出贵妇味
住货车的女士 The Lady in the Van,刁钻的老太太太适合史密斯老太太，不过看剧可以，现实中我真的不喜欢这样的人。
住货车的女士 The Lady in the Van,2016.03.08 星期二 车陂
住货车的女士 The Lady in the Van,平淡如水，但也是一个人的一生。
住货车的女士 The Lady in the Van,腐国国宝级演员大荟萃 诙谐得想落泪 人生就是这样啊 是旁观者也是参与者 作家幻想老太太最后带着小鲜肉向上帝报道的画面给老太太的一生做了最好的注释和解脱 作家结尾贡献了好大一个彩蛋。。。
住货车的女士 The Lady in the Van,把她逼的神叨叨的是教会还是那起车祸？然后最后男主角终于不换男朋友了…
住货车的女士 The Lady in the Van,"“我本来只想停3年 你知道吗 我竟然停了15年”
“别把自己写进去 你会发现自己就在里面”
故事写完了
也许会搬上舞台"
住货车的女士 The Lady in the Van,讲真，除了女主角演得不错，毫无亮点可言
住货车的女士 The Lady in the Van,往返首爾兩次飛機才看完整部電影，典型的英式小品。
住货车的女士 The Lady in the Van,that's how you end up with an annoying homeless lady when you were too British polite...and you have to write a story about her so that at least some people will know
住货车的女士 The Lady in the Van,三星半 最近在飞机上挑的电影都不太合我意啊
住货车的女士 The Lady in the Van,轻快明亮的节奏和色彩背后 还是满满关于衰老和死亡的阴影
住货车的女士 The Lady in the Van,被教固化灵魂
住货车的女士 The Lady in the Van,应该没有啥高潮吧，实在是看不下去了
住货车的女士 The Lady in the Van,双重人格的桥段还是比较有意思的，这片简直为Maggie奶奶量身定做的。
住货车的女士 The Lady in the Van,故事蛮平淡的，看电影的过程中我就想，玛吉这么大的年纪，制片人导演怎么跟她打交道，她是怎么看剧本的，她老花看书肯定很累吧，剧组专门给她打印大字版么，还是别人说给她听，光想想这些就觉得挺有意思的。也许她这种老戏骨，不需要特别钻研，就能轻松掌握人物形象吧。
住货车的女士 The Lady in the Van,160728@ 长得太像麦凯恩了
住货车的女士 The Lady in the Van,玛吉奶奶太可爱了，演得了贵妇人，也皅流浪汉演得淋漓尽致！
住货车的女士 The Lady in the Van,并不好看。但演技动人。我为奶奶续一秒。
住货车的女士 The Lady in the Van,为何和历史系男生的演员相差无几啊
住货车的女士 The Lady in the Van,有些细节蛮搞笑的。整体没甚情节，感觉好像伯格曼风格，双人格的设置疑似《改编剧本》。居住15年，还真有点没看出来时间流逝感。
住货车的女士 The Lady in the Van,演员演的好，典型的英式风格。温情中带着伤但不悲伤。人与人之间的距离，远又近，淡又暖。
住货车的女士 The Lady in the Van,3.5
住货车的女士 The Lady in the Van,每个疯癫的背后都有酸涩的理由，每个注视的眼眸都有温暖的携手
住货车的女士 The Lady in the Van,在旧金山回来的飞机上看的
住货车的女士 The Lady in the Van,精神分裂同性恋作家和交通肇事妇女的故事能写个剧本我也挺服的。。说温情没温情到哪去，打动人的点全在原声上了。
住货车的女士 The Lady in the Van,练习钢琴变成了祷告。“轮椅乘升降机上车，这次小小的高升，她慢慢升到跟花园墙壁一样高，散发出一种流浪汉的高贵，她看起来好像得了诺贝尔流浪奖，脸上散发出满足的笑容。”
住货车的女士 The Lady in the Van,最喜欢坐轮椅下坡那段了，由衷的欢欣。最后握手莫名感动啊。没想到居然十五年。用脏兮兮的外表把自己包裹住。愿你死后升天开心哦。
住货车的女士 The Lady in the Van,"我花了三个月进入你的车道，然后在那住了十五年
可爱又惹人厌的小老太婆呦
以及，看到了许多《历史系男孩》演员出镜？想知道是为什么
顺便，在不知道的情况下通过脸和口音认出了小狼。我狼长发真的不好看了，很奇怪"
住货车的女士 The Lady in the Van,笑中带泪最后什么鬼
住货车的女士 The Lady in the Van,Maggie smith老太太演技太赞 台词也多有讲究之处 就是故事没怎么说清楚…
住货车的女士 The Lady in the Van,我努力了，但是实在是没有看完的动力
住货车的女士 The Lady in the Van,为什么不幸的人生总有理由？
住货车的女士 The Lady in the Van,很安静的看完，因为当时缺乏勇气，之后以另一种生活救赎自己
住货车的女士 The Lady in the Van,三星半，玛吉奶奶太厉害了。
住货车的女士 The Lady in the Van,我没疯
住货车的女士 The Lady in the Van,抓不到重点
住货车的女士 The Lady in the Van,一停就是15年
住货车的女士 The Lady in the Van,I want a van like hers. 
住货车的女士 The Lady in the Van,这是一部很奇怪的电影
住货车的女士 The Lady in the Van,再平凡的路人都背负着不为人知的故事。
住货车的女士 The Lady in the Van,也只有玛吉.史密斯能把一个性格如此不讨好的好太太演绎的如此真实可爱了。
何处是我家 Nirgendwo in Afrika,她脱掉上衣，他对她说，现在像个非洲女人一样走过去。
何处是我家 Nirgendwo in Afrika,最后那个拿着香蕉的老人的一个笑容竟然莫名的触动了我的心灵，隐隐发烫；音乐忧而悠扬；家为何物？家在何处？ 家是祖国，家是一个可以让自己获得身份得到尊重受到认可的地方。家还是自己身边最最深爱的那个人。
何处是我家 Nirgendwo in Afrika,"德国人总善于将国家的历史渗透到电影工业,三次获得奥斯卡的作品无一不和历史挂钩,。从剧本的角度看无非就是人在极端环境下性格的转变,但唯一性格不变的女儿这一角色的设计使情节更加顺畅和谐;不变的战争故事却也因背景到了非洲肯亚而产生变化。结尾的镜头定格得很诗意,很喜欢那个纯真的小女演员。"
何处是我家 Nirgendwo in Afrika,典型的奥外片，算是全程基本hold住，问题就是信息量太大，什么都没说明白。
何处是我家 Nirgendwo in Afrika,喜欢那个Koch，以及最后老妇人卖香蕉的场景。由于字幕的问题看得不怎么投入，整体来说比较平铺直叙没有高潮。
何处是我家 Nirgendwo in Afrika,记忆是有选择的。人总是倾向留下好的记忆，遗忘负面的记忆。这部以第一人称展开情节的电影淡化了生活的艰辛，缺乏人物性格的描写，带有明显的个人回忆的色彩。虽然获得奥斯卡最佳外语片殊荣，却未见得代表德国高水准电影。
何处是我家 Nirgendwo in Afrika,这片该叫 走出非洲吧，叙事分散， 亮点在哪儿?
何处是我家 Nirgendwo in Afrika,男人一到时机就要去旅行。最难忘记在日出前离开的背影，黑人厨师太帅了，要向他学习。
何处是我家 Nirgendwo in Afrika,前面太长太平淡了，结尾十几分钟很精彩，很喜欢小女孩和仆人的戏，非洲大地真是令人神往~~~
何处是我家 Nirgendwo in Afrika,只是一段个史记录吧，反映了另一个侧面的德国什么的，这样的故事中国也能拍，只是，恐怕没人能拍好。最大的记忆点在于重返德国的忐忑，列车上的戛然而止。
何处是我家 Nirgendwo in Afrika,"2016.04.15
时代背景、主要角色犹太人而非犹太教徒的身份是本片最具价值的情节设定，但本片的短板恰恰是对这些背景元素的利用与表现，反倒是片中不具时代性的跨国籍、跨人种、跨年龄的友谊最为动人。导演手法很一般，全靠非洲的美景撑起观众的惊叹，男女主角的表演也因频繁的一惊一乍而显得有些业余。"
何处是我家 Nirgendwo in Afrika,她坐在离开的火车上，一个非洲女人在窗外对她兜售香蕉，她说：我没钱，我穷得像一只猴子。但非洲女人递了一只香蕉给她说：那我就给猴子一只香蕉吧。。。两人都笑了。
何处是我家 Nirgendwo in Afrika,马马虎虎，但不像说的那么好
何处是我家 Nirgendwo in Afrika,看的碟的德语翻译的不好， 不但不准还有滞后，发现在关键的危难的时候女人往往是最能坚持到最后的坚强的， 能更好的调整自己，小朋友也一样，适应力强。好多非洲的景色都很美。
何处是我家 Nirgendwo in Afrika,浓浓得离索、孤单、迷茫之感，主人公内心一直在成长。何处是家，是非洲也是德国，一个人是故土、一个是自己的难舍情怀。节奏和安排让人很难进入情绪，氛围有而力不足
何处是我家 Nirgendwo in Afrika,本片获第75届奥斯卡最佳外语片奖。一部平铺直叙的影片，缺乏一定的高潮和跌宕，看得容易让人犯困。对于曾经锦衣玉食的人而言，片中非洲的生活确实很艰苦，这段经历确实让人唏嘘。但是对于中国观众而言，影片中的生活没有那么糟糕。这个跟民族性格有很大关系。中国人习惯既来之则安之。
何处是我家 Nirgendwo in Afrika,另一个《走出非洲》罢了...
何处是我家 Nirgendwo in Afrika,"有些与狼共舞的味道 
如果是我我也会回家,因为那里有我的妈妈"
何处是我家 Nirgendwo in Afrika,人物与环境的关系，逐步变化，过程展现，并且细致表现了心理状态的变迁。漂泊和安定的矛盾，从抗拒到融入，从融入到回归。融入土地，融入自然。
何处是我家 Nirgendwo in Afrika,看的国语版 扣一星给配音和无良的剪辑 扣一星给荡妇
何处是我家 Nirgendwo in Afrika,没有看过原著。影片动情但不煽情。小人物犹太家庭逃难到非洲的故事，侧重点在描述非洲的风土人情以及女主的一些心里变化以及其家人的心路历程。少了一些历史沉重感，多的是一家三口与非洲大陆结下的情缘和回忆。小萝莉很可爱，非洲厨子很忠厚忠诚。
何处是我家 Nirgendwo in Afrika,看得时候略失望，大概因为电影的长度涵盖小说的内容太吃力，导致视角混乱，主题涣散，缺乏张力，导演的叙事水平不算很好，不过抓住了动人的点。
何处是我家 Nirgendwo in Afrika,zu viel Sachen für einen Spielfilm
何处是我家 Nirgendwo in Afrika,早知道今儿看片我就不去了...
何处是我家 Nirgendwo in Afrika,"人与人之间的感情真是世界上最美好的东西,喜欢男主角说的一句话,""我最爱的都躺在这床上"""
何处是我家 Nirgendwo in Afrika,下载的无字幕版本，遗憾的只能当做景片观光了，未听到斯瓦西里语，在非洲一年半了，也为见到影片中贫瘠的原野
何处是我家 Nirgendwo in Afrika,镜头很飘啊，叙事有点问题，配乐不错
何处是我家 Nirgendwo in Afrika,“我买不起，我和猴子一样贫穷。~ ”“那就给猴子一个吧。”
何处是我家 Nirgendwo in Afrika,太长了，节奏感欠佳
何处是我家 Nirgendwo in Afrika,本来可以讲得荡气回肠的一个故事讲的这么琐碎。。。
何处是我家 Nirgendwo in Afrika,战争告诉人们爱才是最可贵的！
何处是我家 Nirgendwo in Afrika,太久之前看的，在中央六，都记不真切了。
何处是我家 Nirgendwo in Afrika,二战中一个德国犹太小女孩在非洲的成长史，折射出战争、种族、家庭、友情等多个课题。典型的以小见大，但感觉有点过于游离了。
何处是我家 Nirgendwo in Afrika,2003年，第75届奥斯卡最佳外语片！影片对人物与环境的融合过程做了重点展现，叙事错落有致，心理刻画层层推进，避免了令人窒息的压抑感与痛苦莫名的挣扎，却平添了一丝漂泊不定的宿命。本片走冷峻的写实路线，所讲述的故事“泪水指数”高得惊人，但影片处处显得质朴、敦厚。
何处是我家 Nirgendwo in Afrika,7/10。二战题材中非洲向来是一片乐土，因为这里是远离阴云、世界大同的心灵港湾，不需强调故事性，总有闲适的生活感觉和异域风光勾勒出蒸馏水一样纯净的观赏感受。女性在当地环境驱使下也经常受不住婚外情的诱惑，导致本片直接滑向了流水帐式廉价浪漫主义，另外捕杀蝗虫景观还是[天堂之日]最具感染力。
何处是我家 Nirgendwo in Afrika,ʕ•̫͡•ʕ*̫͡*ʕ•͓͡•ʔ-̫͡-ʕ•̫͡•ʔ*̫͡*ʔ-̫͡-ʔ，打卡。
何处是我家 Nirgendwo in Afrika,纳粹题材的另一个切口，关于非洲土地如何以其慷慨救了无家可归的犹太人。女性导演拍摄历史民族题材总还是流于情感，虽然动人，却少有深刻。
何处是我家 Nirgendwo in Afrika,特别得白人视角。身份冲突也一般。唯一落泪在于非洲老厨。竟颇有老庄遗风。
何处是我家 Nirgendwo in Afrika,其实我很能理解Jettel 我不喜欢她 我也不讨厌她 但就是能理解她
何处是我家 Nirgendwo in Afrika,画面不错，非洲风土人情记录的不错，故事略显煽情做作
何处是我家 Nirgendwo in Afrika,叙述有些破碎。
何处是我家 Nirgendwo in Afrika,犹太人那种被世界抛弃的情怀是我们不能体会的
何处是我家 Nirgendwo in Afrika,笔触细腻温和，以家庭为视角立意不错，节奏过缓。
何处是我家 Nirgendwo in Afrika,二战，犹太，最近接触这类片子有点多；女性都安于现状一些吗？起初不适应，然后又不愿走，漂洋过海也要带着瓷器，这是太理想吧；男性看现实要准些，可惜最后对于回国这事，决定得有些自私；还是小孩更容易融入环境
何处是我家 Nirgendwo in Afrika,可以和《走出非洲》对比着看。
何处是我家 Nirgendwo in Afrika,天晓得为什么要那么长！！！……
何处是我家 Nirgendwo in Afrika,如果是我，我也会离开，会回来~
何处是我家 Nirgendwo in Afrika,应该是部好电影，可惜没好好看。
何处是我家 Nirgendwo in Afrika,喜欢那个黑人厨师
何处是我家 Nirgendwo in Afrika,是真的，so-so而已。不是我喜欢的类型。
何处是我家 Nirgendwo in Afrika,小姑娘的表演不错；只有离开故土的感触，没有其他，情节很平淡，感情也没有很充沛；这女主角不是很讨厌么？
何处是我家 Nirgendwo in Afrika,没被污染的孩子们都应该扔到非洲的草原上去跑跑。
何处是我家 Nirgendwo in Afrika,nowhere. HERE.（非洲灭蝗顺带吃蝗虫）
何处是我家 Nirgendwo in Afrika,电影一般，没多么出色，三星半
何处是我家 Nirgendwo in Afrika,中规中矩
何处是我家 Nirgendwo in Afrika,打败《英雄》拿下了那年的最佳外语片 拍摄艰苦 但是呈现出的是太过美好的非洲 全面肯定和全面否定一样 让人不敢苟同 时长也稍有拖沓 ps.女主和小女主造型很美
何处是我家 Nirgendwo in Afrika,战争之痛
何处是我家 Nirgendwo in Afrika,一个男人想回德国的故事。一个女人和三个男人的暧昧故事。加入了德国纳粹这个背景。孩子和黑人才是整部电影的亮点。他们用彼此的心消除了隔膜。只有他们的友情才是纯洁的，在非洲绽放出的一朵奇葩。
何处是我家 Nirgendwo in Afrika,纯粹是因为那张黑人大叔牵着小loli奔跑的剧照去下的电影，但其实我是不适合这种电影的。
何处是我家 Nirgendwo in Afrika,更愿意把眼光放在女孩在非洲这个神奇的土地上的成长，自然无拘束带有野气
你能原谅我吗？ Can You Ever Forgive Me?,看完搭车回家，看着路上裹着冬衣缩着脖子顶着寒风走的人们，突然想到这个故事其实和午夜牛郎很像呀。纽约的冬天可以是诺拉埃夫隆电影里温暖的圣诞树和毛衣，但也更可能是肮脏和孤独。一个是失意却不愿妥协的作家，只能靠仿写信件赚钱营生，一个是居无定所的只能靠睡遍曼哈顿来继续生活的同志，他们的关系很有趣（虽然电影没太拍出来），也注定不会是什么神仙犯罪组合，但纽约总会把人变成惨淡却高傲的刺猬，这一点几十年不变好令人感叹
你能原谅我吗？ Can You Ever Forgive Me?,导演要讲的东西其实很多，比如女人在职场上遭遇的性别歧视，LGBT的凄凉晚年，社交恐惧症患者错失机会怀才不遇，女主角很毒舌，竟然还养了一只猫。这些特点放在一个女人身上，感觉她来混豆瓣会比较受欢迎，可惜片子并没有想象中没有好看，主要是角色缺少明确的戏剧目标，伪造名人信笺被FBI调查的主事件也没有戏剧张力，感觉是导演想要兼顾的点太多，结果芝麻和西瓜都丢了，最终你理解这个人物，只是无法在情感上激起一点波澜。本来是个好项目，可惜剧本太烂。
你能原谅我吗？ Can You Ever Forgive Me?,独身、老年、女性、写作、贫穷、养猫（后来还死了）、社恐、肥胖、酗酒、偷窃、诈骗、嗑药+艾滋的Gay蜜…所有的元素摞在一起，感觉闻到了人生脱轨的灾难气息，但是，能拍得演得这么喜感，辛苦你了啊导演，辛苦你了啊梅丽莎。
你能原谅我吗？ Can You Ever Forgive Me?,"生活就是个缓慢受锤的过程，人一天天老下去，奢望也一天天消失，最后变得像挨了锤的牛一样。
看着凸起的肚子和下垂的奶子，狗屁的文艺，都会变成狗屎。"
你能原谅我吗？ Can You Ever Forgive Me?,被导演拍的毫无灵气
你能原谅我吗？ Can You Ever Forgive Me?,整体都很文艺气，包括配乐。孤独、落寞的同时，又有点冷幽默。梅丽莎麦卡锡确实变化很大，完全没有谐星影子了，一个非常冷淡古板的女人形象。
你能原谅我吗？ Can You Ever Forgive Me?,"2.5 / 男女主的化学反应是挺强的。但面对这样一个优秀的题材，主要的观感还是看到无数个可能的闪光点在我眼前飞速划过然后被导演一一精准避开变成最空泛的""C'est La Vie""式抒情，除了唤起我对原事件的好奇心好像啥都没做到。"
你能原谅我吗？ Can You Ever Forgive Me?,角色挺立体的，题材也很有意思，画面很多时候很漂亮，就是不明白为什么会有那么多低级的视听处理，配乐满得不行，一要转场就加配乐，要不然就是很弱智的风景转场，看到连给了三个酒吧招牌的镜头我差点一口水喷出来
你能原谅我吗？ Can You Ever Forgive Me?,老年基佬和拉拉的友情故事，还有猫，真好。
你能原谅我吗？ Can You Ever Forgive Me?,剧本毫无亮点，浪费演技
你能原谅我吗？ Can You Ever Forgive Me?,这角色对REG完全毫无难度，怎么就掺和到颁奖季来了。。。
你能原谅我吗？ Can You Ever Forgive Me?,创造与伪造本为矛盾体，落魄作家为生存不惜文字犯罪的自传故事。配乐显文艺气，忧郁的生活气息下对这个角色恨不起来反生同情。
你能原谅我吗？ Can You Ever Forgive Me?,你知道这部电影给我的感觉是怎样吗？像是在一个慵懒的午后，独自坐在街角的破茶馆儿，呷着苦涩的清茗，偶然间听到邻桌在说一个故事，那个故事不算是惊世骇俗，也称得上是离奇曲折。初听似乎是冰冷的悲剧，却如冬日暖阳般温柔；就跟那壶茶一样，初品苦涩，到了后味儿才回甘，沁人心脾。
你能原谅我吗？ Can You Ever Forgive Me?,创作出一个让观众毫无联想毫无好感的角色实在是对观者的挑战。
你能原谅我吗？ Can You Ever Forgive Me?,角色比故事出彩。女主角竟然是《吉尔莫女孩》里面那个甜美的厨娘啊啊啊，脱去喜剧外衣的她，也莫名与这个角色契合。她是带着怎样的心情来仿写/创作那些信件，想到莫名让人心酸。实名表扬男配，那股劲儿演绝了，尤其最后一幕，带着傲娇的深情。
你能原谅我吗？ Can You Ever Forgive Me?,李·伊瑟列尔：“我在伪造方面的成功，在某种程度上与当年作为传记作家的成功是一样的。……这几十年来，我和我的伪造对象有一种身份上的融合。事实上，说我能够‘通灵’也不为过。……我觉得这些书信不仅有趣，而且非常酷。”—— 本想和《贤妻》同一天观影的，无奈时间精力有限，只好晚一天了。—— 当把观影当做任务之时，为了完成计划，只好在困意犹存下看片（想回笼多睡一会儿却感觉浪费时间），但又因此影响观影质量，真是矛盾。—— 没看到豆瓣条目类型有「同性」，没想到这也是部关于「同性」的电影。
你能原谅我吗？ Can You Ever Forgive Me?,早上一来公司就不得不硬着头皮通风、清理猫屎、洒水、喷花露水……恍然大悟昨晚看这片儿里二位大扫除在床下发现的一堆堆还以为是死苍蝇的玩意儿是什么……（艺术来源于生活……
你能原谅我吗？ Can You Ever Forgive Me?,（6.5/10）和《跑调天后》有几分类似，略显小众的传记领域。非主流的小人物——不管是另类的歌手还是犯了点小罪的作家——本都不是容易被传记片盯上的，可能因为格局的关系它们承载不了多么凝练的人生宏旨。幸运的是，相对较弱（也可以说相对不被观众认同）的人生故事反倒给了演员极大的发挥空间来迸发出色的表演。对比这个颁奖季的另一热门传记《第一人》，如之前所说，银幕上阿姆斯特朗的人生被登月这个大事件绑架了，所以高司令的演出实际被一个隐性的牢笼囚禁了。
你能原谅我吗？ Can You Ever Forgive Me?,油麻地电影中心。有距离感，然而设身处地想，那本身已经是Israel的灭顶之灾了，但无奈媒介是信件，身份是带着光环的作家（本质上也是最私隐、最个人、公众最不了解的职业），透过画面还是代入感不强烈。可悲的是，在活着的时候，名气比实力更重要。就像经纪人说的，请你出名了，再欢迎跟我拽。财富和欺骗更配吧。
你能原谅我吗？ Can You Ever Forgive Me?,读书人的事，能算偷么？
你能原谅我吗？ Can You Ever Forgive Me?,就，很嚼之无味
你能原谅我吗？ Can You Ever Forgive Me?,Almost cried can’t blame her at all and I can totally relate
你能原谅我吗？ Can You Ever Forgive Me?,3.5 崩潰與和解都很動人。孤獨是種結果，傷害旁人感情的人就沒有資格自憐。
你能原谅我吗？ Can You Ever Forgive Me?,6分，丝毫没有get到女主角的人物魅力，这样的平铺直叙的讲一个故事，甚至还有点说教，看完内心毫无波澜。
你能原谅我吗？ Can You Ever Forgive Me?,很期待的关于作家与文学作品的故事，但看后有些失望，故事略显平淡，但李的不拘小节的生活方式、纯粹的创作理念，还有和老gay朋友的组合非常的可爱有意思，而且整片的做旧手写稿、打字机、书店的频频出现让我这个复古文艺爱好者兴奋了一把
你能原谅我吗？ Can You Ever Forgive Me?,欠缺了一些主角伪造功力的深刻体现。虽然不是喜剧，但Mellissa演的角色还是跟她平时的喜剧角色类似。
你能原谅我吗？ Can You Ever Forgive Me?,3星半，想看看这本sordid and pretty damned fabulous book，OST实在太赞，像挖到宝藏一样欣喜若狂
你能原谅我吗？ Can You Ever Forgive Me?,理查德·E·格兰特点亮了整个片子，编剧和导演属于捡到宝。
你能原谅我吗？ Can You Ever Forgive Me?,B+：电影名称有严重的标题党之嫌。本以为会是一个“一丧到底”的黑色喜剧片，没想到“皆大欢喜”的结局还是不能免俗。
你能原谅我吗？ Can You Ever Forgive Me?,OMG，我甚至都不喜欢猫
你能原谅我吗？ Can You Ever Forgive Me?,反讽是次要的，那股弥漫不去的丧，衰，老无所依的感觉真心让人恐惧。
你能原谅我吗？ Can You Ever Forgive Me?,真人真事的文学犯罪故事，老基老姬的灰色组合。既有同志老无所依的写照，也有文字工作者的创作共鸣。Melissa McCarthy的表演浑然天成，看完让人不会对角色投入大爱大恨，但却能生出淡淡的怜悯和莫名的贴近。Ps：人生啊卑鄙无耻却又精彩绝伦。
你能原谅我吗？ Can You Ever Forgive Me?,第一次看梅丽莎这么认真演正剧的确挺惊艳的 而且她本身略带滑稽的感觉 非常贴合角色本身既高傲但又不得不对现实妥协产生的反差 不过个人认为故事有点太平了 而且没有两个主角没有擦出太大火花
你能原谅我吗？ Can You Ever Forgive Me?,有點無聊。理解不了這類收藏的價值在哪。只有2幕戲印象深刻。一是在經紀人辦公室的對話。二是緩刑後女主男配在初識的酒吧對話時男配的湛藍眼珠。
你能原谅我吗？ Can You Ever Forgive Me?,以前看ga和基友开过玩笑，以后老了搞不好就我俩相依为命了。现在看了这部，发觉当时的玩笑应该映射为这一部，人家ga有手术治病的技能，我和基友真（暂时）只有文艺和穷宅……
你能原谅我吗？ Can You Ever Forgive Me?,一个自私自负没有朋友养猫不自营只推脱责任离群索居的怪女人/摊手
你能原谅我吗？ Can You Ever Forgive Me?, It shines light on and empathize with a character that doesn't really deserve much. did not feel for lee not even til the end
你能原谅我吗？ Can You Ever Forgive Me?,6
你能原谅我吗？ Can You Ever Forgive Me?,导演还可以。
你能原谅我吗？ Can You Ever Forgive Me?,不能。
你能原谅我吗？ Can You Ever Forgive Me?,看不到什么亮点的一部电影，打发时间随便看看。
你能原谅我吗？ Can You Ever Forgive Me?,某些时刻还是挺引人入胜的，但觉得总体少了点啥。
你能原谅我吗？ Can You Ever Forgive Me?,故事本身很有意思，但是电影可以拍的更好看。另外女主确实没赶上好时候，搁现在，把名人假信当段子写，可能早混成大V了
你能原谅我吗？ Can You Ever Forgive Me?,配乐真的很好，完全不了解原型，书也读得少，故事感觉就像个徒有其表的犯罪片，不怎么讨喜。
你能原谅我吗？ Can You Ever Forgive Me?,"sordid, and pretty damned 三星半多。片子里有一家我以前常去的upper westside pub 叫dead poet 还能看到以前常坐的座位。"
你能原谅我吗？ Can You Ever Forgive Me?,有些事还是自己知道为好，哪怕再 精彩
你能原谅我吗？ Can You Ever Forgive Me?,能正经演戏的Melisa  依旧是个catlady
你能原谅我吗？ Can You Ever Forgive Me?,房租是阻碍人类文艺发展的绊脚石，谢谢。🙄
你能原谅我吗？ Can You Ever Forgive Me?,友谊地久天长
你能原谅我吗？ Can You Ever Forgive Me?,I live for you，unapologetic bitch！
你能原谅我吗？ Can You Ever Forgive Me?,113。随便看看。@百老汇九龙电影中心
你能原谅我吗？ Can You Ever Forgive Me?,"生活不易。
挺枯燥的片子。"
你能原谅我吗？ Can You Ever Forgive Me?,3.5 有些平淡，但是还是能让人看下去。女主角的人物性格很突出，只是她和“信”之间的联系应该再多一些。
你能原谅我吗？ Can You Ever Forgive Me?,没有办法理解这样的愤怒与痛苦。
你能原谅我吗？ Can You Ever Forgive Me?,可怜之人必有可恨之处
你能原谅我吗？ Can You Ever Forgive Me?,梅丽莎笑起来还是很谐星啊
你能原谅我吗？ Can You Ever Forgive Me?,miserable的学术性巧用
你能原谅我吗？ Can You Ever Forgive Me?,2019-29 与其说是一个女作家的犯罪历程，不如说是两个落魄中年的惨淡人生。几段Jazz的配乐倒是可圈可点
你能原谅我吗？ Can You Ever Forgive Me?,3.5. 这几年好莱坞不少这样的反骨传记片，似乎是尝到了市场的甜头。其实这部的选材远比茉莉牌局或是我托尼娅来得有看头，至少有深度可挖，可惜拍得和前两个没本质区别，甚至更显得表浅和套路:逗猫+基佬+社会人格障碍这种套公式的拍法，太平庸，结尾也齁得不行。
你能原谅我吗？ Can You Ever Forgive Me?,就是个利欲熏心的女人为了钱造假的故事，无聊透顶，不知道这种片拍出来有什么意义。
佣兵传奇 Alatriste,最后一段不错，其实还是应该多些大场面嘛。个人英雄主义电影
佣兵传奇 Alatriste,不爱传记。。而且翻译好不给力 又是西班牙语于是我云里雾里
佣兵传奇 Alatriste,场景还原异常真实，作为非军迷看不出更多了……
佣兵传奇 Alatriste,老兵，令人敬畏的老兵 
佣兵传奇 Alatriste,好闷啊
佣兵传奇 Alatriste,对历史的不了解，不妨碍你看一部勇气、绅士、责任、友谊的男人电影。
佣兵传奇 Alatriste,我要补西班牙历史，难怪么看明白。就觉得人物氛围很浓郁很浓郁，西班牙语还是唱的比说的好听。2小时25分，折磨啊。
佣兵传奇 Alatriste, 不如拍成无数个小故事
佣兵传奇 Alatriste,华丽的17世纪西班牙，拖沓的故事。虽然Viggo很好，但是架构的原因，导致Diego的剽悍劲没能完全表现出来。P.S.貌似当时Viggo被批评西班牙语的阿根廷口音太重……
佣兵传奇 Alatriste,太好看了，当然是衣服
佣兵传奇 Alatriste,腔调
佣兵传奇 Alatriste, 新UPS-449  
佣兵传奇 Alatriste,看之前还是先补习西班牙历史吧……
佣兵传奇 Alatriste,主演长了张Alonso的脸，其它不懂
佣兵传奇 Alatriste,对欧洲历史的理解就像战国时期一样，很多国王，很多英雄。改变着历史，却仍然只是沙尘。
佣兵传奇 Alatriste,不明确，它所想表达的。
佣兵传奇 Alatriste,自身的文化缺乏，很难对这片子产生共鸣
佣兵传奇 Alatriste,看的困死了我为神马要熬夜坚持看完我到底是怎样的热爱电影事业阿我都被自己感动了真想抽自己俩嘴巴子
佣兵传奇 Alatriste,要不是里面的战争场面，早就不看了
佣兵传奇 Alatriste,五分钟电影，这个行业如此夕阳！
佣兵传奇 Alatriste,太冗长零琐，如果不是为Viggo坚持不下去的。
佣兵传奇 Alatriste,西班牙史上投资最大的史诗电影，主角经历了三十年战争给西班牙帝国带来无可挽回的衰落。最令人惊叹的是摄影和美术，很多镜头美得像直接从油画中走出来一样。但把五本原著小说压缩为两个半小时的电影是个灾难，人物点到为止，剧情支零破碎。其实想一想，这不就是西班牙版的《英雄》么？
佣兵传奇 Alatriste,西班牙大方阵与四分之三甲手枪骑兵
佣兵传奇 Alatriste,只为了看后面长枪阵搭配火枪兵的决战，其他内容看得我都快睡着了
佣兵传奇 Alatriste,当女人不再是昨日的温柔，当信仰受到玷污和质疑
佣兵传奇 Alatriste,a story about man. bravery as well.
佣兵传奇 Alatriste,西班牙 
佣兵传奇 Alatriste,人物刻画深刻，非常写实逼真，但作为史诗级的电影缺乏了一点浪漫情怀和大气之感
佣兵传奇 Alatriste,期望值较高，但感觉拖沓，如某人说这部片有fans向，对西班牙的浓墨重彩打3星
佣兵传奇 Alatriste,也就是最后半小时的罗勒鲁瓦战役有点看头
佣兵传奇 Alatriste,我想给高点的分，无奈听不懂，再加上色彩黑暗，很难分清谁谁，老外都张一样的，特别是留胡子的时候。
佣兵传奇 Alatriste,一直以为丫是拉丁籍原来是美丹混血还操了一口流量的西语并且造型百变
佣兵传奇 Alatriste,西班牙大片！！
佣兵传奇 Alatriste,对史实的还原相当不错了，考虑到西班牙拍这种片子的经费问题，就不能对故事的精细度和可看性、影像的创新性上有更高的要求了
佣兵传奇 Alatriste,以这部片有史诗般的华丽，但显得过于冗长，说话和情节都不符合东方人的思维，估计一般人是没有耐性，基本上快进带过，遇到打斗场景才下来看看，所以鲜有人能明瞭它的内涵。
佣兵传奇 Alatriste,Elena真是美呢
佣兵传奇 Alatriste,不懂历史，还真是看不出味道来。星星其实是代表自己的水平，哈
佣兵传奇 Alatriste,"velasquez: waterseller of sevilla, 卷边的帽子"
佣兵传奇 Alatriste,我进步了，没看完也勇敢的把它删掉了！恭喜恭喜！
佣兵传奇 Alatriste,很扎实。挺好。
佣兵传奇 Alatriste,事理挺盲目的，小的争斗场面不错
佣兵传奇 Alatriste,刚开始看难懂，后来又看了遍基本了解个大概
佣兵传奇 Alatriste,西班牙人脸盲症发作。。。剪得七零八碎的
佣兵传奇 Alatriste,油画质感倒是华丽精致，剧情却是混乱的。再一点，为什么西班牙电影都不喜欢现场收音，通篇后期配音始终透着假，跟看国产剧的感受是一样的。
佣兵传奇 Alatriste,第一次拖着进度条看电影
佣兵传奇 Alatriste,一般
佣兵传奇 Alatriste,片头即高潮
佣兵传奇 Alatriste,"剧中的国王白痴，贵族男自大，贵族女狠毒。帝国靠英勇的士兵维持。
这就是西班牙人眼中那个只会联姻的哈布斯堡王朝。
"
佣兵传奇 Alatriste,沉闷，可笑的效忠君主气节
佣兵传奇 Alatriste,信息量太大……想人物饱满又要讲感情线 看起来太辛苦
佣兵传奇 Alatriste,从中可以了解封建西班牙的一些历史往事，大人物的追求和无耻，英雄和小人物的悲哀，忠诚和义气的碰撞，荣誉与金钱的冲击，让人嘘叹不已。
佣兵传奇 Alatriste,看的累死
佣兵传奇 Alatriste,喜欢场面，故事叙事不行。
佣兵传奇 Alatriste,没有很强的戏剧冲突，淡淡的前行着。
佣兵传奇 Alatriste,虽然情节一塌糊涂 但是！For Espana~~~~ 西班牙人就是迷人！！
佣兵传奇 Alatriste,"背景是西班牙在三十年战争一个步兵团一员的故事。蛮晦涩杂乱的，配角和人物关系不反复看几遍对话根本不理解。叙事也很缓慢有点史诗纪录片的感觉。他的生活经历，感情为戏子决斗，为国王卖命，与敌手对决.
http://www.douban.com/note/169694913/"
佣兵传奇 Alatriste,画面很漂亮，维果依旧是个好演员。没了。
佣兵传奇 Alatriste,很悲情的英雄，经历战争的残酷，战友一个个死去，国王横刀夺爱，贵族的阴谋与非难，甚至连军饷都发不出，主角依然为国家作战到底。可惜的是，作为西班牙罕见的大片，剧情太拖沓了，战斗场面也配不上大片。PS：菲利普四世那演员哪儿找的，和历史上的画像简直一模一样
佣兵传奇 Alatriste,没怎么看懂，节奏好慢。
佣兵传奇 Alatriste,看完了，没看懂，后来上网查了资料才知道对白讲的是西班牙语。。。晕啊，不过还是部能吸引我看完的电影，赞一个。
佩拉斯卡 Perlasca: Un eroe italiano,啰啰嗦嗦 没亮点 比起《辛德勒》那可不是差了一点两点
佩拉斯卡 Perlasca: Un eroe italiano,最近比较反感主旋律。
佩拉斯卡 Perlasca: Un eroe italiano,不比辛德勒的名单差 而且情节更紧凑
佩拉斯卡 Perlasca: Un eroe italiano,http://www.tudou.com/programs/view/Qy67g0rTtI0——http://www.tudou.com/programs/view/b1FDmnLX8IA/若我是一件衣服，我倒宁愿挂在柜子里，美好而又宁静..
佩拉斯卡 Perlasca: Un eroe italiano,中规中矩。
佩拉斯卡 Perlasca: Un eroe italiano,没法和《辛德勒的名单》和《钢琴家》比，意大利的片子总是太长。
佩拉斯卡 Perlasca: Un eroe italiano,“这里正被撒旦统治着，你要赤手空拳去对抗撒旦吗”“是的，他们就是我的全部”（意大利低配冗长版辛德勒的名单）
佩拉斯卡 Perlasca: Un eroe italiano,中规中矩，没太深刻的情节。
佩拉斯卡 Perlasca: Un eroe italiano,中规中矩
佩拉斯卡 Perlasca: Un eroe italiano,原来是2003年的片子，果然佳品有约那时还是蛮先进的~
佩拉斯卡 Perlasca: Un eroe italiano,不好看
佩拉斯卡 Perlasca: Un eroe italiano,看了半個鐘頭就看不下去了~~ 是我的問題?
佩拉斯卡 Perlasca: Un eroe italiano,"很多人知道《辛德勒名单》，但很少有人谈起电影《佩拉斯卡》。同样是一个商人，乔治-佩拉斯卡，他有勇气、智慧、冒险精神、极大的爱与同情心、极大的正义感。。。
这个意大利“卖牛人”先是用买牛的钱从德国兵和帮凶的匈牙利兵那里赎回被关押和将被送往德国的犹太人，后来是用智慧。在真正的西班牙领"
佩拉斯卡 Perlasca: Un eroe italiano,在我不能自由上网的年代，C6还是提供了一些好片子的。。。
佩拉斯卡 Perlasca: Un eroe italiano,人性的光辉。
佩拉斯卡 Perlasca: Un eroe italiano,与辛德勒的名单有点类似 ，同样精彩。
佩拉斯卡 Perlasca: Un eroe italiano,辛德勒！
佩拉斯卡 Perlasca: Un eroe italiano,佩拉斯卡教会了我们身为一个男人的责任.
佩拉斯卡 Perlasca: Un eroe italiano,三个多小时的电影，完全可以媲美<辛德勒的名单>。
佩拉斯卡 Perlasca: Un eroe italiano,太感人了·······································································
佩拉斯卡 Perlasca: Un eroe italiano,比辛德勒还值得反思
佩拉斯卡 Perlasca: Un eroe italiano,挺闷的，但很感人
佩拉斯卡 Perlasca: Un eroe italiano,当年CCTV6看的
佩拉斯卡 Perlasca: Un eroe italiano,就差那么一点了
佩拉斯卡 Perlasca: Un eroe italiano,记得Lulu 还有那些漆黑的夜晚 因为人性的光辉显得格外明亮
佩拉斯卡 Perlasca: Un eroe italiano,这么好的片子，看过的人居然只有一百来个……
佩拉斯卡 Perlasca: Un eroe italiano,"与辛德勒的名单有点类似
"
佩拉斯卡 Perlasca: Un eroe italiano,看到小时候刻在墙上的，乔治佩拉斯卡，这个名字，这是当时在电视上看到同名电影以后的一个晚上睡觉时刻的吧…当时看完感动的不得了，都哭了，心想自己也要坐这样的人，还想以后要去看他的墓…是因为怕忘了名字才刻的…
佩拉斯卡 Perlasca: Un eroe italiano,"很好看的片子
"
佩拉斯卡 Perlasca: Un eroe italiano,黑暗里的一道光
佩拉斯卡 Perlasca: Un eroe italiano,同辛德勒名单 其实也是很久以前看过的了～～
佩拉斯卡 Perlasca: Un eroe italiano,很常一段时间，《佩拉斯卡》都是我最喜欢的意大利电影。在那个大屏幕尚是梦想的成长年代里，也是从那次在CCTV-6看到这部电影开始，我才真正喜欢上“佳片有约”。影片中那个两人被反捆着枪毙再投入水中的镜头，是我至今都清晰记得的悲伤。
佩拉斯卡 Perlasca: Un eroe italiano,虽不如斯皮尔伯格有名，但一样震撼人心
佩拉斯卡 Perlasca: Un eroe italiano,帅！
佩拉斯卡 Perlasca: Un eroe italiano,这样的题材太多了。
佩拉斯卡 Perlasca: Un eroe italiano,在辛德勒之后再拍这种题材很需要些胆量，但是感情表达相对要粗糙仓促很多，感觉像是糅合了许多经典桥段进去。多一星给真人事迹改编这点
佩拉斯卡 Perlasca: Un eroe italiano,音乐用的恰到好处，暴力的希望
佩拉斯卡 Perlasca: Un eroe italiano,一样的心酸
佩拉斯卡 Perlasca: Un eroe italiano,ʕ•̫͡•ʕ*̫͡*ʕ•͓͡•ʔ-̫͡-ʕ•̫͡•ʔ*̫͡*ʔ-̫͡-ʔ，想起了一个评委，都是罗马人，观感十分诡异。
佩拉斯卡 Perlasca: Un eroe italiano,辛德勒系列片··
佩拉斯卡 Perlasca: Un eroe italiano,以前只知道《辛德勒名单》，其实这部电影要比它更好。你说要有多大的勇气才可以想佩拉斯卡那样做到这一切！战争只是炫耀了那些领导者，但是却伤了那么多贫民百姓的幸福。
佩拉斯卡 Perlasca: Un eroe italiano,这是一部可以与辛德勒的名单齐名的电影
佩拉斯卡 Perlasca: Un eroe italiano,人性的光辉，相比辛德勒名单，更阳光温暖一些，不那么绝望。
佩拉斯卡 Perlasca: Un eroe italiano,挺有教育意义的。。猪脚真是。。。运气太好了。。
佩拉斯卡 Perlasca: Un eroe italiano,高一那年的佳片有约
佩拉斯卡 Perlasca: Un eroe italiano,人性的光辉，NB
佩拉斯卡 Perlasca: Un eroe italiano,我似乎对这类的影片没有抵抗力。。
佩拉斯卡 Perlasca: Un eroe italiano,一段时间不看意大利电影，就总觉得少了些什么。
佩拉斯卡 Perlasca: Un eroe italiano,结尾，佩拉斯卡爬上运牛的火车时，他回归普通——谦和、谢顶的中年意大利人。在1944年纳粹最疯狂的岁月里，他是穿越黑暗的光，拥抱生命温柔的爱，一个流泪的正义使者，不为人知的“辛德勒”。他背负犹太人的苦难，为生命的挽留倾尽所有……当人们企求上帝前来拯救的时候，他就是上帝。
佩拉斯卡 Perlasca: Un eroe italiano,虽为真实改编，但总感觉其中有不真实，否则会给5星
佩拉斯卡 Perlasca: Un eroe italiano,那些被庇护在安全屋的犹太人因为正牌大使离开而充满恐慌，问佩拉斯卡：你也要走吗?那些人的眼神全是漠然惊恐。从某种道德层面上来说，战争中谁也没有义务做什么，就算放弃这些人，或是中途出了什么问题，他们也不应被憎恨。不过因为他是个真正的好人，所以他才会那样去保护他们，战后更是默默无闻。
佩拉斯卡 Perlasca: Un eroe italiano,你看，辛德勒是德国人，而佩拉斯卡只是个在匈牙利的意大利商人，某种意义上来说是不是更伟大。另：帮佛朗哥打过仗也能救他，有意思。
佩拉斯卡 Perlasca: Un eroe italiano,也很感人，不过整体跟舒特拉的名单还有些差距
佩拉斯卡 Perlasca: Un eroe italiano,如果你爱《辛德勒名单》
佩拉斯卡 Perlasca: Un eroe italiano,看的人这么少，没道理啊
佩拉斯卡 Perlasca: Un eroe italiano,站在人类的角度看佩拉斯卡是天使
佩拉斯卡 Perlasca: Un eroe italiano,特别特别感人的片子！
佩拉斯卡 Perlasca: Un eroe italiano,人性的光辉永远不会褪色
佩拉斯卡 Perlasca: Un eroe italiano,找到了！！中学时在CCTV6看到的，很是感动和震撼！不输辛德勒名单的好片一枚~~~~佩拉斯卡，我要再次记住这个名字~~
佩拉斯卡 Perlasca: Un eroe italiano,救一个人比枪毙一个人困难多了，佩拉斯卡的努力在那位纳粹军官的枪口下几成泡影。
"使徒保罗 Paul, Apostle of Christ",“然而，靠着爱我们的主，在这一切的事上已经得胜有余了。”
"使徒保罗 Paul, Apostle of Christ",从此有公义的冠冕为其存留。联想到最近一条新闻，英国当下有四千教堂，或关或改，变成清真寺。这个时代，尼禄的火焰熄灭，迫害虽不比当年，可仍旧是越来越少的人愿意进窄门——雇工懈怠，惟祈怜悯。
"使徒保罗 Paul, Apostle of Christ",基督电影
"使徒保罗 Paul, Apostle of Christ",有点失望
"使徒保罗 Paul, Apostle of Christ",失去耐心。以后再看吧
"使徒保罗 Paul, Apostle of Christ",使徒保罗一直是我喜欢的人物，从打死司提反到殉道，一段被神迹弯曲的奇特人生。可惜中间睡过去太多次了，即使JC叔的路加都没挽救过来……故事本可以不讲得这么波澜不惊= =+ ，但是醒过来看到结尾，保罗走向刑场，画外音是提摩太后书4:7，泪刷的就下来了。
"使徒保罗 Paul, Apostle of Christ",虽然李四基督主演，但实在看不下去，有点闷。
"使徒保罗 Paul, Apostle of Christ",圣保罗，基督教的重要奠基人之一；这个St.的平生经历也十分奇特：从基督徒的迫害者变成基督最坚定且最重要的信仰者，《新约》里的许多章节（大都信件）都出自他手，也是他奠定了基督教的许多基本观点（臭名昭著的是他对于女性的看法；保罗未结过婚，在那个普遍厌女的时代他的厌女破强烈）。
"使徒保罗 Paul, Apostle of Christ",看过。一般吧。
"使徒保罗 Paul, Apostle of Christ",他们说的我都不感兴趣，卢克替保罗传道还可以看看，但宗教的伟大，对于没有信仰的国家和个人，有些无所适从。从制作上看，电视剧的效果。整部电影台词是最重要的，跟话剧差不多，主要目的是布道，信教的可以看看。
"使徒保罗 Paul, Apostle of Christ",把电影名改成《医生路加》或是《典狱长毛里求斯》都毫无违和感。典狱长才是全片的灵魂人物。
"使徒保罗 Paul, Apostle of Christ",知道保罗为什么那么衷爱路加吗？因为他是耶稣转世
"使徒保罗 Paul, Apostle of Christ",难以理解
"使徒保罗 Paul, Apostle of Christ",典狱长的内心变化是故事的看点。与我最初认为的，本片应该是悲惨壮烈的基调所不同的是，这部片还是意在传达福音以及基督徒泰然处世的境界。结尾圣保罗与典狱长的谈话是点亮整个故事的火炬。
"使徒保罗 Paul, Apostle of Christ",基督教徒专属的电影。
"使徒保罗 Paul, Apostle of Christ",前有《抹大拉的玛丽亚》后有《使徒保罗》，回溯到中世纪基督教兴起时期人物所做出的足以撼动世界的行为，宗教故事中的信仰与传教人物的受苦受难和责任济世与我而言都是感受不到的“天方夜谭”。记录还原为重，煽动情绪还是尽力吧。美帝的主旋律是放哪里都适合啊，类似的剧情片观影起来还是有点煎熬。
"使徒保罗 Paul, Apostle of Christ",片子本身中规中矩，适合信仰的人看，对我来说是了解那段历史，了解那些为信仰做善事而牺牲的人的故事——PS：总觉着造型保罗像奎爷，袍子下掏出斧子，配合路加冲锋枪，那简直无敌天下了……搞笑下，有信仰的别介意：）
"使徒保罗 Paul, Apostle of Christ",非基督徒看着太闷了
"使徒保罗 Paul, Apostle of Christ",宗教说教片。
"使徒保罗 Paul, Apostle of Christ",虽说某些无神论肯定会无脑的叫唤这些都是假的，然而客观历史证明使徒行传所记载的使徒都是真实存在过的
"使徒保罗 Paul, Apostle of Christ",一部极具艺术性的电影，如果对基督教了解的话会更容易看懂。
"使徒保罗 Paul, Apostle of Christ",[MoviePass 2018 Apr #04] 我们所宣传的为宗教所牺牲看似伟大，但是这些人为什么要去信教并且牺牲呢？我觉得和生活水平有关，如果一个国家一直繁荣昌盛没有天灾那还会有宗教的盛行吗？
"使徒保罗 Paul, Apostle of Christ",谨以此片献给所有曾经因为信念而遭到迫害的人。
"使徒保罗 Paul, Apostle of Christ",还行吧.充满虔诚.
"使徒保罗 Paul, Apostle of Christ",很多台词尬尬的。。。
"使徒保罗 Paul, Apostle of Christ",画面好。但是宗教题材，这么讲还是多少有点太闷，讲道理，不如讲故事。
"使徒保罗 Paul, Apostle of Christ",关于信仰.
"使徒保罗 Paul, Apostle of Christ",The film is dedicated to those who have been persecuted for their faith.
"使徒保罗 Paul, Apostle of Christ",真正使我感到震撼的是，我开始第一次真正意识到我所相信的不仅仅是神的福音，以及传扬福音的人们，他们真实存在过。
"使徒保罗 Paul, Apostle of Christ",基督教主题电影，比较忠于圣经的描述。“那美好的仗我已经打过了，当跑的路我已经跑尽了，所信的道我已经守住了。”
"使徒保罗 Paul, Apostle of Christ",信仰的电影，偏遇上了我这个没有信仰的人。
"使徒保罗 Paul, Apostle of Christ",讲述基督徒圣·保罗的传奇故事，他如何从教会的迫害者变为最强大、最有地位的拥护者。
"使徒保罗 Paul, Apostle of Christ",讲述基督徒圣·保罗的传奇故事，他如何从教会的迫害者变为最强大、最有地位的拥护者。
"使徒保罗 Paul, Apostle of Christ","To live the Christ, to die the gain.全篇就只记住这句话。"
"使徒保罗 Paul, Apostle of Christ",需要大背景的人才能获得感触。
"使徒保罗 Paul, Apostle of Christ",跟教会朋友看的... 大家貌似最后都很感动... 但看到一半的时候我睡着了好多次（希望没有被看到呜呜）
"使徒保罗 Paul, Apostle of Christ",还行
"使徒保罗 Paul, Apostle of Christ",圣经故事都能改得这么...American way啊
"使徒保罗 Paul, Apostle of Christ",还好
"使徒保罗 Paul, Apostle of Christ",有些地方编造了，不是完全符合圣经历史。可以看看作为参考。
"使徒保罗 Paul, Apostle of Christ",还不错！
"使徒保罗 Paul, Apostle of Christ",不相信往生，真的是无法坚定信仰的。所以，我是不太理解地看完了。
"使徒保罗 Paul, Apostle of Christ",因一人的悖逆，众人成为罪人，因一人的顺从，众人成了义
"使徒保罗 Paul, Apostle of Christ",中国人把基督拜成观音菩萨，好莱坞把保罗拍成了甘地。
"使徒保罗 Paul, Apostle of Christ",没有圣经底子，中间的插叙是保罗还是监狱长的？让我很困惑。
"使徒保罗 Paul, Apostle of Christ",拍得很烂 虽然圣经上说保罗长得很丑 但读他的文字觉得他很酷 一直觉得应该让丹尼尔戴刘易斯来演
"使徒保罗 Paul, Apostle of Christ",教会每年都投资拍这类的电影，凯奇是专业户，对于这种洗脑作品，一律一分
"使徒保罗 Paul, Apostle of Christ",这种西方宗教历史片，没有历史背景，的确很无趣。
"使徒保罗 Paul, Apostle of Christ",期待狼叔那版
"使徒保罗 Paul, Apostle of Christ",【YVR-IV】并不出色也不有趣，但明显不是针对所有群体的影片。宗教福音或者对Jim Caviezel感兴趣的粉丝可以看下，其余的并无必要。
"使徒保罗 Paul, Apostle of Christ",纯说教对非教徒来说就是无聊透顶！
"使徒保罗 Paul, Apostle of Christ",无神论也能被喷？基督徒脑子有坑？
"使徒保罗 Paul, Apostle of Christ",不适合我。看得累。
"使徒保罗 Paul, Apostle of Christ",表现力一般。
"使徒保罗 Paul, Apostle of Christ",看不看都一样
"使徒保罗 Paul, Apostle of Christ",主题当然是好的，但作为一部电影，以及细节与圣经描述的吻合度，确实让我难以给出更高分数。
"使徒保罗 Paul, Apostle of Christ",硬忍着看完了，都不知道什么玩意，传教电影总莫名其妙，圣经故事也是故事啊，敢不敢正常点。
"使徒保罗 Paul, Apostle of Christ",他们说的我都不感兴趣，卢克替保罗传道还可以看看，但宗教的伟大，对于没有信仰的国家和个人，有些无所适从
"使徒保罗 Paul, Apostle of Christ",這傳教片連劇情都不需要了，從頭到尾都是傳教說辭，除了拍攝外一無是處。結尾說此片獻給因信仰而受迫害的人，問問教會，被十字軍迫害的伊斯蘭教徒算在裡頭嗎？
"使徒保罗 Paul, Apostle of Christ",真没看懂
信仰者,让我重新回忆起小时候读过的这篇文章 《可爱的中国》……
信仰者,与方志敏和刘畴西相比，我更喜欢的是瞿秋白。瞿秋白作为一个政治失利者，完全有机会彻底摆脱这一切。方志敏要写自白书才能脱罪，瞿秋白只要声明离开我党就可以。方志敏是当红，瞿秋白则是明日黄花。但是瞿秋白仍然选择为了信仰而献身，哪怕信仰有可能已经抛弃他，他却没有抛弃信仰。
信仰者,"好的一面，国民党形象不会太假，不会脸谱化，除了一个画面，没搞严刑拷打。演员表演自然，从眼神到表情。对于主旋律电影，叙事方式新颖。
不足，台词生硬，战斗场面太长又不像血战钢锯岭那样惊心动魄，对我党几位主要人物内心刻画单薄！"
信仰者,看完最大的感受是方主席的军事才能挺一般的。整个电影就是不停的失败失败，看得人很丧。
信仰者,第一次和领导一起看电影就迟到并睡着 让我写一篇刻骨铭心的影评赎罪吧（微笑 现在主旋律电影开放打分了 有进步噢
信仰者,应该叫《可爱的中国》，否则都不知道这个片子
信仰者,怎么说呢，演技还是有比较大的提升空间，而且不知道是因为什么原因，主要的几个年轻演员，在造型上竟然分不太清楚，但是一部主旋律片能拍成这样，也算是过得去了。
信仰者,真是讨厌刘畴西啊，不过最后还算骨子硬没投降。
信仰者,一步错步步错，然后就是全部被包了饺子，为了信仰他们都是英勇赴死
信仰者,单位组织看的，剧情台词有些生硬，但结合方志敏生平实际来看，确实挺感人，片尾一群学生齐声朗诵《可爱的中国》时心里滋生一股感动。那一辈的革命者是真正怀着信仰去拼搏奋斗并甘愿为之付出生命的，现在呢？
信仰者,55个豆瓣影评中51个五星4个四星，结果豆瓣显示暂无评分，这是什么鬼操作！给三星是因为八一厂不容易:剧本用心了，反思也到位，演员也专业，战争场面采取先进经验突出局部不再像以前场面一定要大而全。但是主旋律片也就“业”系列、战狼系列和红海行动能有票房，其他都是回到电影频道播的命。
信仰者,不远百里在弋阳电影院看的电影，打卡留个纪念！
信仰者,昨天单位活动在5楼报告厅看了大半场电影，记住了一个名字寻淮洲！然后对刘畴西无语！害死了好多人，还毫无愧疚之情……突然发现男主是个台湾的
信仰者,电影党课，有关信仰很好的一课。
信仰者,主旋律电影 未必不好看。战争场面很多很宏大 辛苦了.. 革命时期的人真的太不容易了..（闪回有点乱
信仰者,本群众替党员来参加组织生活了
信仰者,故事情节不算精彩，但当时的革命信仰还是让人印象深刻
信仰者,这个电影和一般主旋律不一样，整部电影里共党都是失败失败，最后几位战士牺牲了。好的地方是，国党都不是脸谱化人物，几位烈士就义前真的太感动了。胡天桃的饭碗，刘畴西的最后一盘棋，乔英就义前的歌谣，以及方志敏就义后的课文，本来是为了任务去看居然真情实感的看哭了。不好的地方时间线乱七八糟的，故事说的琐碎一点也没有革命者的大气。不管怎么样这部电影还是超出我的预期了。
信仰者,还可以吧
信仰者,很主旋律，很正能量，有些地方真的很感人触动人心，但是整体主说教，故事性不强有点无聊
信仰者,148个短篇，74个影片一水的四星。。。。。。好神奇
信仰者,很感人很励志 要多看几遍才看的懂 热血
信仰者,平淡了些
信仰者,在江西上饶军训的时候看的，想起爷爷临走前嘱咐我要爱党敬业 ，报效祖国，不禁潸然泪下。曾经革命者憧憬的未来正在逐步实现，我们的祖国正在日益强大。是信仰自由与平等的先烈们为我们铺平道路，感谢我亲爱的祖国，祝祖国繁荣昌盛。
信仰者,"我敬重，敬佩，景仰方志敏同志，但这部电影实在是差强人意。时间线被割得太碎，人物塑造不清晰，靠配乐强行拔高。其他配角里面王耀武比较好。
主旋律也可以拍得好，但这片子的质量并不太配得上方志敏同志。
另外，我觉得信仰者肯定不是指方志敏一个人，而是一大批革命先烈，这片子的群像实在是做得差了点。"
信仰者,有信仰的人，生而坚定，死而慷慨。
信仰者,确实被感动到哭了，插叙回忆的主旋律讲述方式让我眼前一亮。
信仰者,礼堂空调挺给力的，睡的还可以，片子氛围渲染得很好，比想象中垃圾片好多了。好几个镜头都要成老方的救赎了233
信仰者,没想到第一次集体看电影是和这样一群老师一起接受党员教育活动
信仰者,剧情清晰，故事深入人心，很好的表现出了当时环境所带来了的思想信仰。
信仰者,单位组织去看的，主旋律电影，拍的一般吧，最多让我了解了当年的历史了。
信仰者,情节很好，我都受到很大的鼓励，爱国情节又一次的唤醒
信仰者,当今电影界大多更注重对商业吸金题材电影的投入，这类历史军事题材的电影似乎只是应付某一时刻的政策而不注重质量，导致很多人将其定为烂片，这是很悲哀的现状。有人说这是个娱乐至死的时代，貌似一点也不为过？
信仰者,弋阳电影院旁边广场免费送电影票，这什么操作[惊讶]一看是爱国教育片《信仰者》，我想这些片商为了拿补贴真是什么都干得出来。[鄙视]
信仰者,脉络清晰，演员也有华彩的地方，可惜了，彻头彻尾不可逆转的主旋律。
信仰者,早前上海电影节时看的，“雪压竹低头，低头欲沾泥。一朝红日起，依旧与天齐”，有被主人公及其信仰打动。在人物刻画方面，以及一些“争辩”情节上都有可圈可点之处，可惜，整体上还是主旋律英模片的那一套，说教太多了。。。
信仰者,中国人的官瘾实在太深，汉重孝廉有埋儿刻木，宋重理学有高帽破靴，清重帖括而“且夫”“然则”。总而言之：那魂灵就有做官——行官势，摆官腔，打官话。
信仰者,2018.9.20.单位给票的主旋律影片，论失败与猪队友之间的联系。
信仰者,拍成这样也算可以交差了
信仰者,所以我看它意义何在？
信仰者,导演和演员缺少太多的经验了，导致作品只有主旋律
信仰者,"文艺非文艺，战争非战争，仅是杂糅，无感人至深。
文艺片不是让你在雪中念几首诗。
战争片不是跑着跑着被炸开了花。"
信仰者,"20180831 新华银兴
没看完…肖毅和马承祖是两片的制片"
信仰者,单位组织。。。不知所云。。。
信仰者,为什么要强制我们大学生给你Shua票房？
信仰者,主题教育配合活动
信仰者,全校被组织过来看，果然政治正确就是好卖座，信仰者?谁是信仰者?当然是方老五了，这配乐。。男女在一起的时候像在拍偶像剧，剪辑表示不太懂，战争场面可谓一个糙，都学红海战狼，炸炸炸就完事了，正义凛然果然是每个党员具有的气质，旁白哈哈哈！老李真卧底，指挥还是一如既往的牛逼，方志敏在大雨下欢呼好突兀。。。监狱果然是有漏洞
信仰者,单位组织，本来以为会睡着（没午休），结果还行，难得的失败战役，主旋律电影慢慢地没有那么假大空了，虽然台词依然很尬，剧情薄弱，但也比隔壁什么逐梦娱乐圈好
信仰者,你们可算白死了
信仰者,是国民革命军德械师吗？
信仰者,哎，一点也感受不到好吗
信仰者,为什么主旋律的电影不受欢迎，因为它们拍的都不好看。时间进入了新时代，可是很多东西还停留在过去，《信仰者》电影就是如此。主创们很用心地做出了一部停留在过去的电影。糟糕的配乐时机，脸谱化的人物形象，还有一如既往对战争细节的想当然呈现。给我的感觉就像是看了集加长版的电视剧。可以说人民日子增长的观影需求已经被主旋律电影严重拖了后腿了。
信仰者,不好看不喜欢
信仰者,朋友给的票，看的想睡😑
信仰者,整个电影都是以回忆来讲述方志敏当年的故事，故事情节平坦，以及镜头的不连贯。表示不喜欢而且还是学校组织去的
信仰者,"出电影院的时候，经过一个七八岁的小男孩身边。
妈妈问他“这是你看的第二遍了吧。”
“嗯”
“没事，第三遍就看得懂了。”"
信仰者,3.5星，八一厂不容易，主旋律片拍成这样比想象中好，一些战斗场面还是挺有感觉，而且难得有电影全景展现我军失败的战役。PS: 豆瓣居然连个演员表都没有？
信仰者,上面领导不下文件强制要求单位组织观看，估计有生之年也看不到这部电影，小地方电影院压根没有排片。信仰者是第一场，看哭了，确实被感动到了，插叙回忆的主旋律讲述方式让我眼前一亮。电影没有假大空，没有生硬洗脑，没有过多脸谱化的非黑即白，没有狗血爱情，没有无敌开挂，没有党民鱼水情，没有过多死前肺腑，没有xxx万岁，更多的描述方志敏和其他革命先烈们生前的事迹，细致感人，抛开意识形态不谈，有这么一批人能为了自己心中认为是对的信仰，奋斗终生乃至付出生命，足以让我为之动容。电影的不足在于剧情、时间感的薄弱，更像是把几个故事穿插在了一起，技术、经费的不足导致战争戏份较之欧美还是有差距，个人不太喜欢最后的结局回到现在念他的文章，有点出戏。致敬每一个为信仰而活的灵魂，无论成败。
信仰者,方志敏让粟裕先突围，粟裕后来是解放军总参谋长；军团长跟黄埔一期吃饭怒斥国军不抗日、下棋悔棋、最后赴死前聊苏联女人，是主旋律中难得的人性“真实感”；每一个国民党主要角色都说了共产主义在中国行不通，国民党的角色都非常体面…这部电影更多的是个人的角度讲述我党早期创业之艰苦，而不是从假大空的大历史角度，这是主创者的自信与用心。
信仰者,最尴尬的同学聚会
信使 The Messenger,题材比较讨巧，是那种一想都会有戏有感动的东西，可惜后面比较拖沓，而且说教重了，。
信使 The Messenger,此类电影一贯就是到最后两个人带着观众认知并了解彼此然后就泄了气 和动画片一样永远是前半段精彩~
信使 The Messenger,过于沉重的事情有时却很简单，甚至发生后就永远无法挽回，但为什么不找到发动战争的源头?这应该是所有反战电影的宗旨，不然痛苦会一直持续下去，让这些信使也处于尴尬和揪心的状态
信使 The Messenger,从拆弹部队到兄弟再到这部，去年伊战题材层出不穷，可以说各有千秋吧。这部更让我想起《逝纸》不同的是一个告诉本人一个告诉亲人，其实都不是件容易的事情。不过三部美片殊途同归都是在探讨战争对人性的影响，拆弹略带戏谑，兄弟尽是残酷，而信使则稍许温暖。
信使 The Messenger,当他坐在车里开始和警察斗嘴时这部电影之前在我心里积累起来的好感就全没了
信使 The Messenger,"一个美国士兵发现自己面临着道德上的两难问题：他爱上了死去的长官的遗孀。 
"
信使 The Messenger,送信其实就是个幌子，赋予了影片一个形式，并给了男主角认识另一个女人的机会。并不是结尾的时候说一说，哭一哭就释然了，整个影片有一点虎头蛇尾，结尾有一种被稀释了的感觉，总之要说伤痛伤的不够彻底，要说希望，也没给出什么希望。至于男配，最后那一哭应该是得奖关键吧。
信使 The Messenger,前半部分较为好看，那个＂he is nolonger with us＂的笑话娱乐了我好几天。后半部分有点甘于平凡。喜欢流氓大叔。众生百态。
信使 The Messenger,没有预想中的好，感动点不多，而且感觉太拖，最受不了装深沉，没带你回家感人呵呵！
信使 The Messenger,看瘟神怎么来叩门。可惜泪点低，电影里的亲属悲痛欲绝，我也总是凄凄切切。
信使 The Messenger,12.1 太阳出来了，我就不想死了。死亡和消失的痛苦。当怒汉哭泣。寻找同等级的痛苦然后给予慰藉。
信使 The Messenger,"....还行吧.觉得这种片中不会大卖.大家不喜欢看这种太闷,的小文艺片子,
剧情还可以.至少让我们了解了.平时电影里面那个通知死亡大兵的平时生活..."
信使 The Messenger,"三星半，又是战争留下的后遗症。演技不错，但后半部分有些拖沓~
"
信使 The Messenger,喜剧 没有直面正经地控诉 反倒轻松 倒是表达还是不明
信使 The Messenger,美国大兵对待伤痛的方式，比《taking Chance》更关注送信人本身的心理变化
信使 The Messenger,以一个很新颖的视角（“撒旦的使者”）切入的反伊战电影，后半部分有些拖沓
信使 The Messenger,"曾经爱过一个人，现在他死了。于是我又爱上了他。
Follow procedure。
豆瓣上很多人说看哭了，我没有诶，期间还假寐了15分钟。"
信使 The Messenger,为什么通知死者家属时，不能肢体接触？
信使 The Messenger,断断续续用了超过2个小时的时间终于看完了。节奏很慵懒，风格太压抑。三星半。
信使 The Messenger,视觉独特~男主男配都不错，就是真的太压抑了
信使 The Messenger,战争留下的永难愈合的创伤
信使 The Messenger,选题很好，关于感情宣泄的戏份有些多不免拖沓，最后还是个好的结局把，两个人说出了自己的心里话而和好，跟其他好莱坞电影都一样的套路吧
信使 The Messenger,只是本着男主角去的 内容一般
信使 The Messenger,没有《护送钱斯》拍的精致~
信使 The Messenger,几家欢乐几家愁
信使 The Messenger,三星半
信使 The Messenger,三星半 后面没意思了
信使 The Messenger,"The world will little note nor long remember, what we say here, but it can never forget what they did here."
信使 The Messenger,整体感觉不怎样，浪费了一个好题材
信使 The Messenger,描写战争创伤的反战电影。不错的剧本被略显拖沓的情节脱了后腿，但整体上还是可以的。
信使 The Messenger,"因为真实而略显平淡,生活就是这样. 奥巴马也许未来会被美国人民惦记的."
信使 The Messenger,"just let things go, whatever,whoever"
信使 The Messenger,角度和剧本不错
信使 The Messenger,让我觉得好看的一幕是威尔向托尼诉说战争遭遇。其它，嗯。。。
信使 The Messenger,题材新颖，视觉独特，但后半部分有点拖沓。
信使 The Messenger,战争战争...
信使 The Messenger,只能说还行，阵亡通知方面剧情不怎么显眼，倒是伍迪哈里森和本福斯特敞开心扉成为好基友的过程笑死我了，俩人之间化学反应超级萌！仍是老生常谈，带过一点战争对普通士兵的异化问题，警察拦你车也没错啊，说教的并不好。
信使 The Messenger,老题材换了个新形式，旧瓶换新装，没啥意思。
信使 The Messenger,想触及一深刻主题，但没有演绎well
信使 The Messenger,一般一般~可以说我肤浅
信使 The Messenger,没怎么看懂~只觉得很沉重~
信使 The Messenger,09柏林最佳编剧奖
信使 The Messenger,后半部开始变得讨厌了
信使 The Messenger,如一杯茶一样
信使 The Messenger,唉 男主的个人魅力让我看完
信使 The Messenger,周四电影日看的，除了角度独特完全没进入观影状态呐...
信使 The Messenger,后劲不足。
信使 The Messenger,"这电影没让我联想到反战;家属的那种悲痛我觉得那是必然:信使的残酷回忆更没感染到我.倒是郁闷怎么那家伙跟刚丧夫的女人产生了情愫.对我来说,这就是一部一般般的片子."
信使 The Messenger,就知道结尾会很烂
信使 The Messenger,一开始介绍职业的时候还觉得挺好的，越到后面越失望，同是介绍职业的电影比较喜欢UP IN THE AIR《在云端》
信使 The Messenger,大兵心中都有深深的伤痛啊，何况摊上报丧的差事。
信使 The Messenger,影片中几人通知死者家属的片段让我有些触动
信使 The Messenger,武迪太套路了
信使 The Messenger,没看完的
信使 The Messenger,Is there anything i can do to make it easier for you
信使 The Messenger,7.1 另类战争电影，后部分拖沓了
信使 The Messenger,"1。 一场战争，能够诞生很多电影。 

2。 对个人生命的尊重。 差距不只一百年。 

3。 同类影片中，算是比较朴实的。  
"
信使 The Messenger,电影剧作课的作业。
信使 The Messenger,题材不错滴
信使 The Messenger,没什么劲
傲气盖天 Michael Collins,为了树起这个形象，导演有意丑化了其他角色，这并不是一个好的范例，本是热血豪情的男人戏，却非要加入些儿女情长。多少有点坏了气氛。迈克尔更像个主旋律的英雄，而打游击战，也恰恰是我们所喜欢的。爱尔兰杀官员，英国杀平民，这善恶也太容易区分了。
傲气盖天 Michael Collins,只记得几个镜头了。主题歌是Sinead O'Connor的《She Moved Through The Fair》，牛逼大了。
傲气盖天 Michael Collins,迈克尔.柯林斯原本可以成为另一种传奇，但却以这样的传奇故事收尾。里面穿插的爱情故事让整部片子显得有点不伦不类。不过确实让人对英国和爱尔兰之间的历史纠葛有了略微了解，当然可以看做另一个《勇敢的心》。3.5
傲气盖天 Michael Collins,外国主旋律电影，好腐啊……为什么AR会吃飞醋说You can run it without me……
傲气盖天 Michael Collins,虽然是尼尔乔丹编剧导演的，但有些地方也太主管了，主角就一味的高大全，连后来的爱尔兰第一任总统都丑化，实在是没经，硬生生搞段三角恋进去，萝卜丝姐姐的口音糟烂无比，据说当时姐姐正和尼森叔搞绯闻，所以才去演的？十几年后再看此片的最大惊醒是原来刺杀柯林斯的正太是小乔演的
傲气盖天 Michael Collins,Neil Jordan拍了一辈子魔幻和边缘题材，让他拿大奖的却是一部正传，就像波波拍了一辈子恐怖，但最出名的却是钢琴家。在有些地方，独立被视作英雄，在另一些地方，却被骂作叛徒，但有一天历史终将会给出答案。
傲气盖天 Michael Collins,如果我当初是先看这部再看风吹稻浪，那理解会更透彻些
傲气盖天 Michael Collins,和Devils own 相仿，極力掩蓋 仇恨的根源其實深入血液，遠非電影中表現得那麼理性。
傲气盖天 Michael Collins,实在不如 风吹稻浪。
傲气盖天 Michael Collins,抗争与妥协。爱情戏减一星，扭曲Valera减一星。
傲气盖天 Michael Collins,不怎么样，没有史诗的气场，也没让我触动，三角恋更是让人恶心，茱莉亚罗布次明明就是多余角色
傲气盖天 Michael Collins,Collins这粗人我喜欢，但丑化了Valera。这片少些儿女情长会更豪爽。“我们唯一的武器，就是拒绝。” 喜欢这句话。
傲气盖天 Michael Collins,Michael Collins以他自己的方式去爱他的国，但这背负的代价太大、代表的意志太多了。PS：北爱问题还没解决，革命尚未成功，同志仍需努力！
傲气盖天 Michael Collins,爱尔兰口音好可怕，弃。。。
傲气盖天 Michael Collins,迈克尔科林斯传记片，爱尔兰民族独立，电影还可以，我喜欢的题材，但不出色，连姆尼森威尼斯的影帝，6.7生日这天看的，纪念一下，电影7.5分
傲气盖天 Michael Collins,7/10。剧情推进极快，基本上是把主人公所有参与的生平事迹走马观花似复述一遍，剪辑又碎又跳，英雄形像稍显单薄。关于和平的论述、昔日战友迅速反目，本可以深入挖掘的素材都流于表面，爱情线刻画更是莫名其妙。看惯了好莱坞革命史诗类型，除了越来越强大的景观和卡司，真的没啥好称道的。结尾曲不错。
傲气盖天 Michael Collins,我把精力都放在Jonathan身上了，最后才发现他只是在片尾跑了个龙套而已。
傲气盖天 Michael Collins,电影整体结构不错。战争戏看得让人热血沸腾。塑造了一个正直，善良，勇敢的性情真汉子。但影片前半段节奏过快，人物性格没有很好铺开。对正反两方的描写偏向脸谱化(英军装甲车一言不和向橄榄球场扫射完全无意义与合理性)。导演所添加的三角恋的情节让人很不舒服，甚至有污辱伟人的嫌疑。总之，这是一部“演义式”的影片，娱乐性超过纪实性。
傲气盖天 Michael Collins,一部爱尔兰样板戏似的片子，为了突出柯林斯的光辉形象不惜把作为对头的瓦列拉描绘成一心只图功名不择手段的政客，形象比英国人可恶多了，但剧情上又没法解释这么一个毫无魅力怯懦奸滑的小物怎么始终得到包括柯林斯在内众多爱尔兰人的支持的，剧情有点矛盾。比瓦列拉更谜的是女主，毫无形象可言。
傲气盖天 Michael Collins,配乐出彩
傲气盖天 Michael Collins,埃蒙·德·瓦乐拉  没有在影片中那么不堪。或许为柯林斯的死去做个解释吧。
傲气盖天 Michael Collins,每个民族争取自由与独立的历史都是相似的
傲气盖天 Michael Collins,中學生適宜觀看的主旋律歷史片，難為了Alan Rickman。還是Ken Loach 的風吹麥動較高質。
傲气盖天 Michael Collins,"故事是好故事，但电影没拍出感觉
铁血手段，慈悲心肠不是这么好拍的"
傲气盖天 Michael Collins,他们真幸福，造反了关一下就出来了
傲气盖天 Michael Collins,那美女应该全部剪掉
傲气盖天 Michael Collins,为了AR看的，算是第一次了解爱尔兰的独立史，电影作为政治的载体，塑造人物时一定无法做到全面而客观。但这部完成度不错，中规中矩的历史主流片，叙事流畅线索清晰。
傲气盖天 Michael Collins,ALAN的女装...
傲气盖天 Michael Collins,比較俗套的安排，比較搶眼的攝影，佈光。
傲气盖天 Michael Collins,“爱尔兰的河水是咸的，因为那是爱尔兰人的眼泪。” 从《勇敢的心》到《傲气云天》再到《因父之名》，爱尔兰独立运动真是一段可歌可泣的历史，很难想象一个民族为了寻求独立和自己所认可的公理，不间断的坚持斗争700多年，绝好的电影题材。相同时代和背景的故事，相比肯洛奇《风吹麦浪》的冷峻、客观、不预设立场，尼尔乔丹拍的还是太过于主观，大嘴姨角色的存在也略显尴尬。
傲气盖天 Michael Collins,不懂历史，觉得不是很燃。里安纳逊好高。
傲气盖天 Michael Collins,剪辑有些跳跃，故事么还是比较宏大的
傲气盖天 Michael Collins,为了树立主角主旋律英雄的形象，有意地丑化了其他角色，包括英国屠杀平民、爱尔兰刺杀官员的善恶区分；热血男儿戏硬要加入儿女情长，割裂了整体气氛。
傲气盖天 Michael Collins,Julia Roberts究竟是幹嘛？囧 超嫩的JRM真驚艷!
傲气盖天 Michael Collins,一个英雄主义的领导人领导爱尔兰独立革命的故事。主角功底略差，但傲气盖天的气势确实是演出来了。民族主义像烈火一般燃烧，烧伤了别人，却也能烧伤自己。七百年爱尔兰独立运动，又是付出了怎样的牺牲才最终胜利？柯林斯为了内战息止而牺牲了自己的生命。英雄已去，唯有意志长存。
傲气盖天 Michael Collins,女性视角里的英雄气概，每个环节都刚刚好。惊心动魄又心思细腻，神奇的视听语言。从来没有哪部电影把紧张的暗杀线索和柔情的爱情线索放在一起，战争片里最棒的平行蒙太奇！
傲气盖天 Michael Collins,本片获第69届奥斯卡最佳剧情类配乐和摄影提名。时间最后证明迈克尔柯林斯的策略是正确的。人民期盼和平，暴力抗争和暴力镇压最终都只会让民意的天平朝着不利于自己的方向倾斜。可以这么讲，正是英格兰人的傲慢一步步把爱尔兰推向独立。影片也拍的很血腥，虽然看不见血肉横飞。
傲气盖天 Michael Collins,还可以剪得再拖沓点么...
傲气盖天 Michael Collins,因为历史知识的缺乏，这部电影给我的感觉就像一部历史题材的教育片一样，看完电影对爱尔兰共和国初期的建立历程有了一些皮毛的了解。第一次在电影中见到年轻的连姆尼森，演技好过最近几年的飓风系列，不过这也源于本身就是爱尔兰人的原因，也在这部电影里第一次听见爱尔兰口音是怎样的。
傲气盖天 Michael Collins,为了树立起柯林斯这个人的伟大形象，让其他所有存在的，不存在的角色都成为了他的帮衬，也许很好看，但却不真实，各种交叉剪辑的暗杀戏可以说很教父了。
傲气盖天 Michael Collins,"一种努力。
"
傲气盖天 Michael Collins,这个片名的翻译真是坑爹
傲气盖天 Michael Collins,1，爱尔兰近现代历史的另一面，跟《风吹麦浪》立场不同。2，可能是名人传记片的通病，结构不（很）太（不）紧凑。3，大叔们都是很好看的。
傲气盖天 Michael Collins,独立片，有点沉闷，主角线过于强大。
傲气盖天 Michael Collins,音乐摄影民族英雄的题材都很不错，觉得最大的问题是选角，即使尼姆尼森是出生北爱但对他的印象还是与好莱坞有关，更不要说萝卜丝大嘴了，还花那么多功夫拍谈恋爱，真是出戏的不行，这种片难道不是应该全数交给那些土生土长又在英国演艺圈混的吗？要是肯洛奇来导就好了
傲气盖天 Michael Collins,台大看的，爱尔兰协会活动，期末的关系中间睡了半小时
傲气盖天 Michael Collins,時間濃縮太大又加入多過無謂枝節，處理用力，太多Drama，只是一部僅僅合格的商業片。
傲气盖天 Michael Collins,我还以为大嘴只演好莱坞爱情片的，这电影真的处处都透露一种我是原创剧本的气息，偏偏它是个人物传记。
傲气盖天 Michael Collins,一下子觉得爱尔兰电影很多，参展的爱尔兰电影很多，跟美国搞合拍片的爱尔兰电影更多。片商送了中文字幕，要大大地表扬~~
傲气盖天 Michael Collins,买了盘，当时直接看睡过去
傲气盖天 Michael Collins,这部电影唯一的亮点是rickman叔，如若不是他，我连一半都看不下去。 Neeson的表演僵硬死板，导演和编剧是白痴，把Michael Collins这个爱尔兰民族英雄表现的：白痴、鲁莽。影片的开始，当Valera和Collins同时被俘，Valera的一句等待就把两个领袖人物划分清楚了。另外，里面的爱情戏，简直是垃圾！
傲气盖天 Michael Collins,片子其实一般，而且有悖史实，为了塑造柯林斯的形象抹黑其他历史人物。PS 记忆中茱莉亚罗伯兹的口音相当蛋疼
傲气盖天 Michael Collins,务实为先
傲气盖天 Michael Collins,AQ挂的嘤嘤嘤嘤，基片，两个男人的感情线有始有终有甜有虐周到极了
傲气盖天 Michael Collins,前面个个激昂热血建国 最后竟然毁于内战 
傲气盖天 Michael Collins,把一言难尽的建国史拍成了中规中矩的好莱坞大片；为了体现男主高高在上的人格魅力，不惜将英雄辈出的宏阔图景缩成善恶两极高低立现的苍白背板，不过看完还是对这段国仇家恨有了更直观的认识。跟格局更小、情感更细腻的《风吹麦浪》是两个视角，不过都有对暴力革命的反思以及对“爱尔兰性”的再定义~~
傲气盖天 Michael Collins,用枪堪比费拉拉
傲气盖天 Michael Collins,"和《风吹麦浪》很像,但比起来还是闷了点,虽然演员们都是实力派的."
傲气盖天 Michael Collins,恐怖分子
傲气盖天 Michael Collins,不少眼熟的地方😏 感情戏太多 打她娘这群异教徒就对了
像男人一样死去 Morrer Como Um Homem,好诡异
像男人一样死去 Morrer Como Um Homem,完全没想到是这么一部电影。
像男人一样死去 Morrer Como Um Homem,真是上辈子折翼的天使……还是新社会好啊，生男生女都一样
像男人一样死去 Morrer Como Um Homem,能把一个Drag Queen的故事拍得让我睡着两次也真是不容易啊。恼人的长镜头与文艺啊，唱歌非要整首整首的唱完。最终其实不得不赞赏导演对这个善良坚强的人物塑造。像娘们般活着，像男人般死去。他临死前透彻宽容的交待很有画龙点睛的感觉。
像男人一样死去 Morrer Como Um Homem,边看边听着后排的人呵欠连连。。。好吧，自己看着也觉得十分地不知所云的电影，节奏一直就是闷闷的。。。加多一星=-=因为看到最后还是感动了下。。。。。=-=
像男人一样死去 Morrer Como Um Homem,诡异。
像男人一样死去 Morrer Como Um Homem,看了十分钟就发现错了。
像男人一样死去 Morrer Como Um Homem,何时你才能够了解 你所能做的只是常理之事 爱一个人是受制约的 你知道吗 可能的也不可能 对得起的也可能对不起 分手说再见 再见他一面 望着你的背影远远离去 这就是所谓的命运 一种“弃”约
像男人一样死去 Morrer Como Um Homem,最后殉情那段是亮点！
像男人一样死去 Morrer Como Um Homem,无敌闷的同志片，不过够细腻
像男人一样死去 Morrer Como Um Homem,一樣是在dreaming and drifting，但變得溫情，不那麼挑釁觀眾，想走阿莫多瓦路線？
像男人一样死去 Morrer Como Um Homem,后面的部分好，但镜头毕竟粗糙。
像男人一样死去 Morrer Como Um Homem,一些分支情节好游离，不过少数片段还是拍得很美的
像男人一样死去 Morrer Como Um Homem,有一种奇异的美！
像男人一样死去 Morrer Como Um Homem,隆胸失败会死人的。。
像男人一样死去 Morrer Como Um Homem,6.5，主题倒错，但电影倒很正常。闷加一种绝望的美，喜欢片中段那整屏的泛红。
像男人一样死去 Morrer Como Um Homem,两个多小时看的真挺累的。。。
像男人一样死去 Morrer Como Um Homem,"生活比电影更艰难。
话说导演不浮躁，真淡定。"
像男人一样死去 Morrer Como Um Homem,Tonia很纠结，是男还是女呢〜树林里听歌那段，与众不同〜
像男人一样死去 Morrer Como Um Homem,易装癖的老男人，露了小鸡鸡的小男友还蛮帅的。就是节奏好缓慢，快进看完的。。。
像男人一样死去 Morrer Como Um Homem,深红树林里的那段吟唱很缠绵；其实她是个活得很漂亮的男人；俩人穿着西装下葬，让我立马觉得这部电影没那么难看。
像男人一样死去 Morrer Como Um Homem,易装者都是不可捉摸的精灵
像男人一样死去 Morrer Como Um Homem,片名这么霸气，没想到是个同志娘炮
像男人一样死去 Morrer Como Um Homem,走到最后的骄傲
像男人一样死去 Morrer Como Um Homem,电影的色彩我喜欢，那种蓝紫色特别好看。但说到电影本身，我觉得有点闷了。一直不觉得托尼亚和那个儿子一样的小男友之间是爱情，那顶多算是习惯了在一起，但看到最后小男友殉情，又觉得也许他们是有爱的，或者说，习惯到了一定程度变得不能一个人活着。一辈子想当个女人能骄傲的活着，却到死都没能如愿
像男人一样死去 Morrer Como Um Homem,高饱和度的画面和易装癖同志故事让人觉得似成相识，非常阿尔莫多瓦，但是比阿尔莫多瓦电影节奏要慢很多，随着故事的发展这个剧情也越来越浪漫直到最后以殉情终了，让人觉得很不可思议。PS原来是真实事件改编这样的结局究竟是说明人间有真爱呢还是说明了人的依赖性是很强的呢？
像男人一样死去 Morrer Como Um Homem,断断续续看完，只喜欢那只小狗和四人端坐的暗红树林，别的都太雕琢了
像男人一样死去 Morrer Como Um Homem,居然是這樣的電影 同性戀電影看到現在排名前幾 其實有異裝愛好的男人愛上另一個男人 這真的算同性戀嗎。
像男人一样死去 Morrer Como Um Homem,那个流出来的是硅胶吗。。。
像男人一样死去 Morrer Como Um Homem,忘年真爱
像男人一样死去 Morrer Como Um Homem,死吧~~
像男人一样死去 Morrer Como Um Homem,还不错
像男人一样死去 Morrer Como Um Homem,讲的是一个为了真爱的故事
像男人一样死去 Morrer Como Um Homem,elle——ill——il。3.5
像男人一样死去 Morrer Como Um Homem,生前打打闹闹纠缠了一辈子，一个死了一个立马殉情追随着去，小男友对托尼亚真是情深意重。
像男人一样死去 Morrer Como Um Homem,不喜欢慢节奏的电影。
像男人一样死去 Morrer Como Um Homem,其实是一部饱和度没有那么高的阿莫多瓦。
像男人一样死去 Morrer Como Um Homem,节奏太慢了。
像男人一样死去 Morrer Como Um Homem,相对于西国，葡国也有个Jo?o Pedro Rodrigues。大耶稣像和四月二十五号大桥，重新爱上里斯本。
像男人一样死去 Morrer Como Um Homem,没什么看点，无趣
像男人一样死去 Morrer Como Um Homem,身体每况愈下，很久前抛弃的亲生子也在这时找上门来。为了逃离这一切，Tonia前往儿时的乡间旅行结果在森林中迷了路
像男人一样死去 Morrer Como Um Homem,也就最后镜头才亮一下
像男人一样死去 Morrer Como Um Homem,很难忍受一部2小时的电影没有配乐
像男人一样死去 Morrer Como Um Homem,第62届戛纳电影节一种关注单元入围 抛去变装的外壳 其实是一个关于真爱的故事
像男人一样死去 Morrer Como Um Homem,我日了个去啊，这是什么东东！！
像男人一样死去 Morrer Como Um Homem,没啥意思
像男人一样死去 Morrer Como Um Homem,本来以为是个特爷们的励志故事，没想到讲了一帮伪娘的事
像男人一样死去 Morrer Como Um Homem,……
像男人一样死去 Morrer Como Um Homem,以变性人为主角的影片，可能当年很前卫，现在看来有些割裂。莫名的剧情，尴尬的歌舞元素，粗糙的画面镜头，整个电影看着让人不舒服。女主角那种矛盾绝望的情绪成为唯一的基点，龌龊混乱甚至病态，似乎就是这些边缘人物的生活状态。后半段具有魔幻主义的遭遇，似乎又将过往与迷惑化解，回归原点
像男人一样死去 Morrer Como Um Homem,血月。
像男人一样死去 Morrer Como Um Homem,要我命了简直…
像男人一样死去 Morrer Como Um Homem,全片共四处露软J  1痩男被洗澡 2同志场合壮男自摸 3给瘦子病人擦身体 4海边裸泳 虽然露的次数较多，不过都场景和画面都不吸引人
像男人一样死去 Morrer Como Um Homem,变性
像男人一样死去 Morrer Como Um Homem,忘掉它的画面比例，忽略那些恼人的易装、露点和同性性行为，这其实是一个关于真爱的故事！导演控制力不错，还偶尔会搞点小情调，一旦你卸下防备心理，你会爱上这个关于追求真我，关于勇气，关于亲情，关于真爱的故事！特别是他那个贡献不少露点的小男友，最后的为爱殉情让一切趋于完美！★★★★
像男人一样死去 Morrer Como Um Homem,色彩和情节很容易联想到阿莫多瓦，矛盾嫉妒误解在死亡面前都尘归尘土归土，一群小人物的挣扎悲欢，冷暖自知，生而尊严。
像男人一样死去 Morrer Como Um Homem,爱你就像生病
像男人一样死去 Morrer Como Um Homem,有几段很感人的，其实他们比普通人更加坚强
像男人一样死去 Morrer Como Um Homem,我一直以為她兒子一般的小情人不愛她 但誰知他沒有她便不能活
像男人一样死去 Morrer Como Um Homem,树林听歌 神来之笔！
像男人一样死去 Morrer Como Um Homem,尊严
先驱者 LEADERS リーダーズ,四平八稳的“主旋律”，却不会把人看睡。另外有股半泽直树阴魂不散的味道呵~
先驱者 LEADERS リーダーズ,拍的真是……波澜不惊。
先驱者 LEADERS リーダーズ,很熱血。But，對題材不感冒，看了一半放棄了。
先驱者 LEADERS リーダーズ,泥轰拍励志热血真是手到擒来
先驱者 LEADERS リーダーズ,硬いー
先驱者 LEADERS リーダーズ,名誉会長の凄い話しをたくさん聞いたせいか、このドラマにあまり感動できなかった
先驱者 LEADERS リーダーズ,"过于主旋律,看完需要看新闻联播以毒攻毒一下."
先驱者 LEADERS リーダーズ,主旋律按部就班的讲述. 宫泽理惠明显老了不少. 山口智子的造型几乎没认出来. 香川pk吹越满的一段颇有看点.
先驱者 LEADERS リーダーズ,日本真有这样的企业家？如果是真实的话，天朝是真败了
先驱者 LEADERS リーダーズ,"前篇前半的熱血太過戲劇化,後半及後篇又狂賣慘+煽情..不怎麼喜歡
還沒被裁就開始鬧的員工是閑得慌?搞出事情來了是要負法律責任的啊!這不名正言順被開了麼0 0"
先驱者 LEADERS リーダーズ,好像。。都没什么人看啊
先驱者 LEADERS リーダーズ,佐藤叔
先驱者 LEADERS リーダーズ,怎么想到了我家的历史，并且一直拿着对比。。没办法，差的太多了。。香川照之先生太厉害了，宫本武藏有他，这部也有。。
先驱者 LEADERS リーダーズ,每个做生意的人都有激动人心的故事 随便看看
先驱者 LEADERS リーダーズ,因為我所看到的妳，總是不斷向前奔跑的。
先驱者 LEADERS リーダーズ,日银总裁人设假大空
先驱者 LEADERS リーダーズ,十一区自主品牌丰田的崛起史。话说若干年后，我们自主品牌能不能那么自豪地拍这样一部片子呢？也好好回答一下大家：“搞好汽车行业的重要性！”
先驱者 LEADERS リーダーズ,完完全全的流水账主旋律大励志实在不适合我。。。演员都好棒
先驱者 LEADERS リーダーズ,赤裸裸的主旋律。。。
先驱者 LEADERS リーダーズ,"toyota, toyota and toyota. 必見福澤式太陽過鏡，吃不膩的話可以看。"
先驱者 LEADERS リーダーズ,岛国主旋律，特别高大上
先驱者 LEADERS リーダーズ,虽然是半泽直树原班人马，但总觉得差点什么，结尾略显仓促，也没有几个惊艳的情节，除了我神演技的香川叔！！
先驱者 LEADERS リーダーズ,主旋律片
先驱者 LEADERS リーダーズ,全程流水账，但是演技派实在是多，以至于四小时居然一气呵成。香川照之真是演技派中的演技派，作为配角抢戏严重
先驱者 LEADERS リーダーズ,看了一半，日本人真的有这么团结吗，是不是也内斗的厉害呢
先驱者 LEADERS リーダーズ,dream of nippion，无限动力就是专注于创造的热情
先驱者 LEADERS リーダーズ,日本也有这种鸡血大红片呢。。但是眼泪流半天
先驱者 LEADERS リーダーズ,创业和制造业都好难啊 
先驱者 LEADERS リーダーズ,トヨタという名の伝説
先驱者 LEADERS リーダーズ,一个热血然后打砸抢再归于平静的故事
先驱者 LEADERS リーダーズ,爱知汽车的发展史，反映的是丰田的发展历程。感觉太过煽情，演员用力过猛。
先驱者 LEADERS リーダーズ,创业史，半纪录片，挺不错
先驱者 LEADERS リーダーズ,不像纪录片、不像商战片，不伦不类，表演浮夸，佐藤这位演员演了好多主流剧啊，可是他的表演比较呆滞
先驱者 LEADERS リーダーズ,介绍了丰田的发迹史，还是蛮励志的。
先驱者 LEADERS リーダーズ,为了miyazawa看，女神还是老了
先驱者 LEADERS リーダーズ,中二改变世界。
先驱者 LEADERS リーダーズ,日系爱国主义片，去银行融资的那段真的很有半泽直树即视感，有几处真的被感动到流泪。本来是冲着敦敦第一次演人妻去的，结果直接成酱油了……
先驱者 LEADERS リーダーズ,看完上集后就没有想看下集的欲望了。。。剧本有点烂。。。热血不够热血，，励志不够励志，，感动也不够感动。。。鸡肋的日剧。。。
先驱者 LEADERS リーダーズ,一星给耶路撒冷
先驱者 LEADERS リーダーズ,假的一b
先驱者 LEADERS リーダーズ,四个小时 四不像的作品 浪费时间
先驱者 LEADERS リーダーズ,与同类型的日剧一样的热血却不乏味，在短短的4小时内借由主角道出了丰田的发展史，值得一看。从记事起就没从没见过一部这类型的国产电视剧，中日两国的差距不光是经济，更体现在文化产业上，连这种励志剧都拍不出来的影视从业者还谈什么文化强国？
先驱者 LEADERS リーダーズ,日本战后的迅速复兴从来都是一部励志的教科书。
先驱者 LEADERS リーダーズ,哭成傻缺，第一次觉得开丰田是这么有荣光的事。起初没发现，但随着一股强烈的半泽风袭来才注意到主创。小木曾成功洗白，后篇中香川照之在半泽和大和田之间自由转换实在太欠了。正能量+男子力，作为新一季半泽的前哨战，暖场成功！
先驱者 LEADERS リーダーズ,丰田的故事，也太励志了，无限动力
先驱者 LEADERS リーダーズ,当年去丰田参观的时候都木有这么震撼。正因为坚持所以才那么珍贵。
先驱者 LEADERS リーダーズ,标准的正剧，配乐很燃，半泽的导演把控能力很强，一点也不觉得拖沓
先驱者 LEADERS リーダーズ,很热血的励志，但又保持在适度的范围之内，佐藤浩市真的是很厉害。鉴于本田是军工企业，基于民族立场减一星
先驱者 LEADERS リーダーズ,含着热泪看的，大叔hold住全场，依然很帅！
先驱者 LEADERS リーダーズ,可惜烂尾
先驱者 LEADERS リーダーズ,丰田强啊
先驱者 LEADERS リーダーズ,拍得好一笔流水账，完全没有详略轻重缓急之分，表演也很过度。无奈选材太好，哭成傻逼了。
先驱者 LEADERS リーダーズ,结局真是太沉重了。。。身体是革命的本钱啊==山口姐实在是贤内助各种nice助攻啊！
先驱者 LEADERS リーダーズ,太励志！
先驱者 LEADERS リーダーズ,看啊酱【虽然是个酱油】 又燃又苦看哭。。。
先驱者 LEADERS リーダーズ,虽然还是用力过猛，但是理想热情这样的东西总是鼓舞人心。
先驱者 LEADERS リーダーズ,热泪盈眶！
先驱者 LEADERS リーダーズ,常问起爸爸他们那一代的一腔为国献身的热血从哪儿来，现在看来完全不需要答案。仅仅完成一个造汽车的梦就先要无怨无悔摆平内忧外患大小烂事儿，我们这一代年轻人动辄怪国家怪社会怪家庭怪拖延症，都不能说明你有爱。不知怎么想起山崎丰子的《不毛》和那首《Tom Traubert's Blue》，向20世纪致以敬意。
先驱者 LEADERS リーダーズ,满满的正能量，全部都是爱。企业的发展，机遇的把握。故事背景来自于丰田公司，一个汽车企业
先驱者 LEADERS リーダーズ,从拆散一部雪弗兰，到成就丰田的辉煌，浓缩成4小时，满满的爱国情意。创业什么的太艰难了，有多少人能挺的过来。大叔们狂飙演技，最后让我来为你抹去一丝泪滴。。
光盲青春 Blinded by the Light,"raises some provocative issues, but the screenplay/story/directing was astonishingly bad I tried so hard not to roll my contacts into the back of my head (maybe I just don’t like Springsteen lol"
光盲青春 Blinded by the Light,"想說的東西太多,夢想自由青春種族政治經濟社會狀況等等,明白當時社會就是如此混雜,但問題是有點失焦而且整體也是頗為沉悶,一來是歌舞片我不太喜歡(因free ticket才看),二來可能因我一直以來聽英國歌為主對於美國流行文化或Bruce Springsteen的歌真的不太熟悉,當中所要帶出的激情對於主角的困局實在有點難以投入,尾段關於種族及家庭問題較為出色,但此類題材的電影看過不少,這片篇幅所佔太少而且效果實在非常一般,可看可不看之列"
光盲青春 Blinded by the Light,"感觉编剧一编不下去了就用歌词凑数哈哈哈。I get the idea,但还是有点cliche"
光盲青春 Blinded by the Light,因为rotten tomato的评分以及前阵子有人说新裤子有点像bruce springsteen去看的。电影应该是满真诚的，但是处理地太老派的cheesy浪漫和mtv风了，以至于大多数时候我都在尴尬的看着主人公笑着奔跑，但是感受不到什么情绪...好吧...讲比做容易。但其实，这片儿，和闻香识女人一个水准，都是80/90年代的视角和描写方式。rotten tomato现在基本是filter烂片的标准，标准太低，完全无法区分真正的好坏。
光盲青春 Blinded by the Light,觉得有点怪怪的，好像在反映现实又好像是不切实际的浪漫主义电影，好像在追求个人主义却又突然转折加入家庭观念，就是歌还挺好听的。
光盲青春 Blinded by the Light,80年代版《大病》，鸡汤与套路齐飞，最后的感情变化太欠缺说服力。
光盲青春 Blinded by the Light,套路上等同于导演前作“我爱贝克汉姆”（这都是多少年前的片子了..别说，那时的确是充满了对大卫的迷恋），核心观点是克服如家庭、种族等外界干扰去追求自己的目标，因为印度裔导演可以让观众更宽容看待片中的种族歧视，当然夹杂的私货是印度家庭观念的文化输出；这部电影更应该说更是Bruce Springsteen粉丝的礼赞，尤其是在NewJersey看片感觉好的不要不要的，讲到Asbury Park无比亲切，导演在现场带着所有观众一起唱，镜头演到Newark机场一幕开始的是持续山呼海啸的欢呼（去年Whitney上映都没这样阵势） ...这种感情，我懂了：）
光盲青春 Blinded by the Light,其实对于种族议题的呈现早已司空见惯，作为音乐小片好在不少地方拍得还是挺可爱的。
光盲青春 Blinded by the Light,论七十年代可以诞生多少伟大的音乐 光怪陆离的人群齐齐画着性感眼线垮垮的赶演唱会 嗯 穿越到天鹅绒金矿 
光盲青春 Blinded by the Light,看了提前点映，比较中规中矩的一部青春轻喜剧。中间让我比较震惊的是，80年代的时候，英国对于少数族裔移民居然有这么深的恶意
光盲青春 Blinded by the Light,"电影两星音乐加一星，a feel good movie for the whites, the immigrant community don't need more of these."
光盲青春 Blinded by the Light,看了一半跟Aicha出来了 科普了美国乡村摇滚Bruce Springsteen ugc les goblins 13/09/2019
光盲青春 Blinded by the Light,"Very cliche, cheesy but cute"
光盲青春 Blinded by the Light,略尬，内核里是个印度片，而且还强行政治正确，哈哈。
光盲青春 Blinded by the Light,好吧。出电影院，ly问给几个星。我谨慎地说4个，有点儿违心，因为danny喜欢。她立即回，两星。后来有跟danny继续讨论，其实这个teeneger 的评星是有道理的。星给的比实际多，是出于对bruce音乐的欣赏和对移民家庭主题的兴趣，然而就表现和深度来讲，作为电影本身，是做得不够的。后来还比较了下波西米亚狂想曲。ly和我给的星也不多。同样的理由，拍得不深度。
光盲青春 Blinded by the Light,英国版的致青春类电影吧，其实问题不大，不要上纲上线，英国90后看了肯定很有共鸣
光盲青春 Blinded by the Light,emmmm……一言难尽
光盲青春 Blinded by the Light,导演会讲故事，人物情绪传达到位，剧本和男主依旧中二，是青春的样子。
光盲青春 Blinded by the Light,青春和音乐，经久不衰的题材
光盲青春 Blinded by the Light,充满年代感，但剧情老套。
光盲青春 Blinded by the Light,开头还不错 后面是怎么了？歌舞？导演拿标准励志电影的手法来拍真实事件改编的故事 我觉得不太行 没有代入感 ★★给电影 ★给演员
光盲青春 Blinded by the Light,又哭又笑的故事
光盲青春 Blinded by the Light,刚好及格的水平，还OK
光盲青春 Blinded by the Light,青春和音乐总是联系在一起
光盲青春 Blinded by the Light,剧情有点老套
光盲青春 Blinded by the Light,还行吧
光盲青春 Blinded by the Light,重点不明确
光盲青春 Blinded by the Light,好尬！感觉全片弥漫着一股不切实际的明星力量，而且最后的情感转折相当硬，让我很难相信这竟然是个真实的故事啊！
光盲青春 Blinded by the Light,這雞湯有毒。到2019年還能灌輸這種引起生理嚴重不適，將夢想凌駕所有現實的天真正能量，角色樣板以為在看寶萊塢，有感創作人活在泡沫內，能被激勵的觀眾只怕一踏出戲院便摔倒。Bruce Springsteen的出現是巧合，可以是任何事物，令人懷疑他到底有多害怕被時代淘汰。權遊的小王子長肉變痞是唯一亮點。
光盲青春 Blinded by the Light,又长又腻的糖水，我真佩服我自己能看完
光盲青春 Blinded by the Light,这什么白人至上的种族歧视舔狗电影？
光盲青春 Blinded by the Light,覺得行不通，至少音樂有加分。
光盲青春 Blinded by the Light,刚开始看以为是励志片，看到中间…男主角突然当街开始唱歌…？这原来是个歌舞片…？以及英国的反穆斯林和美国的接受任何种族的对比，美吹太过了吧…
光盲青春 Blinded by the Light,呕吐
光盲青春 Blinded by the Light,画面还稍微有点年代质感，音乐也还行，只是剧情太老套了，最后转折也过于突兀生硬……
光盲青春 Blinded by the Light,学校组织看的，太神奇了，所有的歌舞部分都贼尴尬，主人公的情感做作到令人不适。
光盲青春 Blinded by the Light,除了『在英巴基斯坦人家庭』的异国风情（？）以外没什么看点的片。剧情平淡节奏松散让人昏昏欲睡。好几处当MV放的插曲效果并不好。总的来说不好看。
光盲青春 Blinded by the Light,跪族洗脑电影
光盲青春 Blinded by the Light,最近的英国印度人歌舞片也太频繁了吧
光盲青春 Blinded by the Light,味同嚼蜡，缺乏细节，徒有设定的stereotype，明明是很有普适性的题材，只有听到喜欢的歌词时候那种感动可以感同身受@百老汇电影中心
光盲青春 Blinded by the Light,好尴尬 听歌那里太强硬的转折了 不懂为什么歌词要打出来 一点也不像真实的故事
光盲青春 Blinded by the Light,最近音乐电影太多了导致导演以为观众什么都买账
光盲青春 Blinded by the Light,豆瓣分数有点低了。喜欢开头切割银幕的片段，非常带感。影片 feel 基本是靠音乐和节奏支撑起来的，musical style 段落尤其好；叙事能力只能算是中规中矩，结尾父亲态度的转变铺垫不够，显得突兀。80年代末英国社会对少数族裔怀有的恶意令人发指。BTW 即使强调了 American dream in Luton，我不觉得是在跪舔白人，歌手激励青少年成长这种事儿本来就不分种族国籍啊，且影片里的白人路人形象还能更糟糕吗？
光盲青春 Blinded by the Light,充满年代感的英国青春片。用诗歌创作谱写苦闷，用怀旧摇滚改变人生，男主的少年感很足。电影所描述的保守党当道、反移民盛行的80年代末，跟今天何其相似——历史总是在螺旋中重复。虽然我对Bruce Springsteen无感，但我清楚记得他曾创作“费城故事”主题曲，也许这就够了...
光盲青春 Blinded by the Light,"影片名字翻译成""夺目光芒""比较好吧？一部不太一样的青春片。共鸣的点：因为有耳机里的音乐，时代不得已的苦被遮盖住（父母在承受）青春多了层自由奔腾玫瑰色的滤镜，可以给自己加戏，可以跟朋友分享，可以拓展自己拥有的空间。暴风雨夜第一次听到Bruce歌的那段拍的非常美妙。通过一个巴基斯坦男孩对个人主义的向往和反思，我看到的是不同种族文化间相通互补的愿望。对""美国梦""的信任和向往是80年代年轻人确实存在过的诚挚的感情，而借由青春片，重新用话筒郑重的传递出来，在保守化浪潮的当下，人们听到会羞惭 冷笑 冷漠 悲伤…吗？特喜欢男主小鹿般的眼睛和他的女朋友 还有可以组不同风格cp的基友们（包括文学社那个高冷领带男！）"
光盲青春 Blinded by the Light,讲真我虽然看之前没有听过Springsteen的歌，也不太能relate歌词，这部观感也比Yesterday好很多。过程很容易想到鸟小姐和big sick，但和前面两部不同的是，这部起点实在有点严肃，一条是各自心态其实都有问题的父子(严肃线)，另一边是逢人就安利的追星男孩(轻松线)，中途也是在seriousness和playfulness很随机地徘徊，很难以决定由什么样的心情来观看，到底该不该take it seriously。不过Luton开车40分钟就能去Wembley Stadium也太幸福了，想想70，80年代那会儿的摇滚有多么兴盛…
光盲青春 Blinded by the Light,電影院
光盲青春 Blinded by the Light,这炫目之光，绝对是我的feel good movie of the year!!!
光盲青春 Blinded by the Light,情节很老套，但很真诚，最后的演讲影院不少人都哭了。还喜欢的一点是cast的演员都很大众长相，80年代的完成度也很高。
光盲青春 Blinded by the Light,Musical + 80年代怀旧 +英国 + 种族问题
光盲青春 Blinded by the Light,当所有语言都无法理解你时，音乐的力量是如此的强大！
光盲青春 Blinded by the Light,蛮有意思的作品，不过被几个月来的预告片轰炸到已经剧透了所有的剧情走向，导致观影体验也就仅存于音乐上了…
光盲青春 Blinded by the Light,有幸看了试映，总体是一部不错的轻喜剧。是一部正能量音乐片，Bruce的歌都很不错
光盲青春 Blinded by the Light,一个巴基斯坦人在英国追着美国梦。
光盲青春 Blinded by the Light,摇滚乐对于在传统家庭成长中的压抑文艺男青年真的如指引明灯一般。怀旧风格的一部青春音乐喜剧，各种文化冲突还挺有趣。电影里那个经济萧条，民族主义的八十年代英国，和时下真的还有些相似，似乎世界未曾改变，让人看的还有些悲哀，也许这就是为什么我们需要摇滚乐吧。
光盲青春 Blinded by the Light,"虽然是cliche爆了，但是情感和节奏都太好，尤其是戳中了追星和家庭控制两个痛到不行的点，从一开始歌词蒙太奇就在哭了几乎哭到片尾，最后说曾经以为可以完全照着歌词活不能与家庭割断联系那里要哭断气了，事实上家庭缠绕是不会以一次演说大家hug it out,就解决的，对于一个大于生活的人物的热爱也不可能让人一直所向披靡（虽然现实中男主看了150次springsteen也确实是狠），怎么说这种被光芒一下照到生活的所有阴暗处的感觉确实是太能共情，是我会抱着不好意思超级喜欢的电影。"
光盲青春 Blinded by the Light,猶如印度電影般的溫情勵志，卻流淌著美國YA電影與音樂電影的血液，比丹尼鮑伊的《靠譜歌王》還喜歡！《炫目之光》並不仰賴電影自身的創作靈感（布魯斯史普林斯汀的音樂創作）來譁眾取寵，即便仍舊是一部「啟蒙偶像促使自己追尋美國夢」的勵志題材，但其中對於種族歧視的批判是活得有血有肉（雖然有點心靈雞湯感），開場如同約翰休斯一般的青春活潑、灑洋蔥的橋段則是通俗老套，但通俗的渲染力夠強、信念有打動到人，就很棒了。
光盲青春 Blinded by the Light,旁边坐的两个大妈哭得停不下来
光盲青春 Blinded by the Light,7.3
光盲青春 Blinded by the Light,“俄罗斯入侵阿富汗已经363天了，而Madness乐队的Baggy Trousers是我最喜欢的歌。”看似毫不相关、不平等的两个世界，却被小男孩联系了在一起。自我与家庭的这个关系到底如何处理？动荡的世界或许与我们无关，我们的生日愿望可以是：“赚钱，亲一个女孩，离开这个鬼地方”，这就是这个世界的本质：不平衡。情节俗套，而且有很多不合理的地方。最后吹一句Bruce Springsteen真伟大 162
克罗克罗 Cloclo,情节干脆，人物塑造很到位，可惜我真的对有爵士味道的音乐无爱，作为记录片来说做的真的还不错。
克罗克罗 Cloclo,仔细想来有点流水帐 美女目不暇接的在屏幕上出现 居然有两个入我眼的美女 男主演的很不错 虽然我有clo的碟但我才知道他是电死的 这种人不被电死也得过劳死在舞台上 
克罗克罗 Cloclo,比较正统的人物传记，时间线性一路讲下来。对我这种不是太了解他的人倒是很好的科普。比如原来《my way》的原唱是他，以及约翰尼·哈里戴（杜琪峰<复仇>）真红啊。关于克劳德的不安全感，以及对父亲认同感的渴望等。
克罗克罗 Cloclo,要是不报流水账，能拍十个小时
克罗克罗 Cloclo,歌很好聽 只是妝有點太濃
克罗克罗 Cloclo,@Air France
克罗克罗 Cloclo,电影质量一般 法国人喜欢这部电影 是为了回味那个年代特有的气氛吧？歌曲真的不错，现在听都不觉得过时。
克罗克罗 Cloclo,作为传记片年度跨越太大，好模糊啊。
克罗克罗 Cloclo,这种节奏和毫无主次的情节编排就是传记片最大的陷阱啊，男主演技不错，可怎么可能才30岁orz
克罗克罗 Cloclo,给能让我在飞机上睡着的电影以最崇高的敬意。
克罗克罗 Cloclo, 太长了，而且每一段都不深刻。。很多情感都没有渲染到位。。。
克罗克罗 Cloclo,拍得像放幻灯片
克罗克罗 Cloclo,流水账传记。音乐不错。
克罗克罗 Cloclo,原來他是以「le rival de Johnny Hallyday」的姿態走紅的，我不懂Johnny這種美式土得掉渣的Rock&Roll，也不懂Claude。他的歌除了「Comme d'habitude」其它都沒啥印象！重點是我竟然也不知他跟France Gall有過一段！好喜歡她啊！棒棒糖Lolita！話說女演員選得8錯！
克罗克罗 Cloclo,编年体。中肯。但传记（歌星故事大同小异吧）之外毫无意义。派对长镜头。总觉得男主不像巨星（唱歌如鸭叫）。画面颇养眼（姑娘们真美）。
克罗克罗 Cloclo,三星半，不错，进展得太快，那时的法国风情也好看，男主角演的好，为什么大明星脾气都暴躁，都自负，都不计成本？都死在浴室？
克罗克罗 Cloclo,"中规中矩的人物传记, 只是有点长了. 看完去wiki看了下, 演员和本尊好像同一个人!"
克罗克罗 Cloclo,"Joséphine Japy (France Gall) 美。.. 對於不瞭解真實原型的我, 個人, 只覺得, 這電影呈現的這男人, 徹頭徹尾的渣。"
克罗克罗 Cloclo,駕車追愛那場戲很動人。Comme d'habitude的歌詞熱情奔放，青春洋溢，教人驚豔。相比之下，美版My Way像是退休政治家的回憶錄。
克罗克罗 Cloclo,我我只能说，声音像鸭子正解，差点就要开始鄙夷法国人的品味了。也不明白为什么真的看了这部电影，总之这三星全是给男猪脚的。有这么几首歌都不错的被他唱成那样我都要哭了，Sinatra你还是不要和他有瓜葛的好啊。
克罗克罗 Cloclo,补课
克罗克罗 Cloclo,my way 真的是法国歌嘛
克罗克罗 Cloclo,被科普了，知道了克劳德弗朗索瓦是谁，还知道了他是my way的原唱，还有死法很离奇，换灯泡死掉这样也可以，最后脸盲表示对他后面的几个女友完全分不清
克罗克罗 Cloclo,两个小时讲一个人，觉得技巧的东西就弱了好多啊。。。而且确实看了一个小时就对这个明星没什么兴趣了。整个片子下来就一首 一如既往还算是能催情。。以上。
克罗克罗 Cloclo,这个电影就像法国流行乐一样，不能说不会好，软软的，不给你力
克罗克罗 Cloclo,三星半。歌曲实在都很好听。这是写给克劳德的抒情歌，很难说是传记，剧情经常跳跃，只是以歌曲的串连作为主线。他与音乐，与家庭的关系也都只是看个表面。
克罗克罗 Cloclo,有点拖沓，感觉没高潮，有点平淡，有点失望~
克罗克罗 Cloclo,这电影太用力了……时间长得有点没道理，不过还是很努力的，尤其是编剧所选的叙述角度令人震惊。这位70年代巨星，如果活着可能会像老狐狸那样老当益壮吧？
克罗克罗 Cloclo,听歌
克罗克罗 Cloclo,看的是首映前的首映，请来了导演和男主。在波尔多看的。情节有点拖沓总得还不错，歌好听。
克罗克罗 Cloclo,此男渣到车底人神共愤鸡犬升天有木有！老婆情人团质量高的闪瞎你的狗眼啊！但作为法国猫王 歌还是不错的~姐也算喜欢<My way>吧还真孤陋寡闻的不知道原唱是个法国棱撒 <Comme d'habitude>不一样的味道。。。 
克罗克罗 Cloclo,其实细节还是不错的 除了有些地方演员用力过猛之外。 但是不是把各个场景拼起来就能叫做电影的好吗！ 还事无巨细把大事记排列了两个多钟头！ 男主身材很好~
克罗克罗 Cloclo,为了Jérémie Renier看的，就说怎么那么浓的妆原来是为了更像本尊。里面的歌虽然都很古老但都好听（减肚子歌除外）TBag惊鸿两瞥。片子太长很多地方都可以删掉，前面几年讲的比较快，到七几年后每年都要演好久。里面美女很多，Jérémie Renier演绎得很不错，看完更加喜欢他，终于没有罗娜里那么柔弱了
克罗克罗 Cloclo,片里的女人都正得没话说啦~~~
克罗克罗 Cloclo,法国猫王Claude François
克罗克罗 Cloclo,平铺直叙的传记片，对于不了解Clo的观众，算是不错的科普。复古范儿到位，Jeremie表演加分，几段舞台表演的场面调度和摄影机运动很有质感。
克罗克罗 Cloclo,"很惊讶  原来my way原曲来自于法国

"
克罗克罗 Cloclo,看完回来都12点了，悲剧、、、还得赶作业啊我！
克罗克罗 Cloclo,观影中绝对会让人冒出“快结束了吧。。什么？还没完！”的片子  完全是为了Comme d'habitude才去看的
克罗克罗 Cloclo,传统的人物传记，跟着时间轴讲，对于我这种完全不认识他的人来说是一部很好的科普剧。
克罗克罗 Cloclo,因为看到My Way以为是讲Frank Sinatra的传记，结果却是了解了这首歌的原唱。没什么感想，有的人专注于一件事（音乐），那么其他的就都是浮云（女人），这是能够被理解的啊。但是大部分人都无法专注于一件事，那么他的心思也必定要花在其他事上。
克罗克罗 Cloclo,一个半小时之后 就想在电影院睡了 150Min太长
克罗克罗 Cloclo,从生到死的流水线记载着克罗的风流史，没有重点，这人控制欲太强了，一个世纪可能就这一个疯子。
克罗克罗 Cloclo,还不错，几个长镜头运镜和调度都很有趣
克罗克罗 Cloclo,那个男主角长得好奇怪，嘴好大
克罗克罗 Cloclo,managed to finish it just before landing. 任何时候 明星效应都那么疯狂吗？任何时候 积极改变才能成功就是真的。所以过于安逸平稳是否注定失败？
克罗克罗 Cloclo,好长好长...看的我累死了
克罗克罗 Cloclo,感觉还行，可以看看
克罗克罗 Cloclo,冲着magimel去的，差点没认出来，出场也少的可怜，原版的MY WAY 还是比英文版的差一点。
克罗克罗 Cloclo,我知道我都知道 去年才拍的 你已经好努力好努力克制自己了 可是生老病死、雨后彩虹似乎是所有传记电影的通病  不过这应该是小弗弗最好的了 哎呀呀 喜欢音乐 我会乖乖的把克劳德的专辑听个遍的
克罗克罗 Cloclo,跳跃性太大了
克罗克罗 Cloclo,恩，就是一部人物传记，中间有几首曲子还蛮好听
克罗克罗 Cloclo,流水账
克罗克罗 Cloclo,男主的外貌，讓我有些消化不良。
克罗克罗 Cloclo,这演员选的。。。演17岁的时候看着就像大宅门里面陈宝国演少爷。。。这都一脸褶子了还嘟嘴撒娇他自己不起鸡皮疙瘩吗。。。
克罗克罗 Cloclo,剧情的编排上存在灰常大的问题。流水账还编年体这是闹哪样啦！没有一个段子是讲到通透清楚的。不过那首comme d'habitude太挠神经末梢。Jérémie Renier和化妆师傅V5，可惜撞到这么个本子上……PS：JR的身条儿真素漂亮，瘦而不柴。特别是那个小翘臀！更难得他戴辣末粗的金链子居然也不显俗气
克罗克罗 Cloclo,不认识 几个长镜头运镜和调度都很有趣
克罗克罗 Cloclo,法国猫王Claude François
克罗克罗 Cloclo,Marion Cotillard能凭Môme拿个奥斯卡 Jérémy也该拿一个！
克罗克罗 Cloclo,This Is My Way
克里斯托弗及同党 Christopher and His Kind,11的演技也太让人扶额了。。。果然可萌的就只有肛裂的奥登（喂）
克里斯托弗及同党 Christopher and His Kind,娘的！！！！！！！！！我不喜欢这个博士！！！！！！！居然还来演gay！！！！！！！！！！！！！
克里斯托弗及同党 Christopher and His Kind,可以换个男主再拍一次么？太令人出戏了啊！而且他说话的腔调也受不了。本应该可以感人的啊。
克里斯托弗及同党 Christopher and His Kind,情节一般，除了男主角有点丑，其他几个男的长的都还行。
克里斯托弗及同党 Christopher and His Kind,丑得天花乱坠啊混蛋
克里斯托弗及同党 Christopher and His Kind,虎头蛇尾，有欲无爱的自恋记忆
克里斯托弗及同党 Christopher and His Kind,我能忍受男主角的颜，但不能忍受男主角讲话的腔调，喟叹时太卡通太令人出戏，倒是易默琴普茨的歌令人很投入。
克里斯托弗及同党 Christopher and His Kind,Christopher讲述的爱情观从始而终，男主选得太悲剧了。
克里斯托弗及同党 Christopher and His Kind,这样一部由BBC出品的传记题材影片，居然和《王尔德》、《单身男子》甚至《迷情站台》有千丝万缕的联系。因为是改编，不讨论剧情，但海报太烂。除了主角，其他演员选得都还不错。P.S.里面Christopher和Auden坐在海滩上椅子的场景，前面的海是布景搞出来的吧……太假了。
克里斯托弗及同党 Christopher and His Kind,Matt Smith的相貌在这部电影的所有男演员里最拿不出手，而且演技也不怎么样。又，英剧的尺度真是太大了。电影叙述的很悠然呢，不抓人，也不让人打瞌睡。
克里斯托弗及同党 Christopher and His Kind,还好吧，除了大尺度以外，吓倒我了
克里斯托弗及同党 Christopher and His Kind,在这部同志电影里我最喜欢的却是善良热情的女演员jean ross。她太过美好。是注定要被这残酷世界破坏的。可她虽然对爱情脆弱。对生活却如此坚强。我很高兴她终于能找到了自己的生活。P.S 提一下男主角。选角的原因大概是因为他跟christopher本人长的很像吧。不过实在是很难用doctor以外的眼光看他啊魂淡
克里斯托弗及同党 Christopher and His Kind,和《单身男子》比，这电影在演员样貌、演技、配乐、衣服、拍摄手法方面都略逊一筹……
克里斯托弗及同党 Christopher and His Kind,matt那张脸...太出戏了...
克里斯托弗及同党 Christopher and His Kind,不太好看，就算真的无视男主角容易让人走神的脸，感觉里面的所有人演的都不太入戏，还是我看得不够认真？是我不该因为喜欢[单身]而拖这一部啊，期待过高了
克里斯托弗及同党 Christopher and His Kind,为什么那么多人同时在这本电影和神秘博士中....感觉太诡异了..... 太奇怪了!!!!!
克里斯托弗及同党 Christopher and His Kind,同志爱情传记
克里斯托弗及同党 Christopher and His Kind,=。=
克里斯托弗及同党 Christopher and His Kind,Christopher Isherwood作為我近年來最愛影片《A Single Man》的原作者，驅使我看了本片。但後者面前，前者顯得頗為雞肋。故事背景轉變突兀，而片中過多情愛場面又讓人對Isherwood對Heinz Neddermeyer的愛情產生懷疑。表演上更是令人失望。
克里斯托弗及同党 Christopher and His Kind,熟脸太多容易跳戏，当成单身男人的前传看也跳戏，而且男主有点渣
克里斯托弗及同党 Christopher and His Kind,不错
克里斯托弗及同党 Christopher and His Kind,matt不美型啊
克里斯托弗及同党 Christopher and His Kind,大作家的传记电影确实不一般啊，连做爱都可以那么细腻唯美。
克里斯托弗及同党 Christopher and His Kind,从剧情到演员都像是在走过场，没有高潮，没有悬念，没有看点【基情算吗？【喂。是特意挑了两个模特反衬11的外星脸吗？一群人好无力的表演，让观众一直在出戏。还是<深海>里的俄罗斯小哥好，你看这次他又说德语了，还代表观众全程鄙视11。另外女主角很惊艳！
克里斯托弗及同党 Christopher and His Kind,说实话，由于看的是无字幕版本的，我看的晕晕乎乎的！不过英国口音还是美妙的~~
克里斯托弗及同党 Christopher and His Kind,大多数人喜欢的我可能会喜欢，但大部分不喜欢。大多数人不喜欢的我可能也不会喜欢，但大部分喜欢。我知道我运营频道流量不高的原因在哪里了，不过现在说这些也没有用了。知道我也不会改。
克里斯托弗及同党 Christopher and His Kind,忘了情节了
克里斯托弗及同党 Christopher and His Kind,男主太丑 嗓音难听 演技糟糕 随便一个路人甲都比他强
克里斯托弗及同党 Christopher and His Kind,我明明n年前标记过，现在都忘的一干二净了
克里斯托弗及同党 Christopher and His Kind,尺度颇大啊。这剧里的CI好像跟传言中的深情形象十分不一致，也有可能是因为我对CI不熟额……
克里斯托弗及同党 Christopher and His Kind,本以为这是一出同性恋悲剧，结果是一出闹剧，最后又变成一出时代的剪影了。。。。还有11长得太标新立异到现在都看不惯。。。
克里斯托弗及同党 Christopher and His Kind,"Cabaret, cabaret"
克里斯托弗及同党 Christopher and His Kind,纳粹时期的同志爱情
克里斯托弗及同党 Christopher and His Kind,除了男主以外的男人都格外貌美的基情四溢片…
克里斯托弗及同党 Christopher and His Kind,德国妇女都是自来腐……时间能消磨一切东西。
克里斯托弗及同党 Christopher and His Kind,作为一部同片男主是不是有点丑了。。。
克里斯托弗及同党 Christopher and His Kind,"喜欢Jean这个角色，她是整个片子的亮点了..
不知道是不是我DW滤镜太重了，马婶很多小动作完全就是小11附体...."
克里斯托弗及同党 Christopher and His Kind,不咋的
克里斯托弗及同党 Christopher and His Kind,"Lovely Jean, &Iddo's accent"
克里斯托弗及同党 Christopher and His Kind,特意去查了一下，原来Isherwood本尊也没什么眉毛的……
克里斯托弗及同党 Christopher and His Kind,不是A single man也不会知道Isherwood，片子格局小，随意看看。没想到是马特演，豆瓣里一片说他长得不行的【扶额【。可能我看习惯了11th，审美观彻底被马特掰了所以没觉得违和，反而觉得他一点没让我出戏，挺好啊。Jean太惊艳了！新女神！舞台上真是艳光四射而且唱歌就是我喜欢的那个范！犹太商人略帅
克里斯托弗及同党 Christopher and His Kind,真爱是什么？是颠倒众生的舞女和她的gay蜜。她有思想，性格乖张但也温柔
克里斯托弗及同党 Christopher and His Kind,当他们挤在一张小床上，威斯曼将头靠在克里斯托弗身上的那一刻，我隐约看到了爱情
克里斯托弗及同党 Christopher and His Kind,"我记得我当年是有过资源的……然而没有从头到尾看完，跳着看的。
2013-2014年间。"
克里斯托弗及同党 Christopher and His Kind,什么虽然我们没有在一起但是这些年我一直想着你所以我给我儿子取你的名字这类名字杀最没抵抗力了     想到了成为简奥斯汀 和仙剑奇侠传
克里斯托弗及同党 Christopher and His Kind,那个手链震惊到我了，现在不是cartier的Love系列么
克里斯托弗及同党 Christopher and His Kind,go through~
克里斯托弗及同党 Christopher and His Kind,德国男子很德国
克里斯托弗及同党 Christopher and His Kind,"感觉故事没讲完整.而且吧,像Matt Smith这种存在感特别强的""特型演员"",能不能短时间之内就先演着""谁博士""别再开外挂了.他那脸太长了,长到我一看见他就出戏= ="
克里斯托弗及同党 Christopher and His Kind,貌华美，实空洞，一派廉价，糟蹋了Isherwood原作
克里斯托弗及同党 Christopher and His Kind,男主实在太丑。。。
克里斯托弗及同党 Christopher and His Kind,posh accent
克里斯托弗及同党 Christopher and His Kind,太尼玛的想看了
克里斯托弗及同党 Christopher and His Kind,岛国尺度就是给力!
克里斯托弗及同党 Christopher and His Kind,星星给elegant accent和那个美女
克里斯托弗及同党 Christopher and His Kind,不喜欢男一这个人物，不管从容貌上还是电影定型的这个角色上。就像他自己坦白的，他谁也不了解，他其实最爱的还他自己。他也许最后的确努力了，为了和他爱的男孩子在一起在各国游荡，不过他也承认，当海森因被抓回德国后，他还是松了一口气的。或许这就是人性，人或者都是这样，到最后最爱的只有自己。
克里斯托弗及同党 Christopher and His Kind,其实蛮好看的啊，故事还不错，就不能换个主演么，那脸简直不忍直视，减分。。。
克里斯托弗及同党 Christopher and His Kind,三星半。
克里斯托弗及同党 Christopher and His Kind,邻居的故事。命运让我们来到柏林。柏林是家。
克里斯托弗及同党 Christopher and His Kind,Matt 的声线好高
克里斯汀 Christine,正儿八经的传记片，但是节奏实在是太慢。主人公出现的很多镜头里，她都被置身在暗处，看得出导演是多想呈现她消极的一面；这样的设定给演员很好的发挥空间，Rebecca Hall也的确演的不错。特别是当你去搜索一下这个电影人物本身，会发现Rebecca的还原度有多高。
克里斯汀 Christine,不得要领的情节选取，和未指出的背后媒体意义，但拥有一个棱角分明的角色。Rebecca Hall表演中的戾气足以稀释任何试图企及她的光芒，阴郁深陷的双眼，徐缓而咄咄逼人的语气，是怎样平静的毁灭
克里斯汀 Christine,大新闻实在是太难搞到了，只好把自己变成大新闻。
克里斯汀 Christine,导演过于平铺直叙的叙事方式，使得Christine Chubbuck案件的始末和背后原因未有深刻挖掘，比较可惜。丽贝卡·豪尔献出16年最被忽视的优秀表演~
克里斯汀 Christine,"一月影展影評出後大半年的期待只迎來失望。Brilliant acting,mediocre directing, bad screenplay. 對Christine不能投入感情的結果是直到直播一刻都不在乎她，但直播後的連串鏡頭相對很震撼。但問題是因為不在乎，看完後也沒有感受。"
克里斯汀 Christine,今年看了两部关于Christine Chubbuck的电影似乎都不行，不论是形式大于内容的纪录片还是这部太多不必要冲突的剧情片，都跑偏了
克里斯汀 Christine,叙事、结构都一般
克里斯汀 Christine,Life is already hard enough without dwelling on little things.
克里斯汀 Christine,不是很绝望-12/20/16 at MoMA
克里斯汀 Christine,向收视率低头。
克里斯汀 Christine,#辛丹斯香港電影節# 個人覺得是得不到愛情才走上絕路，母親，朋友和職業尊嚴對女主不是最致命的。
克里斯汀 Christine,演的非常好 也可能是把这个不容易让人理解的角色还原地太好 看完有种无关紧要的感觉
克里斯汀 Christine,失败没有那么轻易杀死人；周遭的麻木和因此无处施展才能产生的无聊才会。
克里斯汀 Christine,坚持自我原则还是随波逐流，为女权挣扎，却没有让人喜悦的成效
克里斯汀 Christine,传记片，不过不精彩
克里斯汀 Christine,真实事件改编的纪录片
克里斯汀 Christine,中规中矩。平庸的情绪推动手段，主角的焦虑、压抑表达得不彻底。本期待题材展示更多新闻界黑暗面（像Nightcrawler那样）
克里斯汀 Christine,只是在还原Christine Chubbuck满腔抱负做深度新闻的媒体人在吸睛夺目收视率为王的时代处处碰壁不得志，同时身患恶疾，最终万念俱灰直播自杀的心路历程，但缺乏更深层的探讨，以至于两小时就憋在那早就料到的一枪爆头，不过Rebecca Hall 的表演真的不错，被那双眼睛瞪得极其的压抑。
克里斯汀 Christine,电影让我想起《大卫戈尔的一生》
克里斯汀 Christine,根据真人事迹改编，终极愤青女在一个明媚的早晨以自己的生命报复了这个烂俗的社会。丽贝卡·豪尔饰演绝命女主播，其实整片大段不知所谓，生活和事业间毫无主调的穿插。直到最后那突如其来的一枪，所有压抑全部得到释放和解脱。在斗不过体制后，以死来做最后的抗争，可惜现实未有任何改变。6.7分
克里斯汀 Christine,第32届圣丹斯电影节剧情片入围 自杀之前的铺垫还是有些弱
克里斯汀 Christine,看得人绝望。直到1小时46分时突然的一声枪响。
克里斯汀 Christine,绝望女主播。根本就是有病！还自杀！
克里斯汀 Christine,抑郁
克里斯汀 Christine,特别阴郁 这种氛围其实大部分靠丽贝卡豪尔的表演撑起来和非常暗的打光 这个人物比较多面 她不能仅仅用抑郁两个字概括 这也是导演做的不够好的地方 
克里斯汀 Christine,不了解这位女主播的背景 如果简介说的是真的 那这部电影很失败。没看到美貌与智慧，电影只让人觉得她是个失败者，而不是怀才不遇。
克里斯汀 Christine,讨厌女主角色，她是精神病
克里斯汀 Christine,节奏有点太慢了
克里斯汀 Christine,豪尔第一次让我感受到她的演技，却是留下了极其深刻的印象，仅是囿于影片整体质量乏善可陈失去了提名奥斯卡影后的机会着实可惜
克里斯汀 Christine,"if it bleeds, it leads. | There's only one way out, forward. Rebecca这戏的妆容相当阴郁，不过也正适合这个故事，以及她的戏真好。联想到Jake Gyllenhaal那部Nightcrawler，google了一下女主原型，蛮震撼的。"
克里斯汀 Christine,不太喜欢超过一个半小时的电影，除非真的有那么多需要讲的内容。
克里斯汀 Christine,恕我直言，工作热情或怀才不遇是一回事，个人情绪上升到违背职业操守来报复社会就凭这一点，你不帮自己还怨全世界欠你，实在不是什么值得翻牌的名人事故。复古色彩做得更好，配乐加分，器材你们怎么弄到的？？
克里斯汀 Christine,喜欢
克里斯汀 Christine,还是真人真事，压力大
克里斯汀 Christine,演的真的很不错
克里斯汀 Christine,看不完
克里斯汀 Christine,"a poor and horrendous character that I don't feel justified to feel sympathetic for, especially when she broke down because the guy she has a crush on was talking to other girls"
克里斯汀 Christine,爆發
克里斯汀 Christine,女主长的真像韦唯…感觉对于女性觉醒的时代意义远远大于事件本身。所以说啊，人想的多了，是会疯的~总想搞个大新闻，把别人批判一番…你们这些傻逼观众，不是身经百战，见得多嘛？就让你们玩点没玩过的ps想不通的时候，多看看书，与更睿智的人交谈。自杀本身是一件极其愚蠢的事
克里斯汀 Christine,她真的太先锋了。现在像她一样的女性真的太多了，多到社会不得不接纳的程度。如果女性可以将婚育分割看待，少一些天性上对爱的依附，将视角上调来转变问题……惨剧就会少许多了。这电影只有一个高潮，就是那幕经典的自杀，多可惜，她作为一个主播很优秀的，但偏偏她总要让自己记起自己是个女人。
克里斯汀 Christine,我们真的通过传记就更了解一个人吗，并没有，我们更了解始末了吗，似乎也没有，我们期待一个很惋惜的人，到最后我们可能都不知道是不是要惋惜，她是经历了过一些事情的典型心理疾病患者，小动作和微情绪被表现的很好
克里斯汀 Christine,还行
克里斯汀 Christine,在中国她可能还活着，因为买不到枪....
克里斯汀 Christine,故事原型是一个真实事件，很值得深究和好好拍的案件。。。。但这个成片实在是一言难尽
克里斯汀 Christine,浪费了一个这么好的素材，把她活生生刻画成一个crazy bitch，虽然crazy bitch都是被蠢男人逼出来的🙄️不过演技好评
克里斯汀 Christine,神还原。。约会那场戏真是太伤了
克里斯汀 Christine,大概率有抑郁症，生病，爱人却不敢表示，工作上好强，但是不被赏识，最后崩溃了
克里斯汀 Christine,3.5 女主演技很棒，但感觉电影挖掘得太浅了，而且拍的有点拖沓，中间故事有些无聊，该做到的讽刺也没有做到，除了女主嘴里说出来的，就没有了。
克里斯汀 Christine,做电视的除了天才就是疯子 这句话说的一点不假 这就是疯子的典型
克里斯汀 Christine,可怜的女人
克里斯汀 Christine,这是一个有勇气的女性，能与社会抗争需要强大的内心。
克里斯汀 Christine,chris太求好心切給自己太多壓力又釋放不出所以有了這個結局
克里斯汀 Christine,丧极了
克里斯汀 Christine,这个女的事业心太强，又没有放松方式，还没有男朋友，结果自杀了，太抑郁了
克里斯汀 Christine,有DXETER的电影就要多加一星是惯例。男女主角演员都是一个名字我也是醉了。丽贝卡豪尔的表演好牛逼啊，跟《斯隆女士》里的劳模姐有一拼，日益失控的躁怒绝望演绎得真传神。故事太平，配角的作用微乎其微，但作为真人真事改编来讲，还算合格。结局很腹黑，女二号的举止神态，吓人。
克里斯汀 Christine,"""if a dumb quarterback like me can make it then you can too"" ""don't you feel better already?"" yeah no shit."
克里斯汀 Christine,丽贝卡气质与角色非常符合，影片属于为了拿奖而拍的类型
克里斯汀 Christine,以为会是一部剧情或者悬疑，没想到如此文艺，太多内心，考验演技，有点闷，却不忍心打低分。
克里斯汀 Christine,6分
克里斯汀 Christine,中规中矩，流水线产品，这样的传记片总是容易过度解读，强加想法。不如同年《凯特扮演的克里斯汀》的伪纪录片形式。Ps:怎么拍都不及原视频。
六福客栈 The Inn of the Sixth Happiness,外国人拍中国总是带有很多臆想成分，何况这还是抗日时期的故事。抛开诸多不切实际的细节，褒曼塑造的拯救中国儿童的英雄人物还是挺成功的~
六福客栈 The Inn of the Sixth Happiness,为了信仰 女神来到中国 取名仁爱
六福客栈 The Inn of the Sixth Happiness,英格麗褒曼主演、背景失實的抗日電影。當年要來台灣取景 (故事主角原型「艾偉德」真身當時就住在台灣！) 之後卻被蔣介石政府認定劇本辱華，最終只好在英國搭景完成。既使如此，片末的跋山涉水仍是值得一看的。
六福客栈 The Inn of the Sixth Happiness,影片在美术设计上还停留在东方主义的符号化想象下，无法准确反映30年代中国实际面貌，还是停留在19世纪清朝南方的面貌理解上。不过在那个中外交流依然闭塞的时代，中国与西方互相间都由于缺乏广泛的交流渠道，彼此都存在偏见，这可以当做情有可原的误会。故事上则延续那些东方传统古典戏剧的模式，不免要创造一段异域爱情作为重要主题，而让战争题材的严肃性不免削弱。又由于其主角的传教者的身份，让此片的基督教情绪氛围和同时期的宗教史诗电影颇为相似，最后的千里逃亡基本被打造成了出埃及记的翻版，以激发基督教徒观众的信仰感动情绪。从此片显得落伍的表达形式，也可见新现实主义与新浪潮对电影革命性的改观，各国开始呈现自己当下面貌的真实故事，反过来也革新了传统历史史诗片的面貌，到80年代诞生了《甘地传》《末代皇帝》这样真正成功的作品
六福客栈 The Inn of the Sixth Happiness,褒曼很强大。比较介意的是欠缺本土特色的配乐（高潮期间的交响真让人窒息）和对语言的处理。当所有本地人角色都在说英语时，已经无法区分女主角是在说中文还是真的所有中国人都被异化了。故事其实已经很平衡了，安排个混血比较狡猾。
六福客栈 The Inn of the Sixth Happiness,前段对女主的动机、与人的互动以及感受到的差异挫折等的表现，很不错，趣味与感动都有。中后段对冲突的处理略简单，情感有些俗套，最后的千里护孤本应是高潮，却有些冗长。对中国的表现还不错，老外演中国人于我没什么违和感，外景尤其出色。
六福客栈 The Inn of the Sixth Happiness,The.Inn.of.the.Sixth.Happiness.1958.720p.BluRay.x264.AAC-iHD
六福客栈 The Inn of the Sixth Happiness,7/10。影片的拍摄意图与当时的女权浪潮有关，英国没有给予一个女性受教育的权力，只能提供女仆的工作，甚至需要偷书了解中国，中国这样封闭、落后的东方则赋予了西方女性英雄般的转变：既是学汉语讲圣经故事的传道人，检查妇女放足的专员，也是战争中的保护者，大大提升了自己的社会空间，结尾忍饥受饿地带领孤儿浩浩荡荡进入西安，军民夹道欢迎，等候约定的爵士认同了女人的力量。好莱坞对艾韦德形象的重塑高尚又真切，她盲目的热情没有带给人压迫感或精神病的印象，对其罗曼史进行了极大的扩展，深受混血身份困扰的林和资格被否认的艾韦德达成了灵魂之交，穿越俄国、去安全区的艰难险阻被好莱坞的造梦机器如奇迹般化解，只剩下列车上查护照的士兵、敌机和小部队的侦察提供适度的意外困难，拉骡队进栈、说服暴动囚犯和治疗土匪等经历安排颇感混乱。
六福客栈 The Inn of the Sixth Happiness,想象的中国……
六福客栈 The Inn of the Sixth Happiness,"一部被电影名耽误的好片。
真人真事，美丽的英格丽褒曼，完全融入角色
中国人全程英文，素质高啊！
几个桥段让人情绪悸动，紧张，结局好！1000公里，外国传教士历经磨难救了中国的孤儿，一个都不少"
六福客栈 The Inn of the Sixth Happiness,情节太过理想化，褒曼演技还不错，就是太长了~
六福客栈 The Inn of the Sixth Happiness,很有老邵氏的感觉
六福客栈 The Inn of the Sixth Happiness,孩子的歌声永远是最能打动人心的。
六福客栈 The Inn of the Sixth Happiness,那个时候能拍的这么好很不错了，还是在一定程度上反应了那时候的中国人。虽然有些失实，有些刻版印象，但也很不错了。算是那个年代的福音宣传片～
六福客栈 The Inn of the Sixth Happiness,我很佩服这个戏的美术~
六福客栈 The Inn of the Sixth Happiness,"不如《龙种》,看着有些别扭,字幕也实在垃圾"
六福客栈 The Inn of the Sixth Happiness,看看老片，看看1958年的老片如何拍摄中国。
六福客栈 The Inn of the Sixth Happiness,"英格丽褒曼的演技是真的好
为这位女性折服，她那时候所经历的远比电影中的艰难
不过电影还是有些赞誉文化渗透这件事了，也解释了某些村落宗教信仰的由来，但是真的很佩服这些传教士的热爱与勇气"
六福客栈 The Inn of the Sixth Happiness,虔诚基督教徒心怀大爱来到抗战时期的中国弘扬教/法，带领50个儿童安全转移！说真的五几年的电影拍得还行，只要不是中国人看那些“中国话”都不会穿煲。不过国/民/党安排火车协助教区转移儿童是真的？抗战抗到大家都没饭吃，还全县列队欢迎女主进城是真的？恐怕是一段自己给自己贴金的自传吧？
六福客栈 The Inn of the Sixth Happiness,完全是出于猎奇的心态……
六福客栈 The Inn of the Sixth Happiness,为了信仰 女神来到中国 取名仁爱
六福客栈 The Inn of the Sixth Happiness,很多关于那时候中国的布景道具的一些小细节已经没有必要去追究，感觉这电影还是把那时候的中国描绘的太美了，不过也难怪这个毕竟是主人公的回忆录改编而成的电影，回忆中的东西总是比现实要美很多。女主人公让我想起一个外国朋友，他说他觉得他上辈子一定是中国人所以这辈子还会回到中国来。
六福客栈 The Inn of the Sixth Happiness,撇开不切实际的虚构成分与西方救世主视角不谈，电影中传达的人道主义精神与信仰的力量还是使人倍受感动。有的人生来便有一种使命感，这种使命感像灵魂的归属地一样召唤着他们，尽管有所放弃，尽管会历经千难万险，但对他们来说，答案也只能是es mussen!
六福客栈 The Inn of the Sixth Happiness,中国人边吃饭边听故事的时候拿着空碗假装吃饭的样子简直笑死人了，，，，
六福客栈 The Inn of the Sixth Happiness,真人似乎在去中国途中经历了更多苦难…好难得…
六福客栈 The Inn of the Sixth Happiness,Bergman so cute!!!
六福客栈 The Inn of the Sixth Happiness,处处尿点，假，作，后来都看不下去了。这简直是一部传教士传好莱坞教片，阴阳怪气。
六福客栈 The Inn of the Sixth Happiness,挺感动的，就是一帮外国人演起来看着真是费劲。。。
六福客栈 The Inn of the Sixth Happiness,中国传教故事，传教确实是一件很辛苦的事，为信仰而活
六福客栈 The Inn of the Sixth Happiness,原著女主去中国28岁，褒曼拍的感觉明显有点年纪大，中国人看总有点心累的感觉吧，中国背景表现的没特色。看着怪怪的。
六福客栈 The Inn of the Sixth Happiness,用外国人演中国人我实在是接受起来很困难
六福客栈 The Inn of the Sixth Happiness,故事很像黄石的孩子，道具布景相当考究，甚至比当下的一些年代戏还用心。
六福客栈 The Inn of the Sixth Happiness,是传记电影，不是战争片，所以对中国人的感染力有限。说体现了中华儿女的抗战精神恐怕有点假。典型的白人救世主的意思，虽然真人的事迹确实可敬。
六福客栈 The Inn of the Sixth Happiness,题材不错，剧情嘛，后面爱情写的有点多
六福客栈 The Inn of the Sixth Happiness,外國人演繹的中國
六福客栈 The Inn of the Sixth Happiness,你家的中国才这样的🙄🙄🙄如果不是英格丽褒曼，我都不想看了
六福客栈 The Inn of the Sixth Happiness,有点听不懂那中国话。。。
六福客栈 The Inn of the Sixth Happiness,居高临下的视角总是让人不爽
六福客栈 The Inn of the Sixth Happiness,流水账，片面，其实和同时代红色电影差不多
六福客栈 The Inn of the Sixth Happiness,host主人强行输出一波信仰
六福客栈 The Inn of the Sixth Happiness,既然是人物传记，就多尊重事实，改的有点多。总觉得电影的灵魂少了些。
六福客栈 The Inn of the Sixth Happiness,"…
“”傅满洲“”形象也不是totally 大反派嘛..."
六福客栈 The Inn of the Sixth Happiness,拍得跟羅馬假日一樣，不知道主題是在講什麼
六福客栈 The Inn of the Sixth Happiness,怪怪的
六福客栈 The Inn of the Sixth Happiness,乐视
六福客栈 The Inn of the Sixth Happiness,褒曼好可爱
六福客栈 The Inn of the Sixth Happiness,孩子的歌声永远是最能打动人心的
六福客栈 The Inn of the Sixth Happiness,全歪果仁班底来拍摄一部全中国风味的电影，实在太奇怪。#肉肉的电影匣子# 看得导演已经在尽自己所能的堆砌“西方人眼中的中国元素”，无奈文化隔膜太深，现在都如此，更何况那个闭塞特殊的年代。场景元素的荒诞，一厢情愿的解读，配合上可爱的褒曼，催泪的情节，看下来五味杂陈。
六福客栈 The Inn of the Sixth Happiness,我对基督教来华传教士的历史非常感兴趣，我们的说法是不足凭信的，教徒的说法似乎有些夸张，真实的是什么？
六福客栈 The Inn of the Sixth Happiness,英格丽·褒曼 宗教 信仰 战争电影......
六福客栈 The Inn of the Sixth Happiness,英国女子带领的长征。
六福客栈 The Inn of the Sixth Happiness,奇怪的语言    外国人说汉语或者中国人说英语都好奇怪
六福客栈 The Inn of the Sixth Happiness,架空了信仰内涵的传记电影，爱情戏码也加入得莫名其妙，但作为外壳的整个故事情节仍然动人。“我们晓得万事都互相效力，叫爱　神的人得益处，就是按他旨意被召的人。”
六福客栈 The Inn of the Sixth Happiness,第六种幸福对于葛拉蒂来说是信仰的力量也是最终的认同……但是更是对自己归宿的一种强烈预感，那个地方也许破败也许落后，但是我属于那里……不是这部，还有一部老外演中国人的片始终找不到
六福客栈 The Inn of the Sixth Happiness,要不是褒曼，这片简直烂的无以伦比。作为一个中国人看这样一部背景失实、漏洞百出加上严重空泛虚假而且还全片操着一口最难听的中文却反映中国的片，简直就是噩梦
六福客栈 The Inn of the Sixth Happiness,来自英国的传教士格拉蒂丝艾伟德女士，在山西阳城即将被日军屠城前夕，带领近百名孤儿几经辗转，跋山涉水，行程超过一千里，最终安全抵达陕西扶风，没有丢下一个孩子，我们国家的历史课本里却连她的名字都没有，听说过她的人更是凤毛麟角。这则动人的事迹被好莱坞改编成本片“六福客栈”，从史实角度我们自当向艾伟德女士致敬，而从电影角度上是完全不及格的片子，西方视角居高临下，异国恋情与身份认同困境等枝枝蔓蔓的叙事线与表意都影响了作为人物传记电影的严肃感与统一性，失实的背景信息与滑稽可笑的自以为是也很难使中国人入戏，另外值得一提的是片中那些宗教性意味浓厚的戏份，是真实发生过的。
六福客栈 The Inn of the Sixth Happiness,去第三世界国家找落差什么的！居高临下的视角看的人很不舒服！
六福客栈 The Inn of the Sixth Happiness,虽说是根据真人真事改编 但太理想化加流水账  尽管知道是出于时代限制 但太多西方脸孔演中国人以及全民英语普及率之高还是太出戏了
六福客栈 The Inn of the Sixth Happiness,"奇葩片.... 沒辦法看完..... REF用, John Box在威爾士建造了整個中國場景, 很讓英國佬驚嘆, 雖然不倫不類......."
六福客栈 The Inn of the Sixth Happiness,4分。看着别扭，中国人说着流利的英语，说中文反倒支支吾吾，西方面孔扮演中国人，分分钟出戏。连表象的真实都达不到，遑论艺术水准了，这种看得出来的虚假毫无动人之处。表面上的中国故事，内核还是西方爱情电影的套路。一个虚构的、想象的、意淫的中国。
关云长,本片别名《迷失的刀郎 之 狼爱上羊》，讲述的是曹操对关云长的真爱传奇!!!!!!!!
关云长,哦，姜文，哦，姜文，哦，姜文……其它人都可以闪了
关云长,《迷失的刀郎》，英文名确实如此，狼爱上羊也很合适。关羽在此是悲情英雄，如何过五关斩六将杀出曹营。本片为曹操翻案，是天子挟曹操以令诸侯；也为关羽之死翻案，他是被刘备和孔明给害死的。当最后姜文哭了，大家都笑了。
关云长,五色五关是亮点，特别是王学兵的表现相当突出。前两段打戏很精彩，第三段留白的处理我很喜欢，起到了很好的平衡节奏的作用。结尾有点乱，姜大爷太抢戏了。
关云长,站在任何一个层面上，我都不信关羽有那般花哨武艺。毕竟是从南边舶来的，不是真正的中国风味。如果这个片子让姜文来拍，会拍成什么样？也许，不会有那么长的打戏。我们已经看多太多打架了，打架最容易产生同质感的东西，我想看到挥发着智慧气息的戏，也许姜文能带给我们《子弹飞》般的惊喜。
关云长,原以为是子弹独角动作戏，不想变成道德历史剧，说教极浓，还是那套天下太平的和谐之理，而且是曹操挑大梁，与其叫【关云长】，不如叫【曹孟德】。杀王植一段算是有反思，其他就与【孔子】【英雄】无异，所谓困惑的平民英雄只是为丞相翻案作反衬。“既逢乱世，英雄怎能不杀”，姜文扮的不是操，是毛！
关云长,为了整面的评论友情加星。史上最给力的评论页面！
关云长,明星不少。
关云长,加个新编比较好
关云长,"没有想象的糟糕 给4分是由于老当益壮的姜文
给2分是鉴于没啥表情的甄子丹 所以6/2=3"
关云长,如此犀利，你们这评分也太小人心肠了
关云长,喜剧片
关云长,关云长是幻影长矛手啊，god like
关云长,女淫啊。。
关云长,囧，期望蛮高的，跑到电影院看剧矬无比，偌大的放映厅只有十来个人~~甄子丹演的也太假了，除了会摆一个很二的连环造型之外，就是不死的小强。孙俪也不知道是在演什么。姜文除了一些很冷的台词之外太让我失望了。
关云长,小三的反义词，是二哥
关云长,找姜文是个错误。文武戏脱节。竟然是王学兵给我印象最深，意外
关云长,本子太弱，香港的帮派味道太浓，没有一丝古意。杀阵好看，对决的场景选择都挺讲究，但舞刀的不是关云长。
关云长,苍天啊...太基情四射了...全片就看见二爷一人开无双了...张辽兄...许褚兄你们咋不出手呢...孟德啊 霸气又外露了...
关云长,雇了多少五毛呐
关云长,姜文蜀黍啊~啧啧，啧啧啧
关云长,男人比电影吸引。
关云长,为啥我觉得这片子没有点 没有任何点。。
关云长,　　关羽！你敢跟皇上抢丞相？？？丞相！敢跟皇上抢关羽？？？皇上！你敢跟关羽抢丞相？？？………… 
关云长,貌似是曹操跟云长大哥的惺惺相惜？？？？~~~~
关云长,尽管武戏没能加上分，但文戏还是有的看的嘛
关云长,The Lost Bladesman翻译为“迷失的刀郎”，好可笑。几段台词倒是印象不错，义，上面是“羊”，下面“我”，善良的羔羊，但这世界是狼的世界。佛说，天堂和地狱只是一种情形，重要的在你自己，决定了看到的是天堂还是地狱。想得太远，有时候反倒像自己给自己造了一座地狱。
关云长,基………………………………
关云长,雷点太多了。刀郎打斗的时候都不忘一个move回来摆好pose，瞬间全场hold住！
关云长,就是一个麻匪和叶问的故事。。
关云长,姜文还是老戏骨啊！一个眼神！女人还是又毒又傻啊！一把匕首！关云长还是猛啊！被下了药还能挺住！单从电影的角度来说 还行！不至于这么差！
关云长,基友片
关云长,这片子就该叫曹关之恋。
关云长,曹操想得新爱关羽 关羽开始不答应 当正要答应之时却被窝曹操的旧爱们轰走 最终曹关不成 阴阳两阁 
关云长,为什么国产古装电影总是把故事讲不好呢
关云长,cctv6。这就是一出政治家对古惑仔的调教戏啊，俩人三观不一致，所以注定走不到一起。麦、庄的想法是有的，但这寓言搁到三国，搁到曹操头上，实在是不伦不类、本末倒置。另外，那个平头的佛教徒军师到底是谁啊？
关云长,搞基啊！  和你看的第一场电影 哈哈 很有爱哦亲~
关云长,豆友又名：迷失的刀郎。一脸正气的，傻逼着。三颗星全给姜爷，太TM霸气外露了。
关云长,没完没了的打斗看的累死人，名演员不少但没一个演的出彩。其中有一个镜头，关羽的马突然前倾倒地摔断了脖子，我擦再别让我看到这种东西！英文名我一开头就注意到了：The Lost Bladesman=迷失的刀郎 还能更囧一点嘛
关云长,我们家Alex这酱油打的！！！！！整部电影都在搅基！
关云长,香港导演麦兆辉、庄文强作品，甄子丹、姜文等主演，虚构成分很多，但比较平易近人，挺好看的。姜文气场太大了，演绎了一个非常有个性的曹操，完全盖过了片中真正主角——甄子丹演的关羽啊，呵呵~~
关云长,基情四射啊~关云长基本就是个苦逼的大鸭梨~=-=
关云长,文戏姜文弄过了。
关云长,当“子弹”抢了“子丹”的戏时
关云长,他本是一个直男，可这天下，是腐女的天下。
关云长,这一票是投给姜文的表演！
关云长,他本是一个直男，却天生一副GAY的心肠，而这个天下，是腐女的天下。直男自然你来当，GAY！我来！
关云长,还行吧。所谓基情四射，我只能说是基者见基了。
关云长,"这电影想说啥，不就是关将军，您站错队啦嘛
姜文版曹操很给力啊，2星半给姜文，半星给历史上的关羽。甄子丹0分。"
关云长,我失望得很。
关云长,好一般啊
关云长,期望太高了，难免会失望。给姜文加颗星
关云长,男人的电影都在卖腐~亮点是钵钵鸡后来给我讲了那么久的三国史，我觉得比电影好玩，嘻嘻~~~
关云长,我很喜欢大剑。。。
关云长,"喜欢这句台词：英雄，自然你来当，小人，我来。

故事有些扯淡，思想有些薄弱。"
关云长,其实场面拍得还是不错的，可是这编剧也编得太斜歪歪了吧，基情四射到算了，完全是香港黑社会的路线嘛。
关云长,王学兵是亮点 喜欢~~~
关云长,片子其实是可以看出很强的麦庄风格的，冲突以及对人性的反思，对人物形象标签的颠覆。我觉得重建历史人物并不是什么大问题，关键是观众是否会产生不适感，这个看着比《鸿门宴》就要舒服的多（虽然感觉很多人并不这么看。。。）
关云长,曹操追关羽的爱情故事！
关云长,海报真配合，我就是想说这片子还是改名叫曹孟德算了【小军真好看（¯﹃¯）。一众配角随便拉出来一个都比甄子丹有料，看着真没激情。。还有孙俪的那个角色，其实随便找个女的来演也是一样的效果对吧，还不如换掉把片酬再加个养眼的男配。片子值两星，为了小军加一星吧
再见巴法纳 Goodbye Bafana,平平
再见巴法纳 Goodbye Bafana,"When those in power deny your freedom, the only path to freedom is power.  - Nelson Mandela "
再见巴法纳 Goodbye Bafana,从来没意识到曼德拉做了那么久的牢。
再见巴法纳 Goodbye Bafana,2个小时的长度，跨度20多年，节奏太快，缺乏张力。
再见巴法纳 Goodbye Bafana,"在3 or 4星之间犹豫，确实是不错的片子，
只是老觉得欠点火候。"
再见巴法纳 Goodbye Bafana,还是觉的差些什么。。
再见巴法纳 Goodbye Bafana,从一个狱警的角度描写曼德拉铁窗生涯，情感和情节刻画比较真实，不愧是金棕榈导演，平缓中透露着深入人心的力度，可故事有点流水账，没办法谁让你20年从头拍到尾呢。曼德拉的演员《24》小时里演过美国总统，猛一看太出戏了
再见巴法纳 Goodbye Bafana,3.5
再见巴法纳 Goodbye Bafana,看完[再見曼德拉]才發現我看的是兩小時短版，原版應該有140分鐘，不知道少了些什麼？老實說這部片拍得有點無聊。
再见巴法纳 Goodbye Bafana,cctv6. 3.5，无功无过
再见巴法纳 Goodbye Bafana,CC-D9《再见巴法纳》难得的友情
再见巴法纳 Goodbye Bafana,无功无过 流水账一般
再见巴法纳 Goodbye Bafana,注：一将功成万骨枯……
再见巴法纳 Goodbye Bafana,#观影手记# 1451 印象中的曼德拉更温和谦和，温蒂更激进暴烈。伟大的人物，失败的影片。
再见巴法纳 Goodbye Bafana,“这是一个可以改变历史的时刻，而我愿意参与其中”
再见巴法纳 Goodbye Bafana,2014年春节看了两部传记片：曼德拉和甘地。角度却完全不同，这部片子着眼主人公之外的家庭讲述了生活变迁，却更能感受到曼德拉的精神无处不在。
再见巴法纳 Goodbye Bafana,幸亏没有黑人移民到中国。后来曼德拉和他越来越跋扈淫荡的妻子离婚了。曼德拉儿子都死了一个是得艾滋，剩下很多孙子重孙，孙子曼拉犯重婚罪，法国黑人妻子寇丝卡兹和他兄长通奸生下儿子，多祸家族。曼德拉后期过的真够舒服住别墅衣食无忧狱警当仆人根本就不像坐监狱倒像度假
再见巴法纳 Goodbye Bafana,演曼德拉的演员好2啊。狱警的老婆很漂亮。演得相当好。
再见巴法纳 Goodbye Bafana,真人真事啊。  话说整体是不很平淡的片子，民族解放的立意
再见巴法纳 Goodbye Bafana,平淡无奇，原来曼德拉在这么美的岛上被关了30年
再见巴法纳 Goodbye Bafana,权当看着玩吧
再见巴法纳 Goodbye Bafana,我脚的我看的像是阉割版
再见巴法纳 Goodbye Bafana,和想象中的角度不太一样
再见巴法纳 Goodbye Bafana,ʕ•̫͡•ʕ*̫͡*ʕ•͓͡•ʔ-̫͡-ʕ•̫͡•ʔ*̫͡*ʔ-̫͡-ʔ，打卡。
再见巴法纳 Goodbye Bafana,虽然比较程式化，但还是会为这样的真实斗争取得的自由而感动的一瞬
再见巴法纳 Goodbye Bafana,力有不逮
再见巴法纳 Goodbye Bafana,>>
再见巴法纳 Goodbye Bafana,CCTV6
再见巴法纳 Goodbye Bafana,其实很一般，每个角色的演绎都不够丰满，“表演”的痕迹很重，很难让观众入戏。
再见巴法纳 Goodbye Bafana,太平庸。
再见巴法纳 Goodbye Bafana,故事太过于平静 
再见巴法纳 Goodbye Bafana,没有亮点。
再见巴法纳 Goodbye Bafana,曼德拉先生也是太过“强壮”了。
再见巴法纳 Goodbye Bafana,从人民中走出来的领袖才能领导人民。片子对于曼德拉生平经历叙述太少，也没怎么提到政治环境，舆论背景
再见巴法纳 Goodbye Bafana,演员演的还行，但节奏有点乱，跳跃太大导致情节跳空
再见巴法纳 Goodbye Bafana,第57届柏林电影节主竞赛单元入围
再见巴法纳 Goodbye Bafana,中规中矩
再见巴法纳 Goodbye Bafana,论掌握一门外语的重要性
再见巴法纳 Goodbye Bafana,什么叫人格魅力！
再见巴法纳 Goodbye Bafana,烦人。考试考这个resume
再见巴法纳 Goodbye Bafana,人性深处迸发的力量可以冲破一切世俗的枷锁。
再见巴法纳 Goodbye Bafana,时间跨度太长 显得过于松散 曼德拉的刻画太生硬了 感受不到曼德拉的人格魅力 不过还是希望这个世界都能平等自由 
再见巴法纳 Goodbye Bafana,就那样吧，或许是不太喜欢
再见巴法纳 Goodbye Bafana,作为传记 曼德拉的形象有点弱，男主角也弱
再见巴法纳 Goodbye Bafana,又一部曼德拉的传记。
再见巴法纳 Goodbye Bafana,Gregory在Mandela什么都没说的时候就有平等的意识了，所以才会去和Mandela接触，Gregory是一个善良的普通人，至于Mandela，究竟是一个自由领袖，还是一个政治家。改变究竟需不需要流血？
再见巴法纳 Goodbye Bafana,如果不是知道了最近曼德拉去世的消息，我都忘了前几年在中央六台看过的这部片子了
再见巴法纳 Goodbye Bafana,太粗俗了
再见巴法纳 Goodbye Bafana,黛安女神。没什么高潮，但都还不错
再见巴法纳 Goodbye Bafana,“如果汽油比啤酒还贵，是会出大事的”
再见巴法纳 Goodbye Bafana,了解一下某些人异与常人之处。某些发生总会必然。但又隐隐觉得片子中，把某些东西想刻意地表达出来，反而失了内敛的蕴。
再见巴法纳 Goodbye Bafana,只是想看看比利奥古斯特用怎样的视角来拍曼德拉。感觉一般般。
再见巴法纳 Goodbye Bafana,片子里的曼德拉实在太单薄了，如果不是特洛伊里的漂亮王妃我就打两星了……
再见巴法纳 Goodbye Bafana,断断续续的看完了，因为是传记，所以没有我们想要的惊心动魄的场景，可是设想到最近ISIS在世界各地的横行，我不免的觉得历史惊人的相似。虽然恐怖组织真的不能和反歧视斗争类比，可是他们的手段却不能不让我不予置评。希望世界和平。
再见巴法纳 Goodbye Bafana,通常不太喜欢这类传记电影，因为要忠于人物原型，缺少了艺术加工，电影枯燥，没有想象力。大人物们就是坚强啊。以普通人生观来看，纵然有多么好的结局，在年轻风华正茂的时光，在监狱里过了27年，总是得不偿失啊。
再见巴法纳 Goodbye Bafana,看了之后才知道说得是曼德拉，很不错的
再见巴法纳 Goodbye Bafana,從守衛的視角還是最喜歡竊聽風暴。for freedom，曼德拉真是偉大，27年为了自由而战的牢狱生涯一般人无法挨过。
再见巴法纳 Goodbye Bafana,电影两星，一星给我男神曼德拉。拍的真心一般，节奏内容力度什么的。
再见巴法纳 Goodbye Bafana,CCTV6
再见巴法纳 Goodbye Bafana,情节简单，人物表现不突出
再见，克里斯托弗·罗宾 Goodbye Christopher Robin,小熊维尼居然和一战还有渊源，背后还有这么一段让人暖心又伤心的亲情。可惜winnie在国内被贴上了某种不可描述的标签，好好的PG级传记电影，可能不会过审了……来看的都是一对一对的老夫老妻，各个都端着一杯红酒。总的来说比期待值低一星。恩。
再见，克里斯托弗·罗宾 Goodbye Christopher Robin,其实有点失望，主要在于故事的平庸和情感的郁结。维尼的世界有多美好，真实的生活就有多残酷。以为背后是一段暖心故事，其实更多的是战争的创伤、利益的纠葛和亲情的疏离。尽管影片竭力想靠打光营造温情氛围，但碍于传记的性质无法进行大量虚构，于是维尼治愈了全世界，却致郁了真正的克里斯托弗·罗宾
再见，克里斯托弗·罗宾 Goodbye Christopher Robin,童话的背后却并没有童话。童话里的小人儿也有祸害一生的父母。风景美如画，表演却集体糟透了。最感人台词：“Blue，are we writing a book ？I thought we were just having fun.” —We are writing a book and we're having fun.—“ I didn't know you could do both at the same time.”
再见，克里斯托弗·罗宾 Goodbye Christopher Robin,故事本身很有力量，但是电影拍得很平庸。叙事被剪得太碎，很多情节点就像打卡一样不走心。角色的塑造也不太立体，基本是演员个人魅力撑起来的，比如Daphne是什么人，除了爱party之外就是靠拿Margot的个性来脑补。还有那老年妆，什么鬼。
再见，克里斯托弗·罗宾 Goodbye Christopher Robin,小熊维尼为千疮百孔的战后世界带来希望与力量，构成了孩子们的梦与童年，它与虚构的克里斯托弗·罗宾成了全世界好的朋友和最幸福的组合，可真实的克里斯托弗失去了整个童年。
再见，克里斯托弗·罗宾 Goodbye Christopher Robin,“A Bear Named Winnie”(2004)加上这部，算是把小熊维尼的历史交代清楚了。但有不符合史实的地方，比如SCM扮演的插画家E. H. Shepard，一战刚结束时他与米尔恩根本不熟，1923年因为工作接触才成为朋友~
再见，克里斯托弗·罗宾 Goodbye Christopher Robin,很佩服导演能把这个故事讲成和战争什么的相关，不过并不觉得很有趣也没怎么被煽情。纪念一下第一次从头到尾看完全英文无字幕非动画片的电影居然毫无障碍和第一次进爱尔兰的电影院。
再见，克里斯托弗·罗宾 Goodbye Christopher Robin,来英国看的第一部电影，观众都是可爱的老爷爷老奶奶～有点儿冗长 没有高潮 但结束以后还是听到了后排老奶奶抽泣的声音 他们的童年🐻
再见，克里斯托弗·罗宾 Goodbye Christopher Robin,第一次了解《小熊维尼》创作背后的故事，父亲有着战后PDST，背负巨大精神压力，在与儿子单独相处的时光里，逐渐找到家的感觉，亲情的意义，从陌生到熟悉，从矛盾到和解，电影始终带着善意和煦的目光审视，让爱从心出发，将感动慢慢渗出，回想最难忘的岁月就是那些被回忆镀金的画面，温柔又带有一丝惆怅
再见，克里斯托弗·罗宾 Goodbye Christopher Robin,强行温情化一个孩子并不幸福的童年。喜欢保姆。
再见，克里斯托弗·罗宾 Goodbye Christopher Robin,多姆纳尔、罗比以及小演员的表演都透着一股诡异和别扭。导演用了不少相似的剪辑技巧，并不是每一处都有效。非常非常棒的故事，但当男孩回来并要跟父亲和解时，我整个人都不好了。最后一个镜头更诡异，男孩不再是别人的罗宾，而是父亲自己的？
再见，克里斯托弗·罗宾 Goodbye Christopher Robin,大家所看到的小熊维尼和原本的小熊维尼并不一样，故事里的克里斯托夫·罗宾也不是现实世界里那个需要人关爱的Billy Moon。一段独家记忆成为全世界的焦点，始终带有隔膜的亲情和成年后的排挤，别人的童话也可能是一人的桎梏。温情而悲伤。
再见，克里斯托弗·罗宾 Goodbye Christopher Robin,美术摄影很好，演技很棒，故事很无聊，but如果你把他当成Hux前传和平行世界的丑爷故事……
再见，克里斯托弗·罗宾 Goodbye Christopher Robin,被美人美景迷惑了评分，事实上在情感衔接方面还生涩得很
再见，克里斯托弗·罗宾 Goodbye Christopher Robin,演的有点奇怪
再见，克里斯托弗·罗宾 Goodbye Christopher Robin,医者难自治啊。也是头一次知道小熊维尼背后的故事。
再见，克里斯托弗·罗宾 Goodbye Christopher Robin,唉，这只winnie一般般啊，还没有piyo可爱。
再见，克里斯托弗·罗宾 Goodbye Christopher Robin,"挺温馨的光线和色彩，一个温馨中带着感伤的故事
名誉与金钱不及家人与自由，爱与关怀是最好的治愈方法
"
再见，克里斯托弗·罗宾 Goodbye Christopher Robin,童话都是骗人的。也许初衷是想拍温情的反战片，但现实过于残酷，以至于就算电影结局费尽心思来了一场大和解的粉刷太平，都无法掩盖Christopher父母的不称职，父亲其实也很可怜，因为战争后遗症；但母亲太一言难尽了，她甚至不如保姆爱自己的孩子。那只小熊治愈了全世界，却毁了C的一生。
再见，克里斯托弗·罗宾 Goodbye Christopher Robin,原型人生的波澜不惊让故事的情感力度终究显得不足，人物线从前半段的父亲转到后半段的孩子，最终又汇合起来后却仅是带来一些温情的回顾，没有升华感。男主角的表演能力也有限，缺乏内心的冲击。如果没有凯莉·麦克唐纳的保姆，影片就几乎没有波澜
再见，克里斯托弗·罗宾 Goodbye Christopher Robin,没想到维尼背后有这样一个故事。为全世界带来美好的它，毁了一个孩子的童年。
再见，克里斯托弗·罗宾 Goodbye Christopher Robin,雪地里光腿，正太你不冷吗？
再见，克里斯托弗·罗宾 Goodbye Christopher Robin,"good story, mediocre storytelling"
再见，克里斯托弗·罗宾 Goodbye Christopher Robin,故事平庸又暖心，妈妈的角色去掉也不影响剧情的发展，反倒是和保姆的感情更为感人
再见，克里斯托弗·罗宾 Goodbye Christopher Robin,每个人都有自己的生活经历，这些经历会给周围的人或许带来快乐，或许带来伤害，即使是最亲的人也无法逃脱。
再见，克里斯托弗·罗宾 Goodbye Christopher Robin,《小熊维尼》背后的故事。头片至舞会的剪辑挺好的，后期的闪回镜头挺抓情绪。不知道是剪辑问题还是什么感觉男女主的演技很糟糕。片子中规中矩。
再见，克里斯托弗·罗宾 Goodbye Christopher Robin,描绘童星的困扰很写实。后面和解的那句，你的作品感动了一代人，有get到
再见，克里斯托弗·罗宾 Goodbye Christopher Robin,电影表达的感情并不温馨，更多感受的竟是战争的创伤和无奈的情绪，小男孩演得很好，拿着小熊维尼走在乡间小道上真是美呆了。常人有太多控制不住的情感和呈现方式，那段我和你最美好的时光，来临前后竟带来了悲伤，而时光中的一切又转瞬即逝。
再见，克里斯托弗·罗宾 Goodbye Christopher Robin,父子温情片
再见，克里斯托弗·罗宾 Goodbye Christopher Robin,看完才知道这是传记，小熊维尼背后原来是这样一段故事，打光很美颇有英国风。前后端衔接有些生硬，特别是对于长大后的克里斯托弗的处理缺少了些细腻。如果能再多花些篇幅讲述长大后的他，可能对人物的塑造会更立体。
再见，克里斯托弗·罗宾 Goodbye Christopher Robin,这么好的题材拍得太平庸了 想回家抱抱我的维尼和老虎们
再见，克里斯托弗·罗宾 Goodbye Christopher Robin,三星半吧，为多闹颜值打多半星
再见，克里斯托弗·罗宾 Goodbye Christopher Robin,前半部分太过冗长，后来才发现是亲子电影
再见，克里斯托弗·罗宾 Goodbye Christopher Robin,了解了小熊维尼诞生的渊源是最大收获。罗宾儿童时期有与父亲与保姆的感情戏，加上情节的吸引和美丽的画面还是挺好看的。长大后无论人物还是情节都很显得潦草，感觉上罗宾战前像个中学生战后依然像个中学生啊。片中演技还可以的唯有扮演保姆的Kelly。
再见，克里斯托弗·罗宾 Goodbye Christopher Robin,小熊维尼这么来的啊
再见，克里斯托弗·罗宾 Goodbye Christopher Robin,亲子题材
再见，克里斯托弗·罗宾 Goodbye Christopher Robin,历史书的一句话，或者一个玩具的背后原来承载了这么多人的一生。For me，not about me.
再见，克里斯托弗·罗宾 Goodbye Christopher Robin,看完了电影才发现我想看的其实是2018版的
再见，克里斯托弗·罗宾 Goodbye Christopher Robin,还是觉得有差距啊。自觉三观还是比较正的，但因为偶然的机会而成名的父子俩，在我们这里不正是应该欢欣鼓舞相互配合而只求名气越来越大嘛，但他们俩却是完全不同的感受。是他们太矫情了还是我们太急功近利了？
再见，克里斯托弗·罗宾 Goodbye Christopher Robin,"剧情时间跨度大，感觉节奏有点赶啊……
PS.保姆是里面最有智慧的人了。"
再见，克里斯托弗·罗宾 Goodbye Christopher Robin,妈妈生产时的痛苦无论怎样都忘不掉，而喜爱城市生活也是她的本性；爸爸有PTSD，苦于创作瓶颈，孩子的任性无数次把他逼到临界点；保姆想至少保有一部分自尊和自我，却不断被孩子拉回来。但这都没关系。每个人对孩子的态度都与他们爱孩子的事实不矛盾。家庭就是这样，你是我家人，但我，是我自己
再见，克里斯托弗·罗宾 Goodbye Christopher Robin,适合小孩子看
再见，克里斯托弗·罗宾 Goodbye Christopher Robin,维尼熊的故事原来是这样啊，可我和维尼熊不熟。父子关系，家庭关系，维尼既是联系的纽带也是后来摧毁的定时器，不过嘛家人之间就不可能有什么仇恨的。过度的脸部特写很让人难受，影片也在某一刻就变成单纯的记录，而且夹杂的东西也有点多，甚至连英音我都有点受不了。这个父亲很有意思，不好描述。
再见，克里斯托弗·罗宾 Goodbye Christopher Robin,就中规中矩吧，乡村风光美如画～
再见，克里斯托弗·罗宾 Goodbye Christopher Robin,竟然没认出女主是小丑女 角色变换的可以
再见，克里斯托弗·罗宾 Goodbye Christopher Robin,这故事被讲的平庸而乏善可陈。。。
再见，克里斯托弗·罗宾 Goodbye Christopher Robin,帮助你长大成人，帮助你做个好父亲，但慢慢还是回不去了，哪有那么多童心。现实生活没办法
再见，克里斯托弗·罗宾 Goodbye Christopher Robin,一般般
再见，克里斯托弗·罗宾 Goodbye Christopher Robin,多姆纳尔越看越迷人
再见，克里斯托弗·罗宾 Goodbye Christopher Robin,小熊维尼由于画风从没入过我的眼，可以看出父亲是个很不会表达情感的人（这难道是作家缘故），表演很内敛，几乎有些郁结，但父子情还是有被感动到落泪。
再见，克里斯托弗·罗宾 Goodbye Christopher Robin,三星半。没看出来保姆居然是猜火车里的叛逆女孩！！！
再见，克里斯托弗·罗宾 Goodbye Christopher Robin,对孩子来说最美好的童年莫过于父母的爱和陪伴。也从来不知道给我们童年带来温暖的维尼小熊的背后有这样一段故事。
再见，克里斯托弗·罗宾 Goodbye Christopher Robin,原来小熊维尼有这样的故事。
再见，克里斯托弗·罗宾 Goodbye Christopher Robin,前面有点慢，后面又赶进度，中间其实不错，特别是在探讨教育问题的时候，给人一个辩证的立场，但后来直接抛弃这个立场，用大和解走老套路
再见，克里斯托弗·罗宾 Goodbye Christopher Robin,这父母演得太端着了… 色彩的饱和程度，包括在树林里生活都太像演戏了… 还是很违和
再见，克里斯托弗·罗宾 Goodbye Christopher Robin,3.5 所有的分数都给那个小男孩，太温暖治愈了
再见，克里斯托弗·罗宾 Goodbye Christopher Robin,"'poor'  the bear 前面的剧情稀烂,更期待格里森演那种人面兽心的角色(再次确认演技是没问题的)"
再见，克里斯托弗·罗宾 Goodbye Christopher Robin,战后创伤……父子俩在一起的日子是最幸福的……结局很美好，事实却并非如此。英国的乡村很适合养老啊。
再见，克里斯托弗·罗宾 Goodbye Christopher Robin,对传记电影的厌恶程度与日俱增 可能是因为这世界往往严肃的灵魂多过有趣的吧 但这个片子是挺完整 层次丰富的 妈妈角色刻画是挺好的 爸爸略呆 
再见，克里斯托弗·罗宾 Goodbye Christopher Robin,只喜欢诺
写乐 写楽,葉月里緒菜的艺妓扮相真好看。好看在哪里？粉白的后胸被红衣托着，怀里还抱着只黑油油的猫咪……她的手我都能吞下去。
写乐 写楽,从写乐的传说到歌舞伎、浮世绘等江户时代文化。3星半
写乐 写楽,对民间艺术流亡的一次祭奠。流浪艺人、艺伎与商贩，交织出一幅旧时市井浮世绘。
写乐 写楽,茑屋重三郎这个角色是全剧最有魅力的。反观真田小队长出演这类的角色勉强程度高了些。
写乐 写楽,“春天到了，桃树、柳树一起开花，想与心爱的人一起赏花”。如灯的樱花。写乐与歌磨的竞争。“不管好坏，出名就可以了”。中风的老板。画斗鸡眼的写乐终究被打死。三星半
写乐 写楽,看过之后又去翻叶月里绪菜的写真，非常美。
写乐 写楽,对浮世绘和歌舞伎并无太大兴趣看这片大概也是了无生趣，花魁的绚烂也已经见惯不怪了
写乐 写楽,尽管极爱《孤苦盲女阿玲》，但这部真是欣赏不来，场景转换突兀，叙事不明确，节奏感很差，总之只看一半实在是受不了了。先标着，以后再欣赏。
写乐 写楽,场面调度不错。
写乐 写楽,"顏色很鮮艷, 這類型題材的日片通常在視覺上都給我挺不錯的感覺.. 如果調子能再好點就不錯了.. 想起雪之丞呀.. 要重溫一下"
写乐 写楽,老是这种感情戏，而且这次颇不给力。不过筱田用了好几张葛饰北斋的富士山作绘景，匠心独运啊，三个浮世绘大家碰头，画比他们自己要精彩得多
写乐 写楽,“没有情人的世界一片黑暗”
写乐 写楽,没我想像的好，但是，芝麻阿姨依旧迷人。
写乐 写楽,江户时代的浮世绘是越看越有味道的那种，美人图大抵都是一个面孔，而演员所表现出来的虚假夸张有趣的形态会让人眼前一亮，可是结局我不能理解的是写乐和花魁逃走了为何还要让花魁继续做一只困在笼中的鸟！
写乐 写楽,不仅是浮世绘，而且被一开始的歌舞伎打动了，清明江戶上河圖
写乐 写楽,"志麻姐姐诶
筱田的节奏感这差啊。。。"
写乐 写楽,并不是好作品 不论是当作写乐的传记电影 还是一部单纯的江户时代片
写乐 写楽,爱江户，但这种表演方式真的好蠢好蠢
写乐 写楽,叶月的脸清清冷冷，如同叶尖露珠上倒映的一点月光
写乐 写楽,"鸟重从被子底下拿出那张画像的时候，我才发现原来写乐第一张画原来就是发掘他才能的老板。
虽然画的他如此丑恶，鸟重依旧保留下下来
有种蜜汁感动"
写乐 写楽,太中规中矩了，对筱田正浩期望值太高，所以有些失望。最后送葬队伍与街头艺人相遇，歌舞伎装扮的写乐突然从人群中翻筋斗而出，算是亮点。
写乐 写楽,这个东洲斋写乐的作品不就是如今的名人肖像漫画嘛。支离破碎的桥段正是莜田正浩幻想中的神秘画师写乐，借写乐之名描绘了一副日本江户时歌舞伎浮世绘
写乐 写楽,处理得很为普通化，无论是人物还是故事，没有看出写乐这个人身上的亮点啊，众多人物也感觉可有可无，但岩下志麻就算不再年轻了依旧很美
写乐 写楽,我看的所有江户时代的故事没有一个是有情人能终成眷属的，全是私奔未遂，真的惨。
写乐 写楽,是讲历史人物吗？ 我还是没看出什么意味来。不过抱黑猫的女主角真好看。
写乐 写楽,很日本风格的一部历史剧
写乐 写楽,江户风情让人迷醉，浮世绘的画卷尤其和真人比照都很有意思。真田广之演了个李白式的狂放人物，总觉得缺了点味道。
写乐 写楽,我看的那版字幕是乱的，有点崩溃。。。
写乐 写楽,日本浮世绘爱好者喜欢的影片，稍沉闷。
写乐 写楽,写乐/写乐的感官世界/Sharaku
写乐 写楽,悲凉倔强之气。
写乐 写楽,3.8江户地区 画师 艺伎 歌舞 
写乐 写楽,看来和庶民文化相关的影片一比  我还是更喜欢看武士片
写乐 写楽,美术、摄影、服装、配乐，以及几段能乐表演
写乐 写楽,调性很奇怪
写乐 写楽,岛国浮世绘画师传记片，花魁很美，色彩感不错，可惜故事叙述的有些散乱，如果能多些史料考证，画画近景，应该会更具可看性。
写乐 写楽,志麻真好看啊
写乐 写楽,还是肖大课上给放的电影，怎么说呢，感觉自传性的太过
写乐 写楽,有点看不下去
写乐 写楽,是个悲凉的故事
写乐 写楽,"十八世纪著名传奇浮世绘画师写乐的故事，结合的日本元素风情来看饶有趣味。
"
写乐 写楽,这就是所谓的禁片？不停的XXOO？
写乐 写楽,开头有些乱，再现江户风情。
写乐 写楽,实在是个老套的故事，一个标准化的天才&女神的苦情模板，天才必是大起大落尝尽人间冷暖，女神常是名妓、名媛或者老大的情妇，总之一定是别人的、可望不可及。
写乐 写楽,"天保歌舞浮世绘，
五色渐变指纹门，
凯风快晴山下雨，
美人黑猫堪入画，
江户町人多不俗，
赠妓赠袍劝私奔"
写乐 写楽,艺伎浮世绘风格大爱，花魁第一次出场脚蹬高齿木屐划在地板上，霸气杀气难以抵挡。
写乐 写楽,开头有些乱，和看《无赖汉》时的感觉很像，后面越品越有味，精致再现江户风情。
写乐 写楽,1.能忍受梯子从脚面长出来的家伙，还有什么事做不来.....2.原来江户时日本已经有“沙画”了，还是街头速食型的....3.歌磨拔除眼中钉的方式绝对耳目一新
写乐 写楽,出版商茑屋精明狡诈，同时也极具眼光和冒险精神，最看重钱财的同时又懂得艺术的真谛，他一病倒，手下那批人也只留势利眼而已了。这个角色十分精彩！
写乐 写楽,"别再加情色这个标签.浮世绘不=情色吧.电影很好,属于传记片,但关于写乐这个人大家都还是猜测吧...PS:岩下志麻和葉月里緒菜真好看."
写乐 写楽,我看中的是对自己传统包装推荐的那份心
写乐 写楽,志麻!鈴木達夫!武満徹!葉月里緒菜 
写乐 写楽,f11d08ee13 f168a765fe 字幕：f156f0b9e9 写乐奇人。
写乐 写楽,与其说影片是为天才画家立传，倒不如说更像是一幅江户文化的卷轴画，其中点缀着浮世绘、歌舞伎、沙画，流浪艺人等各式文化景观，加上武满彻大师的配乐，极好地调动起了观者的情绪，让人足以在这传统的情境里感受到一份绵长。至于写乐与艺妓的情感线则显得比较平庸，不如芝麻姐姐的痴心守候好看。
写乐 写楽,「世の中は地獄の上の花見かな」吉原还是那个吉原，一个人两个人的消失并没使什么改变。把写乐塑造成了一个因私奔失败为情而死的人→这个能算是被喜多川间接害死么。。（雾）花魁挺美的就是感觉脸一直没有生气啊~
写乐 写楽,1. 剧组舍得投入，演员、服装，还有剧情也比较反复，色彩非常丰盛。2. 看过《哥磨和他的五个女人》在看看这个，对哥磨是否可以有个更全面的印象，虽然他也做过突破，但是也有被别人突破的那一天。
写乐 写楽,做派，形式的顶峰
写乐 写楽,叶月里绪菜的确美，可是和真田叔对手戏也不多啊，怎么十五秒的床戏就看对眼了？以前一直欣赏不来日本的歌舞伎，唱腔音乐服饰化妆，都有一种说不出的鬼畜感，没想到这里面还蛮美的。
写乐 写楽,中学时代 一直 觉得很神秘的电影!~
写乐 写楽,跟情色完全没关系好不好。真是x人见x。
冯梦龙传奇,冯梦龙传奇，平心而论这个适合在电视上播而不是大银幕上，我更想了解的是他写作那些传奇小说的过程与心态。而不是已经著书立说之后再去当个县官。因为我们知道他是他的文字而不是他的官
冯梦龙传奇,我的天呐，真的是阎维文！晚会歌手要组团出道了嘛？！竟然觉得还不错。
冯梦龙传奇,放在中央六那还是很合格的 道具布景摄影还是很用心 阎歌手虽然没什么发挥余地 但演技无碍 本来这种片就好比一场官方晚会
冯梦龙传奇,在偶像古装魔幻后期等等当道的今天 这种朴实的人物纪录怎么说呢 中规中矩 公正无私 大爱无疆  没什么大水花 没有不好 也没有精彩十分 很保险的片子
冯梦龙传奇,关键是不做作，比一些投巨资的国产所谓大片强多了
冯梦龙传奇,寿宁
冯梦龙传奇,地方宣传部门的新戏，苏州拍的古装正剧都还一板一眼有架势，当然这部明显不如柳如是，但也讲顺畅了明末才子的立功路程，带观众认识了寿宁
冯梦龙传奇,阎维文老师主演的电影，有点意思，最后片尾曲是阎老师本人演唱，也算是干了个本行工作
冯梦龙传奇,还可以
冯梦龙传奇,男主居然是阎维文！演技居然还不错！
冯梦龙传奇,这种电影题材应该鼓励，虽说算不上好看，但已经相当良心
冯梦龙传奇,剧情转折虽虚，人物形象倒是比较饱满的。
冯梦龙传奇,演了还没十分钟。冯梦龙称呼自己子犹，同僚称呼其梦龙兄。尼玛，这么不严谨。
冯梦龙传奇,不知道为什么，影院现场的声音有很大问题。看完感觉没什么亮点，没什么突出的地方。
冯梦龙传奇,正剧，立功。为民行事。没什么亮点。多一星给阎维文，演电影还算沉稳，演绎角色合格。
冯梦龙传奇,就算是主旋律也是很不错的主旋律
冯梦龙传奇,这类影片应该是当地政府推广文化而立项成型，总让阎维文老师演倒是别开生面。电影没太大趣味，反正就是不断堆砌正面形象，不过如果没有这种计划型影片，冯梦龙这个历史人物可能不会和荧幕结缘，不失为一种功德。
冯梦龙传奇,会写名流千古的文章已经很了不起了，还挺会治理一个县城，确实优秀的人从不轻言放弃，做一件事就会把一件事做好，差劲的人除了找各种借口，就只会怨天尤人
冯梦龙传奇,人物传记拍成这样有点失望
冯梦龙传奇,其实还可以啊
冯梦龙传奇,六十一冯作家，为官一届，造福福建寿宁，抗倭寇，除匪患虎祸的故事
冯梦龙传奇,名叫《冯梦龙在寿宁》更合适。全片呈现一种电视电影的水准，景致颇好，可惜官方字幕不用心，错别字不少。例如“畜生还怕杀害”，字幕打成“出生好怕杀害”，诡异的是配音也念错了，可见原脚本就是错的。故事也是才子佳人、青天老爷的老套路。总体只能说刚及格。
冯梦龙传奇,主演一般般。色调不错，也喜欢那种并不太标准的各色官话。
冯梦龙传奇,冯梦龙是一个很厉害的人，但是这个电影拍摄的，乏善可陈。整个电影拍摄的中规中矩，有点像中学生应试作文。这本身是一个可以拍摄的更好的电影，不知道是不是因为制作经费不够。
冯梦龙传奇,其实还可以的。
冯梦龙传奇,让我了解了这个人
冯梦龙传奇,阎维文那张正义凛然的脸歌唱歌演戏都是一身正气，算及格吧。
冯梦龙传奇,单讲了他4年当官的经历，文学成就一笔带过，居然好意思说是冯梦龙的传奇-_-!
冯梦龙传奇,真是传奇
冯梦龙传奇,看完觉得冯梦龙是个优秀党员。政治非常正确，但历史剧总应该在历史中才对。
冯梦龙传奇,服装，画面，配乐都及格，缓缓道来，看着很舒服。
冯梦龙传奇,好无聊(~_~;)
冯梦龙传奇,零零碎碎，不够完整
冯梦龙传奇,勉勉强强，能看，增长知识！
冯梦龙传奇,冯梦龙[1]  （1574年—1646年），字犹龙，又字子犹，号龙子犹、墨憨斋主人、顾曲散人、吴下词奴、姑苏词奴、前周柱史等。南直隶苏州府长洲县（今江苏省苏州市）人。明代文学家、思想家、戏曲家。
冯梦龙传奇,冯梦龙以文传世，导演偏偏要以他短暂的为官生涯当做创奇，不得不说视角很精妙，他在所编撰的众多名著中，体现出的思想观念，都在当寿宁县令四年的时间里展现出来了。难怪很多人都有清官好官情节，自己不用费劲，便可安享公平正义，殊不知将愿望寄托于一人的身上，是何其的不靠谱。
冯梦龙传奇,主演……
冯梦龙传奇,电视剧的感觉，寿宁为官四年 冯梦龙做了不少的好事，百姓的父母官
冯梦龙传奇,因为冯梦龙的文学造诣，以及清廉为民给个三星吧。说实话拍得真不咋样，情节简单粗暴。
冯梦龙传奇,朴实、平淡，摄影还不错，情节一般。拍摄地寿宁，
冯梦龙传奇,薄市长记得回大连吖！
冯梦龙传奇,军歌大家跨界之作
冯梦龙传奇,立言之后，冯梦龙的立功之举，试图探求为官之道。叙述朴实无华，形象饱满。
冯梦龙传奇,朴实无华，娓娓道来，还算不错。
冯梦龙传奇,中规中矩
冯梦龙传奇,平淡无奇的剧情，但是看着还挺舒服。
冯梦龙传奇,居然是阎维文演的，完全没看出来。昆腔很赞，道具组不给力，那只布老虎看起很尴尬啊。
冯梦龙传奇,在海口的旅店里看的，印象很深刻。
冯梦龙传奇,情节比较平淡无趣，好几个转场有点突兀，不过胜在服装台词不雷，看的出来导演还是比较用心的，已经很难得了~PS.刚开头冯梦龙出场有一瞬间左衽了，导演么有看出来吗？
冯梦龙传奇,总感觉这个冯梦龙下一秒要唱起《小白杨》
冯梦龙传奇,故事娓娓道来，却还是急了些，铺垫没怎好啊！
冯梦龙传奇,一般般吧。
冯梦龙传奇,阎维文演得倒是没啥问题，可是这剧本对得起冯梦龙的名字吗？作为文学家的事儿你不写，写当县令的四年吧，剧本的戏剧性又太强了，老冯命有那么大简直是有大神保佑…根本不像是真的。
冯梦龙传奇,拍的中规中矩，故事虽然平淡，没有大起大落，但是有好好讲故事，可以多少了解一点点冯梦龙之事，虽然多有虚构。三观用的还是现代人，诸多小事都是用现代人的想法去做，超现代不惜笔墨去刻画正派官吏形象，这不是拍当今官员马屁吗？明朝的腐败，是你无法想象，当代是有过之而无不及，但导演编剧不敢拍！
冯梦龙传奇,好官啊
冯梦龙传奇,2017080
冯梦龙传奇,还好
冯梦龙传奇,我党在大明王朝的杰出代表，久经考验的老当益壮跨界典型。
冯梦龙传奇,故事碎，没立起来人物，故事浅，还不如故事会有波澜；主角居然是阎维文，我深怕他蹦出一句小白杨。另外“姑苏汉子”，什么台词，你在逗我
冯梦龙传奇,三颗星。
冰上奇迹 Miracle,看完《红军冰球队》再看这个，还是没看出来美国队厉害在哪里，训练就是往返跑？影片开头倒是闪过了1972慕尼黑奥运上那场篮球赛。
冰上奇迹 Miracle,3.5看这片来为索契冬奥会预热，开头就快速剪辑美国近10年的颓唐表现，这一大堆烂事更是宣告美国精神岌岌可危，这次在纽约进行的奥运会注定被赋予不一样的意义，剪辑不错，比赛场面也不错，那时候还是业余运动员参赛，现在都是职业明星了 少了些精神与意义，10年美国决赛憾负，不知这次咋样
冰上奇迹 Miracle,美国的传记片，现在都成为典型的套路了，太模式化，太套路化，没什么意思，基本都是教练组建一支队伍，然后再说明下组建队伍的艰难性，队员的调皮性，获得胜利的不容易，然后总是在最后一秒绝杀，然后获胜，里面的冲突感觉都莫名其妙的，挖掘不够深刻和有印象
冰上奇迹 Miracle,美国人比较善于此类励志片，何况本片还是改编自真实事件。
冰上奇迹 Miracle,所有的hockey players都是gay级别的大帅哥。哈哈哈哈 美国的YY之作.
冰上奇迹 Miracle,类似的电影看多了，就没意思了
冰上奇迹 Miracle,竞技体育真是激情~世界杯，快来吧！
冰上奇迹 Miracle,借着冬奥会的契机看了 与时代环境的联系 很生硬
冰上奇迹 Miracle,美苏冷战时期在冰球赛场的对抗和共存，或许是那个时代终结的预示？想要赢得奇迹就要在每个时间都全力以赴，不能有任何水分和侥幸心态，以全力拼搏的心态去争取成功，才有成功的可能。首先库尔特拉塞尔教练是冷酷的，其次，教练是有情的，第三，教练是一心追求胜利的。结果证明了这一点。
冰上奇迹 Miracle,英语课看的。很典型的阿尔家的励志片。把露西亚家的小伙子们妖魔化得厉害。
冰上奇迹 Miracle,跟俄国人比起来煽情手法稍微高超，苏方英雄17号哈尔玛洛夫只有背影出场。
冰上奇迹 Miracle,就电影来讲，拍的没什么激情。最后苏联的比赛就是craig用手挡住了，craig用脚挡住啦，craig用球杆挡住啦blabla
冰上奇迹 Miracle,本来想趁着冬奥会的热度看看此片应景，怎奈何最近看了太多体育励志片对这部提不起兴趣了，总归就是一个教练遇上一堆难以对付的队员但最后队员被感化等等。而且电影前期政治渲染太浓了，看的时候脑子里一直有一句话在飘——‘‘奥运会是披着体育外衣的政治游戏’’，就算是事实也让我觉得好丧气，不喜欢
冰上奇迹 Miracle,还可以啦，就是太长了，而且到高潮转折的太快了，并没有其中的过程。
冰上奇迹 Miracle,充满期待的看了，可惜。。大概是对冰球不感兴趣的关系
冰上奇迹 Miracle,说点看电影时候的事吧   在学校阶梯教室看的  影片结束时主办方尴尬的掌声 其实不是对放映者不尊重  只是没有必要对电影本身鼓掌   完全可以先说明一下嘛
冰上奇迹 Miracle,竞技体育有种让你为之痴狂的魔力。
冰上奇迹 Miracle,也没看出团队啊....90%的功劳都是守门员的
冰上奇迹 Miracle,这是5年前我给我的学生放过的第一部电影，效果很不好，学生们看完之后除了一句“again”之外，什么都没记住。不过我记得在1980年的冬奥会上，一群美国大学生在主场盐湖城，击败了世界上最好的冰球队，创造了奇迹。
冰上奇迹 Miracle,灰姑娘体育励志电影，中规中矩。6
冰上奇迹 Miracle,呵呵，一部美国主旋律的电影，但是看到最后还是有点小激动，电影中的音乐设置的也不错
冰上奇迹 Miracle,太白人主义了。。
冰上奇迹 Miracle,虽然拍得热血，但明显丑化欧洲队神化美国队，又一部励志体育片而已
冰上奇迹 Miracle,一群帅哥···
冰上奇迹 Miracle,在后9·11时代的美国，仍然需要一种力量来激励人民的斗志与国家荣誉感，赢得最后的荣誉#好莱坞煽情的方式总是相对比较“含蓄”的，可以让你在不知不觉当中融入进去。因此，即使是作为一个非美国人，也很容易随着影片情节的推动感受澎湃的热情冲动。有的时候，这种民族的荣誉感的传达，是不分国界的
冰上奇迹 Miracle,后半部分不错。
冰上奇迹 Miracle,标准套路。
冰上奇迹 Miracle,很热血，就是把苏联人弄的太脸谱了
冰上奇迹 Miracle,太TM美国主旋律了~~
冰上奇迹 Miracle,补mark 如果不提就完全忘了看过这部电影==
冰上奇迹 Miracle,电影呈现出来的群像气质却因为中国观众对于那段故事认识的缺失而没有投入，对于冰球运动的认识不够，很难全情投入到比赛的燃情中。
冰上奇迹 Miracle,给人印象深刻的是教练。涉及到国家荣誉，绝处逢生，觉得剧情上弱了一点点。
冰上奇迹 Miracle,体育励志片
冰上奇迹 Miracle,对于苏联队的强大的描写太抽象，所以之后的战胜也不觉得有奇迹。
冰上奇迹 Miracle,平平吧。
冰上奇迹 Miracle,迪斯尼出品的体育励志片，中规中矩
冰上奇迹 Miracle,热血篇
冰上奇迹 Miracle,单纯一点就很容易感到幸福。
冰上奇迹 Miracle,算是比较有代表性的美国体育电影咯。
冰上奇迹 Miracle,最终还是个人英雄主义啊
冰上奇迹 Miracle,四平八稳的电影，通俗的热血体育片，但故事是真实事件改编，自然就增强了电影的说服力。不懂冰球，所以也不清楚体育场面的呈现水平到底如何，
冰上奇迹 Miracle,终于看了
冰上奇迹 Miracle,哈哈，美国的主旋律电影～
冰上奇迹 Miracle,中规中矩的一部美国励志片
冰上奇迹 Miracle,last 30 mins!
冰上奇迹 Miracle,为国而战，奥运奇迹
冰上奇迹 Miracle,小时候看过，感觉有点假
冰上奇迹 Miracle,2019.3.6 北京 和吱吱
冰上奇迹 Miracle,"论好教练的重要性
"
冰上奇迹 Miracle,"美国历史上最重要和最激动人心的比赛之一。故事很励志。电影一般。
"
冰上奇迹 Miracle,他们热血沸腾，我却镇定自若！
冰上奇迹 Miracle,模式化的励志套路，模式化的苏联人。
冰上奇迹 Miracle,比较大众的励志片
冰上奇迹 Miracle,关于梦想
冰上奇迹 Miracle,不太懂冰球这项运动。
冰上奇迹 Miracle,要他妈是女子冰球我能挺爱看 一片流水账
冰上奇迹 Miracle,魔鬼训练好可怕。
冰上奇迹 Miracle,美国精神宣传片
冰上奇迹 Miracle,体育精神，拼搏，坚持。
冰上奇迹 Miracle,🏒️
冲出康普顿 Straight Outta Compton,中国人就不用拿这个片子装逼了，因为讲真的，这就是一部美国人对二三十年前一切的怀旧，所表达的绝大多数的中国人都无法感受那个年代洛杉矶黑人的状态与思想。所以一不带纯敬之情看，就觉得是流水账了。
冲出康普顿 Straight Outta Compton,一般，特么还拍那么长！
冲出康普顿 Straight Outta Compton,固然小伙子们欲打破社会恶习的勇气可嘉，但黑人散漫的习性还是一漏无疑，更何况在巨大的利益面前。
冲出康普顿 Straight Outta Compton,蛮平庸的传记片，也是不懂这么高分的理由。。。
冲出康普顿 Straight Outta Compton,三星半吧。黑人版《美国合伙人》，洗白洗的有点过了。前半段明显好过后半段。
冲出康普顿 Straight Outta Compton,利益纷争在哪都有，如果没脑子在那都是被利用。那些主动来帮你处理财务助你发展的一般都是有经济头脑的人，他们未必是诚心帮你而是利用你赚钱。
冲出康普顿 Straight Outta Compton,两星半
冲出康普顿 Straight Outta Compton,1.西海岸政治说唱原来是这样的精彩；2.最后彩蛋看到Lamar好开心，原来狗爷年轻时候和现在真的没什么区别哈哈；3party场面令人大开眼界；4.比讲BIG和Tupac那部稍稍不那么流水账一些，5.至今看过的黑怕传记还没有超越[八英里]的，总是流于事件+时间线，精神的探讨总是诉诸于愤恨之内，拍黑色电影不行？
冲出康普顿 Straight Outta Compton,就直接找专辑来听就好。什么时候老外也流行死者为大这一套了？
冲出康普顿 Straight Outta Compton,7分。本片导演是曾拍出了《偷天换日》、《守法公民》等佳片的F·加里·格雷。在本片中，他把焦点放到了N.W.A这个传奇乐团上，比较完整地展现了乐团的始终，夹带着对不公的抗争、对梦想的最求。2015年比较精彩的表演群像之一。
冲出康普顿 Straight Outta Compton,我真是不明白，为什么这么酷的题材要拍成那种无聊的冲奥八股文样式，虽然N.W.A写了很酷的音乐，但这片实在是不够酷啊，尤其是巡演后的情节，真可谓是急转直下支离破碎。真想把阿伦索金、AGI和拍《爆裂鼓手》的那家伙找来，把这片弄成那种超炫的Backstage drama。
冲出康普顿 Straight Outta Compton,片子一般。音乐也一般。自己拍自己，洗太白了，没意思。唯一贡献是，多了解了一些匪帮说唱的历史。原创剧本奖肯定得不到。battle从来就不会令真正的rapper生气，大家只是觉得有趣。
冲出康普顿 Straight Outta Compton,大晚上居然看完了，然后有点后悔了，看到半小时就感觉此片没有多大意思的，想必一个原因牵着我看完了，那就是导演将导速度与激情8
冲出康普顿 Straight Outta Compton,好或不好都是一段传奇经历！
冲出康普顿 Straight Outta Compton,不了解美国黑人说唱界的历史，不过光看电影就有一种洗白的感觉。
冲出康普顿 Straight Outta Compton,很奇怪为撒黑人为撒现在那么红，节奏给力么，算是了解一下黑人音乐吧
冲出康普顿 Straight Outta Compton,后半程明显无力 小打小闹过于频繁 减半小时会好不少
冲出康普顿 Straight Outta Compton,我这种对说唱饶舌一窍不通的门外汉看着比较无感，近3个小时又长又碎，Rap听着就是怒火加欲火，满嘴飙脏话。IMDb的高分想来不是对电影的赞誉而是缅怀过往情怀。
冲出康普顿 Straight Outta Compton,NWA没大红之前其实挺酷的
冲出康普顿 Straight Outta Compton,看的導演剪輯版。跟《好傢伙》類似的敘事風格來描寫一段往事，流水賬的同時不失觀賞性
冲出康普顿 Straight Outta Compton,关于梦想，也许没有切身经历过，所以不能理解他们的反抗方式。
冲出康普顿 Straight Outta Compton,硬生生把格局挺大一个故事拍成流水账了……
冲出康普顿 Straight Outta Compton,★★★☆
冲出康普顿 Straight Outta Compton,可惜对嘻哈不是很了解
冲出康普顿 Straight Outta Compton,dr. dre
冲出康普顿 Straight Outta Compton,脸盲症太要命
冲出康普顿 Straight Outta Compton,想表现的东西太多
冲出康普顿 Straight Outta Compton,一般般吧
冲出康普顿 Straight Outta Compton,怎么就拍了这么长。92洛杉矶暴动以及艾滋故事的代入顿时让剧情有了时代气息，可惜对这样的说唱团体实在是无感
冲出康普顿 Straight Outta Compton,太长了。。。
冲出康普顿 Straight Outta Compton,3.5/
冲出康普顿 Straight Outta Compton,第一次看这种纯黑人片儿 情节一般 感觉会煽动一些无知少年的莫名反抗心理 
冲出康普顿 Straight Outta Compton,N.W.A
冲出康普顿 Straight Outta Compton,略一般。準備把8miles補起來
冲出康普顿 Straight Outta Compton,那段历史可以了解一下。
冲出康普顿 Straight Outta Compton,关于一个乐队的大事记。凌乱的叙事线头，总结不出什么东西出来。尤其是音乐里的东西。
冲出康普顿 Straight Outta Compton,音乐不错…
冲出康普顿 Straight Outta Compton,24岁之后不怎么听rap了，compton我现在也不敢去；dre一直像个乖学生；导演评论音轨说west coast rap on lyrics， east on flavor；
冲出康普顿 Straight Outta Compton,有必要近三个小时么
冲出康普顿 Straight Outta Compton,这rap听的我真辛苦啊
冲出康普顿 Straight Outta Compton,里面有一首很熟，以前打街球常听
冲出康普顿 Straight Outta Compton,不是我的菜
冲出康普顿 Straight Outta Compton,This shit is dope
冲出康普顿 Straight Outta Compton,"great story, but awfully told"
冲出康普顿 Straight Outta Compton,各位听我说一句，喜欢黑人音乐、黑人历史的爱好者这部电影千万别错过，由于我对这些方面了解不是很深，所以对这部作品是有折扣分的，里面的嘻哈真心棒，听着过瘾，但是剧情在我眼里就显得有点冗长，还是要有爱好深的人才能理解这部电影的好看。
冲出康普顿 Straight Outta Compton,三星+
冲出康普顿 Straight Outta Compton,我说怎么演ice cube的演员那么像本人，原来是亲儿子，虽然对他们本身不了解不感冒，但片子还是完成的很好。
冲出康普顿 Straight Outta Compton,很平的传记片，没经历过1980年代美国的话难有代入感
冲出康普顿 Straight Outta Compton,偏流水账，snoop和pac只是为了出现而出现
冲出康普顿 Straight Outta Compton,黑人文化 理解不来
冲出康普顿 Straight Outta Compton,美国加利福尼亚康普顿当年一群年轻人从街头混混成长为匪帮说唱歌手又各自分开的故事。算是传记类电影，但是整个片子看起来并没有体育或者政治类传记电影突出人物奋斗的过程，所以没有什么可以值得说的地方。以及整个故事距离中国普通观众比较远，所以感受一般。
冲出康普顿 Straight Outta Compton,不太听嘻哈和说唱，抛开真实的是是非非，算是一部合格的传记片
冲出康普顿 Straight Outta Compton,中国的嘻哈音乐发展很不成熟，看到电影里的一切难免有些生意，不过一个嘻哈音乐爱好者会有很深的感触，这来自怀旧的情怀。回到电影，讲的还是合作和分裂，值得肯定的是讲得生动，插入种族歧视的历史问题，警告了爱滋的危害。NWA就是美国说唱界的缩影，有天赋的创作，缺乏理性的思考。
冲出康普顿 Straight Outta Compton,黑人口音实在hold 不住… 全片只听懂了各种fxxking
冲出康普顿 Straight Outta Compton,"不是处于那个时代，就很难用正确的价值观去评价这只黑人说唱组合。他们厌恶歧视，也自我歧视，他们仇恨暴力，也宣扬暴力，他们憎恨背叛，却活在谎言之中，粗鲁直白的说唱成了他们对现实最无力的呐喊，也让他们触碰到了原本遥不可及的梦想。
、"
冲出康普顿 Straight Outta Compton,一部传记片拍成这样也就是还行吧
冲出康普顿 Straight Outta Compton,黑叔叔玩艺术吊打全世界！！！但读书少绝对是弱点！！！这是音乐传记片！！！我看的未剪辑版！！！
冲出康普顿 Straight Outta Compton,依旧对于街头帮派说唱理解不能，这不都是自己作的么。。。。看到评论里有人说这是街头说唱版小时代实在太好笑了。。
冲出康普顿 Straight Outta Compton,对RAP完全不了解，看的一脸懵逼，给个中立分儿吧
冲出康普顿 Straight Outta Compton,技法不错啊 片长剪掉20分钟比较好 还是对说唱无感
冲出逆境 Antwone Fisher,没有任何出彩的亮点，好在俗的温暖。
冲出逆境 Antwone Fisher,電影頻道　　能撥原聲電影嗎　
冲出逆境 Antwone Fisher,最近看的几部都有NB的心理医生，医患关系也是相当NB的互相治疗，hoho
冲出逆境 Antwone Fisher,勉强及格，虽然故事是编剧的真实经历，但起承转合基本全是套路。丹泽尔华盛顿的导演处女作，他能调动的资源没问题，电影看上去很流畅，但演员出身的话必然更喜欢镜头贴的近一点，在执导表演环节华盛顿是合格的，其它的贡献不明显。前半段肯定是痛说家史跟互相成长没新意，后面的寻亲两场戏还挺新鲜。
冲出逆境 Antwone Fisher,一般，凑合，danzel的自导自演，还是算比较乏味的片子
冲出逆境 Antwone Fisher,演Antwone生母的，居然就是Doubt里面的那位。此人默默无闻而貌丑，但是演技惊人！
冲出逆境 Antwone Fisher,"“In memory of my father ,Edward Elkins ,whom I never had the pleasure and the honor to know.”
                                  ——————Antwone Fisher"
冲出逆境 Antwone Fisher,濑户之花嫁25结尾预告26.题目正是冲出逆境。翻译的人说该片对处于艰难时期而无法解脱的人有很好的励志作用。2010年5月16日万8点看完。挺平静安逸的一部片子。虽然男主老打人。领养的一家很黑暗，不过不知道是不是看多的缘故，一点都有没暴力的感觉，主调是流淌的水。
冲出逆境 Antwone Fisher,每一个转折都感觉很突然，太刻意
冲出逆境 Antwone Fisher,"the 116th in CDUT, 3rd April 2006, @3208, Glenn's class"
冲出逆境 Antwone Fisher,主题：关爱他人，善待自己。花絮：编剧就是Antwone Fisher，丹泽尔华盛顿自导自演
冲出逆境 Antwone Fisher,一部普通的片子，但在安东尼·菲舍尔念诗和找到生母问问题的时候，楞是把我弄哭了。好想听听他生母的回答啊，谁知道她一个字也没说。
冲出逆境 Antwone Fisher,影片有点沉闷，不过作为小丹的导演处女作，的确是合格的~
冲出逆境 Antwone Fisher,“谁会为小男孩哭泣，他在我心中哭泣”
冲出逆境 Antwone Fisher,妈逼的每个励志片儿里都得有个贵人，我们上哪找贵人去
冲出逆境 Antwone Fisher,Antwone.Fisher.冲出逆境.双语字幕.HR-HDTV.AC3.960X528.x264-人人影视制作.avi
冲出逆境 Antwone Fisher,几秒钟而已，Viola Davis的演技堪称可怕。片子告诉我们即使你在最糟的时候，也会有人愿意向你伸出援手，这是幸运，更幸运的是你同时帮助了对方。偏向励志的传记片。 74
冲出逆境 Antwone Fisher,情节设置有点做作 最后的煽情有点假
冲出逆境 Antwone Fisher,华盛顿在导演席的首次出场相当靓丽，自己挑了一个很稳不错的角色，而节奏控制后半段做的很棒～遗憾的是没能在主题方面进一步升华，不过在第二次导伟大辩手时候就做的很棒了
冲出逆境 Antwone Fisher,不能说是无聊，但确实没什么味道，太心灵鸡汤，太刻意，太用力
冲出逆境 Antwone Fisher,影片是2000年的 但是看上去真老 心理学上看得
冲出逆境 Antwone Fisher,动用航空母舰来拍这同题材，未免有些浪费吧
冲出逆境 Antwone Fisher,找到家的感觉真好！2o13.2.26下载，2o19.2.9于田村山南路
冲出逆境 Antwone Fisher,大学生心理健康课上老师给大家放的，刚开始时一片金黄的田野和风声，我当时还以为是《白鹿原》因为没有戴眼镜。电影节奏很慢，故事的主线情节及冲突也不复杂。不过公教楼可以在某个傍晚一个人跑去拉上窗帘，坐在里面看自己喜欢的电影。想想真是棒。
冲出逆境 Antwone Fisher,刚看完影片的时候，我默默地觉得fisher的运气真是XX的好啊！到晚上标记影片的时候才觉得，是他自己，从来没有放弃过争取和希望。
冲出逆境 Antwone Fisher,受虐环境下长大的孤儿加入海军后有些暴躁冲动被勒令去见心理医生。故事有些单薄，小哥心理受损的不健康状态展示不足，其暴力一面有些没来由，医生的帮助也就无从说起，反觉美国海军真是有够耐心。不管怎样，孤儿最终被一大家子接纳还是让人觉得很暖心。★★★☆
冲出逆境 Antwone Fisher,三星半。我们要做的只是驱除心魔。
冲出逆境 Antwone Fisher,一个被抛弃继而被虐待的孩子，流浪后进入海军服役，不安全，被压抑，易被激怒。经过心理医生的疏导、帮助，还有心爱姑娘的青睐和陪伴，终于让他逐渐愿意面对曾经的伤痛，去追寻自己所受的痛苦的原因和那梦中的家园。最后得偿所愿，释然。
冲出逆境 Antwone Fisher,可贵源自真实
冲出逆境 Antwone Fisher,跟心理有关 这是狮子座的劫难 CCAV-6该死的这个也要删节 你他妈的毁了整部电影 完全不连贯 you'll always be there翻译成你永远都在那儿！！老子要崩溃了所以祝你收视崩溃！！
冲出逆境 Antwone Fisher,这种环境下长大的孩子居然没变坏，真不容易啊！心理医生也不是那么好当的。
冲出逆境 Antwone Fisher,拍的不错，但不很喜欢
冲出逆境 Antwone Fisher,东不L竟然说他看哭了，我费解，没什么意思
冲出逆境 Antwone Fisher,疗伤片，节奏太慢啦！
冲出逆境 Antwone Fisher,对于这类电影，总是难以理解。
冲出逆境 Antwone Fisher,宽恕你的家人。
冲出逆境 Antwone Fisher,鼓励性故事偏俗，想要成为经典却缺突破少细节哪怕是整个故事来说；每件事都不出意外，表现不深
冲出逆境 Antwone Fisher,结尾不能生这么掰，如果是这个结局，这一大家子怎么会这么多年都不找他。
冲出逆境 Antwone Fisher,就不该下这样的闷片，存了N年，总算可以删了
冲出逆境 Antwone Fisher,关于心理治疗的电影，不只强调治疗师的启蒙意义，更是突出卢克饰演问题青年本身的良知和决心。剧本颇让人觉得俗气，可贵的是俗的温馨。
冲出逆境 Antwone Fisher,很。励。志
冲出逆境 Antwone Fisher,最近在温习华盛顿的作品 显然这部导演和主演之作少了些震撼 看不到他那种有气势的 又有点痞的说话的样子 总体还是不错的 故事头尾有点扯 没孩子夫妻不和谐 有可怜的孩子 所以互相治愈 不是那么抓人 故事本身
冲出逆境 Antwone Fisher,看到在想追求却又不敢，那种心情会很痛吧。小心翼翼，可是内心渴望。被虐的小孩真的很受伤。
冲出逆境 Antwone Fisher,丹泽尔为自己的种族发声，精神可佳。
冲出逆境 Antwone Fisher,当演员不赖，当导演一般啊。
冲出逆境 Antwone Fisher,nice story
冲出逆境 Antwone Fisher,剧本挺好，就是稍微长了一点儿。
冲出逆境 Antwone Fisher,虽然感人，但是就是那种你知道就是为了让你感动的片子。。。
冲出逆境 Antwone Fisher,多年前看的，记得看到一半就放弃了
冲出逆境 Antwone Fisher,好久没有喝过这么醇厚的鸡汤
冲出逆境 Antwone Fisher,他可以做到，希望你也可以
冲出逆境 Antwone Fisher,soso
冲出逆境 Antwone Fisher,学校推荐的片😒
冲出逆境 Antwone Fisher,心里医生决定成长命运
冲出逆境 Antwone Fisher,"剧情有些老套，是一部中规中矩的剧情片，剧情的推进还算正常，导演的叙事掌握还算全面。看完就删除了，没有打动我，你呢？剧中的诗不错--谁会为小男孩哭泣 
　　他迷失又孤寂 
　　谁会为小男孩哭泣 
　　他完全被抛弃 
　　谁会为小男孩哭泣 
　　他独自哭着睡去 
　　谁会为小男孩哭泣 
　　"
冲出逆境 Antwone Fisher,美国温情主旋律
冲出逆境 Antwone Fisher,后面40分钟很糟糕
冲出逆境 Antwone Fisher,普心课上看的，虽然剧情蛮普通但是还是挺动人的。幸存者偏差是不可忽略的，温柔的女友、耐心的心理医生甚至生父的亲人们、海军的工作机会都是幸运的方面，而这些东西其实都很奢侈。
冲出逆境 Antwone Fisher,嗯，主角走路姿势欠打😂又是一碗浓浓的鸡汤。。。主角走出家庭阴影最后圆满团聚。。。我不知道为什么医生会对一个病人投入这么大精力？还有医生的家庭发生的事儿让人有些困惑。。。有些理想化吧。。。三星走你最多三星半可惜不能打半星。。
冲出逆境 Antwone Fisher,我简直没看懂
冲突 Serpico,中国官场潜规则第一条：淘汰清官
冲突 Serpico,此片的结构较为松散，对于警事刻画也较单维，影片伊始主人公就明确拒绝参与殴打嫌犯，演过一个小时之后还在重复不肯同流合污？“要么躺尸河床，要么忘掉此事！”……导演并没打算深入刻画角色，他只是借弗兰克遭排挤多部门调动的遭遇引出当时警腐状况之严重和普遍。此外男主家族关系与爱情生活的刻画也是浮光掠影式。应该说，吕美特是一位极擅长短时群戏高能揭批的导演（十二怒汉热天午后电视网路），可真要把与组织决裂的特立独行个体拍成相当时间跨度的人物传记？明显就不如斯科塞斯了——对比一下《好家伙》。
冲突 Serpico,这应该是西德尼·吕美特和阿尔·帕西诺的第一次合作，两年后他们合作的经典《黄金万两》则更为人们所熟悉。一开始还以为这只是普通的犯罪片，没想到这个讲卧底警察的片子还很有野心，算一部带传记性质的片子，根据真实事件改变。美国电影喜欢揭警察的短，这部也不例外。结尾曲还让人有点伤感的说
冲突 Serpico,the editing point of Openning sequence. Man against system. But I like Dogday Afternoon
冲突 Serpico,独行的个体。电影中规中矩。
冲突 Serpico,和《大审判》一样，有写实性的疏离和冷峻，细节还原也很逼真，主演都是隐而不发，直到最后表演和情节才同时迸发出高潮。不过整个过程过于平淡，所以并不是最顶级的西德尼吕美特风格。
冲突 Serpico,有所坚持。没有任何坚持的人，就像狗屎，一文不值。这部片子真的很没劲，看在漂亮AL的面子上还是三星吧。不过那时他的气质还没出来，衣服和胡子也太拖拉了点儿。但一切都遮不住他五官的魅力。
冲突 Serpico,相当正面的形象，美国式的英模警察，一个相当正直（偏执）的形象。
冲突 Serpico,Al Pacino表演真心出彩，虽然是根据真实事件改编，但剧情还是有些混乱。
冲突 Serpico,普普通通的类型片，没有任何惊喜，甚至都不期待结局
冲突 Serpico,11.8 洪流中的正直意识总是无助而孤独的
冲突 Serpico,Sidney Lumet & Al Pacino。还在想是那个人长的这么洋气，原来是年轻的帕西诺。故事本身有些冗长和复杂，但帕西诺的气质还是很好呈现。如果能够把这部电影建城1个半小时的，会更精炼一些。一个警察勇于揭露警局内部腐败的老套故事，嘿嘿。这样的角色注定是孤独的，情感的描写也是轻轻带过。
冲突 Serpico,看过留爪。没有想象中的好，不过老帕的表演很动人，发现他在演教父之前可塑性很强啊，拍好教父之后似乎表演被限制住了。吕美特拍的社会问题片的确不少，很喜欢他的电影表现出的立场。很多问题，偏右就会显得隔靴搔痒，偏左呢，又显得无脑愤青那般了。他的电影左右拿捏得很好，这点很是厉害！
冲突 Serpico,我只是去看阿尔 帕西诺的。镜头第一次扫过他时内心一震动。年轻的脸亦如第一部教父里麦克 冷淡而精致。serpico从外表到内心 由衷的与周围环境格格不入。从朝气蓬勃 到 遗世独立。al pacino一如既往的咆哮。为数不多的几段配乐，却让我情绪上产生共鸣，
冲突 Serpico,虽然故事不抓人，但是角色仍然立体出色。帕西诺黑帮也演得，警察也演得，而且一路下来给人留下的最深刻的印象恐怕就是咆哮。
冲突 Serpico,阿尔·帕西诺的咆哮式演绎，满脸胡子都那么帅啊。。。
冲突 Serpico,"重温2018.09.23
重温加一星。随着年龄的增长和阅历的丰富，越来越能理解Serpico的痛苦，也越来越钦佩他的坚持。"
冲突 Serpico,阿尔·帕西诺的表演还是能放不能收，个人气场压过整个电影营造的氛围
冲突 Serpico,好一般的电影，阿尔帕西诺仿佛在他主演的每一部电影里都与女性有激烈的冲突，主题现在来看太俗套了，就是一事逼看不惯警界内部的腐败然后把所有人都得罪光了，看不出哪里有特别之处~
冲突 Serpico,7。眼神逐渐失去光芒。把胡锡进那条微博套进这片里就更好玩了，“做人，还是要合群，跟随主流”。所以独善其身的人不是不存在，是不允许存在。
冲突 Serpico,前半段太过漂泊，性格刻画不明显
冲突 Serpico,一个人打不过一个环境。就是深深的无力感，不知道谁还值得信赖，最后还是靠记者曝光，从“体系外”解决了问题，可是真的解决了吗？工会或者规章真的管用吗？管用的话，也不会有CM第十季结尾那样的案子了。可能只是不那么明目张胆罢了。
冲突 Serpico,3.4星。和《大审判》一样，有写实性的疏离和冷峻，细节还原也很逼真，主演都是隐而不发，直到最后表演和情节才同时迸发出高潮。不过整个过程过于平淡，所以并不是最顶级的西德尼吕美特风格。
冲突 Serpico,3.2 圍繞一個人哺啦哺啦的扯故事還扯的不是特別清楚...反倒是最后終於攪和明白了。是要給Al Pacino秀演技用的吧...Lumet老先生果然是老實派的。
冲突 Serpico,艾尔帕西诺的造型很酷，但不觉得这部影片好看，，，
冲突 Serpico,后劲不足了，只有人物关系的改变和新的人物进来，主角其实一直在一个度上。
冲突 Serpico,7/10。吕美特流淌着新好莱坞的血液与锋芒，镜头灵活游荡在实景纽约，街道纸屑乱撒、同性聚集的厕所、黑人小孩玩消防栓喷水，不完美的现实对应不完美的英雄，癖好乞丐装、窜越楼舍的流氓气质突出主角的活泼个性，叙事不注重刻画他面对的险境、矛盾逐渐深化，转而放弃紧张感的营造去描写买狗等琐碎情节。
冲突 Serpico,闷啊闷，不过七十年代嬉皮士风格的衣饰真是好看
冲突 Serpico,道德洁癖
冲突 Serpico,即使是Lumet+Pacino的组合，碰到这种平平的剧本也是没辙了。描绘真实人物的小说改编，写实风十足但缺乏力度，人物形象塑造不算成功。更喜欢两年后二人合作的热天午后。
冲突 Serpico,"i am an actor,but i work for advertising agency....why we are not comfortable of what we are, why we feel so insecure of our identity ?"
冲突 Serpico,过誉，如果不是Al Pacino这部戏基本上废了一半，吕美特的内景戏处理得再出色都挽救不了这个缺乏层次和主题的剧本。
冲突 Serpico,嬉皮士阿sir
冲突 Serpico,还行吧，纪录了美国社会的一段历史。结尾平淡了点！
冲突 Serpico,在《热天午后》后本来很期待的“Lumet+老帕”组合，看了这个后却很失望，精致流畅的情节完全没有了，纯粹是老帕自身气场撑起了整个片
冲突 Serpico,又一个垃圾世界根本配不上一个金子般的心的人的故事。pacino每套服装嬉皮到极点，好看！
冲突 Serpico,帕西诺的变装秀。鲁迈特无疑为帕西诺确定了一个符号般的男性角色形象。无论这个男人是警探、黑帮、盲人、流氓还是白发苍苍的医生，他都始终保持着正直、偏执（躁郁）、易怒的个性以及难以倾诉的无力感。btw，20年后的《情枭的黎明》应该是参考了这部片子吧。
冲突 Serpico,散乱，老套，无聊。
冲突 Serpico,个人抗争体制的题材，见怪不怪了。片子太过于沉重，看得我昏昏欲睡……即便有再多精彩之处，由于昏昏，也不得而知了。可见黑爷说的话还是有他的道理。电影就是要有趣嘛。
冲突 Serpico,阿尔帕西诺此时的演技还略显突兀，整体故事拖拉，直到最后方才有了让人看下去的高潮点。总体来说，叙事完整，有可议性，但是可观性较差。所以3星。
冲突 Serpico,Serpico是有性格缺陷的，世界从来不是完美的，在理想和残酷的现实之间永远有夹缝，人也永远有选择。首先搞清楚什么对自己来说是最重要的， 是当警察的理想还是正直的品行，当两者不能兼容，次要的给首要的让路。在追求一件事情前，对其现状可能带来的结果应该有预先了解和判断，选择追求或放弃。
冲突 Serpico,独行侠的悲歌；“你对街头之事有良好的嗅觉，而我对政治有很棒的理解”；帕西诺狂暴起来真的精彩，天下无敌
冲突 Serpico,5本来想给三星。。发现是真实人物改编的。。加一星吧
冲突 Serpico,劣币驱逐良币的制度负筛选过程，手法上在新浪潮崇尚的自然主义与古典好莱坞之间摇摆不定，花了大概四十分钟展现主角无聊的生活状态，帕西诺当然是伟大的演员，但说到兼容性是真不如德尼罗，只要是他主演，一律carry全场，不给其他人留下多少发挥空隙
冲突 Serpico,三星半，阿尔帕西诺演戏风格确实独树一帜，塑造人物很不走寻常路。
冲突 Serpico,其实说的就是一个类似于卧底的故事吧？感觉剪辑很差
冲突 Serpico,那些心中有理想，做事有底线的人是有福的。推荐。
冲突 Serpico,true story怪圈...
冲突 Serpico,"每一次听到al pacino大喊大叫就烦躁。一部毫无代入感的电影。于我，更像是纽约风情画。-lost new york, syd aah"
冲突 Serpico,众人皆醒我独醉~
冲突 Serpico,我是al pacino脑残粉
冲突 Serpico,正义的嬉皮士大战衣冠禽兽们
冲突 Serpico,三星给阿尔帕西诺 故事不吸引人 拍摄技巧又不怎样 人名记不住人脸也记不住
冲突 Serpico,怎么觉得有点混乱呢~~
冲突 Serpico,教育意义大，电影本身拍得很一般。
冲突 Serpico,这导演。。。结束的时候总让我莫名奇妙的。。
冲突 Serpico,三星半。。。
冲突 Serpico,为什么外教放的时候我觉得有点无聊
冲突 Serpico,这种做法也使他身陷危机，因为他的同事们都与他为敌，且不时地陷害他。
冲突 Serpico,讲了一个故事，但是我却看得昏昏欲睡
凡高的生与死 Vincent,不如直接看书算了...
凡高的生与死 Vincent,他的内心，是一个孤寂和澎湃的世界。
凡高的生与死 Vincent,美术课，
凡高的生与死 Vincent,看得我差点睡着了，汗。
凡高的生与死 Vincent,如果不熟悉梵高生平的看此片肯定回迷失很多背景和细节。
凡高的生与死 Vincent,只有旁白，我真的差点睡着了。
凡高的生与死 Vincent,影视鉴赏课放的。（貌似是这个版本
凡高的生与死 Vincent,"The film instilled an unspeakable fear in me, a dark spectre, an inauspicious prophesy...But it will not be, and I shall triumph."
凡高的生与死 Vincent,他也喜欢金黄色.
凡高的生与死 Vincent,当我处于低估的时候就会想到梵高。
凡高的生与死 Vincent,像Discovery一样的纪录片 主要是采访了很多人 一般吧 不长
凡高的生与死 Vincent,不要看纪录片，因为总会有种后人仰慕伟人的感觉，不如看传记片，虽然免不了有些失实的细节，但至少是试图还原梵高原本的生活，更能让观众感同身受。
凡高的生与死 Vincent,没啥印象
凡高的生与死 Vincent,如果一次看完，神经受不住，分了两次。
凡高的生与死 Vincent,书信作为画外音，画作是图案，其实内容很适合作为ppt式的讲课内容！就当书看了！
凡高的生与死 Vincent,永恒的Vincent
凡高的生与死 Vincent,不如直接看梵高的书信
凡高的生与死 Vincent,不熟悉梵高，收获有限。2013.6.22
凡高的生与死 Vincent,6. <渴望生活>的影像版
凡高的生与死 Vincent,电影没有小说好看
凡高的生与死 Vincent,我的扭曲是不消逝的灵魂
凡高的生与死 Vincent,很难有电影纯粹的用蒙太奇连结的这么好，唯一两处剧情声拉紧节奏
凡高的生与死 Vincent,09.8.12.还好吧，这片子也就文艺小青年能勉强使自己看一下。老实说我不赞同这种电影拍法。只能说比较接近传记片的类型吧，但是又比较枯燥。电影应该有趣，应该讲故事，可能我就是那传说中的故事派，从小就把所有的书当作故事书来读。
凡高的生与死 Vincent,dear vincent…
凡高的生与死 Vincent,能把梵高拍得如此枯燥也實屬不易了。
凡高的生与死 Vincent,影院睡了半小时后醒来惊觉怎么还没完 朗诵画外音配风景 感觉像CCAV出的什么人物专栏 贴近梵高的灵魂？别扯了 别人的灵魂是无法贴近的 看这片还不如去看梵高的画 哪儿来那么多捧臭脚的 都洗洗睡吧
凡高的生与死 Vincent,印象不如传记或书信集深刻，有点像《亲爱的提奥》加入大量插图后的版本。没有对文森特生平的把握，恐怕它会变得很难懂而且有点无趣。不是很清楚为什么它被捧得那么高。
凡高的生与死 Vincent,大烂片。
凡高的生与死 Vincent,最伟大的艺术家。
凡高的生与死 Vincent,想多知道梵高人生的，看这片子绝对棒!
凡高的生与死 Vincent,浓浓的诗意
凡高的生与死 Vincent,Darren曾经也很喜欢的梵高
凡高的生与死 Vincent,所有台词都是自叙式的主观陈述，摄影机代替观众之眼的功能自然也是主观的，因此收入“眼中”的自然风景也应该是带有主观情绪的，比如影片的室外景物镜头，多数是平移的，就具有观众人眼的“瞭望”功能；以人眼观景的特性来摇动摄影机，证明摄影机是叙述者——文森特•凡•高的主观镜头。
凡高的生与死 Vincent,文森特从来没有like the others
凡高的生与死 Vincent,经受拷问的生活
凡高的生与死 Vincent,一直记得高中时候看过之后的震撼
凡高的生与死 Vincent,如果你喜欢梵高，必看这部片子，如果你对他的生平已经有一些了解，你会看得更投入。
凡高的生与死 Vincent,这不是部电影 是一个亲人的讲述
凡高的生与死 Vincent,生的痛苦/看他自杀真是种解脱/死后的荣名如隔岸观火/我们用仰望掩饰对他的冷漠
凡高的生与死 Vincent,"天才灵魂的作品。－做自己的缪斯！

真正的佳作，都是超越时代的．．．意义！直击灵魂"
凡高的生与死 Vincent,文森特的精神从少年就一直激励着我前行，痛苦的信仰！
凡高的生与死 Vincent,教材
凡高的生与死 Vincent,这个热爱生活的男人。这个迷恋yellow的男人。
凡高的生与死 Vincent,我们是大地上的朝拜者和陌生人
凡高的生与死 Vincent,想到他 脑子里出现的是大片大片的金黄 如生命般旺盛
凡高的生与死 Vincent,多年前看的
凡高的生与死 Vincent,以梵高的第一人称从头到尾地朗读那些书信和日记的内容，本以为是通过梵高之眼来观看，但是梵高本人却出现了两次，有些含混。但全片没有一点叙事的情节，而是复活了画家的那段真实生活，画家的所见，以及心路历程，成为了一部真实的“纪录片”。
凡高的生与死 Vincent,我爱梵高
凡高的生与死 Vincent,伟大的艺术家
凡高的生与死 Vincent,"电影中,VINCENT鄙视德加画10年的芭蕾舞女和赛马.被我听到了!"
凡高的生与死 Vincent,亲爱的提奥……
凡高的生与死 Vincent,初中时最喜欢的画家，没有之一。
凡高的生与死 Vincent,"很难受,什么也不想说"
凡高的生与死 Vincent,被打动了.....
凡高的生与死 Vincent,"“……所以，我想，霍乱、肾结石、肺结核、癌症可能是去天国的旅行工具，一如船、汽车和火车是地上的旅行工具一样。寿终正寝，就是慢慢步行到天国去的”——凡高 
很爱你。"
凡高的生与死 Vincent,需要複習
凡高的生与死 Vincent,"How you suffered for your sanity

一句对白都没有，一个人影都没有出现的纪录片，却看的人如此癫狂。"
凡高的生与死 Vincent,生平简介。。。= =。。
凡高的生与死 Vincent,想做梵高的眼目哪是那么简单，好与不好见仁见智，生造的绝望有时也可以慢慢津津有味起来，还是看画的缘故
凡高的生与死 Vincent,全部是至高无上的独白。一声枪响，结束绝望。可知多少世人知道你的存在，但不知道你的痛苦。
凯利党 Ned Kelly,希斯·莱杰还是比雷德·凯利多活了三年。
凯利党 Ned Kelly,他们用的一定是廉价伪劣子弹...
凯利党 Ned Kelly,OST推荐
凯利党 Ned Kelly,"绿林好汉奈德·凯利的传奇一生
"
凯利党 Ned Kelly,學校的澳洲電影展看得，說實話不太記得了，因為全是19世紀的澳洲英文沒字幕啊。
凯利党 Ned Kelly,草莽英雄向來這般……
凯利党 Ned Kelly,5分
凯利党 Ned Kelly,怀念侠盗。
凯利党 Ned Kelly,历史细节考据仔细
凯利党 Ned Kelly,裸看
凯利党 Ned Kelly,官逼民反。
凯利党 Ned Kelly,再美的配乐，再美的莱杰，再美的开花，也拯救不了一个能把枪战拍得波澜不惊到同拍草间昆虫一个调调的导演！！
凯利党 Ned Kelly,演员很棒，剧情太过平淡。
凯利党 Ned Kelly,无聊无聊 千万别看
凯利党 Ned Kelly,澳大利亚的绿林汗，劳动人民对权势迫害的呐喊
凯利党 Ned Kelly,可惜可演员
凯利党 Ned Kelly,"Ohhh, had a hard time with the accent! "
凯利党 Ned Kelly,铁甲四勇士 fight for freedom！
凯利党 Ned Kelly,乱世英雄
凯利党 Ned Kelly,3.0/5 。纯粹缅怀希斯莱杰。16/12/26
凯利党 Ned Kelly,初见不识眼前人。于是，在后来的每一个或明媚或暗淡的日子，都会由衷赞叹、感激李安的慧眼。需要重看。
凯利党 Ned Kelly,还好。
凯利党 Ned Kelly,很无聊= =看这个片子纯粹是因为Orlando Bloom~唉唉人怎么可以这么帅
凯利党 Ned Kelly,中规中矩的影片。
凯利党 Ned Kelly,开花好看
凯利党 Ned Kelly,以前外教课看的。。。
凯利党 Ned Kelly,希斯莱杰的独白仿佛置身事外，平淡的故事，倒是配乐可圈可点。
凯利党 Ned Kelly,澳大利亚拓荒时期故事，典型的官逼民反的老桥段。奥兰多指环红的时候参演。
凯利党 Ned Kelly,准西部
凯利党 Ned Kelly,时间倒流 时空交叠 Ned Kelly和小伙伴们来到了北宋时期的梁山 也是能坐上一把交椅
凯利党 Ned Kelly,6.3 | 最怕欧美古装片 纵使heath 加上Orlando的卡司 也看的我想睡。。。
凯利党 Ned Kelly,很平淡无奇的传奇。
凯利党 Ned Kelly,拍得太平淡了，没有一个人物突出，包括主角=。=
凯利党 Ned Kelly,一些傻逼 牺牲兄弟
凯利党 Ned Kelly,当年澳大利亚老师给放的= =
凯利党 Ned Kelly,澳大利亚人物传记片，希斯·莱杰、奥兰多·布鲁姆 、杰弗里·拉什、娜奥米·沃茨，阵容很强大啊，可惜……不知道怎么说好了。澳大利亚导演好像都比较喜欢在画面中加拍一些动物的场景，也许是澳大利亚特色？！
凯利党 Ned Kelly,配乐挺好的但是太满，剧情很流水账
凯利党 Ned Kelly,ʕ•̫͡•ʕ*̫͡*ʕ•͓͡•ʔ-̫͡-ʕ•̫͡•ʔ*̫͡*ʔ-̫͡-ʔ，(*▔＾▔*)  这个电影，拍在他颜值最高的时候，可谓把握了脸部资源，当年那么喜欢开花，并不是没有道理。
凯利党 Ned Kelly,配乐明显比影片本身大气许多……应该是个好故事，但拍摄功力欠佳……
凯利党 Ned Kelly,突出年轻的思路是对的，拍的过于平淡。居然埃哲顿最好，因为形象这回和角色是统一的吧。哪国革命青年都得惦记地主家太太小姐呀。
凯利党 Ned Kelly,"excellent performance, LOUSY screenplay and direction, ugh!"
凯利党 Ned Kelly,怀念希斯莱杰
凯利党 Ned Kelly,还行，高潮点有点欠缺，同样是逼上梁山的故事，勇敢的心比较好看
凯利党 Ned Kelly,只为希思来杰。可怜的悲剧人物。同样都是20多岁就走了。
凯利党 Ned Kelly,看上半个小时你就知道这片当年为啥扑街。。。嫩花都挽救不了我点叉的心。。。
凯利党 Ned Kelly,囿于片长所制，显得单薄。如果将时间加到两个多小时或者更长，也许会将人物塑造得更加饱满。
凯利党 Ned Kelly,节奏太慢了，不过片子不错
凯利党 Ned Kelly,所以澳洲阳光的名儿是打这片里来的啊。。官逼民反民不得不反的故事，就是拍得有点平淡琐碎。。bloom还秀了句粤语噗噗，最后大家都死得挺让人唏嘘的。。
凯利党 Ned Kelly,Heath如果还在的话。
凯利党 Ned Kelly,两个我爱的人
凯利党 Ned Kelly,6/10。此类影片也就这意思了，揭竿而起啊、献身革命事业啊，标配的兄弟情和爱情所占比重并不大。又是对抗官吏的平民英雄，又是赢得敌人的敬佩，丑化某类人，塑造伟光正。架构上使用了常见的双重同构手法，片中一匹烈马因不驯被射杀，暗示了凯利的结局。枪战戏的拍摄角度单调、重合镜头极多，非常平淡。
凯利党 Ned Kelly,导演不想拍成波澜壮阔的故事倒也可以理解，又不是水泊梁山。但拜托在细节和心理描绘上丰富些会死吗。拍得也太单薄了。三颗星都是打给演员的。health演技真好，开花你……你能不要再挺胸过度了么orz
凯利党 Ned Kelly,商片  2个字
凯利党 Ned Kelly,heath死了。。
凯利党 Ned Kelly,冲着俩梦中情人看的。
凯利党 Ned Kelly,bloom讲canto比我好
凯利党 Ned Kelly,法外狂徒
凯利党 Ned Kelly,很有西部片的风格~
凯利党 Ned Kelly,开花和希斯莱杰一起干翻流氓ZF！【Superintendent是Barbossa
凯利党 Ned Kelly,如果不是帅哥才不会及格呢。。。
出棋制胜 Pawn Sacrifice,导演的功力不够就导致男主看起来只是个被害妄想症患者。
出棋制胜 Pawn Sacrifice,老蜘蛛侠托比贡献了一次绝佳的表演，成功塑造了这样一个妄想症的天才男主角。不过电影就没什么可说的，仅仅描述了男主角如何从神童变成棋王的过程，没有深度，没有探讨，也没有妄想症背后的隐情。
出棋制胜 Pawn Sacrifice,又一位困在自己大脑之中的天才。配角群戏好，Tobey有点过但比起基友小李还是高出不止一点，第六局结束直到结尾情绪收得非常到位。到底导演渣没办法啊，这么有趣的题材几乎全被乱七八糟的节奏给毁了（剧本也不怎么行），除了结尾救回来一点。要真是芬奇拍该多好…
出棋制胜 Pawn Sacrifice,话说，那个年代没有发明耳塞么？？不过找蜘蛛侠演一个对任何细微声音都异常敏感的角色，真的太对了，哈哈，托比马奎尔巨大的眼球表面，像雷达一样扫描着周围的空间，我就知道他的角色又犯神经了。但导演，你想表达什么呢，本该载入史册的比赛，你却导出来的像，在一堆各种吹毛求疵的要求后，我犯完神经，轮到你犯神经，然后，就赢了？冷战背景下本该精彩无比的对局，是不是太普通了，视野是不是太狭窄了？纵然片名起的意境深远《弃卒》（Pawn Sacrifice），好像和棋局计谋有关一样，电影却拍的让棋盘成了无聊的陪衬，哎~可惜了这么好的故事~
出棋制胜 Pawn Sacrifice,天才的某一方面才能过于突出，远超常人，随之而来的是深受另一方面的巨大缺陷的折磨
出棋制胜 Pawn Sacrifice,世界不需要这样的天才
出棋制胜 Pawn Sacrifice,such a pity...
出棋制胜 Pawn Sacrifice,把意识形态对立对集体潜意识造成的心理疯狂，集中到顶尖棋手这种处于精神尖端的人物身上展示出来效果不错。可惜主角受身边人物的关系影响方面还是安排的散乱了点，没美丽心灵条理那么清楚，也可能对极端聪明癫狂的人物确实是很难捉摸透吧。最后的对决集中在人物心理特写，没有和棋盘演示结合也比较可惜
出棋制胜 Pawn Sacrifice,令人厌恶的天才。
出棋制胜 Pawn Sacrifice,天才的精神世界怎么都在备受煎熬
出棋制胜 Pawn Sacrifice,太正常了所以觉得缺点什么。然后意识到Tobey Maguire都40岁了。。
出棋制胜 Pawn Sacrifice,7分。一个国际象棋天才的升起与陨落。Tobey Maguire这些年真没什么拿得出手的片了，好在本作还算可以。他是偏执的天才，却又爱财如命。奇怪的特性碰上冷战高峰时代的政治漩涡，让单纯的比赛带上了不少盘外的波折。可惜电影在这点上投入过多，导致真正棋盘对决的魅力没有体现出来。
出棋制胜 Pawn Sacrifice,也许世界上还有许多纳什那样的人物，但这些人再不可能成就另一部《美丽心灵》了。所以这种拍法的传记片，总不免要被拿出来相互比较，并没有更出色便是很糟糕，就是这样。
出棋制胜 Pawn Sacrifice,男主看起来像是个被害妄想症患者
出棋制胜 Pawn Sacrifice,一个疯子赢得了世界冠军的故事。任何棋类等智力型运动的冠军，脑子大概都有点不正常。太厉害的神经，注定要承受敏感的痛苦。电影中反倒是俄罗斯的高手一脸的坦诚样，不仅大方，而且优雅，把男主彻底影射成了疯子。话说看电影的开头，觉得男主的身世有问题，估计也是俄罗斯移民。这片子没啥好看的...
出棋制胜 Pawn Sacrifice,节奏不错 可惜故事真的太差了 感觉不到人物的天才性 只觉得很疯 托比演得也不是很好 除了任性还是任性 价值大概是一段还算ok的历史事件普及吧 可惜了
出棋制胜 Pawn Sacrifice,一个患有被迫害妄想狂的天才，托比马奎尔倒是很符合人物神经质特性。电影实在一般，表达出来的主角特性即使棋局上再厉害，性格行为也很让人讨厌，对弈部分也拍的不够精彩。意外的发现穿牧师服装的彼得.萨斯加德变的好帅啊。
出棋制胜 Pawn Sacrifice,觉得托比的演技一直都是被低估的，然而过于保守的编导让全片如费舍尔一般浮躁的同时还鼓吹着美式主旋律，也让本可以深挖如《美丽心灵》一般的男主精神世界显得就是一个自大的被迫害妄想症患者而已。
出棋制胜 Pawn Sacrifice,只是片面地塑造了一位患有妄想症的天才棋王，作为人物传记片还是有一点儿失败的，托比马奎尔演的很好，有种恰到好处的神经质。棋局上无声的刀光剑影加上棋局下荷枪实弹的冷战背景，多么带感的题材，可以拍的更好。
出棋制胜 Pawn Sacrifice,又是一个“疯子”天才。。。
出棋制胜 Pawn Sacrifice,太长了 我明白想表达他乖张 诡异的心理 但也篇幅太多了吧 天才到极致就是精神病果然不假
出棋制胜 Pawn Sacrifice,Bobby Fischer是我小时候唯一“崇拜”过的传奇棋手。我当时就喜欢怪人。把那本费舍尔全集翻了个遍，将他和彼得罗辛和斯帕斯基的每一盘棋都打了谱。毫无疑问，他是意识形态的牺牲品，但是棋也是一种语言，他和斯帕斯基在棋上的交流最后超越了政治.
出棋制胜 Pawn Sacrifice,三个礼拜前片头的based on a true story还能俘获我的注意力然而一连串看了几部true story对比维基词条里的信息我觉得这种当噱头的真实实则与被导演的真人秀无异。故事还不错。
出棋制胜 Pawn Sacrifice,"Sarsgaad这片好帅！尤其穿长袍！
整体还可以，最后一点感觉有点hold不住"
出棋制胜 Pawn Sacrifice,真心不想看到主角赢- -，真心诅咒主角不要赢。
出棋制胜 Pawn Sacrifice,已经和国际象棋本身没关系了，变成了冷战背景下赛事高度紧张情况下，一个精神病的心理战，其实看的很不耐烦，对他也没有同情，但是片尾真人录像片段一放出来，就让人很唏嘘了。
出棋制胜 Pawn Sacrifice,真是神奇的人生。。。影片节奏确实有点问题。。。
出棋制胜 Pawn Sacrifice,托比是个好演员。ps，天下早晚是精分的。pps，我说牧师怎么这么帅，原来是jake他姐夫
出棋制胜 Pawn Sacrifice,讲点干货啊。。。
出棋制胜 Pawn Sacrifice,一般吧。想把国际象棋拍的有趣也不容易
出棋制胜 Pawn Sacrifice,「极速风流」之于「出棋制胜」犹如诸葛亮之于周瑜
出棋制胜 Pawn Sacrifice,演员表现的好 别的没什么 向阿甘正传致敬
出棋制胜 Pawn Sacrifice,他明显是精神疾病的一种，典型的被害妄想症，得治！偏执，妄想，可以入心理学的教科书了！
出棋制胜 Pawn Sacrifice,感觉后面的故事应该会更有趣
出棋制胜 Pawn Sacrifice,喜欢这种调调的影片，只是剧情有些平淡，三星半
出棋制胜 Pawn Sacrifice,故事也没那么流水账，只是结尾仓促。对儿时的恐惧（门缝的脚步）与精神敏感、断片（跳剪）表现的还可以
出棋制胜 Pawn Sacrifice,干巴巴，谁来拍阿城的《棋王》？
出棋制胜 Pawn Sacrifice,""" People think there are all these options but there's usually one right move of course in the end there's no place to go "" Bobby Fischer"
出棋制胜 Pawn Sacrifice,插曲都很好听
出棋制胜 Pawn Sacrifice,挺无聊的说实话，只反映出了人物患得患失，智商和创造力完全被淹没
出棋制胜 Pawn Sacrifice,我就说怎么那么没有代入感，尼玛这不蜘蛛侠吗！！！
出棋制胜 Pawn Sacrifice,还行，我们可以拍一个更好看的
出棋制胜 Pawn Sacrifice,故事叙述与节奏感都有点乱。唯一让我惊喜的是看见了呆芬，可惜戏份太少。
出棋制胜 Pawn Sacrifice,略无聊，张力不足
出棋制胜 Pawn Sacrifice,演技不错。但是影片的叙述很平淡，没有展现出我原以为会有的国际象棋的乐趣。真实事件的改变也是令人心疼。
出棋制胜 Pawn Sacrifice,"天才疯子的故事，印象深的是门缝走来走去脚影的镜头，最想知道的是他和姐姐的情感，就像walter,至少有个信任的伴"
出棋制胜 Pawn Sacrifice,我非常认同把人物心理状态当做片子核心的做法，但导演没处理好费舍尔本身出心理问题的整个过程，节奏铺陈上有精进的空间。值得一提的是托比马奎尔，即便对那个时代并不了解的我，也觉得他演活了人物。
出棋制胜 Pawn Sacrifice,博弈的戏份少 不够激烈
出棋制胜 Pawn Sacrifice,棋盘上的东西还是不太好用电影表现
出棋制胜 Pawn Sacrifice,我都不知道在观影过程中翻几次白眼了....天才的性格好讨厌
出棋制胜 Pawn Sacrifice,旧时光里的英雄与梦。
出棋制胜 Pawn Sacrifice,没有剧情简介啊，豆瓣太坑了！
出棋制胜 Pawn Sacrifice,比极速风流差多了
出棋制胜 Pawn Sacrifice,在朋友的推荐下看了这部传记电影， 影厅里大部分观众都是老爷爷老奶奶，他们来看自己年轻时的英雄美国国际象棋大师鲍勃·费舍(Bobby Fisch)。Bobby本是单纯喜欢下棋的孩子，却因为当时美苏冷战的时代大背景，背负了太多的政治包袱，外界的关注和压力促使他得胜却也击垮了他的精神。时代的悲剧吧。
出棋制胜 Pawn Sacrifice,Tobey的表演挺不错的，剧情温吞水，一个好故事拍糟了
出棋制胜 Pawn Sacrifice,厉害人物果真不能近看，近看就是一个个讨厌鬼。
出棋制胜 Pawn Sacrifice,题材超级吸引，我不喜欢拍的方式。
出棋制胜 Pawn Sacrifice,这类天才似乎都是有些偏执，不可理喻，但这部片子来说拍的蛮一般的，中途有些想快进。
出棋制胜 Pawn Sacrifice,对于这样一个大师级人物我想许多人对于这部电影不是满意的，我想本片最大的遗憾是过分展现了鲍比的自负和心理缺陷，缺少更深层的挖掘。
出棋制胜 Pawn Sacrifice,同类似题材的影片太多，比如美丽心灵，而这个片子完全没有拍出一个才子的意味，而单单只是一个疯子。3星不能再多，希望题材能有点新意。
出水芙蓉 Bathing Beauty,小时候特喜欢上形体课跳芭蕾舞那段，长大了才知道也就那段能看。
出水芙蓉 Bathing Beauty,(#‵′)靠，是我最近电影看太多，还是我笑点真的越来越高了，怎么看这样一部经典喜剧片，我的表情时常是麻木的状态，还是这片子的笑料、创意在后来的电影看到不少：男扮女装、超龄插班生、男子芭蕾（大家最大的记忆点）……P.S.：男主的脸庞时常让我想起我朋友猪头；又听到童自荣爷爷的声音了！
出水芙蓉 Bathing Beauty,听力课上老师放的 瞪着屏幕 听着我实在难以辨认的音节 周围的同学笑的很欢快 我……
出水芙蓉 Bathing Beauty,原来上芭蕾舞课的那个片段出自此，从小还以为是憨豆呢。
出水芙蓉 Bathing Beauty,小时候看觉得巨逗 今天是不是太累了怎么觉得索然无味 最近觉得老电影也要慎看啊
出水芙蓉 Bathing Beauty,好吧，作为一个完全对歌舞喜剧片木有感觉的人，我还是不得不说，芭蕾课和传糖纸那段，真的是笑死我了~~
出水芙蓉 Bathing Beauty,[小学] 大家都记得泳池里的大腿
出水芙蓉 Bathing Beauty,"歌啊舞啊是一流
其他。。"
出水芙蓉 Bathing Beauty,每次都错失看的机会，都快对这片产生怨念了。。。　　　总算，看到了。
出水芙蓉 Bathing Beauty,比想象中差，原以为多经典呢，最后几分钟之前的主线看着窝火，朋友不忠老婆够呆，整篇的交响古典确是个这剧情，不过44年嘛，可以理解为为了在学校的笑料和会水的女主角而拼凑的剧情，但还是让人火大，还好够短。
出水芙蓉 Bathing Beauty,那个年代的电影果然有很多是现代很多技术型不能相比较的，喜欢那个年代的风格，那种经典的品味，还有很赞的歌舞高低音，很夸张的搞笑。
出水芙蓉 Bathing Beauty,……年代太久有隔阂...加上实在是太吵了。
出水芙蓉 Bathing Beauty,其实就一处经典镜头。。。
出水芙蓉 Bathing Beauty,男人穿芭蕾裙混入女人堆，小时记忆
出水芙蓉 Bathing Beauty,太久都忘了内容了，只记得女主角好看
出水芙蓉 Bathing Beauty,遥远的记忆了。。。。
出水芙蓉 Bathing Beauty,美人总是左右逢源，即便在病床上，仍能左手Gentleman，右手痴情男。
出水芙蓉 Bathing Beauty,最深刻的记忆就是男主掺和着去跳芭蕾那截了~~
出水芙蓉 Bathing Beauty,电影台看过，水上芭蕾是不错，故事没什么印象了
出水芙蓉 Bathing Beauty,乐器演奏者诡异的位移，画着大浓妆跳水游泳的演员，对女人起床后样子的尴尬模仿……那些昂贵的布景设计，费尽心思的水下摄影。如此地喧闹（片中多数的调度）只是为了制造效果，给人一种虚假的欢乐，再加上一个无脑的爱情故事——标准的绣花枕头。P.S.上影厂1982年译制版
出水芙蓉 Bathing Beauty,不觉得好笑。音乐歌舞也不觉得好听
出水芙蓉 Bathing Beauty,很有趣的故事~就是有点拖沓 - -【没三星半给我打分，不幸福】
出水芙蓉 Bathing Beauty,汗啊 
出水芙蓉 Bathing Beauty,"片尾大秀经费很足  剧本放到今天也不过时  乔装打扮追爱真是经典的好莱坞喜剧主题
"
出水芙蓉 Bathing Beauty,在中央台看的，歌词乱翻一气，男主可爱。
出水芙蓉 Bathing Beauty,所以人人都爱我的翻译是I'm beloved
出水芙蓉 Bathing Beauty,看了这么久竟然看错，还得重看的电影
出水芙蓉 Bathing Beauty,社会主义妆容，双排键，经典芭蕾。男主演技精湛。
出水芙蓉 Bathing Beauty,男主模仿女生刚起床之后梳妆打扮的样子真的好好笑 😆
出水芙蓉 Bathing Beauty,喷水喷火挺好看的~还有那么多地大腿XD
出水芙蓉 Bathing Beauty,好久之前看的了
出水芙蓉 Bathing Beauty,有点老套说实话
出水芙蓉 Bathing Beauty,补遗
出水芙蓉 Bathing Beauty,两年前看过，然而如今不看剧照的话居然完全记不起剧情，只能说电影本身不够惊艳吧~
出水芙蓉 Bathing Beauty,典型的那时代的好片
出水芙蓉 Bathing Beauty,女子学院的悲惨故事~
出水芙蓉 Bathing Beauty,男主模仿女人起床打扮那段蛮好~
出水芙蓉 Bathing Beauty,男主跳舞和模仿女人起床的片段高能！
出水芙蓉 Bathing Beauty,CCTV6
出水芙蓉 Bathing Beauty,很早的时候看的了，内容以已经记不清除了，只记得还挺好笑的
出水芙蓉 Bathing Beauty,水中场景挺好看的
出水芙蓉 Bathing Beauty,工作后看。上世纪40年代的幽默，现在看了也是想笑的！
出水芙蓉 Bathing Beauty,很小时就从中央2台看过
出水芙蓉 Bathing Beauty,好像所有老梗都会出现的桥段 命中注定相爱的人总会在厮守一生之前遇到某种误会和磨难 男主像是齐天大圣般开着外挂冲破重重阻难最终抱得美人归 但不得不说本片在老爵士浓重的时代感下歌舞伴剧情真的很赞
出水芙蓉 Bathing Beauty,太早的电影了
出水芙蓉 Bathing Beauty,喵喵说这是经典的歌舞剧，水上芭蕾挺好看的。
出水芙蓉 Bathing Beauty,男学女化妆，拆门躲狗桥段镜头太赞
出水芙蓉 Bathing Beauty,太小时看了了，已经不太记得
出水芙蓉 Bathing Beauty,形体课那段真的很欢乐了，最后的花样游泳表演画面也好看，七十多年前的歌舞喜剧片能拍成这样真的不容易，就是剧情太简单了点
出水芙蓉 Bathing Beauty,感谢CCAV6
出水芙蓉 Bathing Beauty,女主角有气质的
出水芙蓉 Bathing Beauty,复古红唇大腿妹
出水芙蓉 Bathing Beauty,我有个秘密，我长的多美，人人都爱我。
出水芙蓉 Bathing Beauty,跳芭蕾的小姐姐们太美了！腿又长又美！
出水芙蓉 Bathing Beauty,很早以前看的
出水芙蓉 Bathing Beauty,感觉有一些经典桥段还挺好玩儿的，但是看下来觉得跟电影主题有一点儿偏离，让我觉得这就是追回爱人的喜剧，出水芙蓉是硬插进去的。。。
出水芙蓉 Bathing Beauty,女主很漂亮，但一直在睁眼，导致抬头纹很明显.......
出水芙蓉 Bathing Beauty,有点无聊
出水芙蓉 Bathing Beauty,"好早看的,都不记得了"
出水芙蓉 Bathing Beauty,我也没想到，我曾经看过这片子，完全不对味
切·格瓦拉传：游击队 Che: Part Two,看着看着就完全乱了......
切·格瓦拉传：游击队 Che: Part Two,"困到不行
就為那最後閃回到坐船去古巴的場景,加一星"
切·格瓦拉传：游击队 Che: Part Two,精彩的依然是细节，可比起上部精彩少了，冗长多了
切·格瓦拉传：游击队 Che: Part Two,理想的傻样儿，死的镜头角度不错
切·格瓦拉传：游击队 Che: Part Two,上集中，還曾有古巴國內、國際雙線敘事，到了下集中未有延續，而是採用了單線敘事+插敘補充，Che Guevara離開古巴後的心理變化本可以這個人物更具看點，但下集中他的戲份卻沒有那麼集中，下集中群像的形象與衝突比之上集還突出了些。上下兩集剪成一部不知會不會緊湊些。
切·格瓦拉传：游击队 Che: Part Two,索德伯格这个唐三藏
切·格瓦拉传：游击队 Che: Part Two,天生的英雄 行动派 璀璨无比的人生
切·格瓦拉传：游击队 Che: Part Two,一般了
切·格瓦拉传：游击队 Che: Part Two,慢热，绝对不是我的菜。
切·格瓦拉传：游击队 Che: Part Two,同。为了看起来正确的理想死去。可惜看上去正确不一定正确。海报大赞
切·格瓦拉传：游击队 Che: Part Two,太冗长了吧，耐心不够了。
切·格瓦拉传：游击队 Che: Part Two,未看完，卡碟Mark。
切·格瓦拉传：游击队 Che: Part Two,没耐心看了。。。。。。
切·格瓦拉传：游击队 Che: Part Two,比上部稍嫌纷乱
切·格瓦拉传：游击队 Che: Part Two,结尾的音噪处理不敢苟同 对于切 我们不需要这种感同身受~~
切·格瓦拉传：游击队 Che: Part Two,可能审美疲劳了...
切·格瓦拉传：游击队 Che: Part Two,索德伯格创造了真实和悲凉。
切·格瓦拉传：游击队 Che: Part Two,除了原声没什么出彩的地方
切·格瓦拉传：游击队 Che: Part Two,对玻利维亚政局和民情都估计不足
切·格瓦拉传：游击队 Che: Part Two,真实还原，线索略差
切·格瓦拉传：游击队 Che: Part Two,偏爱史诗的我，对此片严重不感冒  拍的不好
切·格瓦拉传：游击队 Che: Part Two,Being an everyday revolutionary is far from fun & game.
切·格瓦拉传：游击队 Che: Part Two,从一开场就已经奠定了闷片的基调。由于对于历史的无知，所以对格瓦拉的了解仅仅局限于外国的雷锋和摩托党老大的肤浅理解，所以影片本身的历史背景无法有体会。但进入到最后的30mins，那些前面的铺垫和压抑，才开始爆发，当这世界级著名反革命被枪杀时，镜头用的是他本人的视角，我认为这片好算值得看
切·格瓦拉传：游击队 Che: Part Two,因为很真实，所以很无聊，给三星纯粹是为了这哥们杰出的人生。
切·格瓦拉传：游击队 Che: Part Two,花了一个月看完，最后10分钟震撼一下。
切·格瓦拉传：游击队 Che: Part Two,平淡了
切·格瓦拉传：游击队 Che: Part Two,其实拍的不错的，只是这种题材不带着历史的知识去看，比较索然无味。
切·格瓦拉传：游击队 Che: Part Two,本以为他是因理想而不朽的，结果却只是成为了一块空洞的图形logo，然后像流行巨星一样被我们透支消费
切·格瓦拉传：游击队 Che: Part Two,太闷了，前后交代并不清晰，必须有历史背景知识的人才能看明白。战争描述多过了对个人性格特征的描述，平淡的记叙文
切·格瓦拉传：游击队 Che: Part Two,受尽千辛万苦在南美的乡村游曳，革命的开始。
切·格瓦拉传：游击队 Che: Part Two,主演真眼熟呀真眼熟
切·格瓦拉传：游击队 Che: Part Two,没看完都 电影充分显示出革命的漫长啊
切·格瓦拉传：游击队 Che: Part Two,就电影本身而言，优点是很平实，但表现手法有点流水账，缺乏人物内心展现。
切·格瓦拉传：游击队 Che: Part Two,现在谁还有革命的勇气？
切·格瓦拉传：游击队 Che: Part Two,"20090814:
革命，那是需要多么大的勇气和毅力，坚持下去。放下荣华富贵......
游击队到处被阻击，谁明谁暗......
就这样倒下了？革命尚未成功，同志仍须努力......."
切·格瓦拉传：游击队 Che: Part Two,拍得很好，很多镜头画面给得非常好，但是就是看不下去，情节还是太有距离感了
切·格瓦拉传：游击队 Che: Part Two,四个多小时的煎熬.切就像一只寻找出路的困兽.这也许不是我想象中的一个传记片.这也许不是我想象中的所谓革命.
切·格瓦拉传：游击队 Che: Part Two,纪录片似的在剧情连贯上有问题 ，不爱看  ，看得我头疼 ，除了场面真实外 ，没有电影连贯感 ，看了后 给了我一个战争 和游击战的映像  ，也给我了国家统治的启发。。。被俘哪里 感人
切·格瓦拉传：游击队 Che: Part Two,3.5 相比《阿根廷》內容豐富和有趣的剪輯手法 《游擊隊》更集中描寫游擊隊的初始至結束。紀錄片式講故事的方法讓我覺得沉悶，但結尾Che被槍決的一幕很有衝擊力。看片的過程我就在想，索德博格一個美國導演願意去花那麽大篇幅和細膩的筆觸去描繪一個理想主義者的一段生平，本身也是理想主義者吧
切·格瓦拉传：游击队 Che: Part Two,演出来没有 书里读 照片看的 传奇
切·格瓦拉传：游击队 Che: Part Two,20090404 @ Cultural Centre
切·格瓦拉传：游击队 Che: Part Two,相对第一部，这一部索德伯格更小心翼翼的隐藏处理对格瓦拉结局的立场与态度，以更接近纪录片的视角方式，用最简洁的正叙结构，来一步步还原玻利维亚游击战的全过程，可以感受到对原事件的人物与地理的写实考证的努力，尤其高度还原了格瓦拉的最后时刻的地点场景。对于被周边各个大国完全包围的内陆国家，对玻利维亚的支援对古巴而言确实本来就相当困难，弹药完全靠偷运，当地农民又完全对世界革命的信息本就闭塞不通，革命精神沟通的基础就很微弱，一群国际主义战士很难得到当地人信任，那最基本的给养问题也就难以解决，想吸引一批乌合之众加入队伍也于事无补。人员不整，士气低落，没有根据地的游击战的失败可以说是必然的。但格瓦拉的身份与经历又不容许他放弃承诺，牺牲成了唯一的选择。烈士成仁的心，相信他从没动摇过
切·格瓦拉传：游击队 Che: Part Two,粮食将会紧缺，我们还要忍受恶劣的天气，到最后，我们将化为粪土，这就是我能向大家保证的。我？我已经在这里了。--切·格瓦拉
切·格瓦拉传：游击队 Che: Part Two,真的还不如看书
切·格瓦拉传：游击队 Che: Part Two,准确地说不是很懂..
切·格瓦拉传：游击队 Che: Part Two,印象最深的是主视角受刑
切·格瓦拉传：游击队 Che: Part Two,没有上部的震撼感了
切·格瓦拉传：游击队 Che: Part Two,對背景不甚熟悉，所以看的有點吃力～最後切被處決那一幕，鏡頭切成主觀鏡位，很像盧貝松《終極追殺令》裡Lion中槍倒下。
切·格瓦拉传：游击队 Che: Part Two,只看了第二部分；好莱坞出品的难得的朴素风格传记片。
切·格瓦拉传：游击队 Che: Part Two,美剧里大部分的拉丁大熟脸基本都在其中咧～
切·格瓦拉传：游击队 Che: Part Two,我只记得我爱他的帽子~结局真是令人伤心。。。谁在呼喊英雄，我用生命挑战宿命天空。。。。
切·格瓦拉传：游击队 Che: Part Two,切·格瓦拉
切·格瓦拉传：游击队 Che: Part Two,革命不是请客吃饭
切·格瓦拉传：游击队 Che: Part Two,传奇革命英雄的故事。《切·格瓦拉传》的下部。时间有些偏长，需要一些耐心来看完。毕竟是伟人传记类电影，不是好莱坞商业大片。特效、剧情、演员阵容，当然并不出众，甚至不如题材类似的，由丹尼尔·克雷格主演的《反抗军》。但是，《切·格瓦拉传》毕竟是一部写实风格的作品，主要依据切·格瓦拉著成
切·格瓦拉传：游击队 Che: Part Two,B
切·格瓦拉传：游击队 Che: Part Two,"漫长的下部比上部更难耐，但是导演力图客观呈现出che当时的状态。
玻利维亚失败其实在所难免。最后的半小时还算精彩。"
切·格瓦拉传：游击队 Che: Part Two,太想制造一个客观的假象，索斯伯格对于大格局总有他的独到理解之处，但起来，还是不断歌颂切格拉瓦的。相对于上一部，闷了许多，展现游击队的艰苦生活做的很好，开头结尾贯穿始终，但是个人却非常不喜欢这样的做法（回忆蒙太奇）
切·格瓦拉传：游击队 Che: Part Two,一个彻底的革命者到底能给人民带来些什么 告别一个独裁走向另外一个独裁？
切·格瓦拉传：游击队 Che: Part Two,慢节奏
切·格瓦拉传：游击队 Che: Part Two,dang的历史观评价失败原因：一、玻利维亚共产党内出现矛盾；二、错误估计国内局势，而且发动的对象应该是矿工而不是农民
切·格瓦拉传：阿根廷人 Che: Part One,"次年，格瓦拉与其他81名起义者一同踏上推翻巴蒂斯塔独裁政府的征程……
"
切·格瓦拉传：阿根廷人 Che: Part One,革命是枯燥无味的～
切·格瓦拉传：阿根廷人 Che: Part One,但是男主角怎么这么像- -
切·格瓦拉传：阿根廷人 Che: Part One,前面像日本时代剧，后面像我国红色剧，演员表现过度极不自然，不是把人物还原，而是进一步符号化
切·格瓦拉传：阿根廷人 Che: Part One,★★★☆   作為全世界文青的偶像，Che Guevara和某些小清新放在一起實在是有辱他的威名，他一生對於自由的追求，放在任何一個時代都值得人崇拜。影片太專注于塑造Che Guevara，以至於其餘角色的形象變得甚是模糊，不過主人公的形象豐滿立體至少做到了傳記片最起碼的一點。
切·格瓦拉传：阿根廷人 Che: Part One,我觉得看这部片子之前最好能读一遍《切，格瓦拉传》不然片子太缺乏代入感了。那些黑白镜头拍的真美。
切·格瓦拉传：阿根廷人 Che: Part One,做为一部传记片，不可避免的给人以拖沓的感觉，不过开头的古巴地理介绍还是很有新意的。
切·格瓦拉传：阿根廷人 Che: Part One,Che.Part.One.2008.DVDRiP.READNFO.XViD-RUSTLE
切·格瓦拉传：阿根廷人 Che: Part One,20110409 kyxq主演表演佳 摄影收录了古巴的优美景色 交叉叙事，打乱节奏导致拖沓，巷战场面控制不好，人物性格塑造不鲜明，有失索德伯格水准 已成为革命的标志的格瓦拉，一个真正的革命理想主义者，其革命生涯比任何电影都精彩
切·格瓦拉传：阿根廷人 Che: Part One,粗鲁地抽出了历史中的点，暴风骤雨似的一连串名字，对于不懂古巴革命史的人，确实看着难熬，打瞌睡。后半段城市战还拍得不错。
切·格瓦拉传：阿根廷人 Che: Part One,如果怀着敬畏与崇拜可能会是个好传记，对于不了解的我来说有点看不下去
切·格瓦拉传：阿根廷人 Che: Part One,明显的去传奇化的努力。优点在于展现出古巴革命冷静、平实的那一面，比如有组织有计划的攻城战，毕竟包括我在内的许多人容易低估革命的智商，缺点在于对革命理念等主观信息的交代几近苍白，怎么可能完全没有情感动员。最后，跟切相比，男主实在长得太抱歉了。
切·格瓦拉传：阿根廷人 Che: Part One,以革命后和革命中的时间轴为原点，通过黑白与彩色交织的片段来表现，这是给我印象最深的地方。至于剧情，可以说无甚特别，尤其对于我们饱受红军八荣八耻熏陶的80后来讲，切的革命宗旨与GCD当时别无二致。我寻思是不是有一天也能看到红白之争被拍成电影呢
切·格瓦拉传：阿根廷人 Che: Part One,拖沓，三颗星给古巴的景
切·格瓦拉传：阿根廷人 Che: Part One,被无政府主义和嬉皮士们崇尚的革命斗士，本片讲述了他为革命战斗的日子，格瓦拉和卡斯特罗也许是很受古巴人民的欢迎，但是也无法逃避古巴现在生产力水平低下，人民生活比较贫穷的事实
切·格瓦拉传：阿根廷人 Che: Part One,居然是个美国片，批判的背后更多是一种国家的自信，不过片子缺乏叙事刺激点，显得不是那么好看，单纯以纪录片的形式拍出来没准更好。
切·格瓦拉传：阿根廷人 Che: Part One,影片表现不断地打游击战的日子的确很闷……游击战的格瓦拉和黑白里获得权力的格瓦拉交互反映，卡斯特罗似乎没啥存在感……一个个城市打下来，要革命，就是疯狂的。赢得了战争，还没赢得革命。
切·格瓦拉传：阿根廷人 Che: Part One,"他放弃掌管一个国家的权力去打游击也许并没有大家想象的那么伟大的动机，而只是习惯了戎马生涯。革命本来是为了和平，革命家却已不适应和平……性格造就了悲剧，英年早逝成就了传奇。一个天真的理想主义者，世界需要这种人，但不能太多……
"
切·格瓦拉传：阿根廷人 Che: Part One,不懂历史的我实在看不下去
切·格瓦拉传：阿根廷人 Che: Part One,Homeland to death.除了一部中规中矩的传记片外什么都没看到，可能不是这片子的问题，而是不适合我。
切·格瓦拉传：阿根廷人 Che: Part One,任何理想主义、英雄主义都敌不过现实主义
切·格瓦拉传：阿根廷人 Che: Part One,还分上下 
切·格瓦拉传：阿根廷人 Che: Part One,Cuba liberty.
切·格瓦拉传：阿根廷人 Che: Part One,大学时候看的，故事有点松散，不紧凑，但是也算是描绘了切格瓦拉的前半生。男主我觉得演的挺真
切·格瓦拉传：阿根廷人 Che: Part One,格瓦拉不仅仅是一个革命家，游击队员，他的理想，他的精神更是精髓
切·格瓦拉传：阿根廷人 Che: Part One,索德伯格，除了《永不妥协》完完整整的讲好了故事，其他影片犹如本片一样，剪辑的支离破碎。《战争启示录》，《野战排》无论从场面还是情节一样流畅，即使《风语者》这个票房毒药故事也浑然一体。好好讲故事不行吗？
切·格瓦拉传：阿根廷人 Che: Part One,电影里展现的只是切格瓦拉好的一面吧？
切·格瓦拉传：阿根廷人 Che: Part One,电影闷成狗了。尤其是作为一个对切格瓦拉并不熟悉的外国人，很难找到看下去的耐心。剪辑有点意思
切·格瓦拉传：阿根廷人 Che: Part One,期待下
切·格瓦拉传：阿根廷人 Che: Part One,拍得太乱
切·格瓦拉传：阿根廷人 Che: Part One,在古巴.
切·格瓦拉传：阿根廷人 Che: Part One,男主表现不错，不愧拿了奖！
切·格瓦拉传：阿根廷人 Che: Part One,了解一下切，但首先作为电影，很一般。
切·格瓦拉传：阿根廷人 Che: Part One,拍得好烂。
切·格瓦拉传：阿根廷人 Che: Part One,"前戏很长，有些乱
联合国的戏和后面的战役很不错"
切·格瓦拉传：阿根廷人 Che: Part One,看不下去
切·格瓦拉传：阿根廷人 Che: Part One,"让我们面对现实，让我们忠于理想
——1968年巴黎学生印在胸前的格瓦拉的一句名言
"
切·格瓦拉传：阿根廷人 Che: Part One,什么是“革命”者？
切·格瓦拉传：阿根廷人 Che: Part One,沉重
切·格瓦拉传：阿根廷人 Che: Part One,我只看到一个像普通战士一样战斗的切
切·格瓦拉传：阿根廷人 Che: Part One,没太看懂
切·格瓦拉传：阿根廷人 Che: Part One,革命不是请客吃饭
切·格瓦拉传：阿根廷人 Che: Part One,借着电影了解历史。
切·格瓦拉传：阿根廷人 Che: Part One,2018.01.31
切·格瓦拉传：阿根廷人 Che: Part One,插叙的方式不喜欢
切·格瓦拉传：阿根廷人 Che: Part One,玛德。阿根廷人跟古巴太像了，怪不得卡斯特罗能隔命，带着克隆人呢
切·格瓦拉传：阿根廷人 Che: Part One,一点都不连贯，片段式叙事
切·格瓦拉传：阿根廷人 Che: Part One,2014.4.20
切·格瓦拉传：阿根廷人 Che: Part One,大家都喜欢浪漫主义革命者
切·格瓦拉传：阿根廷人 Che: Part One,故事早已有过了解了，镜头上倒有些惊喜，有参与其中的感觉。
切·格瓦拉传：阿根廷人 Che: Part One,3.4
切·格瓦拉传：阿根廷人 Che: Part One,有点儿难
切·格瓦拉传：阿根廷人 Che: Part One,。。。
切·格瓦拉传：阿根廷人 Che: Part One,只看到其政治理想  未见其政治和战略实力
切·格瓦拉传：阿根廷人 Che: Part One,那个自由灵魂和理想主义的代言人
切·格瓦拉传：阿根廷人 Che: Part One,主演不错
切·格瓦拉传：阿根廷人 Che: Part One,影片比较冗长，缺少高潮。不过大概导演本身就想当传记纪录片拍吧。
切·格瓦拉传：阿根廷人 Che: Part One,并非诋毁男主的长相，但和真人比，这个选角不知到底是爱还是黑
切·格瓦拉传：阿根廷人 Che: Part One,讲述的并不是很精彩
切·格瓦拉传：阿根廷人 Che: Part One,人物不够饱满、突出。
列宁在一九一八 Ленин в 1918 году,面包会有的……牛奶也会有的//快·····快去救列宁·····布哈林……是叛徒！————老一辈是被TG搞得娱乐生活有多匮乏才会把这样的片子当经典
列宁在一九一八 Ленин в 1918 году,实在太闷了，当时是浙江卫视午夜的时候播放的，感觉都听到了放映机转动的声音，当然这是不可能的。但是那种老电影的胶片的感觉却是很美好。
列宁在一九一八 Ленин в 1918 году,“要维持一个政权要比夺取一个政权更困难”列宁说的是对的，可现在看来，付出了如此多鲜血而建立起来的政权，真的值得吗？经典的台词很多哦“你这个叛徒，我怎么就没看出你来”“请让列宁同志先走”“列宁同志已经不咳嗽了”。话说小时候还看过连环画。
列宁在一九一八 Ленин в 1918 году,不咳嗽叻！！
列宁在一九一八 Ленин в 1918 году,一直以为瓦西里是个坏蛋呢.
列宁在一九一八 Ленин в 1918 году,虽然是思想上很可笑，但在那种背景下，不失为一部剧情片
列宁在一九一八 Ленин в 1918 году,这个中文配音本土化搞得太好了哈。。。上社会主义大课边看边瞎扑腾，声声入耳啊亲！！！。。。
列宁在一九一八 Ленин в 1918 году,三星加
列宁在一九一八 Ленин в 1918 году,这个没看完，配音真是太傻逼了，不行，受不了
列宁在一九一八 Ленин в 1918 году,面包会有的，一切都会有的~
列宁在一九一八 Ленин в 1918 году,上译，“面包会有的”，“请让列宁同志先走！”
列宁在一九一八 Ленин в 1918 году,年纪尚小还看不懂
列宁在一九一八 Ленин в 1918 году,面包会有的
列宁在一九一八 Ленин в 1918 году,1、基本是中国后来革命片的母版，甚至剧中人的挥手投足都被照搬到了；2、应该说集权专断都是当时形势需要，每个政权建立都需要铁血手腕维持，此理颠扑不破，古今中外一般同，不能以现在的人权思想要求当初的政治；3、斯大林从出现时便是一付意气风发的储君模样。
列宁在一九一八 Ленин в 1918 году,为了列宁，前进。。。
列宁在一九一八 Ленин в 1918 году,篡改历史从电影开始。托洛茨基在1918年就给整成了叛徒，列宁言必斯大林同志。
列宁在一九一八 Ленин в 1918 году,这历史篡改得有声有色。但就跟样板戏一样，列宁的光芒依然挡不住，斯大林妄图让自己三突出也不过成了狗尾续貂。
列宁在一九一八 Ленин в 1918 году,重看这部老电影，才算看懂了。经过37年严酷的党内清洗，39年拍的这部电影，把社会民主党与孟什维克当作最主要敌人，把斯大林塑造成列宁信托的继任者。电影中列宁的形象还是不错。
列宁在一九一八 Ленин в 1918 году,这片奠定了列宁在我心中就一躁狂病的形象!
列宁在一九一八 Ленин в 1918 году,东北口音的列宁各种戳笑点，名句太多了，长影的配音也是回忆的一部分啊
列宁在一九一八 Ленин в 1918 году,死亡属于什么阶级？
列宁在一九一八 Ленин в 1918 году,"快去救列宁,布哈林是叛徒"
列宁在一九一八 Ленин в 1918 году,老爷子还挺可爱的。
列宁在一九一八 Ленин в 1918 году,一部属于上一代和上上代的电影。
列宁在一九一八 Ленин в 1918 году,到底是怎么死的？
列宁在一九一八 Ленин в 1918 году,铁手腕，独裁者和伟大领袖，对吧，弗拉基米尔-伊里奇-乌里扬诺夫同志
列宁在一九一八 Ленин в 1918 году,很一般，远没有郭德纲的那部同名相声说的精彩
列宁在一九一八 Ленин в 1918 году,感觉被洗脑的主旋律电影
列宁在一九一八 Ленин в 1918 году,剧情还不错，但是斯大林的私货太多，扣一星。
列宁在一九一八 Ленин в 1918 году,与这部影片错过了半个世纪，仿佛也是错过一个接受影片的政治头脑和青春热情，如今，它只存在于上一代人的记忆回沟里，像其他带有宣教性质的资料一样，快要躺进时代为其量身定制的坟墓里去了。“一个阶级的死亡和一个人的死亡是不同的，人死亡之后我们把它的尸首装进棺材里，而一个阶级死后，它的尸体不会迅速消失，也装不进棺材，而是慢慢在人的心里腐烂着，发着臭味。”——列宁
列宁在一九一八 Ленин в 1918 году,列宁同志已经不咳嗽了
列宁在一九一八 Ленин в 1918 году,"富农们如果不给我们粮食,那就消灭他们!高尔基同志你说他是一个好人可是你知道他的政治立场吗？有人说我们太严厉，我们是为了革命在枪毙人，我们是为了人民在枪毙人!让列宁同志先走!只说台词不评价,自古成王败寇。"
列宁在一九一八 Ленин в 1918 году,面包会有的，一切都会有的~
列宁在一九一八 Ленин в 1918 году,所以，列宁得的应该是梅毒吧？
列宁在一九一八 Ленин в 1918 году,哈哈哈这是高级黑吗
列宁在一九一八 Ленин в 1918 году,他已经不咳嗽了！
列宁在一九一八 Ленин в 1918 году,人物刻画成功，政治因素浓厚。一个人就凭在办公室的所见所为，就可以打电话下令不经审判枪毙一批人。呵呵
列宁在一九一八 Ленин в 1918 году,演讲比较有感染力
列宁在一九一八 Ленин в 1918 году,演员必修的教科书，苏联电影的最具标志性电影，在有限的政治自由下的艺术片其实本质是在成为历史。
列宁在一九一八 Ленин в 1918 году,陪着我爹看了一晚上列宁！
列宁在一九一八 Ленин в 1918 году,其实只想看跳芭蕾那段
列宁在一九一八 Ленин в 1918 году,就冲着这句话看的。
列宁在一九一八 Ленин в 1918 году,看的是用放映机放映的胶片版本，太有年代感了，面包会有的。
列宁在一九一八 Ленин в 1918 году,快去救列宁！布哈林是叛徒！
列宁在一九一八 Ленин в 1918 году,"2019年第三十九部电影
照着中文字幕翻译了一遍英文版，本身对列宁及苏联历史都不感兴趣，电影里的列宁比较有趣，喜欢瓦西里，不喜欢那个小孩子，特别吵"
列宁在一九一八 Ленин в 1918 году,很生硬的片子啊，看的时候老是跳戏到甲方乙方 、分家在十月或者阳光灿烂的日子。作为一部对某个时代的中国人有特殊影响的片子，其对于中国人的意义也许仅仅是一种情怀？
列宁在一九一八 Ленин в 1918 году,比想像中的好看
列宁在一九一八 Ленин в 1918 году,补标
列宁在一九一八 Ленин в 1918 году,十月革命。当年看过多次的电影。
列宁在一九一八 Ленин в 1918 году,传说中的“面包会有的牛奶也会有的”，其实并不理解我妈那辈大龄影迷对此片的津津乐道，我开心的是听懂了一点点点的俄语
列宁在一九一八 Ленин в 1918 году,面包会有的，一切都会有的
列宁在一九一八 Ленин в 1918 году,富农苦啊
列宁在一九一八 Ленин в 1918 году,和上一部同
列宁在一九一八 Ленин в 1918 году,历史就是一团泥巴……
列宁在一九一八 Ленин в 1918 году,初三那会儿自己看的。即便当时很喜欢共产主义，也在看《列宁》，但当时确实看得很昏沉。
列宁在一九一八 Ленин в 1918 году,让列宁同志先走，列宁同志已经不咳嗽了，“糟得很”和“好得很”
列宁在一九一八 Ленин в 1918 году,当时的配音只是经典，真要说质量上还是不敢恭维的。。电影里几段对话很有意思，可惜后面的内容展开太黑白分明了点。
列宁在一九一八 Ленин в 1918 году,布哈林是叛徒，快去救列宁
列宁在一九一八 Ленин в 1918 году,陪老爸看电影。。。
列宁在一九一八 Ленин в 1918 году,对这种上古片子不能以现在的眼光做太多要求，哪怕仅仅是作为一个政治宣传口径看待。再看看成片的年代，斯大林拿来假托列宁故事做寓言工作的套路又太明显了些，看的时候很难不被画外政治语调干扰。总之匆匆看过一遍，遗憾总是有的，然而更多是事不关己的胡思乱想。
"别担心，他不会走远的 Don't Worry, He Won't Get Far on Foot",鲁妮好美喔~简直是这平庸电影里的一道光~
"别担心，他不会走远的 Don't Worry, He Won't Get Far on Foot","分数：6分
记得一起去电影节的阅片量超高的朋友William说很难相信拍出《心灵捕手》的范桑特会交出一个这样的片子。确实没有什么触动点，也没有记忆点，只记得里面的漫画很可爱，因为没接住梗担心错过了什么有意思的内容因此只能先给及格分。不过估计也不会再刷一次了，就貌似略不负责地停留在及格分吧"
"别担心，他不会走远的 Don't Worry, He Won't Get Far on Foot",真人传记，范桑特老师文艺小清新了一次（卡司很不错），全片都比较散淡，讲一个酒鬼在车祸致残之后，逐渐找回生活的勇气，主动与不喜欢的人和解，同时成为了一名幽默漫画家。杰昆菲尼克斯和鲁妮玛拉情侣档出演，鲁妮戏份不多，但妹子真好看！穿插的小漫画可爱
"别担心，他不会走远的 Don't Worry, He Won't Get Far on Foot",其实这个角色还是很值得好好塑造的啊，不仅有意外瘫痪后成为漫画家、酗酒然后戒酒的艰苦过程，性格还不是那种很励志的，反而有点丧，所以他的漫画才有趣（或许是电影里最有趣的部分了）。但是这部电影太温吞了，除了一开始的穿插式剪辑，几乎都想不起来还有什么亮点。鲁尼马拉很美，但这个角色实在是太花瓶了；Joaquin 的形象似乎也不是很符合原型，倒是乔纳希尔相对不错。所以格斯范桑特到底是个好导演吗？
"别担心，他不会走远的 Don't Worry, He Won't Get Far on Foot",3.0。1.别担心，格斯·范·桑特会回来的。2.非常老套的男人重振史，所幸有杰昆·菲尼克斯撑演技。3.连续拍砸两部之后，是不是应该重新考虑一下拍美少年了。
"别担心，他不会走远的 Don't Worry, He Won't Get Far on Foot",#Wettbewerb# GVS在talents里说这个项目原本是应该robin williams来接的 遗憾的是他没撑到拍摄 加入插科打诨实在是中老年导演表达对生活美好期许的过气手段 除此之外还是gus老风格而已 这样看来青木原树海都很好理解了（孩子滑滑板段落瞬间梦回paranoid park 没救了 [Friedrichstadt-P]
"别担心，他不会走远的 Don't Worry, He Won't Get Far on Foot",有趣的原型角色和“画出我世界”的主题却欠缺完整的故事表达和鲜明的风格，在充满温情向配乐的“喝杯热水，接下来是12步戒疗鸡汤…”和各种怪幽默强硬填充的自恋故事当中跳跃变换，搞得人“哭不得笑不得”。原以为这是专门为Joaquin Phoneix冲影帝的个人演技秀，但是明显是Jonah Hill的配角赢了。
"别担心，他不会走远的 Don't Worry, He Won't Get Far on Foot",处理得不错，交叉剪辑保持了很好的流畅性，可贵的是没有变成通常的励志电影。乔纳·希尔很厉害啊。
"别担心，他不会走远的 Don't Worry, He Won't Get Far on Foot",不痛不痒，上映一定不会去电影院贡献票房。
"别担心，他不会走远的 Don't Worry, He Won't Get Far on Foot",漫画家，菲尼克斯的演技还是厉害的。
"别担心，他不会走远的 Don't Worry, He Won't Get Far on Foot",Plutôt un bon/correct GVS
"别担心，他不会走远的 Don't Worry, He Won't Get Far on Foot",到了想和世界和解的年纪了，结果世界不乐意。
"别担心，他不会走远的 Don't Worry, He Won't Get Far on Foot",诚如影片开头所言：舒适的生活是有意义的，但也是无聊的。电影最大的问题是时长，造成了节奏上的失衡。Joe Callahan可能就是个在波澜不惊的岁月里，想要稍微碌碌无为的人，只是酒精让他沉沦。看到那段人们对于他漫画的评价，他都全盘接受的段落是处理最好的。觉得电影整体的温吞，是因为这个人物本身就是平淡无奇的，就此他在轮椅上便成了人们口中的“傻屌”。最值得敬佩的是看他如何学会接受，以及周遭一切给予他的理解。
"别担心，他不会走远的 Don't Worry, He Won't Get Far on Foot",人生不是没有顿悟，只不过卡拉汉离这一步还太远。娴熟的镜头语言在渲染情绪和揭示主题方面做到了浑然天成，但匠气的对白时而却会对这种氛围进行一种不必要的提醒，略显繁复。好在演员们一直在用表演为这些功能性台词增添新的情绪，大致看下来的话，算是功过相抵了吧。
"别担心，他不会走远的 Don't Worry, He Won't Get Far on Foot",没想到拍得这么文艺，没想到拍得这么正能量，也没想到拍得这么无聊，几乎忘了导演是谁...演员还是非常到位的，除了小白兔。
"别担心，他不会走远的 Don't Worry, He Won't Get Far on Foot",太温吞没有亮点了，前半段剪得还有意思点，本以为重点会在漫画上，然而嗜酒分量更重。。看到Carrie Brownstein总想串戏到Portlandia，还有在PSU拍的戏TT 浅发色的玛拉也超美，可真不知道这角色是干什么的
"别担心，他不会走远的 Don't Worry, He Won't Get Far on Foot",mit DM @Cinema Rondinella
"别担心，他不会走远的 Don't Worry, He Won't Get Far on Foot",两点感受：1，美国的康复真的很人性，虽然以前看过亲密治疗 ，但那时候感受还不深；在这么糟糕的陪护下，是如何避免褥疮和慢性尿路感染的...看片时候不自觉想跑题了。二，还是名导演好，可以放飞自我的插两段蒙太奇（这也是电影最好看的部分），也可以玩甚至有些虚焦的barrier shoot。。。
"别担心，他不会走远的 Don't Worry, He Won't Get Far on Foot",散文一样的电影。鲁尼玛拉好美，希胖演技越来越牛逼了
"别担心，他不会走远的 Don't Worry, He Won't Get Far on Foot",像个有着太多idea不会做减法的、疯狂尝试“只管去做”的学生作品。卡司很诱人，表演就那样。鲁尼马拉图书馆太美，我看哭了（真的美哭）。真人真事，就算活见鬼的转折设定再“假”也不可反驳。所以更觉得介于无力和用力过度之间。
"别担心，他不会走远的 Don't Worry, He Won't Get Far on Foot",人物传记本就凌乱，此片更加凌乱些
"别担心，他不会走远的 Don't Worry, He Won't Get Far on Foot",鸡汤屎尿屁 都是普通人（我rooney美如画
"别担心，他不会走远的 Don't Worry, He Won't Get Far on Foot",也许你身上的残疾，是为了让你更强大。兔兔又一次“献身”，何必呢？
"别担心，他不会走远的 Don't Worry, He Won't Get Far on Foot",what the hell is rooney doing here ???
"别担心，他不会走远的 Don't Worry, He Won't Get Far on Foot",没有麻辣出镜的时间玩了好一会儿手机 同款电轮椅还挺想要一辆的
"别担心，他不会走远的 Don't Worry, He Won't Get Far on Foot",我真的看得很困=_=
"别担心，他不会走远的 Don't Worry, He Won't Get Far on Foot",（7.0）
"别担心，他不会走远的 Don't Worry, He Won't Get Far on Foot",小白兔的角色也太天使了
"别担心，他不会走远的 Don't Worry, He Won't Get Far on Foot",2018.02.21@Berlinale，这种励志有点烂俗 妈妈的神来之迹就要戒酒了 有点扯 但因为真人故事就是这样又不能说什么。另外我觉得时间线剪的好乱哦
"别担心，他不会走远的 Don't Worry, He Won't Get Far on Foot",開場後的各種視角切換剪接太混亂，一下過去一下現在來回交叉難以入戲，越後面就比較漸入佳境了些。酒精成癮男子的救贖之路，倚靠漫畫來紓解癱瘓後極為沮喪厭世的情緒。固然有不錯的部分，也有略微畫蛇添足的部分；後面雞湯感偏重個人覺得刻意了點，但好在是勵志片也在所難免。
"别担心，他不会走远的 Don't Worry, He Won't Get Far on Foot",勉強3星
"别担心，他不会走远的 Don't Worry, He Won't Get Far on Foot",冷笑话不断，凤凰演得很放松，但节奏还是有点乱
"别担心，他不会走远的 Don't Worry, He Won't Get Far on Foot",确实没想到杰昆真得下手了，也确实没想到杰昆走哪儿都带着女朋友。
"别担心，他不会走远的 Don't Worry, He Won't Get Far on Foot",看的时候感觉有点无聊，片子说的重点不是想要的。。
"别担心，他不会走远的 Don't Worry, He Won't Get Far on Foot",大型戒酒公益宣传片 华金不用说了 🐰长发好美 Jonah Hill演技真的进步好多 还有小男主客串滑板少年无缝衔接的感觉
"别担心，他不会走远的 Don't Worry, He Won't Get Far on Foot",鲁妮玛拉真是越来越漂亮了，但是这片吧，人物传记片最不亮眼的居然是人物，除了小gay精神导师外，所有人物都是扁平的，所以害的泪点人物小gay导师也没立起来。
"别担心，他不会走远的 Don't Worry, He Won't Get Far on Foot",怎样发挥了天赋一鸣惊人没有怎么感受到，感觉没那么励志
"别担心，他不会走远的 Don't Worry, He Won't Get Far on Foot",这个转场不能更生硬了。开篇还觉得节奏不错，后面就只剩下铺天盖地没有什么营养的对话了。看着妈妈的照片突然就振作了，人生就改变了，就能够和自己社会和解了... 这motive也太无聊了吧。还有我的鲁妮小姐姐完全就是在打酱油，还有场无聊的激情戏...
"别担心，他不会走远的 Don't Worry, He Won't Get Far on Foot",一点都不gus van sant。。。
"别担心，他不会走远的 Don't Worry, He Won't Get Far on Foot",2.5分，不难看，凤凰演技还行，RM的女友角色太平了，也是可惜了。
"别担心，他不会走远的 Don't Worry, He Won't Get Far on Foot",无比鸡汤+凤凰演技秀。最近凤凰和麻辣都是捆绑销售嘛？搞不好下一部麻辣就要演小丑女了？
"别担心，他不会走远的 Don't Worry, He Won't Get Far on Foot",格斯·范·桑特拍出了亚历山大·佩恩式的失意式幽默，感觉漫画人生更切题些，不说教不刻板的美式励志电影，打乱的非线性叙事结构并没有增进故事的感染力，镜头语言也勉强维持。那些冲着玛拉来的围观群众们，这不是给你们拍的，不是她拯救了这部戏，而是她毁了这部戏。尴尬的人物设定，毫无交集的情感驱动。反倒是乔纳·希尔在后半部给了我很大惊喜，估计迎来事业第二春了。
"别担心，他不会走远的 Don't Worry, He Won't Get Far on Foot",两星给电影，一星给凤凰，让他来演小丑我甚是放心。
"别担心，他不会走远的 Don't Worry, He Won't Get Far on Foot",看待苦难的方式真的能决定人生吗。喜欢中间stand up风格的小漫画和小笑点。剪辑混乱，台词的说教意味太浓，鲁妮玛拉的角色功能性太强。
"别担心，他不会走远的 Don't Worry, He Won't Get Far on Foot",2.5
"别担心，他不会走远的 Don't Worry, He Won't Get Far on Foot",3.5
"别担心，他不会走远的 Don't Worry, He Won't Get Far on Foot",希望19年前麻辣能有机会拿小金人。👈这个愿望已经破产
"别担心，他不会走远的 Don't Worry, He Won't Get Far on Foot","7/10😌
卡拉漢的漫畫總覺得似曾相識，若有更多漫畫的創作過程會很好，可惜重點全在戒酒。瓦昆菲尼克斯、喬納希爾、魯妮瑪拉、傑克布萊克等全員的造型都有在挑戰新鮮感，可惜演技都是正常發揮。"
"别担心，他不会走远的 Don't Worry, He Won't Get Far on Foot",Drunk还是drunk，差点儿没命，随意画画儿，就成了漫画家，合适自己的，早晚出成果。
"别担心，他不会走远的 Don't Worry, He Won't Get Far on Foot",别担心，他们不会走远的，因为停在原地了
"别担心，他不会走远的 Don't Worry, He Won't Get Far on Foot",看完蛮失望的，对这种身残志坚的故事没多少兴趣。
"别担心，他不会走远的 Don't Worry, He Won't Get Far on Foot",剪辑略显混乱，立意和部分剧情延展开很吸引人~菲尼克斯的演技一直很棒，而鲁妮玛拉也蜕变成文艺片女神了
"别担心，他不会走远的 Don't Worry, He Won't Get Far on Foot",真人比电影更出彩
"别担心，他不会走远的 Don't Worry, He Won't Get Far on Foot",鲁妮麻辣真要作死自己，自从换男友后，都拍些什么啊，在花瓶背景板和烂片之间徘徊，好像把所有RP都给菲尼克斯了，自己一路瞎撞，男友则事业一路高飞，真是为爱走到黑啊
"别担心，他不会走远的 Don't Worry, He Won't Get Far on Foot",很期待的电影，但真的非常非常失望。多时间线的把控非常糟糕，碎片化叙事只有混乱，完全不像这个级别的导演拍出来的东西。整部片子不知所云，严肃不够严肃，幽默也不够幽默，真的浪费了这个阵容的卡司了，特别是Rooney这个酱油打的，就是为了跟男朋友秀秀恩爱？
"别担心，他不会走远的 Don't Worry, He Won't Get Far on Foot",对这个戛纳帝后情侣档粉转黑
"别担心，他不会走远的 Don't Worry, He Won't Get Far on Foot",鲁妮能不能别再接这类花瓶角色了，不过看她演个北欧人也算圆满？
"别担心，他不会走远的 Don't Worry, He Won't Get Far on Foot",别担心，他俩不会在一起很久的...从《青木原树海》开始自暴自弃的格斯·范·桑特。
"别担心，他不会走远的 Don't Worry, He Won't Get Far on Foot",给情侣档打负分 鲁尼玛能不能好好认真挑剧本 爆红之后演的大部分都是什么玩意
"别担心，他不会走远的 Don't Worry, He Won't Get Far on Foot",boring as hell; mediocre is even worse than merely bad.
刺杀尼克松 The Assassination of Richard Nixon,一个偏执狂把自己的失败全部归咎于体制，拙劣的刺杀计划不成就干掉几个无辜平民的故事。导演本意估计有让社会反省的一面，可惜用力不当，我只看到一个精神病史。
刺杀尼克松 The Assassination of Richard Nixon,一个被所有人略过的理想主义者是如何一步步让现实逼向灭亡的 始终觉得导演没大点到重点 西恩潘的表演比他其他片子更加浮夸
刺杀尼克松 The Assassination of Richard Nixon,"Naomi真美。Sean果然演技不错。其它也没什么好说的了。
说实话这片儿有点无聊。"
刺杀尼克松 The Assassination of Richard Nixon,前边还挺好 到后边开始胡编 到了最后一看原来是改编。。。从个人不幸遭遇上升到刺杀尼克松太牵强了 强行升级 虎头蛇尾 实在不太行 然后Alfonso Cuarón居然还是producer 谜之乱入
刺杀尼克松 The Assassination of Richard Nixon,'如果人们的希望和信仰都被剥夺了，那么他们一定会采取报复行动的。'
刺杀尼克松 The Assassination of Richard Nixon,压抑伤感。男主演的真心不错。
刺杀尼克松 The Assassination of Richard Nixon,三星不是因为这本电影不好，而是看了之后绝对会被这个2B的主角气疯掉。。
刺杀尼克松 The Assassination of Richard Nixon,"有点失望, sean penn的表演感觉不是激动, 而是多动."
刺杀尼克松 The Assassination of Richard Nixon,这部电影让我想起了《恐怖分子》，和《出租车司机》
刺杀尼克松 The Assassination of Richard Nixon,这是一个理想主义者走向毁灭的过程，电影把笔墨放在了反成功学和反美国梦这两点上，但男主角的所有动机却无一不是理想主义的驱动，所以到底电影是在宣扬反成功学还是干脆在讲述彻底的失败学？电影如同主人公一样被现实束缚，由始至终无法高于现实，我们只见人物的失败愚蠢，未见动机的高尚壮烈。
刺杀尼克松 The Assassination of Richard Nixon,3星半，这种极端行径的小人物是荒谬、荒诞的一种存在吧？电影拍成了犯罪作品，要是对“命运”再多点挖掘就好了。
刺杀尼克松 The Assassination of Richard Nixon,09/06/07
刺杀尼克松 The Assassination of Richard Nixon,可怜之人必有可恨之处。男主角明摆着不适合干销售，就不能换个行当吗？想以一己之力改变既定的行业规则，是痴人说梦还是不自量力？死扛到最后把自己逼疯不算还做出报复社会的行为，可不是个祸害！
刺杀尼克松 The Assassination of Richard Nixon,道德是由生活在社会中的所有人决定，不是由某一个人决定。一方面大喊社会无耻，一方面偷自己兄弟的东西，这种人我实在难以同情和理解。
刺杀尼克松 The Assassination of Richard Nixon,当幸福就是不来敲门… 西恩潘表演细腻，电影略投机。
刺杀尼克松 The Assassination of Richard Nixon,TOP-866G
刺杀尼克松 The Assassination of Richard Nixon,sean penn竟然演loser，看来也是拼了
刺杀尼克松 The Assassination of Richard Nixon,这才是真正的极端主义分子
刺杀尼克松 The Assassination of Richard Nixon,loser总是抱怨连天且有自己的一套歪理
刺杀尼克松 The Assassination of Richard Nixon,做个平庸的人算不上什么失败，当你把自己所有的错都责怪给别人的时候，那才成了彻头彻尾的失败者。
刺杀尼克松 The Assassination of Richard Nixon,标题党，跟刺杀尼克松没半点关系，就是讲了一个loser一步步走向毁灭。中间那个毁灭的过程确实表现的很好。
刺杀尼克松 The Assassination of Richard Nixon,只是一个失败者的故事而已，片中太多的独白影响了情节的发展。不过西恩潘的表演依然入木三分
刺杀尼克松 The Assassination of Richard Nixon,抑郁是种病，得治。
刺杀尼克松 The Assassination of Richard Nixon,看似客观却对主角完全不带怜悯极尽嘲讽的叙述视角也是蛮微妙
刺杀尼克松 The Assassination of Richard Nixon,一部没有正能量的电影
刺杀尼克松 The Assassination of Richard Nixon,极品卢瑟的自我毁灭，西恩潘确实演的好，特别卢瑟
刺杀尼克松 The Assassination of Richard Nixon,影片营造出的sam的世界是如此的绝望，我都想替他自杀了。
刺杀尼克松 The Assassination of Richard Nixon,Sam Bicke最大的不幸的是他无法融入社会。他大可选择放弃一些东西重新开始，但他却执拗的坚持自己所谓的诚信，并不断的把失败怪罪于别人。固然有值得同情之处，但作为成年人如此脆弱天真实在是失格……
刺杀尼克松 The Assassination of Richard Nixon,欺騙至親，濫殺無辜，自以為一身正義，倒頭來也是一種推銷員的信念。只可憐這推銷員，是個悲劇的瘋子。
刺杀尼克松 The Assassination of Richard Nixon,Samuel向政府机关提交申请后，开始是长达两个多月的漫长等待，期间，妻子正式提出离婚，工作也丢掉了，一切越来越糟糕。
刺杀尼克松 The Assassination of Richard Nixon,举步维艰，并不认同。喜欢看西恩潘演焦虑…
刺杀尼克松 The Assassination of Richard Nixon,历史的真相永远被掩盖，你无从得知。
刺杀尼克松 The Assassination of Richard Nixon,很一般
刺杀尼克松 The Assassination of Richard Nixon,角色本应非常值得同情，但是同情不起来，丫太傻逼了。 名字叫刺杀尼克松，真尼玛标题党 傻逼导演
刺杀尼克松 The Assassination of Richard Nixon,有些单薄。
刺杀尼克松 The Assassination of Richard Nixon,3.4
刺杀尼克松 The Assassination of Richard Nixon,小人物的破灭美国梦
刺杀尼克松 The Assassination of Richard Nixon,软弱的人到哪里都不行
刺杀尼克松 The Assassination of Richard Nixon,美国人性
刺杀尼克松 The Assassination of Richard Nixon,★★★☆
刺杀尼克松 The Assassination of Richard Nixon,失败者的故事，各国都差不多。西恩·潘演活了，处处不得志，颓废，抱怨社会…最后杀人。the whole system has a cancer  ！
刺杀尼克松 The Assassination of Richard Nixon,一个怂逼在沉默中爆发后又灭亡了
刺杀尼克松 The Assassination of Richard Nixon,软弱的人什么都干不成
刺杀尼克松 The Assassination of Richard Nixon,看的揪心
刺杀尼克松 The Assassination of Richard Nixon,压抑
刺杀尼克松 The Assassination of Richard Nixon,西恩潘是少有的一类几乎长期饰演同一角色的演员……
刺杀尼克松 The Assassination of Richard Nixon,影片其实一般，Naomi演得不错。
刺杀尼克松 The Assassination of Richard Nixon,SEANPENN适合出演面瓜，同性恋，敏感者，脆弱人
刺杀尼克松 The Assassination of Richard Nixon,这部电影里的西恩潘好让人讨厌。
刺杀尼克松 The Assassination of Richard Nixon,"The meek shall not inherit the earth. The earth belongs to the bullies who do not care how they get to the top, as long as they arrive. "
刺杀尼克松 The Assassination of Richard Nixon,平铺直叙，差~~
刺杀尼克松 The Assassination of Richard Nixon,倒霉蛋销售员的故事，西恩·潘的表演充斥整部片子，失败的人可不需要这种东西，因为银幕上那人叫他妈的西恩·潘
刺杀尼克松 The Assassination of Richard Nixon,除了西恩潘还有啥看头，好意思听鲁宾斯坦……
刺杀尼克松 The Assassination of Richard Nixon,你不想成为别人，你得有天分或者一点运气。你没有自刭于沟渎，你杀了自己的狗。
刺杀尼克松 The Assassination of Richard Nixon,演技过硬。
刺杀尼克松 The Assassination of Richard Nixon,2013.01.30
刺杀尼克松 The Assassination of Richard Nixon,当幸福就是不来敲门。
刺杀尼克松 The Assassination of Richard Nixon,或许每个行为变态者的身后都隐藏着不为人知的特殊苦难。西恩潘的演技没的说，但感觉太用力了，有点夸张。这也许是他达不到德尼罗那种表演水准的原因
刺杀尼克松 The Assassination of Richard Nixon,又一是个压抑伤感的故事 操这狗日的成功学 操这狗日的GOV
刺杀尼克松 The Assassination of Richard Nixon,把黑豹改名成斑马，改变社会第一步。无奈诚实做人不容易，工作丢老婆跑创业没影亲哥骂。最后点儿背怨社会，小人物的崩溃，所有严肃皆儿戏。Sean Penn神演技
刺杀林肯 Killing Lincoln,欢迎收看discovery~ 最近林肯很忙啊
刺杀林肯 Killing Lincoln,汤姆·汉克斯的声音真心有磁性，好听，吸引人，无法自拔
刺杀林肯 Killing Lincoln,终于有这样的一个角度了，不错
刺杀林肯 Killing Lincoln,史实重现纪录片。
刺杀林肯 Killing Lincoln,汤姆汉克斯解说的一部纪录片，回顾林肯被刺杀的起因和经过，追捕枪手就用了半小时。一位南方支持派的莎士比亚演员策划了刺杀，而且几个帮手同时还要刺杀多位政府要员，其他人都没死只有林肯死了太背了
刺杀林肯 Killing Lincoln,的声音是唯一的亮点了……一种崔永元的即视感……这是给杀手洗地么？
刺杀林肯 Killing Lincoln,央视档案揭秘那样的东西~，区别是有演员来演~，但是凶手那演员感觉太用力过度各种耍帅耍过头，不过也许做那样事的人就该是这举止吧~~不过作为电影来看，感觉就不好看了~重演部分像电视电影，TOM HANKS部分才是电影的感觉~~~~
刺杀林肯 Killing Lincoln,通过演绎将历史重现
刺杀林肯 Killing Lincoln,美式民主模式的纪录片格式。
刺杀林肯 Killing Lincoln,大費周章重現林肯遇刺的過程，似乎沒有啥意義。
刺杀林肯 Killing Lincoln,內戰
刺杀林肯 Killing Lincoln,汤姆汉克斯出面旁白，本以为是比较客观的纪录片类型，没想到表演那么出力那么戏剧性，总觉得这种历史重现有点奇怪。本片可以和《同谋者》结合来看
刺杀林肯 Killing Lincoln,历史就是历史，永远无法客观评价当时的人和事，哪怕是互联网如此发达的今天。
刺杀林肯 Killing Lincoln,还以为是discovery那种平铺直叙的纪录片，没想这么戏剧化。汤姆汉克斯声音真的好好听，← ←重点错。
刺杀林肯 Killing Lincoln,中规中矩还原历史，汤姆汉克斯的解说
刺杀林肯 Killing Lincoln,讲述故事的方法很独特，不过感觉还是缺了点什么。
刺杀林肯 Killing Lincoln,【National Geographic Channel你拍这个还不如好好拍部纪录片】系列1/2。
刺杀林肯 Killing Lincoln,跟斯皮尔伯格的林肯完全不可同日而语
刺杀林肯 Killing Lincoln,跟档案似的 不像电影
刺杀林肯 Killing Lincoln,当一个疯子想杀你的时候 你很难防呀
刺杀林肯 Killing Lincoln,中规中矩的纪录片
刺杀林肯 Killing Lincoln,风
刺杀林肯 Killing Lincoln,14频道的纪录片，过场和越狱很像。演的确实云里雾里的，不是很详尽
刺杀林肯 Killing Lincoln,其实就讲一个道理：认真过每一天，做好自己的事，别总觉得被老天赋予了啥啥啥狗屁使命。
刺杀林肯 Killing Lincoln,已睡着
刺杀林肯 Killing Lincoln,看这片跟看那啥似的.
刺杀林肯 Killing Lincoln,话说林肯可能是美国总统里面被赋予角色最多的总统：吸血鬼猎人、猿人神马的~此片跟王刚讲故事差不多，就当回顾历史好了~
刺杀林肯 Killing Lincoln,自从奥巴马上任后，林肯总统很忙啊，黑人题材的电影层出不穷=。=这部另一个角度看林肯刺杀事件。但至于它的观点，说不上来，用里面汉克斯引用马克吐温的话来说“书写历史的唯一墨水，就是不断变化的偏见。”于是我带着自己的“偏见”暂给三星~
刺杀林肯 Killing Lincoln,改编自畅销小说的伪纪录片？
刺杀林肯 Killing Lincoln,搞得跟Discovery一样……不就是Tom Hanks出来解说嘛
刺杀林肯 Killing Lincoln,汉克斯念旁白的神情过于严肃用力。
刺杀林肯 Killing Lincoln,太注重纪录，没有触动观众共鸣的神经
刺杀林肯 Killing Lincoln,中规中矩的一部还原历史的纪录片
刺杀林肯 Killing Lincoln,确实是知道了些以前忽略的细节，不过这个纪录片怪怪的。
刺杀林肯 Killing Lincoln,当揭密节目看了，呵呵呵
刺杀林肯 Killing Lincoln,林肯的一句：我只能死一次，不能让恐惧蔓延。实在是再高尚不过。
刺杀林肯 Killing Lincoln,基本是历史重现过程，刺杀那么多人都没死就林肯一个人点背的挂了，这一点真让人蛋疼
刺杀林肯 Killing Lincoln,这两年林肯题材的好多，各种神话。。。。。。这个算正常的了！
刺杀林肯 Killing Lincoln,大致明白咋回事了
刺杀林肯 Killing Lincoln,只记得刚开始刺客凑在火把上点烟，走进剧院的背影，真是寂寞啊
刺杀林肯 Killing Lincoln,“历史没有真相，哪怕是你亲眼所见”
刺杀林肯 Killing Lincoln,导演，你是看了中华帝国的《大明宫》《圆明园》了么？阿甘的配音给片子增色不少，戏剧化的讲述让片子的可观赏性加强，讲述和再现相结合，纪录片？剧情片？不重要，历史本来就是任人打扮的小丑，另一种独特的解读方式而已。
刺杀林肯 Killing Lincoln,把布思刺杀林肯前后说了一遍，没有宏大的阴谋论，具体到了林肯做了个梦吃了个饭布思说了句话，有点翻案的感觉。
刺杀林肯 Killing Lincoln,林肯想的真的和猿人好像
刺杀林肯 Killing Lincoln,根本算不上电影啊。。。服化道美剧水平。。。汤姆汉克斯旁白还可以。。。
刺杀林肯 Killing Lincoln,刺杀林肯的不是神经病.
刺杀林肯 Killing Lincoln,历史普及片，汤姆汉克斯的英语好难懂
刺杀林肯 Killing Lincoln,算是纪录片吧。
刺杀林肯 Killing Lincoln,why kill him？
刺杀林肯 Killing Lincoln,看不下去这种太过历史的讲述片
刺杀林肯 Killing Lincoln,林肯真的好像林肯哦 其他的没有了。。。
刺杀林肯 Killing Lincoln,前半段整个催眠了 往后倒是精彩了起来
刺杀林肯 Killing Lincoln,20130804-Syd
刺杀林肯 Killing Lincoln,一部传记片，拍的有点新意。
刺杀林肯 Killing Lincoln,看完觉得刺杀林肯太容易了……明目张胆的就上了
刺杀林肯 Killing Lincoln,前几天刚看了《林肯》，然后现在又看了这部电影，还有以前看的《货币战争》，在那个时候就能想到解放黑奴，眼光不是一般的远，虽然直到上世纪七十年代出现的马丁路德金才有所改善黑白对立，不过其实现在也好不到哪里去，毕竟要让白人放下身资来与黑人平等共处还真不是一件容易的事
刺杀林肯 Killing Lincoln,中规中矩之作。
刺杀林肯 Killing Lincoln,类似《档案》节目的一部影片，汉克斯做旁白，剧情还原得不错，不过情节比较断续。
刺杀林肯 Killing Lincoln,汤姆·汉克斯解说，重现当年刺杀事件。
刺杀林肯 Killing Lincoln,一般，三星都给老汤的解说。非常有磁性的声音
剃头匠,人呐，得干干净净利利索索滴走。比起来2002年的纪录片靖大爷和他的老主顾们，让人不知真假。
剃头匠,电影正如老剃头匠的生活一样朴实无华，这种纪录片式拍摄方式拍类似作品在贴切不过了。手艺人走南闯北几十个年头，就是想让人干干净净的在世上走一遭，在干干净净的离开。多么平白质朴的理由，电影我以为找个原型最好，没有演出功底的最好。生活化了的东西才是真正散发出艺术光圈的东西。
剃头匠,技术上太生硬，叙述上太刻意，不老成。顶号的题材，可惜了。跟《戏梦人生》一比，差距真叫大。
剃头匠,没什么意思，老北京剃头匠的生活态
剃头匠,慢走的钟，黑猫，梳子，被占的位子，迟迟不来的拆迁，胡同里消失的风土和人情。老人可爱，剧情与对白略编排。不如早年同题纪录片舒服。 http://www.m1905.com/vod/85483.shtml 与前作相比，这部片子用了更多篇幅沉浸在时间的流连于不可知论的虚实之间，多少有渲染与神游的趣味，然而遗憾损害了真实感。
剃头匠,全是给这大爷的星，我想找的是纪录片来着
剃头匠,想起一歌词：反正最后每个人都孤独
剃头匠,开好车的，不一定是好人。有四合院和卤煮的，就一定是好电影吗。
剃头匠,敬老意不适，蹬车访故人。访旧半为鬼，寂寞身后事
剃头匠,除了老头自己录生平那段以外，其他都差，矫揉造作的纪录片
剃头匠,稍微长了一点，但还不错
剃头匠,敬大爷很平淡也很精彩的一生
剃头匠,有时候看到老人会觉得像看到小孩子一样可爱
剃头匠,临末的那段真如伊利亚德说的死亡是人最大的奥秘
剃头匠,看过纪录片，再看这电影~~太假了！不要特殊加工好不好！
剃头匠,★★★☆   老北京衚衕里的老無所依，老人們都不是專業演員，但身上時光留下的痕跡能夠觸到人心，但是編導的手法都太匠氣了，爆肚店不肯讓座的情侶、花敬大爺積蓄買藥的兒子、趙大爺勢利眼的兒子兒媳、給敬大爺畫肖像也張嘴閉嘴錢的畫家，幾乎把年輕一代都放到了老一代人的對立面，最終反而過猶不及。
剃头匠,看了之后还是感到颇为失望的，从头到尾的钟声、猫、北京四合院等空镜头，很努力地想要营造点文艺的味道，但是实在十分做作。
剃头匠,导演的企图心很直白。
剃头匠,有些东西，不经意间正在远离……小场景折射大问题
剃头匠,开头刮脸那段看得我身心舒爽，几乎媲美ASMR。而且片中“板寸王”说的“新剃头丑三天，再好的手艺也不成”，简直太贴切了。但是导演是真的不行，净整些虚头八脑的东西，尤其是多次用误导性的镜头来暗示靖大爷的“死亡”， 这样反复愚弄观众不知道他是怎么想的。唯一印象比较深的大概就是电影里的钟声，听着它滴——答滴——答地响个不停，仿佛在喻示，又或者在追赶着什么，跟着就有一种怅然，逐渐一点一点地郁积在了心里。
剃头匠,7/10。敬大爷照相办身份证、家中录制遗言都以静止构图来叙述，黑猫在桌子吃食、戴假牙梳头等客观镜头强调主角形象、营造不惊不慌的生活节奏。导演胜于精心设计细节：大爷怒诉油漆工“拆”字少一笔，记录输赢几块钱，层叠百元的抽屉里依旧拿五元，体现出老者从容的处事原则，对当下文化的态度含而不露。
剃头匠,原来看过前面一小段，以为是纪录片呢…还不错，海报明明很治愈的样子，内容却有点残酷地撕开现实。
剃头匠,先看纪录片，你就知道这片差在哪儿
剃头匠,平淡流淌的片子却没有让人睡着
剃头匠,今早看了篇博文，触动了心底的那点小柔软，并联想到了这部影片。博文地址：http://blog.sina.com.cn/s/blog_a8cecab901019kya.html#bsh-24-226904497
剃头匠,时间飞跑，人在停滞。看得心里堵得慌。纪录片拍得像电影没有侵入感。
剃头匠,不知道看的是不是完版本~纪录片这个东西~除非特别得好~要不然感觉就会斑斑~
剃头匠,本来可以拍得像《入殓师》一样有深度。其实可以多点观照现实，还有家庭关系，黄昏恋，生老病死等等。现在感觉抓不到重点。现实中剃头大师真的娶了新老伴，现实比编剧的还精彩。其实中国有很多传统的艺人、行业在消逝，应该有更好的记载，不然将来就连影像都看不到了！
剃头匠,作为纪录片 人工刻意的东西还是多了点。
剃头匠,各方面制作足够精良讲究，但故事和人物却不足以打动人。施润玖的影像粗粝但真实，感觉在给观众刮脸，舒服。这版与之相比，相形见拙了。
剃头匠,老北京，老味道。
剃头匠,听的我真舒服。。
剃头匠,日本电影的感觉，老人，那是一个无聊的世界。
剃头匠,这剃头和做人一样啊，要干干净净，利利索索的
剃头匠,慢节奏，一如年迈的老者。
剃头匠,终有一天，我和我经历过的也会这般等死。
剃头匠,安静简朴的生活纪录。开始有点闷，后来就被带进去了。
剃头匠,"喜欢老爷子的表演，或者说是讲述。
感觉很有新意，很多细节挺有意思的"
剃头匠,老人几十年如一日与生命交织融入骨髓般的技艺和对人生的态度让人肃然起敬.这些旧时代的事物与人们是那么的可爱.随着时间的推移.可能就像那些高楼林立下待拆的房屋一样终将退出历史舞台.但我们并不该忘记那些古老的文化所蕴含的文化内涵.纪录片式的人物传记.有许多镜头显得有些刻意.但老北京的味道很正
剃头匠,老北京看着真舒服；迟暮之年，孤单寂寞
剃头匠,要是没看之前的五十分钟纪录片说不定还能有好印象。
剃头匠,第一，对北京没啥特别感情；第二，虽说是纪录片，但更像是演的纪录片，当然你可以说这是剧情片，那演员确实太业余了。
剃头匠,讲述一个剃头匠人晚年生活及回忆过往的真实故事。一个曾为国家主席，以及各类达官贵人剃过头的老人家，依旧过着安贫乐道、不与世事争荣的生活。时至今日，这种精神实在难能可贵。
剃头匠,虽然有点闷，作为大陆电影很不错了
剃头匠,比纪录片差很多，有些段落太刻意了。
剃头匠,题材真是好，只不过道理不是通过故事，而是通过老人直述，就显得没有那么的高级。其实老人就像老古董，低调又珍贵
剃头匠,后海风情画
剃头匠,远不如纪录片有味道，先看了纪录片，感觉不是很有必要拍这个剧情片，纪录片给我的震撼大的太多了
剃头匠,有点涣散。一开始感觉很有，但是完了发现完全是因为这个题材的特殊性。实际上一般。
剃头匠,"电影是怀念的意思,但未必是总让人怀念.只是很深刻地展现了靖大爷的精神."
剃头匠,我想着等我老了也一定还是一个人，打算趁自己还算清醒，找个地方自杀了就可以，有人给收尸呢是最好，有次跟我哥说，回头等你们给我火化了，骨灰你们谁想留就留，也方便。
剃头匠,该评论的今天现场都说了，当着北影老师的面我还评论的底气十足，真是不容易！
剃头匠,"老爷子昨天去了，今天看了一遍，感叹，
尘缘苦短叹人间路长,不能够容我细思量。
繁华瞬间如梦幻一场,世上人有几番空忙 。 
春去秋来叹世事沧桑,算人生成败相当 。"
剃头匠,No touching point
剃头匠,本片虽然看起来因老爷子本色出演而充满着怀旧情怀，但败就败在这了，要么跟着老爷子拍个纪录片，要么拍个传记片。老爷子是挺本色的，但其它人都跟他格格不入，很多桥段略显生硬，当然，这里面不包括陈强老爷子，那一甩手真是绝了！
剃头匠,"在靖大爷之后看的 更喜欢那一部 生活~
这个总有点后期艺术渲染感 主基调伤感了些"
剃头匠,看了一半，有点慢，换个时间看完它。
剃头匠,拍的不怎么样，但是满满的老北京味，还有老大爷的那种精神，还是很不错的。
剃头匠,以前和纪录片混了。觉得真没有纪录片好看
剃头匠,有些刻意设置的道具情节，老手艺4分，拍摄上3.5
副总统 Vice,求求奥斯卡给贝尔一个最佳男主角吧，他就不用再折腾自己的身体了。
副总统 Vice,比角色脸谱化更尴尬的，是政治儿戏化。
副总统 Vice,麦凯有些漫画风格的电影技法（从《大空头》就有的）其实帮助了本片，因为预先知道他的政治立场，他也吐槽了自己是libertard 嘛，所以会怎么塑造主角形象没有什么意外的。相比前几天看的那个纪录片，有些自由派表面反战，内心却又想“其实是派少了人吧”“战后重建工作没搞好”，麦凯好歹没有这么虚伪，还讲了一点点石油利益问题—— 喇，问题就在这里。其实讲这个就是很好的切入点，还能从切尼的角度扩散到其他人以及民主党；毕竟这样一个仗打起来，没有两边的人都支持怎么可能？但是现在讲成这种很个人化的，比如这个人他追求至高权力啦，他的老婆是个野心家啦，等等，虽然细节充沛，但作为政治电影的核心就意思不大了。演员的表演还是很娱乐的，尤其Sam Rockwell。话说这电影是在用智商问题给小布什开脱嘛？😅
副总统 Vice,今天看的两部电影很巧，都是满满前作的既视感。这部电影也基本就是照搬《大空头》的套路，导演亚当·麦凯黑完华尔街，又兴冲冲地把炮口指向了白宫。说好听了叫灵活的剪辑，说不好听了叫跳脱的剪辑，随时随地插一杠子的旁白，以及很具时代感的配乐。最黑的是结尾给那颗心脏的特写，我快要笑死了，真 · “你的良心不会痛吗？”
副总统 Vice,我算是挺左的人了吧，而且也是the big short的粉，但这个真的无论从立场上还是叙述处理上都有很大问题。偶尔的爆笑解决不了这些问题。6/10
副总统 Vice,导演沉浸在自认为独树一帜的剪辑风格的自恋中无法自拔，建议找拉斯冯提尔开一门小课程名叫“如何把电影瞎几把剪还能剪出花来”。川普时代的定制反右电影，在最后抛出来的右派观点却让前面所有的讽刺没了意义，简简单单的一句“再坏的民主也比好的专制要好”太单薄了（对不起老杨）。所有影片的优点都在表演，止于表演。而我最最惊喜的就是山姆洛克威尔，如果导演愿意接着拍president的话我会更期待吧。（作为粉了多年的粉丝，我真切希望芭乐同学能在自己还没老到没法看之前赶紧再去演一个帅逼，好保住自己靓绝哥谭的名号）
副总统 Vice,2.5 / 相当于一篇语气诙谐处处大写加粗红字且带动图的八卦公众号高层秘辛推文。对权力的刻板想象往往只能让权力的网络隐形，继而把各种原因粗暴地引向漂浮孤立的个体并用各色笑料搪塞而过。以及，假如贝尔真的要拿影帝的话，不如把小金人给化妆师和剪辑师吧。
副总统 Vice,偶有华章，但更多的是陈词滥调，自作聪明，众人皆醉我独醒的高傲。
副总统 Vice,"终于把今年奥斯卡提名的几部最佳影片全看了。本片像拉洋片一样地把这位副总统的一生过了一遍，内容是我们这代人熟悉与有兴趣的，结论却难以认同；44岁的主演贝尓下了功夫，从青年演到老年。这位演员12岁时来中国拍过《太阳帝国》，前些年又来参演过中国电影《金陵十三钗》, 是位好演员。八部最佳影片提名的我喜欢的是《罗马》和《绿皮书》，至于谁会得奖咱们猜不准，这是美国电影人的奖，投票的是人家电影学院的会员们。"
副总统 Vice,切尼知道「副总统」的身份是一个仪式化的角色，特别是对于一个对国内或外交政策“一无所知”的总统来说（把布什塑造成了一个小丑）。用政治讽刺剧的形式来包装，快速回顾切尼职业生涯中的每个重大时刻，时而严肃时而儿戏，像是糅合了《小布什传》和《风起云涌》等片的风格于一身。
副总统 Vice,其实偏政治讽刺喜剧，虽然表面并没有那么喜剧，但还是藏了不少心思在里面。剪辑仍然花样很多，演员野很努力，其他就没了。
副总统 Vice,非常认真地去拆解证明一坨屎拉出来之前都由什么构成，从这点来说，亚当·麦凯勉强能称为个作者。对比起来，《大空头》写的由亚历山大·汉密尔顿传递下来的纽约气质，《副总统》写的就是托马斯·杰斐逊一脉相承的华盛顿立场，当然电影虽然没有概括地像传记书里写到“这是某某名人的一段故事，然后它就变成了我们认识的那个人”，不过也简单地把错综的线团（政治）归结到了单根的线条上（切尼个人生命历程），通过剪辑改变和本来就特设的结构，加上离间手法、直接纪录片的插入和那颗心自述的切入点，都给人一种妖艳贱货版的迈克·摩尔的感觉，从最后结尾可以得出某种人的样子决定国家的样子的论调，一：可以直白的看出怼川普和选川普的民众；二：可以大开脑洞地推断，导演可能并不知道东方某核心领导力量的老大哥，又或者就是知道也有可能不敢写。
副总统 Vice,抖机灵式的满足了吃瓜群众们报复性地看政治黑幕的欲望，但是内在的逻辑机理全部欠奉，只呈现结果（而且许多是臆断的片面结果），而从不交代原因，就连切尼如何从一个纯粹的废材变成手眼通天的政客也不着一笔（不要告诉我是因为爱情和忏悔）。从《大空头》和《副总统》看来，亚当·麦凯最擅长的，就是一种专唬吃瓜群众的虚张声势
副总统 Vice,三星半。直涉当代美国政治的传记题材很容易两边不讨好，左派可能觉得你写个保守派还写出了同情心，右派多半觉得你把个保守派黑得太狠。导演肯定也意识到了这一点，所以特备了片尾的彩蛋！抛开政见的话，本片延续了《大空头》的风格，手法上做得很足，幽默感保持得很好。另外，再看过的四位里面，奥斯卡影帝我选妆化得亲妈都不认识的贝尔吧。
副总统 Vice,“切尼是全美最神秘的政客。我们已经尽了他妈最大努力去拍了”。“为什么只展示会被认为是自由派的那些事实。不如去看速度与激情吧”影片首尾(不那么)呼应着，摆出自己绝不可能客观的态度，最后还得意的自黑一把。贝尔式切尼通过周边一众强弱角色得到了圆满，一直好奇杰西普莱尔的讲述角色会怎样与切尼关联，也意外地得到解决。不过这个政治版的《大空头》，始终远没做到讽刺和揭秘兼备的寓教于乐效果。
副总统 Vice,阵容豪华，片子平庸。
副总统 Vice,立场先行的叙事，如果还要假装配上伪纪实的风格，那观感就会非常非常糟糕了。嬉笑怒骂之间，观众看到的不是才气，反而是导演的卖弄和屈尊俯就 #自作聪明的戏说历史，非常cheap的是非批判#
副总统 Vice,3.5。
副总统 Vice,没去年狗叔的震撼，今年影帝会给贝尔吗？
副总统 Vice,贝尔，山姆罗克韦尔，艾米亚当斯这老三位的表演用涨工资的话说就是炖烂了的牛筋，一口咬下去，滋味无穷。中间一场切尼和小布什的对手戏精彩绝伦。但除此之外，很多场景都太刻意了：切尼初入主白宫时站在门前的身影，父女之间的亲情，几番出现的钓鱼闪回，谈笑间战争场面的切换……想要的太多就最终什么也没抓住，除了贝尔之外，所有的角色都有点脸谱化，匠气太重。
副总统 Vice,5
副总统 Vice,"关于**，不是一般人能玩儿的。但对于切尼，他绝对拥有**天赋。党派之间的暗流汹涌，人物，政客之间的巧妙联系，狡猾的切尼不愧是那个运筹帷幄的人。不管你喜不喜欢，他也是历史中那个有着决定性的一环。
贝尔自机械师以来这次又突破形象的大胆尝试，以庞大的身躯演绎副总统，不同的是要想得到奥斯卡最佳男主我觉得还是难度挺大。影片贯穿着钓鱼的镜头表达着切尼内心沉着冷静又心思缜密。反看贝尔，感觉影片没有给他太多表演的空间。同样是人物传记，我觉得当年小李的胡佛更
好。"
副总统 Vice,亚当•麦凯万花筒式技法实际上是有一套的，美国政治也真不是在两个多小时内就能摘络清楚的，麦凯也仅是抓住几个点再连线的，相信换作其它导演也都会选择某一个侧面去展开。究竟要塑造切尼的人带事还是事托人，这虽然不是两难选择，不过过往的教训是两手兼顾似乎吃了不少苦头。麦凯的虚实结合和跳脱的剪辑的确让观众有些吃不消，但并不枯燥。相信谁也不想看到影片板着一副面孔，正襟危坐地讲一堂美国政治课（哪个搞研究的会去参考电影），这次政治人物是来服务和成全电影艺术的，而不是反之。“橡皮人”贝尔的完美复刻原型人物的确无可挑剔，贝尔和亚当斯这一对“银幕情侣”也非常登对。
副总统 Vice,点菜那段太赞
副总统 Vice,这电影真对不起贝尔自己加给自己的额外负重，导演最后都忍不住自己先影评起来了。这片子化妆上有问题吧，迪克和他岳父都没看出年龄差距来，像是同龄人。电影里这些事如果都是真的，那小布什怕是个傻子吧。
副总统 Vice,散
副总统 Vice,低配版纸牌屋
副总统 Vice,拉斯冯提尔一般的剪辑语言加大了对人物的戏虐感，但是正如去年的政治局势，左翼人士在反对特朗普政权时在一些公开场合用词不当逻辑混乱反而造成公众对左派的厌恶，强调某些观点时又有些过火，所以以形式突出政治诉求怎样把握好度，还需要拿捏一下。影片最后的的右派观点我认为并不代表作者最终倾向，而是一种质问，消费娱乐越发达我们越不想关心政治，而一切的社会变化在我们事发后指责的同时，都应该想到，我们早就参与其中却毫无作为，左与右可能只是一种统治机构内部的权力争斗，而作为普通人，如何选择立场抒发诉求来改变今天的生活去迎接明天才是更应该关注的
副总统 Vice,可以看看：题材新鲜，演技不错，导演有想法，也能玩儿花。片子里塞了很多看起来很热辣的东西，比如幕后，比如钱权，比如漏洞…而且故意显得好像是闲笔，暗示你“你可以细想我们用意很深呢”。值得一看，就像一张洒满芝麻的大饼，的确有点料，但嚼头真是不足。
副总统 Vice,1 总统曾是小混混，正副都是；2 总统们做事太不靠谱，谎话与私利充斥任职期间；3 一切总统都可被吐槽和开涮，不论是还健在的前总统，还是正在任上的现总统；4 号称是喜剧，直到“叙事者”被车撞死，我才恍然大悟：居然可以这么拍；5 克里斯蒂安贝尔又一次毁颠覆形象作品，论演技，值个小金人。片子还好，推荐。
副总统 Vice,东剪一刀西剪一刀，除了杂乱感，不知道导演想表达什么。橡皮人贝尔演得是不是太内敛了？少了副总统的霸道气场。感觉配角比主角出彩。
副总统 Vice,揭露的还是挺勇敢的 完全是想不到的世界 想起美国人民对于政治的热情
副总统 Vice,这样的题材，美国人看起来会比我们更有感觉和共鸣。不过，剪辑确实出色，蝙蝠侠和Amy的表演也是棒棒的
副总统 Vice,贝尔一定是男主了 不过这片子剪的也太乱了 有点刻意滑稽的感觉 像不像b站阿婆主剪的丫
副总统 Vice,关于2019.7.19返美航班
副总统 Vice,浪费卡司的流水账
副总统 Vice,人的欲望啊。。。
副总统 Vice,6.7
副总统 Vice,6/10。导演不愧是无厘头喜剧出身，创造性剪辑大胆地开观众玩笑，动物意象颇具玩味：切尼思考权力的眼光如夜里的豺豹般敏锐，当切尼夫妇接到小布什邀请出山的电话时，背景墙上大幅猎犬油画，权力膨胀让侍者把酷刑包装成菜单介绍给同僚，画上的狼更加狰狞，暗示掌权者胃口大开。白宫屋顶太阳能的建与拆/里根政府与卡特的自由主义唱反调，高管的任免过程与奔跑的孩童，小布什演说直播的抖腿动作与桌下躲避轰炸的妇女脚部颤抖，讽刺操弄生死的儿戏决策。结尾切尼为延续家族的政治生命，教唆大女儿反对小女儿的同性恋婚姻、为国捐躯的战士进行交叉剪辑，这一边手术台上取出的心脏千疮百孔，切尼的父爱和良心消失殆尽，心脏捐赠者的旁白表示公民利益也被榨取干净。贯穿片尾字幕的鱼钩，形象比喻放长线钓大鱼的政治游戏，字幕后反转，直指特朗普重演历史。
副总统 Vice,要败给这个导演了，跟之前的《大空头》一样使用了花里胡哨的剪辑，并呈现出虽然节奏超快却依然令人昏昏欲睡的水准。贝尔的表演非常稳，气场十足，其实这个角色不是很好演，但贝尔完成得还是很不错。不过电影太一般了，公关也不行，严重拖累贝尔的得奖几率，默默为他祈祷吧虽然希望渺茫。
副总统 Vice,拍得乱七八糟，剪得七零八落。导演有点太自作聪明了。丑化得太过了，特别是小布什，政治哪有这么愚蠢哦，观众又不是傻子。讲真看到最后都没发现小布什是Sam Rockwell演的。。。
副总统 Vice,boring。基本上还原了百度百科的内容，但不怎么喜剧。
副总统 Vice,政治上的隐喻看不太懂，主要切尼这个副总统没有布什那么高调，很多东西无法证实，越看越无聊的感觉....
副总统 Vice,2.5
副总统 Vice,"贝尔又陪跑了
心痛得无以复加
学院手动再见"
副总统 Vice,成为九千岁的前提是万岁爷要足够蠢，“死亡税”的提出真是举世无双的天才
副总统 Vice,讲事件比讲人容易
副总统 Vice,比大空头更戏谑，但倾向性太严重，有的东西即使有真的成分，立场太明显，反而收获不到戳中想要批判的人事物命门的效果，结果是隔靴搔痒，不痛不痒。
副总统 Vice,58/100，利益相关，一直在研究Halliburton和切尼以及伊拉克战争的关系，这种政治脸谱化的喜剧描摹丝毫无助于理解21世纪初美国政治的复杂性，更无助于拼贴出当前美国政治的逻辑。切尼以玩弄权谋的“达斯维达”著称，试想达斯维达的传记会被处理成突破第四面墙的喜剧电影么？大量人物特写既不深邃，也不立体，细看贝尔的老胖脸还有化妆不到位的出戏感，完全浪费了贝尔对此片的牺牲。
副总统 Vice,要拍美国政治人物传记真是吃力不讨好，照实拍不可能，（过度）简化到这个程度就显得无聊透顶。这个故事完全不比大空头which事件本身就丝丝入扣高潮迭起，要还按原先那么拍法就显得松散凌乱，全靠剪辑上那些小巧思拉回我的注意力。结尾切尼独白找补那一下也真的，，铺垫一部片子就为了最后这段说教？？
副总统 Vice,黑色幽默政治传记阴谋论伪纪录片，恶搞还是不错的
副总统 Vice,顾盼自雄，摇头摆尾。
副总统 Vice,what do we believe直接笑坏了，贝尔真的太辛苦了
副总统 Vice,還是沒有很搞清楚一定要打伊拉克的原因，為了曾經供職的公司？
副总统 Vice,所以说原来你是这样的小布什😂美国那些年的战争背后推手原来是他
副总统 Vice,看的时候会游离在真实与戏说之间
副总统 Vice,本来就是一件很有争论性的事情，这部作品提供了一种视角。ps：给bale跪了
副总统 Vice,有甩锅嫌疑，副总统是否真的幕后推手，我觉得可能只是推手之一吧，如果了解美国政史的可能看起来会不那么沉闷。抛开剧情，贝尔的演技觉对是没话说
副总统 Vice,政治再现用旁切视角、打乱时间线的碎剪辑和穿插的隐喻片段，不是个好手法啊。调侃的意味过了，人物失重后很难塑造出一个传奇的asshole形象。虽然把Dick的经历一五一十都搬了上去，但还是停留在表面，没有探究内心的驱动，以至于那么多大咖演员还是跟情景剧似的，造型是到位吧，但缺乏说服力。再缩了，你们美国人说谎都成习惯了，一本正经满嘴胡话已经让旁观者难以称赞了~
副总统 Vice,政治如果只是权力的游戏，而不需要对社会的深入了解，便没有那么好玩，也不会多有吸引力。电影如果不是对事实的探讨，便不足够细腻，也就没有那么好看。
劣迹斑斑 The Dirt,"不能因为一个乐队的伟大就忽略了背后的肮脏。
也不能因为私生活的糜乱就摒弃了作品的光芒。"
劣迹斑斑 The Dirt,在这个时间点上线，无疑会被人们看作是一部“暗黑版的《波西米亚狂想曲》”。影片不仅展现了重金属摇滚完全不同于传统流行音乐的剧烈和狂野，也管中窥豹地展现了嬉皮士坠毁后的时代，美国年轻人极度空虚和疯狂堕落的放纵姿态。从击奇的角度来看，影片足够特立独行，趣味性十足，但从传记片的角度来看，全片的内容实际上有些略显单薄，对于人物的心理刻画也略嫌仓促和浮于表面。
劣迹斑斑 The Dirt,颜值非常之高…前期混乱不堪后期经历人生变故的各位开始打起了温情牌。sixx起死回生那段有点神（经病）
劣迹斑斑 The Dirt,非常十八禁 叙事比较没有新意 燥还是够燥 选角非常有意思 还原度也挺高 MGK早生十年估计真的是rocker而不是现在的rapper 233333 PS：儿子的下巴依然方眼睛依然很美呜呜
劣迹斑斑 The Dirt,网飞真是精准投放
劣迹斑斑 The Dirt,面对不屑，就用来自地狱的音乐让他们为之倾倒；面对谩骂，就用穿透耳膜的“噪音”堵住他们的口舌；面对嘲笑，就用凶恶残忍的方式打到他们跪地求饶。人生苦短，何必在意太多，明知要倒下，就去做最疯狂的事情，如果不幸跌落深渊、得见撒旦，那就带着满身恶臭重新爬回来，毕竟，生活已经够糟糕了，还有什么害怕失去的吗？这就是克鲁小丑，一个名副其实的“犯罪团伙”、世界上最臭名昭著的乐队，“有一个老家伙，一个小屁孩鼓手，一个暖场乐队主唱和一个逃跑的混蛋”，我爱他们。
劣迹斑斑 The Dirt,关于放荡沉迷与性爱毒品这一块确实做得够直接，毫不掩饰四位成员的一塌糊涂。可是结尾部分怎么“一家人”这样的总结话语又直接从角色嘴中出来了，没有设计没有更好的想法来呈现。
劣迹斑斑 The Dirt,热血摇滚
劣迹斑斑 The Dirt,好辣
劣迹斑斑 The Dirt,垢污！够污！按照年代来看对比中国，看看生活和周边建筑汽车文化等等等，就知道差的有多远！为何80年代出国就看傻了？因为差距
劣迹斑斑 The Dirt,Home Sweet Home还不错 其他歌都不好听
劣迹斑斑 The Dirt,很流水账的电影，比起音乐其实更多的是讲了几个人的故事，作为粉丝是看得挺开心的但作为电影就很普通。因为这个发行时间的关系无法避免和波米比较但这俩根本不在一个水平和量级上…另外看不懂评论里吹颜值的，演员是没问题，但单看颜值的话其实几位演员都比不上当年的乐队本人…毕竟80年代的流金队没有颜的话是啥也别谈了
劣迹斑斑 The Dirt,像吃了顿火锅！爽！事实证明让拍沙雕片的导演来拍摇滚传记是个非常正确的选择，毕竟共性实在是多。还有个没想到的是，mgk挺可爱的，之前跟姆爷的beef我就忘了吧。
劣迹斑斑 The Dirt,除了音乐不好听外，为什么我觉得这部电影比《波西米亚狂想曲》更好看呢？
劣迹斑斑 The Dirt,他们是特立独行又充满天赋的混蛋，越是纵情恣意却越是空虚无助。他们惹恼了很多人，每天都在做会后悔的事，但到最后，他们却还站在一起，这是命运，是家庭。那是最差的年代，也是最好的年代。
劣迹斑斑 The Dirt,7.5。《波西米亚狂想曲》中弗雷迪·莫库里后期的迷乱生活只是克鲁小丑乐队的日常，疯狂程度则远远不及。杀马特洗剪吹的鼻祖，满身纹身的坏男孩，不被人认可的堕落生活方式，但却是华丽摇滚和流行金属的经典乐队。虽然并不认可他们的言行，但这部电影真实地表现了四位乐队成员的性格、爱好和对音乐的热爱，让我觉得特别真诚。也让观众体会了一下80年代摇滚乐手与果儿的故事，电影里主唱Vince Neil就直言不讳，“我唱歌就是为了睡姑娘”。四个演员的造型很像原型人物。乐队的粉丝可能会大呼过瘾，因为还原程度非常高。
劣迹斑斑 The Dirt,这样的摇滚乐队可能才更戏剧化的真实一些。比波狂更激烈，更活在当下，也更浅薄一些。
劣迹斑斑 The Dirt,结尾画风转变也太快了。。。
劣迹斑斑 The Dirt,80年代不糟糕，是因为有了你们的大行其道才变得糟糕
劣迹斑斑 The Dirt,太躁了，从头躁到尾，反而觉得有点流于表面导致无聊了，但到底是最著名的洗剪吹乐队，还要必须要看的
劣迹斑斑 The Dirt,基本上，音乐人的世界，常人也是很难代入。但在应该成熟的年纪碰到一群志同道合的狐朋狗友顺理成章的幼稚下去还能靠这吃饭，着实幸运。从制片质量来说，Netflix感觉以后股票可以买一买了。但还是略平整，和《Bohemian Rhapsody》不同的是，并非突出某一个人，更像是所有人的故事，这点实属不易。
劣迹斑斑 The Dirt,传记类，80年代真的相当浮夸
劣迹斑斑 The Dirt,开头令人印象深刻，鼓手很帅
劣迹斑斑 The Dirt,一天1000美元的海洛因 這得賺多少錢？
劣迹斑斑 The Dirt,拍的挺好，不过音乐题材真是没有新意，玩音乐的，或者玩摇滚的都是这种人吗？还是导演选择了这种，还是观众需要，想看这种
劣迹斑斑 The Dirt,粉丝电影。不了解乐队历史的观众如我，关注点一直在海洛因都静脉注射了还能戒掉这个点上
劣迹斑斑 The Dirt,电影结局来得有点突兀、草草收尾之感。生命阶段的转折拍得也略显生硬。但是故事本身就充满了冲击力。结局，这么正能量好吗？XD
劣迹斑斑 The Dirt,"Kelly实在是打断我太多次了，观影体验极度碎片化，我甚至感受不到这部电影是好是不好……我不知道“Tommy Lee”里面有多少是Tommy Lee有多少是傻瓜妹妹，天翻地覆的时候他一心想着谈恋爱，怎么会这样，I’m just a hopeless fuckin romantic, dude. All love, all the time."
劣迹斑斑 The Dirt,机枪那一身纹身用什么遮瑕膏遮掉的？？种草了
劣迹斑斑 The Dirt,摇滚时代的产物
劣迹斑斑 The Dirt,一般评论大概会大夸其夸其“真实”，难道“真实”就是毫无保留地引入kirsch元素？我喜欢glamour rock但并不代表glamour film很对胃口（这里更可以用“surficial”代替）。
劣迹斑斑 The Dirt,this is life
劣迹斑斑 The Dirt,跟《波西米亚狂想曲》相比显得中规中矩。
劣迹斑斑 The Dirt,三星半吧
劣迹斑斑 The Dirt,也太二了
劣迹斑斑 The Dirt,禁毒宣传片
劣迹斑斑 The Dirt,嗯玩摇滚的还真是……
劣迹斑斑 The Dirt,真 吊
劣迹斑斑 The Dirt,7分。感觉很多乐团歌手的故事都很类似，出道凭借天赋到达巅峰，因种种因素陷入困境濒临解散，突发变故借此契机成员和好。故事倒是很完整，面面俱到，但是从进入戒毒所开始后半段感觉有些潦草，很多情节都是旁白带过，没有开头扎实。玩摇滚的都是疯子！！
劣迹斑斑 The Dirt,三星半吧，后半段整个都崩掉，几个主角的演技直接全部暴露出来，导演的掌控力也不太行
劣迹斑斑 The Dirt,还算是合格的猎奇作品。朋克用成为烂人的方式，逃避上一代人命运，可是终究逃无所逃。因为迟早有一天发现，自己的反叛并不牢靠：要么是耗完了年纪，要么是耗完了愤怒，要么是耗完了生命。闹剧和悲剧之间，只有一衣带水；而痛苦唯一的解药，唯有智慧。
劣迹斑斑 The Dirt,奥兹…
劣迹斑斑 The Dirt,十丧然动然燃
劣迹斑斑 The Dirt,后面一半是怎么回事...
劣迹斑斑 The Dirt,将它和“波狂”比较，似乎已经成了必经之路，但我还是站在Queen一方。尽管这才是传记片的风格，没有删减掉克鲁小丑那些不堪，你可以说暗黑、你可以说燥，但这才是真实，像他们的音乐一样—华丽摇滚，像kiss、也像圣饥魔。
劣迹斑斑 The Dirt,片子拍的没多好，但让我有了些其它的想法，我不止一次的听到有人说在这个社会混情商多么的重要，这乐队的几个人显然是情商不怎么在线的，他们凭借着仅有的那么点才华（这点才华我也不觉得在摇滚圈里有多出色）肆意极端的生存居然也能获得这么大的成功，这里我不得不佩服美帝社会的开放与包容。如果可以选我也希望我的青春是这样挥霍掉的哪怕死去，应为庸俗真的让人难以忍受
劣迹斑斑 The Dirt,不如the runaways，单纯用吸毒滥交吸引眼球每每在探索更深一层的时候停下。
劣迹斑斑 The Dirt,离五星差得还有点远，故事也讲得七零八落，给人一种想出喜剧效果又没出成的感觉。引用了大量书里的句子（Tommy那段我喜欢），也做了不少改动。很多地方处理得很仓促，但是最后Vini复归那里还是感动。一听HSH就掉泪。最后的对比也很喜欢。剥皮真的是超努力地在演13
劣迹斑斑 The Dirt,"3.5星 网飞很奇怪，剧总能拍成电影水准，电影却都挺…简陋(？的
还有就是意识到重金属音乐真的很难安利啊，一部电影下来就觉得一首好听…更想看他们的音乐创作而不是循环糜烂的生活"
劣迹斑斑 The Dirt,走马观花，牛逼了整个80年代Mötley Crüe是多少人的敲门砖
劣迹斑斑 The Dirt,故事与《波西米亚狂想曲》相类似，但要是二者比较起来的话，各有千秋。波西米亚着重描写主唱那条线，而本片对各位成员的经历都有介绍，但要是论情怀，本片与远远不及前者，基本上都是在讲故事，而忽略了音乐传记片的灵魂，那就是音乐本身。
劣迹斑斑 The Dirt,乐队传记片又有了一部典型 这部紧跟《波西米亚狂想曲》之后出现的摇滚乐队传记片 与其说内容上与同类作品有诸多不同 不如说充分表现出流媒体与传统电影创作的不同 相比《波》对主唱的重点塑造 《污垢》将克鲁小丑的四名成员分别进行了表现 且每名成员承载的“作用”各不相同 性 毒品 成长 病痛 四人共同呈现了最纯正的重金属摇滚乐队应有的样貌 这也是创作方向较保守的院线电影无法比拟的 本片导演运用各种手段大量表现摇滚乐队糜烂的生活 反而更能凸显最后四人铩羽而归的壮丽 这种不断的用视听刺激和情节叠加的叙述方式正是现在奈非的创作方向：就是求爽 正如《爱死机》 导演不会加入譬如《波》中弗莱迪与前妻开关灯那样的段落 也不会有《盛夏》里与好友妻子的暧昧感 克鲁小丑的颠覆与这种直给强塞的快爽风格不谋而合 这也许会成为接下来的创作趋势
劣迹斑斑 The Dirt,重点有点散 人物刻画感觉少了一点点感觉 共鸣不是特别强烈
劣迹斑斑 The Dirt,很明顯的美化痕跡。。。小剝皮都演老頭這可怎麼好。。。🙈
劣迹斑斑 The Dirt,在我心目中Motley Crue是80年代洛杉矶最Heavy Metal的Glam Rock乐队，也是同时代乐队里最臭的一群臭流氓。得益于乐队全体成员参与编剧，影片中那些特别胡闹的情节与我曾经听说的故事比较契合，也很令我信服，但高潮部分硬拔高主题就让我难以接受了，又是Family？你们一开始不号称是个Gang吗？好吧，似乎不冲突，但这还是我心目中的那群大玩儿闹吗？不过至少做为一部独立的电影，整体来说给我感觉还可以，值得一看。
劣迹斑斑 The Dirt,Pop hard rock，有点像钢豹的着装，80年代风格
劣迹斑斑 The Dirt,Sunset strip/Rainbow bar/Hollywood/中二时期的骨肉皮幻想 但是看完总觉得不够劲儿 少点什么 可能这就是real和reel之间的区别
劣迹斑斑 The Dirt,作为纪录片，片尾的还原度对比显得很真实和精细，不是摇滚迷无法了解其音乐，搜听了下home sweet home感觉很耳熟。只能说这群家伙运气实在太好了。
劣迹斑斑 The Dirt,其实有点尴尬，换做以前看着可能比较爽，现在看这种呲妞儿吸毒喝酒派对的片段很无感了，MGK气质本来就听hardrock的其实，虽然还是有点跳戏。
劣迹斑斑 The Dirt,明明是传记却怎么都跟套路一样，随随便便组的乐队，然后就火了，火了后就是各种约炮、drug...然后面临解散，最后再重新聚首依然轰动世界。
动物园长的夫人 The Zookeeper's Wife,以为外语片，特地回家换上眼镜，结果所有角色一律满嘴瘸英语..可以说是辱德了。某仓鼠又是纯爱系圆脸纳粹（噗），痴迷人妻，却只须摸了个手就幸福感满格，无意间还促进人夫妻感情助攻一枚二胎，仍不气馁放任自己被正派们继续欺负得嘤嘤嘤。好人有好报系列。动物萌点牵强。
动物园长的夫人 The Zookeeper's Wife,哎，每次看完阿姨再看其他人的表演，便觉得，这世上99.9%的人，即使努力了一辈子，都比不上甚至是年轻时的阿姨的七成功力。阿姨这种天赋型的演员是世间最珍贵的宝物，信手拈来一颦一笑不颦不笑正脸背面都精准表达角色心理。（前看阿姨“Gabrielle-2005”）
动物园长的夫人 The Zookeeper's Wife,略為流水帳，動物和人的呼應隱喻沒有做出來。如果沒看過原作應該就三星。但是看過原著的話...再扣一星。真的電影劇本走向有問題...不喜歡增添與男二的詭異互動及性騷擾情節...Antonina和Jan故事本身就很有力量了，不用改這樣的肥皂劇情也會很動人
动物园长的夫人 The Zookeeper's Wife,标题党！！！虽说历史背景是拯救犹太人，但既然叫动物园长的夫人，就应该着重表现在特殊历史背景下如何拯救珍贵动物，再添加拯救犹太人的副线！！现在完全主次颠倒，都在救人，动物成了陪衬。
动物园长的夫人 The Zookeeper's Wife,评论怎么肥四…这么有人道主义精神的故事是怎么看出圣母婊的？？？不如你也像这样婊一个我看看
动物园长的夫人 The Zookeeper's Wife,一开始就恶意煽情，这很不明智
动物园长的夫人 The Zookeeper's Wife,劳模姐这次演技发挥有点失常，可能角色太圣母心显得做作。口音有毒，结局太大团圆了，导致高潮时艺术性不强（尊重原事件可能牺牲了艺术性吧）。配乐较薄弱，丹尼尔布鲁赫太特么帅了，穿军装这腰看得我站错CP，而且爱得好深沉，放过了劳模姐也放过她儿子。但女主设定很婊，利用肉体和别人的换取想要的
动物园长的夫人 The Zookeeper's Wife,故事很平，叙事温吞。类型片中较没有存在感。好在始终洋溢暖意，好在劳模姐一如既往的出色。
动物园长的夫人 The Zookeeper's Wife,Missed opportunity
动物园长的夫人 The Zookeeper's Wife,我觉得吧，要不就干脆用波兰演员对白也都波兰语，你们几个外国人强行讲波兰口音的英语是哪能意思啦！
动物园长的夫人 The Zookeeper's Wife,展现最佳演技的是那只谁抱着都好乖好乖的萌兔兔！
动物园长的夫人 The Zookeeper's Wife,接触动物的人们仿佛都带着一丝柔软的人性。电影的话就中规中矩吧。劳模姐和犹太小女孩对戏那段气氛好奇怪啊。
动物园长的夫人 The Zookeeper's Wife,剧作平庸，节奏感差，劳模姐和布鲁赫还都在演着这种毫无突破的角色~
动物园长的夫人 The Zookeeper's Wife,温吞
动物园长的夫人 The Zookeeper's Wife,以二战真实历史故事为原型，但木有想象中的打动我。如果这个故事单纯的讲述动物园园长夫人将兽笼化作搭救300犹太人的诺亚方舟估计会更好，但加入了感情戏尤其是三角恋是闹怎样？动物反而比很多人类有「人性」，何等讽刺。可惜动物和人的互动不太多。除了人，心疼那些在德军轰炸下难以幸存的动物们。
动物园长的夫人 The Zookeeper's Wife,还是真实故事更为动人。电影即使有两个小时多了都还像是在赶场：比如Jan的“遇难”到最后的生还，Antonina在最后找Lutz对话，以及众人的团聚，都显得很匆忙也交代的很潦草，部分时候会给人莫名其妙的感觉。【萌萌的Daniel Brühl快要被typecasting搞得成了“纳粹专业户”了...
动物园长的夫人 The Zookeeper's Wife,另一个版本的“辛德勒的名单”，整体节奏缓慢。
动物园长的夫人 The Zookeeper's Wife,二战版神奇动物在哪里+动物版敦刻尔克大撤退，依旧是熟悉的题材，依旧是温情的套路，很难说会讨厌这样的电影，但毕竟同类型片太多，即使换了个外壳，即使一众飞禽猛兽友情演出，即使劳模姐依旧贡献平稳演技，但终归还是太过熟悉，缺少新鲜感，加上生硬的感情线以及难受的口音，都使本片难以更进一步。
动物园长的夫人 The Zookeeper's Wife,为啥是全程英语...另外ntr未遂还行
动物园长的夫人 The Zookeeper's Wife,快進dvd  7/10
动物园长的夫人 The Zookeeper's Wife,平庸
动物园长的夫人 The Zookeeper's Wife,旧金山回国的飞机上看的，还行
动物园长的夫人 The Zookeeper's Wife,德国战败后，苏联人接管华沙，华沙仅剩6%的人口！战争太罪恶 ！
动物园长的夫人 The Zookeeper's Wife,整部电影 全靠一个军官对一个已婚妇女莫名其妙的爱 而串成。
动物园长的夫人 The Zookeeper's Wife,期待很高，但拍的不紧不慢…看到最后看不下去了……
动物园长的夫人 The Zookeeper's Wife,"Jessica Chastain’s portrayal is stunning, and the human-animal affinity is wondrous, but the rest is banality"
动物园长的夫人 The Zookeeper's Wife,我个人是非常反对动物园这种反生态的东西的。当然拯救无辜者也确实值得称颂，特别是结尾夫妻相拥那一幕看的人家眼睛都花了。愿世界和平！
动物园长的夫人 The Zookeeper's Wife,园长夫人出境的时候总是抱着动物～啊！毛茸茸的！
动物园长的夫人 The Zookeeper's Wife,三星半，动物、年代剧、美丽善良的女主角，看我预告片我就能给他打4星，但是结尾有一点点蜜汁尴尬，很想说，夫人为什么就不能淡定一点，明明人家都要撤了，还在最后一秒把人拉回来……也可能是关在动物园里太久，导致信息不全吧。整体不错，就是最后有种美国主旋律的套路感。
动物园长的夫人 The Zookeeper's Wife,杰西卡查斯坦拍这片太拉好感了，在剧中分别又亲又抱了小象、小狮子、小兔、小猪和非洲小野牛，还嘴对嘴喂吃的😱❤
动物园长的夫人 The Zookeeper's Wife,懒得带耳机 全程盯字幕orz
动物园长的夫人 The Zookeeper's Wife,实在一般，中配也不好
动物园长的夫人 The Zookeeper's Wife,辛德勒名单类型片，四平八稳，并无惊喜
动物园长的夫人 The Zookeeper's Wife,知道是真实故事改编所以觉得他们特别伟大，但电影还是拍的不够动人，一切都太顺利了。
动物园长的夫人 The Zookeeper's Wife,也就冲着原剧本给加了一颗星星，其他免谈，看的太沉闷了。好像这类型的片子都沉闷的要死不死的。
动物园长的夫人 The Zookeeper's Wife,3.5
动物园长的夫人 The Zookeeper's Wife,人性在战争中璀璨，劳模姐姐营救犹太人的故事。片尾的音乐很好听，一副诗情画意，悠闲自得的感觉。
动物园长的夫人 The Zookeeper's Wife,劳模姐加分。动物演员加分。这类剧情实打实拍成平民史诗足够催泪并有分量，可惜后半部略微失控，走向偏狗血，有些可惜了。★★★☆
动物园长的夫人 The Zookeeper's Wife,以为只是看个动物园的故事 结果是个动物园版辛德勒的名单 兔兔真可爱 布鲁尔小哥还是挺帅的 2017.12.24
动物园长的夫人 The Zookeeper's Wife,影片中最让人讨厌的角色甚至不是那两个强暴犹太人的德国兵，而是女主角的儿子。
动物园长的夫人 The Zookeeper's Wife,没拍好，决定去看原著。
动物园长的夫人 The Zookeeper's Wife,中规中矩吧。
动物园长的夫人 The Zookeeper's Wife,还可以的真实事件改编电影 就是剧情搞得好像动物园园长夫人是靠和德国人睡觉才换来了许多犹太人的生命
动物园长的夫人 The Zookeeper's Wife,整个剧情刻画得不够深刻，浪费了劳模姐。
动物园长的夫人 The Zookeeper's Wife,挺好的 有些地方剧情有点落入俗套
动物园长的夫人 The Zookeeper's Wife,除了对动物的亲亲抱抱，没有感受到对动物真正热爱的心。还有就是，男二真的好可怜啊
动物园长的夫人 The Zookeeper's Wife,额，演员好厉害，能从头到尾说波兰口音的英文……这部剧告诉我们，战争年代有点姿色还是很重要的……卢兹没有杀了喊希特勒去死的女主的儿子，也没有把女主怎么样……真爱啊……女导演的视角满满的霸道总裁……
动物园长的夫人 The Zookeeper's Wife,感觉Daniel Bruhl在再见列宁之后一直在演反派的感觉，明明是那么帅。动物们实在是太可爱了，但是叙事简直是致命伤，完全都感受不到女主的作为，况且她应该是中心人物，更不用说史实上的成就根本就没拍出来。另外对不起我我的重点是，毛瑟真的好帅啊。
动物园长的夫人 The Zookeeper's Wife,在战争的摧残下，一对普通的动物园园长夫妇，如何尊重生命，拯救那些战争牺牲品的犹太人。
动物园长的夫人 The Zookeeper's Wife,没有想象中那么好看，略平淡，不喜欢劳模姐里头的声音╮（╯＿╰）╭
动物园长的夫人 The Zookeeper's Wife,动物园里没有动物，二战特殊时期 这个没有动物却藏匿着人的动物园，变成了犹太人的庇护所。虽然白天黑夜颠倒着，虽然到处弥漫着死亡气息，虽然不知道何时是尽头，可这里是可以活下去的渡口，是被救赎的归处。
动物园长的夫人 The Zookeeper's Wife,好正的夫人，好偉大的夫妻。
动物园长的夫人 The Zookeeper's Wife,劳模女士太有爱了。
动物园长的夫人 The Zookeeper's Wife,女性导演着眼于女主视觉又不够主观，加上剧情连贯性不太好。劳模姐口音有点奇怪？儿子作死小能手，Heck反英雄。德军制服真帅！
动物园长的夫人 The Zookeeper's Wife,浪漫化把大历史的荒谬、剧痛都掩盖了
动物园长的夫人 The Zookeeper's Wife,起初觉得园长夫人有点圣母有点虚，她太美好了有点高高在上的感觉，可是看完全片这个角色马上立体了起来，细腻刚强，伟大无畏。不足之处在于后期电影重心渐渐偏离片名，和开头的极力塑造相比形象有所弱化。还是挺不错一电影。
动物园长的夫人 The Zookeeper's Wife,对历史一直很喜欢，波兰这个国家经历太多磨难了。很多历史事件，可能根本没有那么多的情情爱爱，只是出于内心的善良、坚持和不屈，才造就了后人看来很伟大的事，可是某些改编导致严重走形，有机会要看看原著去。
动物园长的夫人 The Zookeeper's Wife,在全景声厅看的声音效果挺棒。片子整体用力太平均了，没有特别亮眼的戏。不过劳模姐那演技也是一贯在线。动物都很萌的
动物园长的夫人 The Zookeeper's Wife,Is it too realistic or too idealistic? I can't say
动物园长的夫人 The Zookeeper's Wife,嗯……影片拍的很肤浅，劳模表演也略显尴尬，但依然表现出了一位柔弱且坚强的女性形象，不像大多数传记片容易夸大现实。以及，为什么丹尼尔的片都这么压抑……
劫机惊魂 Neerja,她展示了人类中难以置信的精神
劫机惊魂 Neerja,中东地区的劫匪也太蠢了吧，做这种刀头舔血的营生，你们妇人之仁，杀个人磨磨唧唧，尼玛在飞机上面困了15个小时，300多个人质你们只杀了2个人，你们是在逗我么。这么漂亮的乘务长死了真是怪可惜的，诶
劫机惊魂 Neerja,没有唱歌跳舞的印度片，有点拖沓，女孩很勇敢，很少的以女性独立为视角的印度电影，赞一个。
劫机惊魂 Neerja,中规中矩
劫机惊魂 Neerja,传记题材不够严谨，惊悚题材不够紧凑，印度电影有2大问题，1 硬插歌舞2太长
劫机惊魂 Neerja,勇敢
劫机惊魂 Neerja,还不错，摒弃了歌舞片的阿三其实严肃起来还是挺带感的，节奏掌握的比较好，改编自真实事件，虽然是个老套的空中劫机故事，但是这类密闭空间的片子从来不缺少看点
劫机惊魂 Neerja,印度片里难得没有大篇的跳舞，唱了几句歌随便跳一跳就没了，后面都是情节，难得啊。
劫机惊魂 Neerja,20160529 印度特色的歌舞片贯穿其中，让人出戏
劫机惊魂 Neerja,劫机惊魂 Neerja (2016)
劫机惊魂 Neerja,被煽得泪流满面，终于看了一部kapoor的片子，好美好美好美（然而为什么我认识的印度小哥都不觉得她attractive呢，好奇怪奇怪啊！）。wiki了一下好像真人更美……哎红颜薄命，真实的故事也是可歌可泣呢！
劫机惊魂 Neerja,剧作是好莱坞的套路，故事相对扎实，反派刻画的尤其出色，有些丧心病狂，但也有些弱智，浪费了很多时间，杀了很多人。作为宝莱坞电影，全片只有开头一场戏有歌舞，然后的气氛急转直下，但同样是劫机，机舱内的紧张氛围稍弱，比起《空中营救》来说，还不够抓人，但人物是立起来了。
劫机惊魂 Neerja,故事由真人真事改编，的确伟大而感人。跟大部分的宝莱坞电影不一样，本片手法上更接近比较成熟的好莱坞制作，只是总体还是平庸了点。不过甜心公主短发也是一个大写的美啊。
劫机惊魂 Neerja,这也能有歌舞？主人公太伟大了，拍的很一般
劫机惊魂 Neerja,这部电影看到最后更像是印度阿三在自我卖弄的一个景象。看完影片我更加怀疑女主角故事的真实性。不过好在女主角够漂亮，能让人把影片一直看下去。
劫机惊魂 Neerja,很难评价，作为真事改编且女主牺牲的故事，值得赞誉。而电影本身在细节上有些散乱，让人看着分神，另外配乐上也稍逊。或许在1986年，现场本就那么混乱。
劫机惊魂 Neerja,女主好美～
劫机惊魂 Neerja,精神很感动，但是看的也真的很累
劫机惊魂 Neerja,悲剧配印度音乐真不搭。
劫机惊魂 Neerja,故事也就平常的挺身而出的那种英雄套路，打动我的是女主人公和家人的那份亲情，一个人来珠海快50天了，上周末刚见了东明，本来公司让回去结果这边客户不让走，这周正是思乡情绪泛滥的时候，所以看了里面女主和家人的转身成永别的情节，特别触动。
劫机惊魂 Neerja,"什么呀，果然喜欢穿插歌曲。
故事拍的东拉西扯的拖泥带水的一塌糊涂……
一点没觉得惊魂，还不及维基百科文字记录得动魄！"
劫机惊魂 Neerja,讲道理，片子很棒，很感人，女主非常漂亮有魅力。我想着即使是印度电影，劫机题材应该没有歌舞了吧。卧槽！！！来个庆生会，还得跳一段，怒-1星。
劫机惊魂 Neerja,女主超美！
劫机惊魂 Neerja,事件本事感人，但电影没有把感人的气氛，紧张的气氛营造出来。剧情略单一，显得四平八稳，规规矩矩，三星。
劫机惊魂 Neerja,Go on living!
劫机惊魂 Neerja,水平最多二星，念到是真人真事，加一颗吧
劫机惊魂 Neerja,喜欢印度电影这种好好讲故事的风格。整体结构略微松散，不影响整个故事的完整性，演员不错，没有明显的弱项。真人真事改编更推荐。
劫机惊魂 Neerja,稍微有点作，细节不够好
劫机惊魂 Neerja,我看印度电影的目的一直很单纯，就是美得不可方物的印度美女，这部也没有让人失望，不过影片本身就很一般了，节奏和情感酝酿都不好。欣喜的是影片的结尾还有亮点，没想到传记原型也是位漂亮的大美女，再次感慨，印度出美人啊。
劫机惊魂 Neerja,一开始被坑爹的中文译名骗了，以为是一部关于劫机的警匪枪战片，后来才明白是一部传记电影。以劫机过程为中心，刻画了女主的性格、情感、经历、家庭，使其行为动机有充足的情感和逻辑支撑，叙事节奏快慢有节，对机舱内焦灼氛围的展现也算到位，但没有哪个方面特别深入或出彩，电影的情感冲击力也不够。
劫机惊魂 Neerja,这印度姑娘应该是见过里头最漂亮的一个了，劫机的几个货真够次的。。。
劫机惊魂 Neerja,根据真实事件改编，题材大于电影，拍出来就成功了一半，可惜，也就成功了一半。
劫机惊魂 Neerja,作为电影很一般，闪回部分影响了电影节奏，整个劫机到自救也很平淡，没有高潮迭起的感觉。不过印度出了一部歌颂女性的电影真是难得。
劫机惊魂 Neerja,一位漂亮的女孩，在男尊女卑社会风气主导的失败家庭婚姻之下，遇到了同样残暴的劫机歹徒，她通过自己的勇敢和智慧，一次次地帮助乘客摆脱危机，一位勇敢的女性，她活在每个人的心中！
劫机惊魂 Neerja,电影其实没什么高潮，但是故事是真人真事，这个空姐舍己救人的事迹真的很感动！
劫机惊魂 Neerja,又是英雄牺牲的故事
劫机惊魂 Neerja,那个主演的前夫我想跟你说：长的好看是真的可以刷脸！
劫机惊魂 Neerja,这是哪来的勇气？
劫机惊魂 Neerja,作为电影是太平淡了，情绪燃爆点是最后家人的坚强，妈妈一直说孩子会没事的，故作镇静拿着钱包去逛街，在棺椁前捧着黄裙子说妈妈记得呢，这是你想要的生日礼物。很佩服一个年轻的小姑娘能有这样的勇气，但也要说这部电影花了太多时间在介绍尼尔嘉的生平上，个人认为应该更多着眼于在劫机时的冷静。
劫机惊魂 Neerja,平淡无奇，再者警察的办事效率也太低了，从早忙到晚，飞机里的男乘客就没有几个勇敢点的？另外吐槽一下匪徒也不那么专业。。。
劫机惊魂 Neerja,拯救359名乘客的她没有超能力，她只有一个高尚而勇敢的灵魂。
劫机惊魂 Neerja,这剧情略感人
劫机惊魂 Neerja,八十年代的劫机再现，惊慌无措的业余劫机者，坚定勇敢的空乘，难得的宝莱坞新尝试
劫机惊魂 Neerja,与你建立牵绊的只是认识你的亲人和朋友，你的离去，牺牲最大的是与你最亲近的那些人。危急时刻，请保全自己。
劫机惊魂 Neerja,媳妇不爱看 我觉得还凑合
劫机惊魂 Neerja,你说，生命应该丰富多采，而不应虚度美好年华。所以，你注定要成为人们心中的一道亮光。PS：巴基斯坦警方面对突发情况，办事的效率真心低啊！说好的三十分钟，你给我拖了好几个小时，求劫机犯的心理阴影面积~~
劫机惊魂 Neerja,你会不会放弃？
劫机惊魂 Neerja,7分吧
劫机惊魂 Neerja,剧情确实拖沓，印度片一贯的歌舞也没省，要不是女主漂亮我可能看不完，还有恐怖分子大概是刚出新手村那种吧
劫机惊魂 Neerja,看过
劫机惊魂 Neerja,印度特色的电影，劫机和歌舞混搭。
劫机惊魂 Neerja,印度电影当然离不开歌唱，但这里面的歌唱让人不那么烦躁。也想起一大学校长所言，空姐要那么漂亮的干嘛，不就是倒水送饭吗？还用培训什么吗？还说外国都是大妈，所以没人要水都安静睡觉。真想呸他一脸，空中飞行本身就累，谁想面对一堆大妈啊？你咋不说国外机票多便宜。片子不错，比其他脑洞印度片强
劫机惊魂 Neerja,看了开头，看不下去，剧情发展有点慢，不过中后还不错
劫机惊魂 Neerja,妮嘉，我的生命给你，你会活得更有意义。
劫机惊魂 Neerja,不是特别精彩的电影，但是个好故事吧。
劫机惊魂 Neerja,印度非常难得一见的好片，部分剧情紧张拍的好，但一些镜头实在鸡肋，劫了那么久的机感觉才过了几个小时。
劫机惊魂 Neerja,一般吧
劫机惊魂 Neerja,一部根据真是故事改变的描写空姐的电影。几乎看到标题就能想到剧情，和一般的劫机电影比也没有什么独到之处。只能算时一般吧。
劫机惊魂 Neerja,很少看印度片，工作原因看了这部片。前半部分有点冗长，后半部分被演员们的演技吸引住。冲突点比较明确，戏剧张力也足。对于大家所说的歌颂女性这一亮点，倒并不觉得是电影传达的主流价值。毕竟片中还是无意中流露出男权不容置疑的气氛。背景音乐意外得不错！可惜没找到完整的原声碟。
劫机惊魂 Neerja,真人很美
劳拉·蒙特斯 Lola Montès,又一部深刻剖析女性心理变迁和崇尚自由爱情的影片。电影完成不久，Max Ophüls即因病去世，在许多方面，这都是他最伟大的电影，也是他唯一的彩色片，娴熟的运镜和场景多么令人神往
劳拉·蒙特斯 Lola Montès,马克斯·奥菲尔斯的彩色片，运镜和调度依然精彩，甚至压过许多当今的导演。不过这个故事看着闹心、
劳拉·蒙特斯 Lola Montès,传统的宿命人物结构不重在命运悬念，而是呈现人生的过程，奥菲尔斯对早期彩色电影的尝试，强调了华丽色彩对心理的对比，用服装与布景背景来表达人物身份与心理，还沿用了早期黑白默片的黑暗遮挡效果来集中观众对画面的注意力，效果既可以说是古典也可以说是陈旧。贵族时代毕竟是欧洲文明最值得骄傲的高贵时期，即使是交际花的滥情绯闻，出卖的也不只是当代的肉欲感，而是风情与贵族的礼仪与荣誉，即使在巴伐利亚段落对国王的爱欲与偷情的表达极具喜剧气氛，那种骨子里的高贵感也不是当代交际花面临6位数以上的金钱而撕开自身的外衣后的空乏所能表现出的。以马戏团作为背景来售卖自己绯闻往事的创意象征非常突出，显然也启发了后来很多导演
劳拉·蒙特斯 Lola Montès,一個小時後羅拉抵達巴伐利亞，故事漸入佳境。
劳拉·蒙特斯 Lola Montès,1955年代的调度趣味。炫技。还是《轮舞》最优秀。
劳拉·蒙特斯 Lola Montès,马克斯·奥菲尔斯是个曾经被低估的导演。至于原因，应该说主要是由于他的创新精神。他的有些创新之举因过于超前而难以被当时的人们理解，《倾城倾国欲海花》发行之初遭遇的商业失败和在评论界引起的激烈争论就是明证。然而，今天这部影片已经成为法国电影的看家之作。
劳拉·蒙特斯 Lola Montès,倒是意外发现了Ophüls的名字，意外发现他儿子的名字。我都不知道那些三连胜是出自他手。
劳拉·蒙特斯 Lola Montès,资料馆2018.9.16要上 看这个还是看八大锤呢 2019.2.24百子湾13:30又排了此刻正演着 晚上长安又有八大锤（寻梦承泽垫场）时间倒不冲突了但手伤又怕累还是期待下次或者有更好的厅 2019.6.14 百子湾放又和小西天的《黎明忽至》撞了天呐什么时候能看上！2019.7.5 终于看上了不容易！尽管前二三十分钟堵在路上迟到了（其实已提前两小时出来了。北京周五傍晚又下雨，交通可以想见。）片子是2008年修复版，颜色是真的鲜亮！但没太看明白，意义何在？只是简单展项一个交际花的一段人生历程，以及马戏团🎪吸引观众的各种招数。导演的水平没有那么惊艳，豆瓣上这么多说好的，感觉自己都不好意思说话了呢！资料馆百子湾厅 三四成 with付
劳拉·蒙特斯 Lola Montès,當年的寬熒幕技術是否尚未成熟(?)，至少我看著最邊緣的部分都有點變形了。不過導演對這麼寬的銀幕構圖把握非常嫻熟，運鏡也講究。視覺上值得一看。
劳拉·蒙特斯 Lola Montès,奥菲尔斯的最后一部电影，也是他唯一的彩色影片，这部影片上映之时也违背了导演的意愿而被阉割了，之后辗转很多年，现在我们看到的这个2008年的数码修复版最大限度的还原了奥菲尔斯当初的想法，也算是完成了他的一个心愿。影片色彩鲜艳，奥菲尔斯的运镜调度也是一如既往的娴熟，不过故事稍显无聊
劳拉·蒙特斯 Lola Montès,＃资料馆＃优质电影的排场和品质，巴洛克式繁复的风格，用（马）戏中戏讲述祸国舞女艳史，颇像《西鹤一代女》那类，结尾贵族宠姬落魄到一美元任摸的处理很犀利→欧美地位势头的隐喻……不过女主基本上是叙事工具，感受不到她的情感，人物塑造很单薄，我对这个故事也比较无感……奥菲尔斯遗作，运镜调度还是行云流水（镜前遮挡物尤多，运动长镜头算收着用了，几处斜角镜头比较惊艳）；也是他唯一彩色片，有那个年代的浓郁饱满；用了变形宽银幕？效果应该还不太行，边缘黑虚明显。好几幕应该是影响了《爵士春秋》，女主这个演法倒是联想到德莱叶的《葛楚》。
劳拉·蒙特斯 Lola Montès,奥菲尔斯的收官之作，一部关于祸国的绝色舞姬的传记电影。明艳色彩下的落寞，自由与爱情？浅浅的伤情仿佛少女在船头的一愣神。几近完美的运镜技巧，场景和调度的配合让剧场与回忆交替同步。
劳拉·蒙特斯 Lola Montès,继续奥氏神运镜。继续对故事完全无感。Peter Ustinov真迷人。
劳拉·蒙特斯 Lola Montès,人生马戏团，风水轮流转。奥菲尔斯永远在讲同一个故事嘛。
劳拉·蒙特斯 Lola Montès,比较失望，以马戏团的主场景穿插记忆的方式过于戏剧化，反而哽住了观者对女主角的角色体验。
劳拉·蒙特斯 Lola Montès,依然华丽而精致，不过我开始理解为什么新浪潮见不得MaxOphüls了，从内容上讲，实在是太陈腐了
劳拉·蒙特斯 Lola Montès,""" A meditation on the lurid fascination with celebrity."""
劳拉·蒙特斯 Lola Montès,把lola演得苦大仇深的。感觉可以要么拍得更古典，要么就换种风格
劳拉·蒙特斯 Lola Montès,花哨有余，内容全无。
劳拉·蒙特斯 Lola Montès,古典（经典）的运镜和叙事，但女主人公本身的心理刻画似乎还不够。也许是不同时代电影风格的问题吧。
劳拉·蒙特斯 Lola Montès,冒雨观于百子湾资料馆，1848年革命时受宠于巴伐利亚国王的不古典的西班牙舞女的故事，给她画像的画家就是画《大宫女》的安格尔啊。既不是命运无情的历史剧，又不是怜香惜玉的情感剧，对劳拉藐视礼法游戏人生的性格刻画也不突出，唯一的手法就是通过劳拉流亡美国马戏团表演艳史让人参观的悲剧来回顾劳拉的一生。电影本身的意义不大，但穿过运河走过长路去看电影的过程却让电影有了意义。
劳拉·蒙特斯 Lola Montès,故事足够奇情，让我想到赛金花，也曾作为公使夫人出入欧洲宫廷，到老却只能重张艳帜。可惜女主的刻画流于苍白，即看不到她的机关算尽，又找不到她潜藏在浮华面孔下的哪怕一丝真性情。不幸结局似乎只是一次黑天鹅事件的附带结果。全篇只有悲剧，没有悲剧美。
劳拉·蒙特斯 Lola Montès,ʕ•̫͡•ʕ*̫͡*ʕ•͓͡•ʔ-̫͡-ʕ•̫͡•ʔ*̫͡*ʔ-̫͡-ʔ，打卡。
劳拉·蒙特斯 Lola Montès,不到两小时，一个女人的一生。我发现我开始慢慢接受舞台剧了。。。o(╯□╰)o
劳拉·蒙特斯 Lola Montès,女主极美艳，就是长镜头和夸张的美工让人有点审美疲劳
劳拉·蒙特斯 Lola Montès,没字幕，而且听清楚。不过画面感真是好棒。
劳拉·蒙特斯 Lola Montès,有问无答-02/18/14 at FIAF
劳拉·蒙特斯 Lola Montès,对于类似的包括《豹》（也许还有《妖猫传》？）实在喜欢不起来 奥菲尔斯布景道具讲究的可怕 用各种饰物切割画面 甚至还动用大量类似默片的遮片 让观众的视线永远落在劳拉蒙特斯身上 然而这个过于古典的人设实在毫无魅力无法共情 我没有看到一种时代变迁命运挣扎的无力感  剧中人物都爱她 我只想睡它（真实困死..
劳拉·蒙特斯 Lola Montès,马戏艳史
劳拉·蒙特斯 Lola Montès,长镜头   分镜头有点儿跳  
劳拉·蒙特斯 Lola Montès,名导出品，气势恢宏，制作精良，色彩明艳，华美的服饰，富丽堂皇的背景无一不显示这肯定是本当时的大成本，大制作，可惜的是女主故事看起来就像是外国版成圆圆的故事之流，不像埃及艳后那样天生就配的上恢宏巨作，但是还是本很好的电影，尤其放在那个年代背景下，想想都觉得不可思议。
劳拉·蒙特斯 Lola Montès,拍的还不错，但好无聊差点睡去，跟【豹】有的一拼。
劳拉·蒙特斯 Lola Montès,女人在那个时代成为玩物和牺牲品，不过女主真美。 on line 2014.09.02 on carnival cruise to Bahamas
劳拉·蒙特斯 Lola Montès,2.5/5 关于罗拉蒙特斯的电影 看完之后 她仍然是个神秘人物 缺少对蒙特斯本人内心世界的挖掘 显得流于表面 奥菲尔斯的长镜头的确吊 但这台摄影机似乎有点问题 有好几个画面的边缘明显变形 广角畸变严重 奥菲尔斯首次尝试彩色片 在色彩上做的不错
劳拉·蒙特斯 Lola Montès,美术和叙事都略显古板守旧，不知道手册派会把它归为“优质电影”还是“作者电影”？
劳拉·蒙特斯 Lola Montès,风流女子沦落到马戏团成为供人观赏的玩物，华丽宏大的表象下有一丝毛骨悚然。08/03/14
劳拉·蒙特斯 Lola Montès,一场马戏一场梦  骚乱还是革命
劳拉·蒙特斯 Lola Montès,萝拉·蒙蒂斯是19世纪欧洲贵族的宠妓，在马戏团里兜售自己的艳史，这似乎是她为放纵付出的代价。这是奥菲尔的最后一部电影，影片以此作为框架，用闪回拼贴的方式表现箩拉巡回欧洲各国表演记忆，尤其她与巴伐利亚的路德维系国王以及作曲家李斯特之间的关系。
劳拉·蒙特斯 Lola Montès,女主角是十分丰腴的美人，电影一般，有点像记流水账。
劳拉·蒙特斯 Lola Montès,2016.1.18，夜
劳拉·蒙特斯 Lola Montès,典型的奥菲尔斯风格。但这部喜欢不起来
劳拉·蒙特斯 Lola Montès,精致调度对称构图，三年后终于在大银幕得见奥菲尔斯。故事本身倒乏善可陈，起伏节奏尚有遗憾。回忆+重现交错令我想起《千年女优》，都是璀璨长梦，但本片无疑更加现实和唏嘘。
劳拉·蒙特斯 Lola Montès,快进都看不完
劳拉·蒙特斯 Lola Montès,奥菲尔斯“四联剧”之四，遗作。一声唏嘘，皆是定数。
劳拉·蒙特斯 Lola Montès,TV 5 monde asie 播放的老片，應該是當年的大場面片(如鐵達尼)。國王找畫家的過程，與從穿衣肖像畫到不穿很幽默
劳拉·蒙特斯 Lola Montès,呵呵
劳拉·蒙特斯 Lola Montès,色彩艳丽，剧情不够。
劳拉·蒙特斯 Lola Montès,观感和高中时候看《荒人手记》惊人相似。
劳拉·蒙特斯 Lola Montès,一个风流交际花的悲惨结局，沦落到马戏团兜售她的韵事。
劳拉·蒙特斯 Lola Montès,20180916 小西天 / 开始以为马戏团兜售劳拉的故事 后来才知道是劳拉自己在消费自己的过往 一生中43有余的男人都仅仅用了5分钟 所以重点讲了用时7分钟的国王 也改变了劳拉后生的方向 在革命下转战马戏团 片子的画面构图、色彩、舞美设计都很棒 回忆和现实交织的转场镜头也挺特别 有一种偷窥的视角 女演员真的很美 也许真的就是饰演劳拉的最佳人选 不过讲述方式还是稍显冗长和沉闷 最后的牢笼里的劳拉 被男人们亲吻着手背 满是悲戚感 
劳拉·蒙特斯 Lola Montès,有形无神
劳拉·蒙特斯 Lola Montès,传记类电影，不免有所篡改历史哗众取宠之谦。
劳拉·蒙特斯 Lola Montès,劳拉·蒙特斯在雪中城堡的片段，瞬间让我穿越到了小时候读过的欧洲童话。剧情是挺无聊的，台词也一般。
劳拉·蒙特斯 Lola Montès,有的电影拍出来就是为了临摹用的。
劳拉·蒙特斯 Lola Montès,看完就忘了Lola的样子。
劳拉·蒙特斯 Lola Montès,叙事结构挺特别的传记电影，马戏式的自嘲自演与回忆录式的闪回交互穿插，一个吉普赛式的悲情女人，见人见时代
劳拉·蒙特斯 Lola Montès,√美
劳拉·蒙特斯 Lola Montès,当做歌舞片看比较好，但这种浮华的风格实在是欣赏不来......
劳拉·蒙特斯 Lola Montès,形式主义的探索
劳拉·蒙特斯 Lola Montès,豆瓣短评比电影精彩 马
勃朗特姐妹 Les sœurs Brontë,泰西内是营造氛围的高手，却不擅长刻画人物
勃朗特姐妹 Les sœurs Brontë,阿佳妮和于佩尔的脸都还很青涩。
勃朗特姐妹 Les sœurs Brontë,罗兰巴特居然也客串过一遭⋯⋯
勃朗特姐妹 Les sœurs Brontë,79年的片子非常有隔阂感，节奏、台词、情绪都连贯不起来，看得很费劲。构图始终美如画，表演比同期的国产片高出N个层次，果然是电影发源地，永远走在历史前端。阿佳妮美得精致优雅，帅得潇洒倔强，世间再无二人。于佩尔年轻时真是泯然众人，属于越老越嗲的代表。
勃朗特姐妹 Les sœurs Brontë,有阿佳妮和于佩尔，电影叙事有问题，总不能完全凭借观众的经验和对剧情的拾掇来完善勃朗特姐妹的真相吧
勃朗特姐妹 Les sœurs Brontë,人物刻画的很弱
勃朗特姐妹 Les sœurs Brontë,勃朗特三姐妹，剧情无聊；0day-bd-CiNEFiLE
勃朗特姐妹 Les sœurs Brontë,闷！！！！不知道导演想表达什么。
勃朗特姐妹 Les sœurs Brontë,阿佳妮
勃朗特姐妹 Les sœurs Brontë,我智商不够理解不能。。。[泪]
勃朗特姐妹 Les sœurs Brontë,整部片子宛如不分平仄没有句读的唱经，令人昏昏欲睡。从画像上抹除自我的存在，荒野上的路标，代表友谊的冬青。偏爱艾米莉的《呼啸山庄》，不喜夏洛蒂的《简爱》，未读过安妮的《艾格尼斯格雷》，同时又隐约觉得也许勃兰威尔才是不世出的天才。
勃朗特姐妹 Les sœurs Brontë,拍的太一般 取材角度和对片子节奏的掌握不是很好 演的也很一般 
勃朗特姐妹 Les sœurs Brontë,如果不了解背景根本看不明白，基调太晦涩，难以进入角色。（感谢千丝万絮的字幕）
勃朗特姐妹 Les sœurs Brontë,情结连贯性上处理的有点问题，三姐妹中反感夏洛蒂，无感安妮，喜欢艾米丽。只有阿佳妮才能把写出呼啸山庄这样一部浓烈粗犷的小说的艾米丽演绎的那么到位!!!! 
勃朗特姐妹 Les sœurs Brontë,乏善可陳。
勃朗特姐妹 Les sœurs Brontë,闷
勃朗特姐妹 Les sœurs Brontë,我们于佩尔阿姨少女时期演技就非同一般，几乎什么角色性格都能驾驭。在这电影里需要她演安静怯懦的配角，她就非常收敛，娴静本份地做一个大家闺秀，其他电影里角色要求灵动活泼她就马上变成小魔女。反观阿佳妮，永远只能演那些符合自身气质的，偏执神经质极端性格的女人，俗称zuo死zuo活的女人。论颜值，阿佳妮就比我们于佩尔阿姨稍高些而已，但她的脸蛋也不是完美无缺的，在这电影里很明显的看出她门牙就没长好。
勃朗特姐妹 Les sœurs Brontë,于佩尔老了比年轻时有味道，片子阴郁
勃朗特姐妹 Les sœurs Brontë,安德列泰西内，1979。阿佳妮，于佩尔，皮西尔。显然这不是一个通俗意义上的传记电影，因为它几乎没有高潮，只有接二连三的死亡，令人窒息的寒冷，阴沉和萧瑟。就算心里燃烧着烈火，迸发出岩浆，最后都会熄灭。一个淡然入世，一个遗世独立，一个信奉自然，三个叫勃朗特的女人。静物的摄影，流水般的节奏
勃朗特姐妹 Les sœurs Brontë,太浪费阿佳妮这样的好演员，惊为天人，一个眼神就把飞扬叛逆的艾米莉演活了，可惜剧本太差，导演无力，否则这该是一个多么经典的形象！！
勃朗特姐妹 Les sœurs Brontë,流水账式的剧情，传记类电影总容易显得难以突出重点。
勃朗特姐妹 Les sœurs Brontë,7.3/10   冰冷沉郁的氛围，令人感觉仿佛在读《呼啸山庄》。意境很美，可惜角色塑造得不够丰满。
勃朗特姐妹 Les sœurs Brontë,电影中的有些场次有种戏剧感。主演们美呆～
勃朗特姐妹 Les sœurs Brontë,冲着阿佳妮的盛世美颜去买的票，阿佳妮的美貌果然不负我！三姐妹的选角也很不错，姐姐夏洛特舒朗又温和，二姐艾米丽孤高而脆弱，妹妹安妮安静柔弱。勃兰威尔的脆弱也非常可信。电影想表现的东西很多，故事线又比较分散，所以剧情显得有点突兀，爱也好，恨也好，来得有点突然。另外，如果和《贤妻》搭配一起看，会对女作家不能给自己的作品署名有种说不清道不明的滋味。
勃朗特姐妹 Les sœurs Brontë,其实我是为了阿佳妮看的 表示此片一般般
勃朗特姐妹 Les sœurs Brontë,1979年安德烈·泰内希的片子《勃朗特姐妹》儿。因为第一次放映遭到恶评，就把3个小时剪成了两个小时，结果风评更差，后来，就没怎么放过。听某些人的说法，和里维特的《out1》一样，全球看过胶片的人不超过2位数。
勃朗特姐妹 Les sœurs Brontë,"2012-06-06 
感觉上完全是拍给熟谙三姐妹身世的人来看的，剧情交代得过于隐晦。看完本片，觉得最喜欢里面的Anne了！"
勃朗特姐妹 Les sœurs Brontë,看这样的电影觉得还是很压抑的，在那个世纪，女人可怜，有才华的女人更可怜。
勃朗特姐妹 Les sœurs Brontë,看风景好了。
勃朗特姐妹 Les sœurs Brontë,……行吧让我注意到艾米丽这个独一无二的妹子也是好的
勃朗特姐妹 Les sœurs Brontë,天将降大任于斯人也，必先饿其筋骨，劳其体肤，苦其心志，悲情的三姐妹，小妹更早的离世，二妹留下了我最爱的《呼啸山庄》也离世，令我唏嘘不已。
勃朗特姐妹 Les sœurs Brontë,断断续续看完了，在江宁
勃朗特姐妹 Les sœurs Brontë,“——我已经老了，比任何人都老。——老又怎样呢，仍有愿望的果实，却没有了采摘的精神。”
勃朗特姐妹 Les sœurs Brontë,讲述了勃朗特三姐妹的伤感往事。一个世俗，一个本真，还有一个孤傲坚强——即阿佳妮饰演的艾米丽，是其中最动人的一个角色。至于影片本身，借用某网友的一句话总结： “泰西内是营造氛围的高手，却不擅长刻画人物。”
勃朗特姐妹 Les sœurs Brontë,三星半。画面很美，镜头古典色彩，文艺气息浓厚。三姐妹各有千秋，名气最大的是阿佳妮，但片中表现算不温不火。没有成名作的力道深厚，于佩尔倒是让我意外惊喜，用内敛的表演出演宁静娟秀的少女，倒是与后来的大胆形成鲜明反差。
勃朗特姐妹 Les sœurs Brontë,氛围很好，演员很好，就是故事讲得不清不楚，不过如果对三姐妹的故事有所了解，倒也不难懂（不过传记片不能这么拍吧），总之古典味很足，哥特风超有爱！（看了后半段，扣一星，剪辑太乱，很多东西都没有讲到位）
勃朗特姐妹 Les sœurs Brontë,阿佳妮的呼啸山庄，阴郁
勃朗特姐妹 Les sœurs Brontë,对勃朗特姐妹的喜欢都要终结在此了，不是很能接受太夸张的表演。
勃朗特姐妹 Les sœurs Brontë,法兰西的浪漫主义刷上英伦的清漆，海边的风来了庄园，然后又回去了。。。一年年过去，油画的表面开始皲裂，一丝寒意如歌剧自裂缝溢出。阿诺德的《呼啸山庄》或许是借鉴了本片的。
勃朗特姐妹 Les sœurs Brontë,冲着阿佳妮去看的这部电影，其实勃朗特姐妹的作品我还没有看过，对于她们也不是特别的了解。在艾米丽生病之后，我又看到了那个熟悉的阿佳妮。
勃朗特姐妹 Les sœurs Brontë,一部非常墨迹的电影，阿佳妮于佩尔好像都得了渐冻症，开个台灯需要三分钟的感觉。阿佳妮在片里一袭黑瀑布长发雪白的皮肤美到没朋友，衬的于佩尔好可怜，而于佩尔号称驾驭任何角色的超强功底硬是被阿佳妮的文艺感和秀美压的死死的，看上去就像个可有可无的村妇。
勃朗特姐妹 Les sœurs Brontë,阿佳妮的气质，的确很符合能写出《呼啸山庄》那样的小说的艾米丽。于佩尔的安妮也很到位。片中的风景很呼啸山庄，其中甚至有《简爱》的故事，只能说小说的确源于生活啊。可是这真的不算是一部能够让人惊喜的好片子。
勃朗特姐妹 Les sœurs Brontë,拖沓好久才看完，不太喜欢，阴冷潮湿的
勃朗特姐妹 Les sœurs Brontë,"详略不当…
Theme有些像Requiem…"
勃朗特姐妹 Les sœurs Brontë,3.5 @美琪·2019SIFF8/20
勃朗特姐妹 Les sœurs Brontë,cast好难得对不对，可惜片纸太闷，黑乎乎，哥特范儿……于贝尔阿姨的扮相太古典油画美少女了。看得是114min法语版。
勃朗特姐妹 Les sœurs Brontë,极致的阴郁。但结尾毕竟太土鳖了，转场总是拍风景，剪辑也有点莫名其妙，三星不能再多
勃朗特姐妹 Les sœurs Brontë,居然是法国女人来诠释勃朗特三姐妹。
勃朗特姐妹 Les sœurs Brontë,三星半吧。人物传记的确太难拍了，何况群传。人物电影往往过多着墨于表像，知其然不知其所以然。电影试图呈现三姐妹内心冰壳包裹小火苗的状态，但没触及这种状态的来由。但阿佳妮的确是扮演艾米丽的最佳人选，艾米丽本来也是三姐妹里我的最爱。阴郁的、开满石楠花的、大风呼啸的旷野景象也美极了。
勃朗特姐妹 Les sœurs Brontë,http://www.56.com/u93/v_NTg5Njg5NzA.html
勃朗特姐妹 Les sœurs Brontë,罗兰巴特
勃朗特姐妹 Les sœurs Brontë,#SIFF 算是这些年看过的年代最早的电影 还是认为电影是一门技术胜于艺术 早期的摄影和收音设备的硬伤 不成熟的叙事技巧 过低的信息密度 与其说观看门槛较高 不如说有没有必要花两小时去瞻仰她
勃朗特姐妹 Les sœurs Brontë,剧情好烂。。。明明很有东西好写的咋就弄成这样，浪费两个isabelle的演技，还有里面的夏洛特阴阳怪气看这咋这么欠扁呢
勃朗特姐妹 Les sœurs Brontë,"导演就那么好意思打着勃朗特姐妹的海报一直大跑题地讲哪个超没用又总扶不起的弟弟，谁要看他啊，抓不住重点，枉费了三位女神对勃朗特的传神诠释，特别是emily, 简直是理想的样子，爱穿男装，英气，不羁，又才华横溢。anne, 善良，温顺，美丽。chalotte 就是个隐忍的，又追求名利的维多利亚女性。"
勃朗特姐妹 Les sœurs Brontë,only for Adjani
勃朗特姐妹 Les sœurs Brontë,荒凉平原，荒凉平原，荒凉平原，冷，冷，冷，医疗太落后，传染病真多，夏洛蒂漂亮，艾米利漂亮，安妮也漂亮，文艺作品源于生活也高于生活，happy ending！
勃朗特姐妹 Les sœurs Brontë,死时张着嘴真是太惊悚了，仿佛生前的饥饿都要到地府中吞食
勃朗特姐妹 Les sœurs Brontë,有点吃不消法国这类传记电影的温吞和姿态，更何况这样一个从里到外都很法国的英国故事本身就怪怪的。镜头布景美则美矣，但如果有两个选择，我更倾向用这俩小时去翻一翻原著
勃朗特姐妹 Les sœurs Brontë,看了一多半，情绪才起来，艾米丽和安妮的性格隐晦中基本表达出来，夏绿蒂的性格描画的不好 情节很突兀，唯一深刻的就是一直吹的寒风
勃朗特姐妹 Les sœurs Brontë,门 头发 装 位置 
北回归线 Tropic Of Cancer,Simon Reeve太帅啦我想跟他坐火车从墨西哥到夏威夷环北回归线三天三夜non stop non stop老板我要请假！
北回归线 Tropic Of Cancer,简直把北回归线记录成了人类问题集：战争、地雷区、种族矛盾、独裁、人权、全球变暖、水资源、贫穷、环境污染、政治隔阂、商业物质主义、物种灭绝、、、夏威夷那些从太平洋飘来的塑料垃圾确实非常震撼。这片应该是四集，每集大概一小时，从墨西哥到夏威夷经十八个国家。出境的小伙有点毒舌。
北回归线 Tropic Of Cancer,1.不喜欢没有度假价值的穷乡僻壤；2.我算是明白了，北回归线上太多独裁国家，大多数不值得游完。再努把力，争取住得起塞伦盖蒂草原上的帐篷四季
北回归线 Tropic Of Cancer,第一集讲墨西哥贩毒文化很棒
北回归线 Tropic Of Cancer,这货忒喜欢谈政治了，难怪给沿途各国政府当贼一样防。能不能远离政治，只谈风情，地理风情，人文风情？
北回归线 Tropic Of Cancer,西蒙更偏重于记录旅途中的人文差异，风景固然珍贵，但生而为人而被赋予的文化使命和信仰坚守，才更能突显旅行探索承载的意义。愿一切受难者内心的期盼终能梦想成真。
北回归线 Tropic Of Cancer,浮光掠影
北回归线 Tropic Of Cancer,世界和平、民主神马的，扯远了，不够纯粹。或者说，远没有达到想要的深度，显得很尴尬。
北回归线 Tropic Of Cancer,政治和人文的矛盾并没有很感同身受，但环境的问题真的是很发人深醒，而且为什么看下来还是中国最好。
北回归线 Tropic Of Cancer,bbc和nhk的区别是，小日本是用平视的视角讲述兵荒马乱的国家里普通人的故事，无论是高加索还是新疆，都看得我大哭；而大英帝国的帅哥总是让我偏执的婶婶的感受到他那居高临下的俯视，无论外表多么随和无论怎么耍帅扮萌，都让我好有距离感。
北回归线 Tropic Of Cancer,Simon思维的局限性在于，总是用人权的思维去肤浅评判北回归线经过的国家文化。英国式的思维、怜悯的口气。
北回归线 Tropic Of Cancer,看完之后，很喜欢阿曼。也真心觉得自己生活的很幸福。
北回归线 Tropic Of Cancer,华南应该是北回归线发展相对好的地区了。
北回归线 Tropic Of Cancer,"第一集居然是悲天悯人的调调……越看越不喜欢这个救世主心态看第三世界的小哥了，揭伤疤什么的不是慈悲。
感觉是不打算看完的节奏…… 弃剧"
北回归线 Tropic Of Cancer,五个小时表示坐不住没看完，而且没中文字幕，半猜半看，不过主播simon很帅！是结合了风光美景和旅游态度的纪录片
北回归线 Tropic Of Cancer,其实正是因为Simon有了很多固有的“成见”，所以整部作品也更有趣。另外，中国不让进入国境挺搞笑的，哈哈。
北回归线 Tropic Of Cancer,感觉这片是BBC去各个国家找茬的。
北回归线 Tropic Of Cancer,带着满满的第一世界的优越感俯瞰众生，充满了偏见和莫名的怜悯。拍纪录片不能好好拍，就非要把政治观点带进去🙃 
北回归线 Tropic Of Cancer,分数虚高了，没那么好看，扯了太多政治，大英帝国就不脏？
北回归线 Tropic Of Cancer,BBC是借人权的名义谈疆独藏独问题，这是国家主权问题，是不容侵犯的，这方面的歪曲报道在欧美多了去了，就和西撒哈拉和摩洛哥的领土主权问题，BBC借人权名义在哪里瞎说，摩洛哥不敢惹欧美国家，中国在领土主权问题绝不含糊，对这种带政治偏见的纪录片有理由拒绝入境拍摄。
北回归线 Tropic Of Cancer,"为了MENA课的学期论文看的这部，结果unashamedly fall for Simon Reeve！wiki了一下，发现他在911前写了史上第一本关于本拉登的书并且预言了基地组织大规模恐怖袭击，嗯嗯，近期超越Prof. Brian Cox成为最爱！这个地球上冲突和争议最多的西撒哈拉都给BBC摄制组入境权但是某朝不给, 说什么好呢..."
北回归线 Tropic Of Cancer,记者型主持人所做的节目到底不一样，风景不再重要，探索的是这个地区的各种问题，涵盖极广，环境、战争、贫穷、人权、种族矛盾等等，对敏感问题的尖锐提问，或许是其被天朝禁止入境的原因吧，一次不完整的旅行，如果不是绕过，那些被关在笼子用来抽胆汁的黑熊该在哪里拍摄，大家都知道。
北回归线 Tropic Of Cancer,纪实性非常赞，但很多时候给人的感觉都是看着世界人民处在水深火热之中才能体现出西方人的优越感。
北回归线 Tropic Of Cancer,学英国腔的好东西，内容也很棒，强烈推荐
北回归线 Tropic Of Cancer,很好的纪录片，听着simon标准的英腔对北回归线的几乎每一个国家的当地文化和社会现状进行介绍和评论，当然除了我们伟大的prc，我都记不得这是prc第几次拒绝bbc了。。。。
北回归线 Tropic Of Cancer,Simon小哥喜欢到处问敏感问题，有点嘴欠，且对PRC不让入境非常怨念。但是一路上走得太快，对这些问题的理解和分析也都是浅尝则止，也只留下一个“WOW居然这样”的印象。最后集对TW小盆友总结TOC的问题确实到位。
北回归线 Tropic Of Cancer,西蒙里夫揭短之旅
北回归线 Tropic Of Cancer,"有幸在itv上看了这部片子，很棒，有字幕。感觉很深的就是这主持人不管做什么评论，都站在比较客观的立场上。总体是以关心底层人民生活，环保主题为主，捎带几句评论一下时政。适合少年人开拓视野，了解世界。的确不够深入，有点点英国人的保守气氛。
"
北回归线 Tropic Of Cancer,可惜没有字幕  英语三级水平的艺术生看完这个压力真的很大T T
北回归线 Tropic Of Cancer,Simon二货的巅峰之作，首尾两集笑得我拍桌子。。。以后每当feel blue的时候就打开摔跤和高尔夫球两集看一会儿，就不会blue了，哈哈哈哈哈哈！！！
北回归线 Tropic Of Cancer,大多數時刻著墨於汙染與貧窮，最後一集我們的島亮相，從臺北東區到嘉義北回國小的路途中主持人赫然發覺這是北回歸線上最富裕的地方……印象深刻。為我們浪費的資源，我們製造的汙染（包括我們所利用的物資在世界其他地方造成的），反省反省。又及，那山崩應該是2009年的八八風災造成的。
北回归线 Tropic Of Cancer,五个小时，至少我坐住了
北回归线 Tropic Of Cancer,纪录片的关注点很好很有意义，但那股西方国家子民的优越感太耀眼，政治倾向也太明显。最后，在印度那集看到他无名指上的婚戒，还是有点失落。#为什么我喜欢的人都结婚了？？
北回归线 Tropic Of Cancer,西蒙越看越顺眼呢。
北回归线 Tropic Of Cancer,Reeve好有Charisma，墨西哥的drug god shrine和西撒哈拉那长长的被摩洛哥建起的占领城墙等等大开眼界 滚去看南回归线！
北回归线 Tropic Of Cancer,PRC不让进
北回归线 Tropic Of Cancer,这六集每集都非常非常精彩！比如印度和孟加拉边境那一集，Simon Reeve的纪录片客观，民主贴近时事，然而有些国家直接不允许他入境
北回归线 Tropic Of Cancer,看不见的世界
北回归线 Tropic Of Cancer,"虽然有点旧，但是值得一看。
西蒙有一些偏见。
但是总体来说，揭露了很多我们不知道的他国国情。"
北回归线 Tropic Of Cancer,还是有点新意的。总有一个视角你还没有看到。
北回归线 Tropic Of Cancer,不是旅游光片，是有态度的纪录片。
北回归线 Tropic Of Cancer,跟着大帅哥一同体验了北回归线上众多国家的风土人情，并挖掘了其中关于贫富分化、环保、人权、战争等问题，以民主斗士的姿态审视了一个个国家忧患的根源，不得不说很多问题都可以同等移植到PRC来，难怪某朝要禁止他们入境拍摄。★★★★
北回归线 Tropic Of Cancer,有几次触目惊心 
北回归线 Tropic Of Cancer,Tropic Of Cancer (2010)
北回归线 Tropic Of Cancer,那次计划好的反穿India-Burma因为荷尔蒙作用最后放弃了，这个缺憾一定要完成，不确定性复杂性和昂贵的pay off，探索！
北回归线 Tropic Of Cancer,这类纪录片免不了是走马观花的感觉。
北回归线 Tropic Of Cancer,第五集 “我们从河那边世界上最大的民主国家来到了这一边世界上最专制的国家”
北回归线 Tropic Of Cancer,哈哈，天朝把小流氓給拒了！終於出現兩個我去過的國家了。除了自然美景的呈現，更有人文風情的關懷，我是小流氓的腦殘粉。
北回归线 Tropic Of Cancer,看到后面有些乏味，太过专注揭短
北回归线 Tropic Of Cancer,认识了好多国家，北回归线的国家大都好混乱
北回归线 Tropic Of Cancer,很喜欢哦Simon小帅
北回归线 Tropic Of Cancer,看完就觉得世界上还有很多人民生活得很不好。特别是孟加拉国海边的人们，看着自己的土地掉进海里，多可怕啊。
北回归线 Tropic Of Cancer,走马观花，摄制组很勇敢深入无人区
北回归线 Tropic Of Cancer,这怎么都不像旅游的纪录片，而是人权和政治的纪录片，中国政府当然不会让你们BBC入境。
北回归线 Tropic Of Cancer,从此开始我的纪录片之旅
北回归线 Tropic Of Cancer,基本一个国家一个主题，有点走马观花，但是小帅在晨曦中看绿海龟刨窝的表情真是爱死了。
北回归线 Tropic Of Cancer,抱着旅游观光片的目的去看的，结果通篇都在讲政治敏感问题，时刻都隐隐透出大英帝国的优越感。虽然有点厌烦，但是揭露的问题确实能够引发人们的思考。本来还期待小哥来天朝之后会怎样🙂结果他直接被挡在门外了。
北回归线 Tropic Of Cancer,0
北回归线 Tropic Of Cancer,simon更多展现的是北回归线上各国的人文现状，说白了给大家披露各种社会、环保甚至政治的问题，关于自然景观的介绍偏少，估计他的本意就是想展示各种人文的东西让大家了解和思考。。。看了他在西撒哈拉和缅甸的历险以及显示的zz倾向，难怪中国是线上唯一拒绝他的国家。。。
北回归线 Tropic Of Cancer,北回归线走一圈
北斋漫画 北斎漫画,此片证明北斋作品还原为写实影像就会有股恶搞的特摄风。
北斋漫画 北斎漫画,总体来讲还是不错的，但音乐不够出彩，叙事上也有点儿头重脚轻，且找绪形拳来演绎这位大师也有点儿太大材小用了，减一星。
北斋漫画 北斎漫画,3樋口可南子好驚豔。阿直和八爪魚的片段真是太...SM了，看得後背冒冷氣，忍不住和浴缸鰻魚自慰掛上等號，想來想去都是和冷冰冰的水下動物發生關係，怎麼能讓做愛表現出溫情的一面？有些鏡頭還真是太像漫畫定格了，誇張效果不亞於黑白四格漫畫；但在劇情上，卻沒有漫畫那麼快進展，太累太拖拉。
北斋漫画 北斎漫画,"遠不及寫樂般精良,,,欲望對於畫家的意義描繪得太過直白,,,西田敏行依然搶戲,,,年輕的阿信居然有露點"
北斋漫画 北斎漫画,与筱田正浩《写乐》中的正统细致相比，新藤兼人的此作显得有些荒诞不经，可能也跟北斋穷困多舛的人生有关，在绪行拳的演绎下倍显狂人本色。片中还插入了大量情色的元素，尤其樋口可南子饰演的谜样少女带着几分超现实的意味，后半段老年的部分还是过于拖沓了，章鱼绕体的戏份竟有些可笑的感觉。
北斋漫画 北斎漫画,看过的艺术家传记电影里面怪逼难出其右的一部了吧。。。。日本人对艺术的理解也充满了职人逻辑
北斋漫画 北斎漫画,江户毕加索，带着点魔幻......起初看到直子嘴里咬着绿色的球球眼睛放幽光我还以为她是个妖精......3.5
北斋漫画 北斎漫画,絮絮叨叨的电影，两个阿信同时出现在这片里。田中裕子和西田敏行每次都是一方暗恋另一方，隐藏心意一直不开口，不过这次算是有个好结局。章鱼在身上爬的那段略邪恶，还是第一次发现樋口可南子也非常的美，她穿和服比穿现代的衣服美~
北斋漫画 北斎漫画,a a a 可南子
北斋漫画 北斎漫画,用过不少北斋的浮世绘做壁纸，田中裕子好美！
北斋漫画 北斎漫画,一直不理解日本人为什么会发明触手系这玩意，巨大的章鱼在身体上蠕动，有点恶心。单纯看画作还可以。片子太跳跃，不明就里。田中裕子和樋口可南子的美完全盖住绪形拳的风采，所以感觉主角根本就不是葛饰北斋。
北斋漫画 北斎漫画,奔葛饰北斋这个名人，奔绪形拳这个明星来看片，结果有些失望。
北斋漫画 北斎漫画,多处场景为话剧设计 是个既奇怪又色情的一个故事
北斋漫画 北斎漫画,富岳三十六景，北斋漫画
北斋漫画 北斎漫画,樋口算是粉红电影里最漂亮的了.....章鱼好恶趣味啊
北斋漫画 北斎漫画,悲哀的一生，为“艺术”而痴狂
北斋漫画 北斎漫画,樋口可南子长的跟画一样美
北斋漫画 北斎漫画,狂画人的一生 
北斋漫画 北斎漫画,樋口可南子美，田中裕子俏，新藤兼人的脚本平庸，猎奇视角切入，尽显日本人的痴狂执念。
北斋漫画 北斎漫画,我总觉得绪形拳像是坏人···
北斋漫画 北斎漫画,“我要活到101岁，我今年九十岁了，我要用五年学西洋画，95到99岁时应该可以得心应手，100岁时就可以随心所欲”喃喃自语中是燃烧到死的酒神，而直子就是他回味一生的美酒。富岳三十六景不是他最得意的作品，八爪鱼才是。
北斋漫画 北斎漫画,绘画，创作，自我怀疑，被迫坚定，艰苦游历，绘画，创作，巅峰，怀疑，图谋再次生命的延续
北斋漫画 北斎漫画,连说话都可以用娇艳来形容的可南子啊〜
北斋漫画 北斎漫画,搞艺术创作的都是疯子，老年装太搞笑。两个女性角色，樋口可南子又美又魅。田中裕子是很性情很可爱。
北斋漫画 北斎漫画,青年扮老呈現出的通常是病態。
北斋漫画 北斎漫画,好多镜头很搞笑，日本现代漫画鼻祖就这样被恶搞了，也许这就是漫画精神。
北斋漫画 北斎漫画,迷之搜库搜索。四个字还搜不出。http://www.tudou.com/programs/view/9OAwoZu1weY/?fr=rec1
北斋漫画 北斎漫画,女性角色更突出
北斋漫画 北斎漫画,挺无聊的，本想看这部传记片多了解一点北斋的画作，但新藤兼人的焦点全不在此
北斋漫画 北斎漫画,剧情烂，田中裕子可爱，樋口可南子魅惑，铁藏的老妈和女儿都是奇葩。。。女儿对父亲不错，只是结尾那段似乎有点黑化？指歪路啥的……
北斋漫画 北斎漫画,樋口可南子真美真美真美真美真美真美真美真美真美真美真美真美真美真美真美真美真美真美真美真美真美
北斋漫画 北斎漫画,有些地方没看懂，直子那部分有点吓人，八爪鱼好恶心。喜欢小荣和马琴~
北斋漫画 北斎漫画,樋口可南子是真美女
北斋漫画 北斎漫画,费了千辛万苦才找到片源，结果挺失望。完全没有葛饰北斋本人浮世绘的味道，有些场景倒是比眼下日本动作片还要黄。而且拍的最好还就是黄的部分，其他都没味道。
北斋漫画 北斎漫画,江户川毕加索，两个缪斯，90岁都还希望再学5年西洋画，活到101岁。不服老，活到老学到老。最主要是两个艺术家都不愁吃穿，不为生活所迫，能全身心投身艺术，又无牵挂。但从电影来讲，情节有点枯燥，女演员很美。
北斋漫画 北斎漫画,以为是传记历史片呢，没人告诉我原来是情色片啊（？），卡司都是熟悉的名字，老年妆很有年代感，居然还有章鱼大战！
北斋漫画 北斎漫画,樋口可南子又露了，樋口可南子太美了！！！！！！！~
北斋漫画 北斎漫画,每个人都有欲望，但不是都有引诱
北斋漫画 北斎漫画,感觉衔接不流畅，好像无端被剪过…
北斋漫画 北斎漫画,"3.5。章鱼梗，有点浮夸。比起欲望，女性对灵感的激发，更喜欢知己间的互相理解与支持。樋口可南子美die, 裕子灵。"
北斋漫画 北斎漫画,为春宫画事业奋斗终生，花甲之年得到灵感完成代表作后溘然长逝，这样的人生圆满了。樋口可南子在我心目中是美神的存在，也就是女神中的女神。
北斋漫画 北斎漫画,拍的有点喜剧化 ～ 
北斋漫画 北斎漫画,相较永井荷风，我更喜欢这部
北斋漫画 北斎漫画,新藤兼人水准略有下降诶 北斋的一生应该非常精彩才对 拍出来成品却如此无聊。实在是味同嚼蜡。倘若铃木清顺来拍这样一部电影期待值一定满分！田中裕子真是可爱啊！
北斋漫画 北斎漫画,日思夜想的欲念，跨越千山万水，终于触手可及，却已有心无力。章鱼有点萌，直子美如画。
北斋漫画 北斎漫画,樋口可南子和田中裕子当年也是满拼的，没有她们，新藤兼人这部估计会惨不忍睹
北斋漫画 北斎漫画,太跳脱了，某些部分还算有趣，有佳句而无佳章
北斋漫画 北斎漫画,我还能说什么？能找到资源看就特不容易了，找资源半分钟，观影两小时，欧耶✌！
北斋漫画 北斎漫画,女孩与章鱼那段精彩。北斋专注描绘，像一个导演去指挥、引导，北斋女儿荣子为了父亲的艺术像个老鸨……女孩则沉浸在章鱼带给她的快感…嗯……
北斋漫画 北斎漫画,磨磨蹭蹭 慢慢悠悠 用了数小时才看完
北斋漫画 北斎漫画,樋口可南子是美  可是我更喜欢田中裕子呢！好灵好萌！！！！
北斋漫画 北斎漫画,可南子的妖艳太博人眼球，不过田中裕子的灵气印象会更深刻，关于剧情只能说是一般化~
北斋漫画 北斎漫画,唯一印象深的就是樋口可南子了，妖艳的和画一样
北斋漫画 北斎漫画,咦好像是冬天看的，忘標記了。可南子真是尤物，「辣椒」的日語也是通過這部片子學的。男人們的妝很噁心，或者是故意想要表達的效果，總之接受不能。
北斋漫画 北斎漫画,可南子真是美啊！可是怎么一下青年到老年了呢？那么有名还是穷困潦倒，真是为他难过啊。查了一下生平，和电影有出入呢
北斋漫画 北斎漫画,后面的章鱼……重口味……  
北斋漫画 北斎漫画,相对于樋口可南子魅得绝俗的身形来说，我更喜欢田中裕子那精致的五官。虽然已经开始接受日本的一些怪异的东西，但依旧觉得怪。三星半。
北斋漫画 北斎漫画,樋口可南子确实是个尤物啊。可惜片子拍得一般，田中裕子竟然也全裸，大跌眼镜。
北斋漫画 北斎漫画,樋口可南子太美
北斋漫画 北斎漫画,2015.07.19
匪帮说唱传奇 Notorious,还不错
匪帮说唱传奇 Notorious,能拍biggie不等于这个电影拍好了。的确比较山寨啊。我说叙事什么
匪帮说唱传奇 Notorious,我不怎么喜欢他们的音乐
匪帮说唱传奇 Notorious,与其处理这些事情，还不如死了算了。如果我们不改变自己，就没法改变世界。
匪帮说唱传奇 Notorious,Mr.BIG. I will be missing you.
匪帮说唱传奇 Notorious,讲述的是嘻哈音乐里程碑式人物Biggie Smalls的生平故事。基本上还是值得花费两个小时的时间去观赏的。本片尤其适合对嘻哈文化感兴趣的人士。对了，电影中做爱的镜头是亮点。
匪帮说唱传奇 Notorious,"Biggie:""不要让男人叫你bitch!"""
匪帮说唱传奇 Notorious,另一位说唱巨星的片子，还行、但是感觉不如8mile、、、
匪帮说唱传奇 Notorious,爱说唱的人可以看看
匪帮说唱传奇 Notorious,Biggie的胸比Lil'Kim的要大 哈哈哈哈哈 西海岸的看到这片要燥起来的吧
匪帮说唱传奇 Notorious,The Notorious B.I.G.与2PAC的争斗，B.I.G死去多年，说唱界依然纷纷扰扰。。。得益的显然不是音乐。
匪帮说唱传奇 Notorious,  怎么样还是过了把瘾
匪帮说唱传奇 Notorious,这个片子很久之前看的，依稀记得男主被枪杀的~~
匪帮说唱传奇 Notorious,"假就一个字````
是人都晓得BIG先生名声臭得很，肯定不可能是空穴来风。
这里头都被描成圣人了`````"
匪帮说唱传奇 Notorious,给流氓树碑立传 然而流氓是艺术家
匪帮说唱传奇 Notorious,原来puffy在I'll be missing you唱的就是B.I.G，fuck~~~
匪帮说唱传奇 Notorious,选用的歌都很一般。剧情上吧，就是B.I.G小时候因为缺少父爱才走上这条路，等他长大依然是和当年自己爸爸一样没有尽到父亲的责任，挺让我感慨的。Thug life....
匪帮说唱传奇 Notorious,黑人文化啊= =
匪帮说唱传奇 Notorious,黑历史大成
匪帮说唱传奇 Notorious,what makes u a man
匪帮说唱传奇 Notorious,不够火侯
匪帮说唱传奇 Notorious,说实话演pac的那个演员真尬
匪帮说唱传奇 Notorious,这只胖子卖萌可耻啊
匪帮说唱传奇 Notorious,hiphop猖獗，适合玩rap的只有黑人而已
匪帮说唱传奇 Notorious,从Papa到Pac，麦凯你赢了
匪帮说唱传奇 Notorious,"“如果哪天你走起来了 那我们全部都走起来了“
开始以为就是个电影 后来才发现是Notorious B.I.G.的传记 很强大 很无敌 究竟是谁陷害了他呢……
我有点不明白就是 为什么黑人自己也管自己叫nigger啊？"
匪帮说唱传奇 Notorious,BIG确实牛逼
匪帮说唱传奇 Notorious,bigge样子不像
匪帮说唱传奇 Notorious,说唱的内容是个什么东西啊...我要字幕！
匪帮说唱传奇 Notorious,说唱教父的暴力人生
匪帮说唱传奇 Notorious,RAP说不到那种境界就没什么意思
匪帮说唱传奇 Notorious,大同小异的传记片，不过big很牛逼，虽然他rap的不是我喜欢的风格，但他的时代却是很辉煌
匪帮说唱传奇 Notorious,难看。
匪帮说唱传奇 Notorious,不如8英里给力啊~~关键是胖子太TM胖了……那么多辣妹都可惜了了。。。
匪帮说唱传奇 Notorious,额
匪帮说唱传奇 Notorious,感觉是摩登家庭里的曼尼长大的故事。这么好的素材，拍的不太好。
匪帮说唱传奇 Notorious,never let a man call you bitch!!!
匪帮说唱传奇 Notorious,你还要赚更多更多的人民币，你还想跟大蜜和悍马站在一起
匪帮说唱传奇 Notorious,算是合格地向众人（尤其路人）概括了B.I.G.的一生并展示了这名歌手一定程度上的复杂性。比起《冲出康普顿》那种垃圾片要好太多啦，起码它有努力去stay real (或者说至少让自己看上去如此。
匪帮说唱传奇 Notorious,如果不改变自己，就无法改变世界。
匪帮说唱传奇 Notorious,一个流氓短暂的艺术人生。
匪帮说唱传奇 Notorious,别看不起胖子。
匪帮说唱传奇 Notorious,3.8 忘评。
匪帮说唱传奇 Notorious,一般的个人自传黑人影片 以为有BIG就如何了？还是一般
匪帮说唱传奇 Notorious,20090825，最后就这样回归。一个人的叛逆期得很长，才能一直有才华
匪帮说唱传奇 Notorious,just so so
匪帮说唱传奇 Notorious,"1)BIG抱着他的小女儿,很严肃地对她说: Tee Tee： Never Let A Man Call U Bitch 4 Any Reason

2)BIG的妈妈看见那么多歌迷的送行队伍说：虽然他的一生只有短短的24年，但是我知道他已经成为一个成功的人。。 
"
匪帮说唱传奇 Notorious,街头说唱那段，YouTube上有原版的，那会儿的biggie的确很牛逼。
匪帮说唱传奇 Notorious,如果英语够好 我想还应该看到更多东西的...虽然这片儿拍的有点节奏混乱 而且确实有点平...我要吐槽一下字幕 实在实在是...诶诶
匪帮说唱传奇 Notorious,这年头是不是骂人骂溜了就变成说唱了。
匪帮说唱传奇 Notorious,比要钱不要命好看 本来快进来看 后来发现倍速播放实在对不起里面的插曲 把它放在前面那部片子后面来观摩是对的 两部片子差距明显 
匪帮说唱传奇 Notorious,AM只有短短几分钟演出，可是依然超级灵动抓人眼球。
匪帮说唱传奇 Notorious,还行
匪帮说唱传奇 Notorious,一般
匪帮说唱传奇 Notorious,真的是一般一般啊
匪帮说唱传奇 Notorious,The Notorious B.I.G.传记。喜欢HIPA的同学还是推荐看的。
匪帮说唱传奇 Notorious,but people listened
匪帮说唱传奇 Notorious,这片子的导演显然是Puff Daddy 怀疑论者，另外看过这片子，终于明白Hitem up开头那段指名道姓究竟是谁对谁了
匪帮说唱传奇 Notorious,三星半
匪帮说唱传奇 Notorious,这两家伙的恩怨故事拍了很多电影，其中此片还是值得一看的。演员们演得都很道地，插的几首歌也中听。
医痴叶天士,弃
医痴叶天士,虽然有些动作有些浮夸，但剧情依然很走心~  #CCTV6
医痴叶天士,ＣＣＴＶ６
医痴叶天士,戏说感不够，结局还满燃的。
医痴叶天士,一心一生只专注于一件事，并把它做好做到极致是件难得的事。按照一般剧情，叶天士这样的主角的结局都不是很好，而这片子却难得给这种一心痴迷一件事不谙世事甚至有点一根筋的人一个好的结局。
医痴叶天士,看到陈芥菜卤、黄土散、地龙想到了青霉素和土霉素，没想到氯霉素
医痴叶天士,医道的刻画还可以的
医痴叶天士,还算完整和用心。
医痴叶天士,出去玩晚上在酒店没事看的 = =
医痴叶天士,"不是cctv6播都不知道有的电影,这部我貌似没看完.但是叙事还算清楚的,这就很强啦"
医痴叶天士,还不赖
医痴叶天士,好久没跟爸妈一起看电影了，让人开心的片子，也有正能量在，多好
医痴叶天士,黄土散 青蒿素 陈芥老菜 屠呦呦，和和母上大人一起看得。
医痴叶天士,托cctv6的福 最近也看了不少国产电影。没有精彩到震撼人心，剧情也是平淡没有悬念，但还是能让我缩在沙发上看完整部。。PS: 我已经泪点低到连看这种片子都要湿眼眶的地步了……
医痴叶天士,竟然蛮好看的 除了扎针浮夸 台词出戏
医痴叶天士,推崇医者父母心、实事求是的医道精神，在天朝剧里不多见
医痴叶天士,半道上看的
医痴叶天士,cctv-6过来的
医痴叶天士,这样的电影，故事很好！
医痴叶天士,刚看医者童心，接着叶天士，都还行
医痴叶天士,小众电影，中规中矩，很真实
医痴叶天士,也就医道中人感兴趣吧！
医痴叶天士,Cctv6。中医温病专家用陈芥菜卤治瘟疫，陈芥菜卤汁就是青霉素，比西方要早
医痴叶天士,能看
医痴叶天士,因为一门中医药的课，找来了这部电影看看。电影剧情很一般啦，没什么起伏，还带着些喜剧的点。。。不过，看到最后，这个叶天士的介绍，真不是一般人啦。因为他的使用，发现了青蒿素、青霉素这些的话，真是牛逼了~~~~~
医痴叶天士,这啥时候拍的？我说还发现了青蒿素这就来了！
医痴叶天士,我居然觉得，还不错？
医痴叶天士,浮夸的针灸特写，都是套路
医痴叶天士,CCTV看的～还不错
医痴叶天士,还是有点可爱的
医痴叶天士,"纠正一点，青蒿是葛洪在《肘后备急方》里讲到的，但剧情里这样用还是蛮好的。其实讲叶天士应该更侧重于他对温病的看法，一些没太有必要的剧情太拖节奏。
"
医痴叶天士,这个片子抛去演员演技和剧情不说。1.针刺姿势明显是错误的。2.片头看见药方中开药名，不开剂量也是错误的。3.有些把脉的姿势，动作也是错误的。4.中医再神奇也要望闻问切，就是这种媒体的无端神化，搞得中医把脉，或者看一眼就是人眼MRI一样。在片中叶天士诊断乞丐就知道。5.历史上的章楠也是好医生。
医痴叶天士,几个月内我居然就看了两部老叶的故事
医痴叶天士,CCTV6数字高清，清宫剧类型，查了查还是跟二月河《乾隆皇帝》有点关系。“关于叶天士的二三事”，所谓“天才的豁免权”，可是见了皇上依然要跪，说的话也是一套一套的。只要足够牛逼，自有上头保你，戏子如此医者也如此。
医痴叶天士,华丽丽的扎针手法啊……
医痴叶天士,导演能请个顾问吗。。当观众真的傻？就算宣传中医，医理部分也不该这么神扯吧。。
医痴叶天士,中医好啊
医痴叶天士,听完的。。。。
医痴叶天士,于是后人从中提取出青蒿素土霉素之类的我吐了…还有华丽丽的阵法闪瞎了我的眼。
医痴叶天士,专业方面的错误太多。
医痴叶天士,一个纯碎的医者见了最高皇权也是官话套话。
医痴叶天士,从没看过这么无聊的电影…
医痴叶天士,不觉得这个有什么必要拍一部电影出来。。
医痴叶天士,真的难看...医学文化概论课放的
医痴叶天士,因为是叶天士才看的 可是时间都没排对 里边东西也超烂
医痴叶天士,宣传封建迷信
医痴叶天士,还真是戏说 严重不靠谱
医痴叶天士,剧情太弱了。节奏也慢。没有展现出医家风范
医痴叶天士,医道，医生dou该看看。cctv6这几天连着演医生系列片。
医痴叶天士,一代神医！今天的医生应该好好向他学习！
医痴叶天士,这类认真诚实的国产电影值得推崇和支持，古装人物传记片是中国具备天然优势可以独辟蹊径的一种类型片，有很大的潜力和空间
医痴叶天士,“若干年后，人们从青霉、黄土、蚯蚓中发现了青霉素、氯霉素、土霉素，重青蒿鲜汁中提取出它抗疟新药青蒿素。”
医痴叶天士,考试前一天看的，纯为放松，还是有点小惊喜的，男主都快瘦成竹竿了，精神可嘉
医痴叶天士,好看~ 叶天士太了不起了 真可谓医道通天道
医痴叶天士,果真 痴
医痴叶天士,"这种电影多点吧
"
医痴叶天士,这部08年拍的电影，提到了青蒿汁治疗疟疾，然后15年就有了诺贝尔奖
医痴叶天士,谈不上什么剧情，治病过程倒是不错！
医痴叶天士,编剧简直是在用生命卖萌 捶地爆笑
医痴叶天士,"第一遍：
“医道通天道”，中国电影就应该这样拍。      比《变形金刚3》好看10倍 第二遍：
没有第一遍好看，情节太老套，部分情节有些假。但是，有笑点，而且很好笑；节奏紧凑，领先大多数国产片两三个级别；台词挺好，其中讲了些道理，有些道理还很棒；演员演的都好，尤其是田小洁。一句话“国产精"
千面人 El hombre de las mil caras,英国谍战片的风格，看得有点懵。
千面人 El hombre de las mil caras,角色太多，脑子跟不上，加上脸盲，基本上不知道在干什么...
千面人 El hombre de las mil caras,被政府出卖背叛的特工人员，借贪官外逃布局空手套白狼。
千面人 El hombre de las mil caras,很复杂啊
千面人 El hombre de las mil caras,西班牙，曾经 的日不落，
千面人 El hombre de las mil caras,看不太懂…
千面人 El hombre de las mil caras,不算太复杂的故事
千面人 El hombre de las mil caras,3.5。除了自己，不要相信任何人。
千面人 El hombre de las mil caras,真实改编，背景陌生，信息量大，容易懵逼
千面人 El hombre de las mil caras,缺少背景知识看得真是有点辛苦。不过男主确实看着一本正经，难怪连搭档也捉摸他不透。
千面人 El hombre de las mil caras,拍得很复杂，脑袋瓜不够用，看不懂
千面人 El hombre de las mil caras,我还是没弄明白这部电影与“天空只属于一部分人”这句话的关系；那位飞行员的人设也是非必然的吧？第一个国际组织的圈套揭开的太早了，让观众对以后的反转有了心理预期。
千面人 El hombre de las mil caras,2016年西班牙电影《千面人》：开场的节奏很现代很舒服，往后却越来越写实，剧情看得我跟不上节奏，纯凭男主精湛的演技支撑我看完，一知半解……
千面人 El hombre de las mil caras,不要相信任何人。
千面人 El hombre de las mil caras,被评论区骗了。并没有想象中的那么吸引人
千面人 El hombre de las mil caras,这片需要集中注意力看，看的很吃力。
千面人 El hombre de las mil caras,Jan.24.2017  一场骗局
千面人 El hombre de las mil caras,悬疑题材，片子看的有点晕，没太看懂。
千面人 El hombre de las mil caras,人物众多，各怀鬼胎，西班牙语速又快，勉强跟上节奏。骗过全国一说言过其词，的确吞了外逃贪官，骗了现任司法部长，但还是被b部长？摆了一道当枪使嘛。不了解原型怎样，政坛内幕也许永远不会大白天下，但凭感觉，个人单枪匹马挑战政府不大可能。
千面人 El hombre de las mil caras,还行吧
千面人 El hombre de las mil caras,调度和剪辑确保了悬疑风格和快节奏叙事，摄影运用过曝风格化极强；音乐铺陈卡点精确，情绪牵引极佳！
千面人 El hombre de las mil caras,太过平淡，故事故意讲的很复杂，得靠旁白才讲清楚，看着混乱
千面人 El hombre de las mil caras,题材不是很喜欢
千面人 El hombre de las mil caras,一个欺骗了身边所有人，乃至整个西班牙的人。有趣的故事，却拍得平淡如水。
千面人 El hombre de las mil caras,意料之外的沉闷，缺乏引人入胜的地方。三星。
千面人 El hombre de las mil caras,信息量巨大
千面人 El hombre de las mil caras,6.惊天骗局一个接一个，本以为亡命天涯很容易，但人年纪大了估计就难了。节奏控制的不错
千面人 El hombre de las mil caras,这应该是个好故事，但是拍的太平淡无味了。无聊的原因，一开始人物很多没有介绍，发型服装也一样很容易脸盲，但到最后这不是最大的败笔。惊天骗局必然在最后要有个事件回顾，让人胆颤，让观众得到一种观影效果，但观影体验太无聊了，也有演员的成分，演技很好但是全剧演员情感没有波动事件没有爆点，很难让人找到带入点。
千面人 El hombre de las mil caras,是没太看懂
千面人 El hombre de las mil caras,紧张刺激
千面人 El hombre de las mil caras,故事讲得好复杂，感觉看乱了。可能跟字幕君不给力也有关系，自学一个月西班牙语，完全没卵用。
千面人 El hombre de las mil caras,还不错，氛围和节奏好，但是看完了觉得西班牙这个国家好傻逼
千面人 El hombre de las mil caras,观赏性不错
千面人 El hombre de las mil caras,旁白好烦
千面人 El hombre de las mil caras,要骗就要格局大的，大到不敢不信为止
千面人 El hombre de las mil caras,看的有点儿懵
千面人 El hombre de las mil caras,有种片子跟不上导演脑洞的感觉
千面人 El hombre de las mil caras,情節複雜節奏快
千面人 El hombre de las mil caras,英国谍战片的风格
千面人 El hombre de las mil caras,除了自己  不相信太多人。。
千面人 El hombre de las mil caras,看不太懂…
千面人 El hombre de las mil caras,故事讲得还算流畅，但悬疑电影最精髓的部分—行骗过程，感觉也流于平淡了
千面人 El hombre de las mil caras,中间混乱，大体还可以。
千面人 El hombre de las mil caras,叙事手法一般
千面人 El hombre de las mil caras,6.5
千面人 El hombre de las mil caras,个人感觉故事讲得并不成功，冗长、啰嗦、繁琐。非常考验观众的耐性，因为一个走神就不知道讲到哪儿了，完全连不起来。事无巨细的介绍缺乏轻重感，铺垫和高潮几乎感受不到。最后反转起来也就没有什么赶脚了，“昂，这样啊”，仅仅如此。
千面人 El hombre de las mil caras,不能再多，三分
千面人 El hombre de las mil caras,画外音太烦人，犯困。
千面人 El hombre de las mil caras,有点复杂
千面人 El hombre de las mil caras,还好
千面人 El hombre de las mil caras,进监狱？肯定不是我一个人进去，我要拉他们一起进…
千面人 El hombre de las mil caras,"西班牙电影就是不给你好好讲故事,故弄玄虚，故作复杂,好题材没有拍好,看起来很累。特别是前半截叙事混乱,不知所云。不过几个演员特别是男主角的表演还不错。"
千面人 El hombre de las mil caras,还行
千面人 El hombre de las mil caras,题材无感，还看得我云里雾里。看了两部这导演的片子，不会在看了
千面人 El hombre de las mil caras,碎碎念。
千面人 El hombre de las mil caras,对真实事件不了解，靠旁白才能勉强看懂，太不亲民了吧。
千面人 El hombre de las mil caras,虽然很不喜欢法国人，法国电影，法国男足，还有法国这个国家。。。具体原因就不一一说明。但是却偏偏挚爱他们的一位演员，而且喜欢的是十分的彻底。。。那就是可爱而又亲切的路易·德·菲耐斯老伯伯，几乎我童年时所有带给我畅快欢笑的外国电影，基本都是他老人家主演的。虽然其一生的作品评价在‘挑剔
千面人 El hombre de las mil caras,惊世大骗局……
千面人 El hombre de las mil caras,对其国家的不了解，导致没有看懂！
千面人 El hombre de las mil caras,不好看
午夜快车 Midnight Express,我对这片的政治倾向没有看法，垃圾在于手法，导演绝不能上来就灌输，你面对的是有脑浆的成年观众，怎么能像对肠病患者一样灌肠呢？谁他妈的欠你钱了还是怎么地？年轻斯通的剧本跟摄影师Seresin还是不错的，尤其Seresin既能根据傻逼帕克的要求拍些直露到死的幼稚镜头，也能干出很玄乎的活
午夜快车 Midnight Express,独属上世纪的电子乐配乐，除了后半部分探监手淫一段，其他基本没能给我留下多少深刻印象和冲击，对土耳其当局的描绘真是又硬又粗，咬耳朵那段估计十年后的（监狱风云）就是照搬这的。话说此片当年居然没提名最佳摄影？真是遗珠。
午夜快车 Midnight Express,http://www.2020-movie-reviews.com/reviews-year/1978-movie-reviews/midnight-express-1978-movie-review/
午夜快车 Midnight Express,尽管在评论与商业上都取得了成功，电影中对于土耳其人的塑造却充满了争议：http://www.tallarmeniantale.com/MidExp-academic.htm。着墨不多的同性情节拍得颇为梦幻，彷如黑暗中的一点微光。
午夜快车 Midnight Express,多么痴情的姑娘 过了好几年了还去探监 激起了他的求生欲望 姑娘你这么深情 怎么过了好几年才去看你的心上人呢 至于美国的政治立场及对土耳其的丑化 见仁见智吧
午夜快车 Midnight Express,"对影片有些观点不认同 本来就是犯罪 凭什么说是政治斗争的牺牲品？
还有那种自大的态度。。"
午夜快车 Midnight Express,希斯归国时携毒过境被捕，开始了残酷的狱中生涯。有个镜头印象深刻，阳光中黄土的穹顶层层叠叠，两侧廊柱在通往刑室的路面投射下铁栏般的影子，掩在黑暗中的刑室之门渐渐向前拉近，异域的音乐和受刑者痛苦的叫喊使人恐惧于慢慢靠近的门及其中正发生的事。值得一提的是本片编剧后来导了《天生杀人狂》。
午夜快车 Midnight Express,唉，有些片子的确不是我的菜……没办法……
午夜快车 Midnight Express,结尾很理想主义。剧情没有从前看时的惊艳，怀疑网上版本被阉割了。Brad Davis癫狂时有皮特的影子，咬耳那段很过瘾。从面相脑残儿到结尾的满脸沧桑狠毒，足见监狱对人的摧毁性重组。
午夜快车 Midnight Express,携毒事件渲染太过冗长，最后的越狱的剧情显得滑稽。交代入狱的起因用掉了一个小时，第一次试图逃跑的阴谋被人告密宣告失败，接着就是乌烟瘴气的监狱生活，最后离奇出逃。这就是该片的整体框架，没有激动人心的看点。掺杂了点政治色彩。
午夜快车 Midnight Express,剧本是好剧本，演员表现神演技，可导演拍出来的太拧巴，总有种格格不入突兀感
午夜快车 Midnight Express,其实就只是像嬉皮那样晃荡流浪的人提到了这个，我就想：好，那就去看一下。看完了，我也没明白什么，感觉这跟在路上神马的不是一路货
午夜快车 Midnight Express,最终还是赶上了午夜快车了，最后定格照片很专业。ps.片中种族歧视很严重
午夜快车 Midnight Express,时代片，中规中矩，有些桥段和场景和镜头处理不错。尤其是监狱是一所老房子，里面的自由度很大。精神病院似乎是宗教场所改建，也别具一格。监狱里用孔雀代替狗看守，会发狂似的叫。监狱里还有小贩，卖茶毒品毯子，一律一元。片名来自32分男主与狱友麦克斯（律师）的对话，如何出去，坐午夜列车。什么意思，一笑而过。黑话，逃跑。刺屁股是土耳其式报复。狱卒说狗咬狗，在别人搞你之前搞他们。38岁的john赫特已经有现在的模样了。最后还是靠误杀看守逃出。挖墙通道这事太不靠谱。
午夜快车 Midnight Express,"Not a big fan, I can't say I love it..."
午夜快车 Midnight Express,保留意见，主要因为我先看了《肖申克的救赎》
午夜快车 Midnight Express,没见过brad davis的样子你不知道什么叫帅哥 没见过brad davis的表演你不知道什么叫演技 没见过brad davis的玉体你不知道什么叫匀称 没听过brad davis的声音你不知道什么叫bi~~~ 回到影片本身 编剧很烂 监狱里面不搞基 开什么玩笑! 结果是电影公司强行删戏份.. 还有胡乱杀人 你想不想观众同情主角啊?
午夜快车 Midnight Express,预期很高，于是落差很大，比较失望，很难投入，开头还好，后面监狱生活就开始迷失重点了，观众不需要像主角一样感到煎熬，尤其是无法产生情绪反应只能冷眼旁观的煎熬。//女友探监的段落很棒，把性压抑的煎熬拍出来了。
午夜快车 Midnight Express,我记得我看过这个人的记录片，由本人亲自讲述的，跟本片的出入不是一点二点的大。亲身经历更戏剧性，结果也更惨些，狱中被离婚，老婆带着孩子走了。
午夜快车 Midnight Express,冲着脱衣手淫给个四星
午夜快车 Midnight Express,又一美国宣扬本土斗士之片。看前无感看时无感看后无感。
午夜快车 Midnight Express,有些人对自由的渴望非常强烈
午夜快车 Midnight Express,像香港片......监狱真是个激发人同性恋潜质的地方.....
午夜快车 Midnight Express,有张力，但结局一般
午夜快车 Midnight Express,对司法体系的批判和人性的挖掘相当的出色，除了最后那颇具戏剧性的结局，这是一部不逊于肖申克的越狱片。三星半
午夜快车 Midnight Express,政治牺牲品？老美你们太大惊小怪了吧
午夜快车 Midnight Express,iconic sound
午夜快车 Midnight Express,导演似乎不在于重点展现越狱的情节，而在于揭露土耳其监狱制度的黑暗，政治意味较浓。电影本身来说，前半部分有些拖沓，后面的越狱又显得仓促、偶然。
午夜快车 Midnight Express,①越狱题材②揭示了监狱对人的精神的摧残③隔着玻璃对着女友手淫，残酷而又压抑④轻轻松松越狱成功
午夜快车 Midnight Express,值得一看。
午夜快车 Midnight Express,这也是励志电影？？
午夜快车 Midnight Express,男主的演技啊演技 真遗憾
午夜快车 Midnight Express,电影应该是不错的，但是不太喜欢这里面的政治因素，以及美国人的目空一切，就好像所有土耳其人都坏似的。
午夜快车 Midnight Express,美国永远是中心
午夜快车 Midnight Express,先看了真人访谈，再看的电影，不得不说：改编…呵呵…改编得太多了点吧
午夜快车 Midnight Express,影片用拖沓的两个小时来描绘主角种种憋屈的狱中生活，被殴打被增刑被同伙出卖等等令观众也灰心丧气了..主角逃狱方法粗劣简陋，最后居然是在影片末5分钟仓促地从土耳其监狱大门走出去的，脸上没有成功后获得自由的那种兴奋喜悦，只有“终于离开第三世界了”的沧桑和疲倦。这完全是一部政治讽刺电影好吗
午夜快车 Midnight Express,配乐不错
午夜快车 Midnight Express,第二次法庭演讲那点挺美国的。
午夜快车 Midnight Express,丑化土耳其嘛
午夜快车 Midnight Express,布拉德·戴维斯某些瞬间像是从[雾港水手]那里溜过来的；一头一尾拍得很好，中间的内容毫无感觉；那场疯狂的发泄破坏暴揍抠眼咬舌的戏，不知道[监狱风云]有没有拿来借鉴
午夜快车 Midnight Express,有毅力！
午夜快车 Midnight Express,肖申克的救赎+飞越疯人院
午夜快车 Midnight Express,不知道看这部片的时候要站在哪个立场，结果却是不管是哪个立场都无法完全说服自己。人权与法制本就存在冲突，再遇到国家间的政治外交问题就更不好说了...
午夜快车 Midnight Express,本片获第51届奥斯卡最佳改编剧本及配乐奖，并获最佳影片、导演、男配角和剪辑提名。配乐紧张刺激，部分情节扣人心悬。只是原著存在太明显的意识形态价值观。说实话，影片里面没有一个是好东西，而编剧硬是通过意识形态强加给观众某人是好人，某人是恶人。这种用人种区分善恶的态度贬低了影片的价值。
午夜快车 Midnight Express,只记住了开头结尾的心跳声
午夜快车 Midnight Express,跳着看看 男神加一星
午夜快车 Midnight Express,本身不是白的就不要拼命洗白了。
午夜快车 Midnight Express,写实的越狱片，不是类型片，节奏十分缓慢，成功地展示了当时的氛围，最后也挺感人，一直期待的越狱过程居然全靠意外。导演大概是想控诉吧，不太在乎越狱的观赏性。
午夜快车 Midnight Express,越狱片鼻祖，故事背景是70年代的伊斯坦布尔，冷战恐慌恰逢美土交恶的大时代环境，将土耳其人脸谱化是不可避免的。不过仔细想来，监狱这种国家暴力机关，无论何时何地都会有无数阴暗面吧。
午夜快车 Midnight Express,的确风格上嫩了点。
午夜快车 Midnight Express,结尾太狗血
午夜快车 Midnight Express,欠力道
午夜快车 Midnight Express,很平常的电影 不知道怎么会去看 
午夜快车 Midnight Express,黑暗的不仅是监狱，更是政治。作为对那个时代的反思，这部片子值得好好看看。
午夜快车 Midnight Express,足够吸引人，但不够精彩。正如片中Billy因政治缘由再判30年，该片也显示出较强的政治性。Brad Davis像极了Brad Pitt，尤其是107’时被遮住下半张脸的时刻。
午夜快车 Midnight Express,这个和爸爸一起看的有点重口味
午夜快车 Midnight Express,@burgress street 果然是，R级
午夜快车 Midnight Express,维基了一下比利。他说，事实上土耳其监狱根本没有暴力殴打或者性侵害他。他说监狱最大的不好就是无聊。那个傻逼导演和编剧估计为了吸引眼球瞎编的。后来比利还像土耳其政府道歉了。我操，美国人真没节操，顺我者摇尾，逆我者往死里黑。还有，比利这不是第一次贩毒啦！是第四次贩毒的时候被抓的。
午夜快车 Midnight Express,这也太夸张了吧，再一看编剧是奥利弗·斯通，难怪……
午夜快车 Midnight Express,土耳其黑色景观
午夜惊情 Sea of Love,故事还是不错的，但节奏不够紧凑，时间拉得太长了，男女主角之间那些事完全可以讲得更凝练些，弄的人看着看着就有一种在看欢喜冤家浪漫轻喜剧的错觉
午夜惊情 Sea of Love,阿尔重回影坛之作，只是影片素质真是平平，惊悚不足悬疑有限，心理对手戏没有，有的是无边无际冗长的对话，而且还有不少笑点，结尾的反转也很欠妥，最后只剩下阿尔兢兢业业贡献出超水准的表演让人赞叹。
午夜惊情 Sea of Love,看了第一幕就大致猜到了主犯是谁，靠老帕支撑起来的电影。
午夜惊情 Sea of Love,阿尔·帕西诺还是一贯得张扬，不错女主角太弱了，根本跟不上。
午夜惊情 Sea of Love,《本能》一比就显得牛叉多了
午夜惊情 Sea of Love,二流剧情，印象深刻的地方在于憔悴的Pacino特别性感然后长得像头豹子的Ellen Barkin又很攻，所以爱情戏蛮棒的。还有Tom Waits深情献唱同名主题歌。
午夜惊情 Sea of Love,没有一个女演员肯错过和al演吻戏和船戏的机会吧！
午夜惊情 Sea of Love,故事性破案性一点都不强，完全是在靠演员们在撑场面，片子到中间开始，都快成了言情片了，帕西诺当年还真是炯炯有神啊，胖子很可爱，那女的年轻时还真是挺漂亮，我心中的凶手和结尾，按如今俗成的约定，可能更黑暗更戏剧化一些，就是帕西诺本人，本片的配乐和音效让我想起了天使之心！
午夜惊情 Sea of Love,原本以为会很平淡的电影还是给人了一些惊喜
午夜惊情 Sea of Love,本能.......
午夜惊情 Sea of Love,"6.6/10
喜欢这个情调但是节奏感真的是"
午夜惊情 Sea of Love,黑色惊悚与都市浪漫两种类型片的混合产生了奇妙的化学反应，一边为男主担惊受怕一边又希望他找到真爱，结尾还来了个小小的反转。阿尔帕西诺扮演的骚撩警探一如既往地妙。
午夜惊情 Sea of Love,挺一般的片子。阿尔演个挺雏儿的警察，女主角的身材超赞啊，不过这个脸有点“面瘫”的感觉
午夜惊情 Sea of Love,结尾不成熟嘛，应该还有一波高潮才是。不喜欢阿尔帕奇诺的老牌演技。
午夜惊情 Sea of Love,#观影手记# 1489 89年的商业片，如今看来无功无过啦~。
午夜惊情 Sea of Love,"2016.01.10
应该是部悬疑惊悚片，却由头至尾透着股魔性的“可爱”之感，令人时时忍俊不禁。"
午夜惊情 Sea of Love,6/10。在《本能》的套路包装下是一个警探如何度过爱情低潮期的故事。如果不是为了看老帕，那你纯属浪漫时间，想要的精彩动作戏和心理对手戏这里全没有，即便有也是很不给力的那种，最要命的是这两人根本不来电！还好片子没有什么招人讨厌的地方，整一出毫无亮点的流水账！
午夜惊情 Sea of Love,除去最后结尾比较狗血意外还不错
午夜惊情 Sea of Love,过分平淡和简单的剧情。没有亮点
午夜惊情 Sea of Love,3星全歸 Al Pacino 的，只能說，這片能被注視，全賴有他在。
午夜惊情 Sea of Love,约炮有风险，受约需谨慎，而且成本还挺高的。
午夜惊情 Sea of Love,影片以连环杀人案开场，却始终没能营造出悬疑的气氛，女主出现后影片的感觉更是一度走偏，结尾才解开杀人犯谜底的手法也很贫庸，甚是尴尬。相比之下，《本能》真的是出色太多了。全片唯一令人印象深刻的就是阿尔帕西诺光环闪耀的表演。
午夜惊情 Sea of Love,好演员可以带着普通故事起飞。配角迈克尔·鲁克在近年凭银河护卫队系列火了一把。
午夜惊情 Sea of Love,片尾设计的很棒。中晚年的阿尔帕西尼诺很适合演这种亦正亦邪的人物。片中有一幕男主角撞破新搭档搞外遇的场景，询问搭档是否要追回外遇女的一幕令我印象深刻。
午夜惊情 Sea of Love,一般般而已。
午夜惊情 Sea of Love,整体逊色于同类型的《本能》和《体热》，但两个警察的飚戏十分精彩
午夜惊情 Sea of Love,Pacino侧头睁大眼睛。HELLY SEXY.
午夜惊情 Sea of Love,一般。Al Pacino沉寂四年复出是把百老汇的表演带进好莱坞了吗？而这个角色也明显不适合他。剧本在处理男女感情上稍拖泥带水，影响了主线节奏，故事倒是说清楚了，但不显得高明。
午夜惊情 Sea of Love,好歌 《sea of love》
午夜惊情 Sea of Love,艾伦·巴金的性感形象也许是她塑造过的最经典形象，而帕西诺还是那个帕西诺，悬疑留到了最后，结尾两次反转后也算圆满收场。
午夜惊情 Sea of Love,算不上上乘之作，但值得一看，果然专业书里推荐的电影就是容易入神，我爱学习。
午夜惊情 Sea of Love,3.5 Ellen Barkin
午夜惊情 Sea of Love,有年頭的片子了 Al Pacino竟然也有害羞的那種眼神甚是少見。故事棒。但我還以為前夫死了之後無對證 女生仍有嫌疑？畢竟二人對峙的時候諸多bug 就算女生當他是變態他說不會有case的時候女生難道不是應該反問什麼case嗎？超市裡那個黑人小孩的線就自動沒了？btw女生正裝look好美
午夜惊情 Sea of Love,Deception is dangerous. Desire is deadly.
午夜惊情 Sea of Love,没有阿尔帕西诺，这片也就算给《本能》提个鞋！
午夜惊情 Sea of Love,一般般啦，女主身材很赞，还有这个中文名起得不好···
午夜惊情 Sea of Love,"老帕演技很好。把一个有激情的男人都演得出来了，尤其那眼神，太传神了。
特别喜欢他生气那几段。温文却又倔强的老男人。呵呵"
午夜惊情 Sea of Love,完全可以猜到剧情的故事，艾伦巴金的长相和发型实在欣赏不来，太影响观看。帕西诺塑造的警探倒是十分丰满。片尾似乎是Tom Waits的版本，加一星。
午夜惊情 Sea of Love,单亲妈妈通过报纸结交的男士都离奇死亡却浑然不觉，嫉妒的前夫杀死情敌前必要求对方裸体这是个什么操作，警察忙着谈恋爱搞一夜情却坚决不取指纹将对方排出嫌疑之外显得好不敬业，为了把悬疑排在最后这编剧真是拼了。
午夜惊情 Sea of Love,其实还不错。觉得这是Al最帅时期了
午夜惊情 Sea of Love,寡淡
午夜惊情 Sea of Love,就是打着犯罪和惊悚名义下的一部 爱情片儿 不费脑也不惊悚
午夜惊情 Sea of Love,算是个披着罪案片外皮的爱情喜剧吧，偶尔来点惊悚，总体基本不违和，但设置笑点和破案本身也都没有特别出彩。看的一会扶额一会吞口水。
午夜惊情 Sea of Love,还行吧。
午夜惊情 Sea of Love,"i love life, i'm just trying to...share with ..."
午夜惊情 Sea of Love,dvd时代有个pacino套装，5部片子，这是第一部
午夜惊情 Sea of Love,老帕的激情戏，嘿嘿
午夜惊情 Sea of Love,惊悚的故事不忘探讨男女之情，警察寻找杀人凶手却遇到了一段爱情，看似有些老套的情节，有些桥段被后来的影片模仿，当观众都以为找到了凶手而真凶出现了。怀疑是警察的天性，放在男女感情中就变成了猜忌和欺骗，影片的精彩不是破案，而是警察的尴尬。  
午夜惊情 Sea of Love,一双可怜楚楚的小眼神儿〜〜
午夜惊情 Sea of Love,阿尔帕西诺那种坏坏的，羞涩的表情，真是招牌啊。剧情中庸，激情戏感觉是为了博眼球特地加的。里面居然还有萨缪尔·杰克逊。
午夜惊情 Sea of Love,一点都不惊，抛去爱情，悬疑就像个幌子
午夜惊情 Sea of Love,爱看老帕演的角色，无力、颓废、苦痛、叫嚣、挣扎……演警察亦如此，片中他的气场有所收敛。
午夜惊情 Sea of Love,有一幕艾伦全裸把老帕壁咚在墙上摩擦，心里闪出一个词：盘他！
午夜惊情 Sea of Love,帕西诺自带一双懵懂的大眼睛(有时候过分呆滞不喜欢)，但架不住颜高柔情，稍稍服软的低眉顺目就是狙击女心的文艺片男主典范(这种男人一般都是会让女人心碎的)。和女演员站在一起总让我想起短小精悍四个字，所以演得了教父靠的是气场呀
午夜惊情 Sea of Love,无论什么角色，Al Pacino总能让你看到他的光芒。可惜剧本单薄了。
午夜惊情 Sea of Love,有点冗长，虽然前面有了几分钟的铺垫，结局的反转依然很牵强！
午夜惊情 Sea of Love,结尾好像Tootsie哈哈，甚至两个人都越看越像Hoffman和Lang
午夜惊情 Sea of Love,居然是这么老的片子，昨晚猜剧情，还是某人比较灵光。哈哈。
午夜惊情 Sea of Love,最后一分钟居然峰回路转。。。太喜庆又牵强了。。。
午夜惊情 Sea of Love,Go Yeah Al Pacino!
华沙谍战 Jack Strong,波兰电影对于编造一些莫须有的事件丑化俄罗斯乐此不疲，从来如此，波兰影片只要涉及俄罗斯的内容，几乎都会严重失实。
华沙谍战 Jack Strong,在意识形态上还是过于美化美国人……
华沙谍战 Jack Strong,很真实，最后那段惊心动魄。
华沙谍战 Jack Strong,军事镇压及入侵策划中校的双重生活。个中矛盾可以刻画的内容很多，无奈前半段时间的间谍行为都太简单和温吞了，情况暴露后的情节才稍微开始紧张起来。结局虽然耐人寻味，可是指向性过强，总觉得不太舒服
华沙谍战 Jack Strong,这是个传说吗，居然这么顺利。
华沙谍战 Jack Strong,波兰的叛徒还是英雄，居然这都是要随历史变迁而变化的。 作孽！！！影片是把男主太当英雄了，冷战时的意识形态之争，到了现在，也是洗脑不能停的。3星半... 拍得不错。
华沙谍战 Jack Strong,沉闷型谍战片，老毛子的名字又长又臭鬼那么难记，一遍能捋清人物关系就不错了，可乏味的剧情一遍都难以啃完。论情节满平淡的，偏于传记片，无甚猎奇性。
华沙谍战 Jack Strong,勉强及格。这种个人出于反抗专制制度继而申请成为美国间谍，最后背负着亲人的羁绊尝试逃走的故事模板近两年并不少见，比如库斯图里卡主演的《克格勃无间事件》（对美国人的表现还是有明显区别的），本片取材真实故事，讲年轻但身居波兰军方高位的间谍最终逃亡美国，片子只能说拍的四平八稳，但后半部为逃出生天营造的紧张气氛还是合格的。有几个点很有意思：第一是表现人物“受审”的戏貌似早早把他失败的结局露出来了，可直到最后谜底揭开才发现不是那么回事。第二是主人公曾为华约制定干涉捷克的军事计划，也因此一直遭受自由主义人道主义倾向的儿子指责、还被老婆怀疑出轨，做间谍真不容易。第三是联系了些时事，比如珍宝岛战事，受打压的团结工会，以及主人公参与过的波兰支援越战
华沙谍战 Jack Strong,电影控制得还不错，把那个年代的西方世界演得温情脉脉，把前苏联作为猪一样的对手。
华沙谍战 Jack Strong,★★★☆ 非常好的题材，可惜与家人感情戏方面还欠火候，情报窃取的细节也略显业余。真实事件在《凤凰周刊》2014第35期有精彩概述，库林斯基作为波兰人民军总参作战部副部长产生了撬动冷战格局的作用。片中来自中情局接线人的He's not a spy.He's an ally令人动容。曾经的“叛徒”，最后成为民族英雄。
华沙谍战 Jack Strong,有人说波兰是欧洲棒子，确实也是，棒子出了安重根和尹奉吉，波兰也出了潘可夫斯基和本片主角，都是些不要钱不要命的理想主义者。
华沙谍战 Jack Strong,不要以为是很么战斗片什么的，没有动作打枪杀人。不过还是看完了，因为你会紧紧关心主人公的命运。
华沙谍战 Jack Strong,老段收藏的第9470部电影
华沙谍战 Jack Strong,整体的叙述过于平淡，镜头不太细腻，有些粗。导演（包括来到现场的波兰使馆的嘉宾官员）的意识形态倾向性偏颇得让人有些许微词，比如接救军官的美国人居然对波兰士兵说在集中营你们也用这警犬（这玩笑开得真的好吗？）。苏联恶美国善，无需解释，仍跳不出“胜利者-失败者”这一强权逻辑的叙述。
华沙谍战 Jack Strong,看不下去的赶脚~
华沙谍战 Jack Strong,除了最后一段之外，都不够紧凑，剧本功力和导演功力稍差，整体七八十年代的感觉营造得不错。本来题材是很好的。
华沙谍战 Jack Strong,一般般
华沙谍战 Jack Strong,后代神秘死亡，算是惩罚？理想主义交换？
华沙谍战 Jack Strong,擦脚布果然是擦脚布。缺点是人物刻画脸谱化，优点是历史事件还原到位。
华沙谍战 Jack Strong,虽然拍得一般，但故事实在太吸引人了！多么传奇的人物…
华沙谍战 Jack Strong,死掉的历史谁都可以上去啐两口
华沙谍战 Jack Strong,第一次跟波兰制片人大姐姐看她produce的电影，真是一颗赛艇
华沙谍战 Jack Strong,看的版本竟然不是原音，整体拍的中规中矩，结尾稍显波澜，不同于好莱坞的那种夸张手法，很写实。最后话说波兰这个国家一言难尽，而且有些反中倾向
华沙谍战 Jack Strong,这样他都能活在，KGB太弱智了吧
华沙谍战 Jack Strong,看到儿子把纸掉了，真是不怕神一样的对手，就怕猪一样的队友，一个只是为了祖国的间谍，或许是影片的价值观。
华沙谍战 Jack Strong,结构设置的挺巧妙。但情节有点散，承接不够流畅。演员表演还可以。谍报工作显的很业余，反谍机构很笨拙，很奇怪，看来苏联时代的KGB反谍工作不过如此啊。
华沙谍战 Jack Strong,好吧，原来看过，3星不能再多
华沙谍战 Jack Strong,波兰片 颂扬本国英雄 冷战时为信念做间谍 片中被描述为不要金钱只出卖苏联情报 回头看是在依然难定性 到底是爱国还是叛国 站队不同角度不同 个感觉赢着通吃 苏联垮了可以把将军弄成愚蠢暴虐的死胖子 但如果苏联赢了呢…当然历史不会改写 但不管如何为了信念去做事的人值得钦佩 虽然未必是正确 但他无悔
华沙谍战 Jack Strong,背叛的人也能有好结果？
华沙谍战 Jack Strong,任何间谍能够生存下来总是需要多一点运气。
华沙谍战 Jack Strong,人物有点乱，主要是名字记不住……认真看的话还挺好的，故事不错。
华沙谍战 Jack Strong,为了大多数人的利益牺牲了自己。虽然是真实故事改编但还是蛮紧张的
华沙谍战 Jack Strong,运用很多讨巧的小桥段小骗局，最后还是让人呼吸紧促  无论怎么看意识形态这个东西 一个人的精神状态才是电影讨论的东西
华沙谍战 Jack Strong,波兰版谍战片，最后那段惊心动魄
华沙谍战 Jack Strong,还不错，前半部分比较闷。
华沙谍战 Jack Strong,快要睡著了
华沙谍战 Jack Strong,商业片拍得很好莱坞，就是极大的成功……
华沙谍战 Jack Strong,小货车检查的确很玩心跳！！！
华沙谍战 Jack Strong,间谍工作那么没水准吗？时隔多年，还是不放过他的家人，心里摧残太狠了。
华沙谍战 Jack Strong,如果不是波兰加入北约，理夏德也许至今也不能翻案吧。
华沙谍战 Jack Strong,自由世界……呵呵！
华沙谍战 Jack Strong,情节还行，也算张弛有度；但主角略显弱智和幼稚，苏联人被刻画的太愚蠢。
华沙谍战 Jack Strong,残忍的剧情居然都是真实故事。。。
华沙谍战 Jack Strong,这部电影根本就是在表达苏联的反间谍几乎水平一点都没有，只能靠抓意志薄弱的同志震慑西方。
华沙谍战 Jack Strong,无关信仰，只关人性。
华沙谍战 Jack Strong,对历史了解不多，看着觉得平淡实际水深火热。
华沙谍战 Jack Strong,情节还是很紧凑，
华沙谍战 Jack Strong,相信真人故事远比电影表达要有意思的多
华沙谍战 Jack Strong,其实很讨厌这种政治色彩太浓的电影  美国在这里绝对高大上有情有义 波兰和苏联的高官全是愚蠢加笨蛋 这不和国内的抗战剧 基本一样吗 想想人家本来就是拍给美国人民看的
华沙谍战 Jack Strong,毛子太坏了
华沙谍战 Jack Strong,这种人才是真正的民族之魂，脊梁和良心！！
华沙谍战 Jack Strong,一般般罢了
华沙谍战 Jack Strong,音乐不错，剧情看的一头雾水
华沙谍战 Jack Strong,波兰命真苦，先是被德国端了，再被苏联黑色统治。
华沙谍战 Jack Strong,人物传记类型，人物拍的不错
华沙谍战 Jack Strong,美方联络员的一看这么熟面孔，原来是冰血暴的邮差丈夫
华沙谍战 Jack Strong,一般般
华沙谍战 Jack Strong,闷……译了个谍战的名字，其实是“和平、民主、解放思想”的大话题，一如所有“有思想”的美片儿……果断快进
华沙谍战 Jack Strong,有点沉闷，另一种宣教。
华沙谍战 Jack Strong,看的我要睡着了……
卓别林 Chaplin,即便小萝卜演的再忘我，我还是无法将他想成卓别林。真是悲剧啊。作为名人传记，这片与我想象相差真远。
卓别林 Chaplin,这电影就像卓别林的传记，你看到的都是卓别林想让你看到的。即使唐尼叔贡献了离奥斯卡最近的一次表演，但终究难以在名人传记片的行列里挽回点人气。能挖掘点名人内心深层次的东西吗？好吧。我承认结尾时电影片段让人热血沸腾。★★★
卓别林 Chaplin,开头结尾都不错，中段乏味
卓别林 Chaplin,创作上矫枉过正了，整个影片竭力表现卓别林的童年阴影、爱情失败、兄弟失和、创作瓶颈、婚姻崩溃、苦逼流亡、老无所依、苟延残喘、气喘吁吁，简直是在表现一个超级卢瑟加扫把星的一生，让人几乎忘记了这是上个世纪最有名的有钱人。为了成功避开主角光环，捎带把主角也避开了。拍出个赝品。
卓别林 Chaplin,从开头的剪影到关上房门静静地审视镜中的自己，脱掉帽子，褪去一切伪装，本以为这会是一部很好的片子，但没想到的是渐渐地描写到他是如何喜欢上一个个花季少女。传记片本应该表达更多更细腻不是吗，还好小萝卜演得不错但还是少了点什么。最后，感激世上曾经有一位戴帽子的小丑能为我们带来的欢笑
卓别林 Chaplin,巴顿布什乔布斯等人的传记，观众对形似的关注只发生在亮相那一刻，之后便会被带离而专注故事本身。政军农商的专业特性提供了这种可能性。卓别林则不然。其专业成就刚好集中于艺术形象，根本无法转移焦点。所以纵使小唐尼演技精湛，影片也始终处在相对的叙事短板中。观众总会想起一件事：他不是卓别林！
卓别林 Chaplin,三星有超，四星不到。熟面孔云集，却觉得少了点什么。但看到里面《寻子遇仙记》的片段又忍不住又笑又哭。
卓别林 Chaplin,每次当观众提起兴趣想了解卓别林某一段历史时，导演都不合时宜地一笔匆匆带过，唐尼把卓大师演活了，他也因此首获奥斯卡提名，这片里女神多得有点过分：玛丽莎托梅，玛利亚皮提罗，米拉乔沃维奇，黛安莲恩，佩内洛普安米勒。。。。卓别林还真是风流
卓别林 Chaplin,为何这些名人的私生活都是如此放荡，无语了，简直就像诱奸少女一样，想不通。米拉姐在里面看上去好小啊。
卓别林 Chaplin,影片对卓别林的怀恋情绪深沉到近乎忧郁，但对他的创作激情比较缺乏表现，在短短143分钟的时间里要贯穿他一生的时间跨度，难免对各个创作阶段都有点跳跃而蜻蜓点水，没有把有关人物间的精神交流作深入的刻画，让人觉得卓别林直到去世都一直是一个让人无法捉摸的孤独的人。但这样一个对电影艺术做出如此贡献的大师，即使个人生活会有另一面，却不可能代表着他的创作都是毫无激情来源的伪装，从这个角度讲，虽然小罗伯特唐尼很成功的达成了导演的表达意图，而电影本身还是没有让卓别林的精神得到足够展现与升华
卓别林 Chaplin,American dream! Robert Downey Jr.演技还可以，只不过当年撞上了帕疯子的《女人香》，所以当年的学院派最佳男主折戟。。。
卓别林 Chaplin,作为传记片，有点太走过场了吧，虽然最后还是小感动了一下
卓别林 Chaplin,传记总是很有力量，还好找到了自己的真爱。
卓别林 Chaplin,其实这部电影更让我真正认识这位默片大师———卓别林，不得不说我做觉得唐尼和卓别林都有一点神经质，但恰恰是有些神经质的人都往往能征服其他人，而我就是其中被征服的人
卓别林 Chaplin,这一个妹接一个妹的剧情，实在白瞎萝卜的表演了。米拉姐真·美神！！！每次都被米拉姐（的花瓶角色）倾倒！
卓别林 Chaplin,两个小时记录人的一生太短 很难深刻 所以现在多数传记都是截取一个横断面 这样聪明许多 该片若是这样就不枉唐尼的惟妙惟肖了
卓别林 Chaplin,看得到作为一个天才的痴狂，看得到身为一个凡人的哀伤。终其一生他也不过是在追逐最初的那个影子和心的方向。最好的传记片之一
卓别林 Chaplin,人物传记的影片 平淡没啥特别出彩的 小罗伯特唐你那时候还不是很high
卓别林 Chaplin,流水账式名人传记，叙事和立意都毫无建树，整个电影最感人的就是卓别林电影回放和最后的文字叙述。还不如真正去看一两部卓别林电影来的有收获。
卓别林 Chaplin,前半部分好一些，最后一场戏也挺有感觉
卓别林 Chaplin,"记流水账
代入感不强"
卓别林 Chaplin,与我想象的差很多
卓别林 Chaplin,很喜欢小罗伯特唐尼，还是卓别林的原汁原味更喜欢~
卓别林 Chaplin,卓别林大师的一生
卓别林 Chaplin,28/传记3/老了在颁奖仪式上看着自己当年的电影，潸然泪下
卓别林 Chaplin,感觉还欠点什么~
卓别林 Chaplin,虽然唐尼演技不错……
卓别林 Chaplin,冗长和片段化。
卓别林 Chaplin,大师的一生
卓别林 Chaplin,还不错
卓别林 Chaplin,某人也算是拼力演出了，可惜老年状态下的化妆……让人看着不太舒服
卓别林 Chaplin,唉妮妮啊，为什么一个英国人的美式口音这么重呢！中间一段致敬卓别林的降格摄影真的让人起鸡皮疙瘩。还是内容取胜吧，换一个人演效果可能更好。
卓别林 Chaplin,中规中矩吧
卓别林 Chaplin,钢铁侠的前世今生。小罗伯特唐尼能回来真好！至于卓别林先生，还是看默片吧
卓别林 Chaplin,冲着小唐尼
卓别林 Chaplin,只开头和结尾拍的有力度。
卓别林 Chaplin,很一般，和自传相比不算什么。还多了些没有必要的裸露镜头
卓别林 Chaplin,总感觉剧情上差些什么。
卓别林 Chaplin,以前看的，编剧好辣鸡
卓别林 Chaplin,好演技。
卓别林 Chaplin,演的太像了
卓别林 Chaplin,PVG-BOS
卓别林 Chaplin,"没什么大感触，就是更通透的解读了卓别林，
"
卓别林 Chaplin,还行吧
卓别林 Chaplin,只有电影尾声才让人觉得有点意思
卓别林 Chaplin,名人传记，演员不错
卓别林 Chaplin,看完第一遍，一般吧，不过看看年青时的唐尼挺不错的
卓别林 Chaplin,最后挺催泪的。
卓别林 Chaplin,无感好莱坞传记
卓别林 Chaplin,补登
卓别林 Chaplin,3.5
卓别林 Chaplin,#追記舊時
卓别林 Chaplin,⭐⭐⭐☆
卓别林 Chaplin,这部喜剧大师的传记电影果然还是前半程幽默逗趣的出道故事最最让人印象深刻。
卓别林 Chaplin,7.5
卓别林 Chaplin,3.5
卓别林 Chaplin,比起有声电影 似乎默片传达出的东西更具有说服力吧 
卓别林 Chaplin,唐尼的我都看过！太喜欢他了！
卓别林 Chaplin,准备多找点传记电影来看看
卓别林 Chaplin,有点假，还是不够像卓别林，其中城市之光的片段出现了两次...
南特的雅克·德米 Jacquôt de Nantes,阿涅斯·瓦尔达你是有多爱你老公南特的雅克德米啊
南特的雅克·德米 Jacquôt de Nantes,手法很有趣，童年的回忆被运用在了之后的电影生涯中。能一直追随者童年的梦想那是多好的事儿啊。
南特的雅克·德米 Jacquôt de Nantes,小男孩小女孩学大人那样做爱。不断出现的左手右手。“恋人期待的眼光灼灼”。木偶戏。战争中保留对电影爱好的男孩，母亲支持他拍电影。孙子看爷爷少年时拍的电影，很温馨。古典乐配乐电影，很甜蜜。电影梦。三星半
南特的雅克·德米 Jacquôt de Nantes,3.5。搬演記錄，三位一體對Demy的重述。不過比起看似花俏的手法（電影片段）的介入，有一點打動我的反而是結尾看著Demy已然有點蒼老憔悴的臉，比起電影中段敘述的出鏡，結合電影本身反而成為了一種對往昔時光的追溯
南特的雅克·德米 Jacquôt de Nantes,Agnès
南特的雅克·德米 Jacquôt de Nantes,把情书拍成电影，把童年投于屏幕。这是最深的诉爱，这是最美的怀念。可惜我真的享受不来新浪潮。3分。
南特的雅克·德米 Jacquôt de Nantes,三星半，与头号玩家有些相似之处
南特的雅克·德米 Jacquôt de Nantes,坚持的过程会被贬低，但只要坚持下来就是大师
南特的雅克·德米 Jacquôt de Nantes,我们真是生活在一个什么材料也没有的时代，坐在影城最大的会客厅里，你能想象看的过程中有多感动吗
南特的雅克·德米 Jacquôt de Nantes,和《阿涅斯的海滩》比，这部差点想象力。
南特的雅克·德米 Jacquôt de Nantes,讲啥来着。。？
南特的雅克·德米 Jacquôt de Nantes,法国1991年有”法国电影新浪潮祖母“之称的艾格尼丝.瓦达(《拾穗者与我》)执导的人物记录片，是对其丈夫、法国著名导演雅克德米(《秋水伊人》《柳眉花娇》)的一次生平记录。
南特的雅克·德米 Jacquôt de Nantes,so softly
南特的雅克·德米 Jacquôt de Nantes,奇特的镜头啊。文艺片、
南特的雅克·德米 Jacquôt de Nantes,水一样的两小时，于爱它的人而言是润澈，于我而言是寡淡。
南特的雅克·德米 Jacquôt de Nantes,有点太平淡了，而且最后还戛然而止……
南特的雅克·德米 Jacquôt de Nantes,可爱的法国小孩和他的电影梦
南特的雅克·德米 Jacquôt de Nantes,论宣传片的最高境界。
南特的雅克·德米 Jacquôt de Nantes,喜欢后面穿的几套衣服
南特的雅克·德米 Jacquôt de Nantes,这哪里是爱…分明就是一个自恋的人，在事业的最初尝到了甜头并沉浸在小小成就感里的故事。开头第一句话就在自夸，“从此对战争很反感”这样分量的事只有一句叙述，雅科德米根本对世界不太关心，只沉浸在电影“玩艺”里，所以后半生才没得拍，前半生的状态真没什么新鲜的，本片的视听也没什么新鲜的。
南特的雅克·德米 Jacquôt de Nantes,瓦尔达在雅克德米将死之际为其拍摄的传记体纪录片。用情不可谓不深，然而故事本身没啥意思。
南特的雅克·德米 Jacquôt de Nantes,对电影技法不是很了解，不过没什么高潮，有点平淡（个人打分
南特的雅克·德米 Jacquôt de Nantes,喜欢转换成彩片后那暖洋洋的色调，喜欢舒缓愉快娓娓道来的节奏
南特的雅克·德米 Jacquôt de Nantes,电影课阴影系列
南特的雅克·德米 Jacquôt de Nantes,选修课看的~还是不太喜欢法语呢，黑白彩色的跳跃，看着依然有些犯困。到了最后却又觉得挺酷挺浪漫的，给爱人拍这样一部电影。
南特的雅克·德米 Jacquôt de Nantes,"〔雅克·德米〕童年记忆里琐碎的迷影时光！

拍电影的梦还时长被唤醒着！技术遮挡别有滋味！

〔长片〕 — 〔✘〕 〔🎦〕 〔2019 Δ 230〕 〔2019年 幸福海滩 电影人生：〔瓦尔达〕与〔德米〕 电影回顾展〕 〔1小时 58分钟 〔美国〕〕"
南特的雅克·德米 Jacquôt de Nantes,呵呵
南特的雅克·德米 Jacquôt de Nantes,太闷了，看不出啥名堂，对这俩导演的生平和作品感兴趣的影迷应该会喜欢。
南特的雅克·德米 Jacquôt de Nantes,果然很＂新浪潮＂
南特的雅克·德米 Jacquôt de Nantes,阅
南特的雅克·德米 Jacquôt de Nantes,什么是爱，是浸润在胶片上追寻你童年褪色的光影，是爱你生活过的土地呼吸过的空气，是爱你苍老的手爱你稚拙的每一步。
南特的雅克·德米 Jacquôt de Nantes,真正的冲击点在观影结束后老太太亲口说出这部电影讲述的是她爱人的童年的时刻，看前没有被“剧透”的我对于这部电影的评价瞬间冲上最高点。怪不到三位男演员俊美如此，怪不到雅克晚年特写都是平静和温柔【那时他已重病】，怪不到童年迷影的细腻情节动人异常，怪不到向左向右的手指指向满满的爱与欣赏。
南特的雅克·德米 Jacquôt de Nantes,彩色舞台+黑白生活+影迷情结+梦想手册。各种电影院的可爱拾掇，或如大海或如卷筒。手指过渡功用。细格子壁画掠景。布偶戏。白雪公主。地狱游魂。卷笔刀里的大海+废弃旧胶片。体肤上的微观毛发森林。Loire河畔的降落伞。银发、胡渣、眼眸等掠镜。自制水彩笔电影。|让我们等着下一幕的开始吧。
南特的雅克·德米 Jacquôt de Nantes,这就是爱啊！瓦尔达把电影的形式推到极致传记、搬演、引用、访谈以及瓦尔达的导演评论轨的巧妙结合，德米晚年面孔的大特写。少年德米对电影执着的爱，以德米完成最初的3（或4）部8毫米短片为线索，并追溯他日后作品中源自童年的动机。黑白影片中彩色段落皆是与电影有关的、记忆的中华彩片段
南特的雅克·德米 Jacquôt de Nantes,童年是一个人生命的源泉，是费里尼的阿玛柯德，是侯孝贤的童年往事，也是南特的雅克德米。雅克德米的童年是幸福的，每一件小事都成为了日后创作的素材，也影响了他作品童真、梦幻的风格。最后关于童年的回忆交织着自己的电影作品被老婆拍出来，也真是美好得不像话，有妻如此，夫复何求？
南特的雅克·德米 Jacquôt de Nantes,瓦尔达说：“这部片让观众们想要看一遍德米的电影，太让我开心了”
南特的雅克·德米 Jacquôt de Nantes,比天堂电影院高明
南特的雅克·德米 Jacquôt de Nantes,雅克对电影的热爱与坚持，瓦尔达对丈夫的追忆与怀念，令人动容；真爱与感动渗透在每一个细节里，这是最好的怀念方式，也是最真挚的作品。伟大的瓦尔达，幸福的雅克。
南特的雅克·德米 Jacquôt de Nantes,15年雅克德米回顾展正好把他的片几乎都看了，相比脸庞村庄巨大的标记量和超高评分更喜欢瓦尔达之前无人问津的纪录片拾穗者阿涅斯的海滩。丈夫已得艾滋病的肌肤特写自述儿时情感电影片段结合用三个小孩拍摄的迷影成长之路和旁白，手法和情感更私人更关注个体有着说不出的感动和力量。法国文化dcp。
南特的雅克·德米 Jacquôt de Nantes,靠这份怀抱着的巨大爱意，成就了这部在传记片领域堪称前无古人、后无来者的作品。
南特的雅克·德米 Jacquôt de Nantes,多年的时光/都在那儿/还有那些/未曾与你相识/为了与你相识的日子
南特的雅克·德米 Jacquôt de Nantes,以实验派的做法，畅想一个人最遥远的故乡往事，黑白色调相接、虚实情节相合，叙述方式洋溢个性、情绪意识时刻共振；瓦尔达捕捉他人记忆的探索严肃、客观而又不失温情，片中活泼动感的卡通手势、妙趣横生的摄影轶事、纤毫毕现的微距镜头...林林种种，恰恰道出了那份最内敛而耀眼的人性柔光。幸福海滩 电影人生：瓦尔达与德米电影回顾展开幕影片 @ 深圳百老汇电影中心杜比全景声厅
南特的雅克·德米 Jacquôt de Nantes,#BJIFF2018#数度欲哭。没入记忆之深流回溯德米的童年时光，慢慢廓清电影与生活旋回缠绕之互文形态：一次次将其日后的电影片段溯本求源般嵌入生活当中，而生活本身也在迂回着迈向光影造梦的电影人生，对电影的热忱痴迷也即对生活的热爱。是瓦尔达对爱人的告白，也是与电影和生活的美妙肇事。
南特的雅克·德米 Jacquôt de Nantes,可以了解一部布满新意的传记片（剧情片、纪录片和片段回放形式交织）的模样，也能从莱文森技术变迁三阶段理论来审视小德米从爱戏到制作自己电影的过程，并被德米的人格魅力“俘获”。但这都比不过瓦尔达依托电影创作者身份独特打造的，流动地充盈其间的爱，这让这部电影变得“伟大”。
南特的雅克·德米 Jacquôt de Nantes,爱情如命，生命似水。帧帧秀恩爱，幸福的雅克。
南特的雅克·德米 Jacquôt de Nantes,#深圳百老汇瓦尔达德米回顾展# 德米太幸运了，影片左手指向德米的童年，右手指向德米的电影，中间的躯体是最恰如其分的瓦尔达，他俩的关系亦是如此。映后老师说瓦尔达的影像有抚摸感，太准确了。彩色是记忆里的片段，是场景性的截断；黑白则是流动的生活，把童年延展开，记忆影像与现实生活的相互勾连与互溶，仍然灵动与爱意深沉，不只是对德米童年的回溯，也是对影像的。映后有人问，为什么瓦尔达要截取我们所不熟悉的德米，截取他的童年。我想是如海德格尔所说，“此在总是它的过去”。通过影像的介质，德米的过去已经走在了现在的前头，即，未来。在此片完成后的十天德米去世，死亡便是那最准确的未来。
南特的雅克·德米 Jacquôt de Nantes,在黑白主线故事上既有《四百击》的韵，也有《我的美国舅舅》的神，再插入雅克·德米的采访片段，观众更近距离的了解了他。这个热爱电影的男人日后将许多生活的细节拍进了他的电影里，这种来源于生活的灵感倍感真实。而德米对电影的热爱更是感人至深，在他看来，只有电影才能让生活变成彩色。
南特的雅克·德米 Jacquôt de Nantes,"豆瓣第500部献给敬爱的德米与瓦尔达.我们看到了德米的幼时经历如何影响他的日后创作,瓦尔达用光影魔法将爱人的影像串联其中;我们看到了德米那颗赤忱的逐梦之心,在阁楼里构建属于他的第一个电影王国;我们还看到了瓦尔达用镜头记录下德米的每一寸,""你那半睁的眼睛里有浪花和泪水,我就这样溺于其中"""
南特的雅克·德米 Jacquôt de Nantes,黑白影像的童年被瓦尔达搬到了电影里，记忆与彩色电影对应切换，有些影子也都出现在德米的电影里。童年的雅克德米对电影的喜欢坚持到最后去巴黎蛮励志。德米本人有出镜不是很频繁娓娓道来很平静也很真诚，指缝中流逝的沙与瓦尔达念出的诗，满满都可以看出瓦尔达对德米的爱吧，亦如两滴眼泪两朵浪花～
南特的雅克·德米 Jacquôt de Nantes,好治愈。。。。创作者总是要对身边的细微如此敏感
南特的雅克·德米 Jacquôt de Nantes,看到了对梦想的执着和爱，今年北影节第一部电影
南特的雅克·德米 Jacquôt de Nantes,深沉、真挚的爱
南特的雅克·德米 Jacquôt de Nantes,我还不足以在这样的影片中看出乐趣
南特的雅克·德米 Jacquôt de Nantes,奶奶是个重感情的人啊 对雅克是真爱
南特的雅克·德米 Jacquôt de Nantes,那些记忆里的高光时刻都与电影有关。
南特的雅克·德米 Jacquôt de Nantes,「天地之规、风吹 、浪涌。 遥远处、海卷着浪。 你是海藻、身体随风摇曳。在砂床上、你却做着明天的梦。」
南特的雅克·德米 Jacquôt de Nantes,什么是法式烂漫？不是在公共场合亲密，而是像瓦尔达一样，在德米生命的最后阶段，用电影去回溯他的一生，去捕捉他生活中的一点一滴，用镜头去抚摸他的每一颗毛孔，每一寸肌肤，对于一即将死于ADIS的人，这或许是最好的馈赠
南特的雅克·德米 Jacquôt de Nantes,想到很久不为理想而打拼了
南特的雅克·德米 Jacquôt de Nantes,剧作是极致的写实主义，情节减到最弱，基本没有什么刻意营造的戏剧冲突，不管是喜悦还是不幸都随着时间流淌而来，看似流水账。但形式上的丰富多彩——黑白与彩色的对比、现实与电影情节的并立、时空的切换，让整部电影错落有致，节奏恰到好处，一点不觉得沉闷。这是写实主义与形式主义的完美结合。
南特的雅克·德米 Jacquôt de Nantes,#瓦尔达影展# 充满爱的电影——瓦尔达对德米的爱和德米对电影的爱。纪实和虚构、搬演和Footage的处理都很流畅自然。歌更好听！Charles Trenet-Boum!-http://t.cn/zOOSkN8
南边有你 Southside with You,原型人物才是重点。
南边有你 Southside with You,1. 一个启示，高效人士的约会：从早到晚，去美术馆、看电影、参加社区教会活动，安排满，全方位了解，非常高效。2. 还是有些肤浅，而且有些尴尬，因为这个政治人物还在位，这样快的出来歌颂，总有些让人不舒服，并且影片对他们的刻画也不深刻。
南边有你 Southside with You,结局的味儿不太对啊。生活中有一个真诚支持你、甚至鼓励你的人多么可贵
南边有你 Southside with You,我不知道自己到底哪里想不开来看奥巴马夫妇的约会故事
南边有你 Southside with You,戏剧感不强，但演员演的很像奥巴马
南边有你 Southside with You,三星半。还不错，这部片去年开拍前就在推上比较火，虽然演员非大牌，但是跟总统扯上边当然少不了关注度，加上奥斯卡上闹得沸沸扬扬的“黑人”话题，也为这部电影起到了推波助澜的作用。本片很聪明的一点是几乎未涉及政治话题，而是专心在讲一个浪漫温馨的爱情小故事。看完就在想，如果我们拍的话...
南边有你 Southside with You,这是一个没有白人的美国。黑人艺术展，黑人电影，公园里的黑人表演，黑人酒吧，黑人社团聚会和演讲，甚至无人的堤上。哦对，白人只出现了两次，一次电影里，一次是看电影的老板。
南边有你 Southside with You,看到影片最大的收获是，原来当年奥巴马是她老婆的下属，在阳光明媚的一天，他以超凡的口才和人格魅力博得女上司的青睐。影片充满温馨浪漫和点点爱意。不得不说，奥巴马夫妇是美国史上最能圈钱的退休总统，两人的回忆录出版费已然达到6000万美元，远远超过克林顿的1500万和小布什的1000万。6.7分
南边有你 Southside with You,台词还是有趣的 但是一部芝加哥拍摄的电影镜头里全是黑人这件事还是太诡异
南边有你 Southside with You,观海同志撩妹技术认证：一流！#2016 Sundance Film Festival: Hong Kong#
南边有你 Southside with You,全程基本有一个情节 就是一场约会 抛开奥巴马夫妇身份看 还算可以小清新爱情片 把两个年轻迸发出爱情火花的细节描写的很细腻
南边有你 Southside with You,三星半，这片名该叫总统大人教你如何追女孩。剧情很流畅，对话很多却不无聊，艺术、政治、社会，争吵也妙趣横生，first date该有的样子。不足是有点短啊，整部片子真的只是一个date，如果多加一点后话，可能会更饱满。虽然现在这样结束也挺意犹未尽，想象空间很足。最后ice cream那段，好甜。
南边有你 Southside with You,有点心酸。因为原型太耀眼了，又掺杂了一些高度的东西，这个爱情戏有点难受。精英阶级的黑人爱情，中间减掉了太多东西，只留下几点显示在电影里，这种不现实的感觉即便在爱情电影里也太戏剧性了。
南边有你 Southside with You,在飞机上看的，奥巴马真的是太会演讲了…
南边有你 Southside with You,奥巴马年轻时的爱情故事，一般般。
南边有你 Southside with You,作为一部爱情电影，细节不错，政治上的各种正确有点别扭
南边有你 Southside with You,虽说有种族问题，但是叙事太强。不一定人人都能看下去
南边有你 Southside with You,拍的太简单了，不值得在大荧幕上观赏。
南边有你 Southside with You,整个片子都特别温馨，一点也不像是在讲述一对总统夫妇的故事，尤其特别喜欢配乐。
南边有你 Southside with You,（三顆半）美式主旋律還是比較易入口
南边有你 Southside with You,老司机奥巴马泡妞养成记。
南边有你 Southside with You,奥巴马是一位受人尊敬的前美国总统。
南边有你 Southside with You,John Legend片尾曲Start写得太棒了！！
南边有你 Southside with You,飞机上打发时间
南边有你 Southside with You,奥巴马夫妇年轻版 Before Sunrise。男女主角不论长相、口音、神态都模仿得好像。
南边有你 Southside with You,3.5星吧，最主要沾了角色的光，本身台词剧情什么的总有些别扭
南边有你 Southside with You,选角很棒，台词有点过多，不过不失为一番有趣、有深度的对话，同时聚焦了美国社会的种族问题、性别问题。结尾的巧克力冰淇淋把妹我也是醉了。。。爱情真是说来就来
南边有你 Southside with You,"还是平淡了点，奥巴马烟鬼，米歇尔演员矮了点。



"
南边有你 Southside with You,日本回来的飞机上看的，翻译成“第一情缘”。有真挚，有理解
南边有你 Southside with You,對話其實是不錯的，但看得略悶。入場的各位基本都以為是真事改編吧，其實是編劇瞎掰的：奧巴馬米歇爾約會的一天
南边有你 Southside with You,Inspiring couple
南边有你 Southside with You,奥巴马的爱情故事。。。
南边有你 Southside with You,奥巴马叫你如何泡妞吗？
南边有你 Southside with You,一种独立小成本电影既视感
南边有你 Southside with You,200/181
南边有你 Southside with You,boring
南边有你 Southside with You,奥巴马夫妇年轻时候的故事，演讲那段感觉太刻意了，整体很工整的一部，有的小细节还不错。
南边有你 Southside with You,发现得有点快，让我去看看著名歌手奥巴马的演讲视频
南边有你 Southside with You,可以改名叫如何一天之内摆脱单身狗，青年时期的奥巴马真的很有魅力，与米歇尔的定情礼物原来是冰激凌。最大的缺点恐怕就是对白薄弱，与《爱在》差距较大。包含了理想，信仰，爱情，一部甜甜的正能量爱情电影。
南边有你 Southside with You,如果不把它当作名人的爱情，只是两个年轻人，一直在侧面反应有色人种的女性在职场怎么争取自己的权益，就像《隐藏人物》，要付出比自带优越感的人多很多倍的努力才能得到一席之地
南边有你 Southside with You,创意还是不错的，讲述总统夫妇定情的一天。特型演员从某个角度看起来也很像那么回事儿。不论是摄影风格还是叙事都是很朴实的美国独立电影的感觉。不过片子最大的问题就是对白太多，并没有用画面去叙事。而且有一些情感转折的桥段十分廉价。作者写对话的时候要考虑为何对话的内容会吸引观众
南边有你 Southside with You,太差了
南边有你 Southside with You,我是有多traumatized才看了这么一个片，男主和奥黑还算像的话，女主比米歇尔丑多了；搜了一下现实的情况，community organization meeting应该是在之前，而不是和Ernie Barnes画展和Do the Right Thing同一天
南边有你 Southside with You,给黑人总统最后的致敬，剧情平淡无奇
南边有你 Southside with You,俗不可耐……………
南边有你 Southside with You,不论是摄影风格还是叙事都是很朴实的美国独立电影的感觉，不过片子最大的问题就是对白太多，并没有用画面去叙事。最后提一下本片配乐确实不错…
南边有你 Southside with You,就是这么一部电影吧，没什么好看的。
南边有你 Southside with You,感觉刚开始就结束了...
南边有你 Southside with You,今天是怎么了 选的片子一部比一部差 对白太多 情节有限 
南边有你 Southside with You,看得时候稍显乏味，对话密集型，差点看睡了。但必须说明日出三部曲或伍迪的其他话痨话痨片子我是特别特别喜欢的。兴许若不是奥巴马这个前提的设定作为诱因，也不会特地去影院看这部片。
南边有你 Southside with You,看睡着了。
南边有你 Southside with You,创意还是不错的，但是对白太多了。
南边有你 Southside with You,4/10
南边有你 Southside with You,不到两小时，话题从个人理想到政治到宗教，民主民权，到文化艺术，转换流畅，剧本简洁生动。节奏上来讲，将矛盾在开头展开并最终推向高峰，最后峰回路转柳暗花明。充满正能量的片子，我们知道他们后来成了怎样的人，所以一切都不是空谈。
南边有你 Southside with You,八零年代的一个夏日，芝加哥南部，彼时年轻的巴拉克奥巴马与米歇尔一起共度了美好的一天，两个角色探讨的话题无所不包，既有深入非裔社群的社会问题，也有追溯角色本源的身份问题，既有针锋相对的思想上的冲突，也有浪漫的桥段推进角色关系，有种林克莱特的感觉，优雅而赏心悦目。
南边有你 Southside with You,7.9/10 意不在爱情....
南边有你 Southside with You,第七部。劳动节周日11点就我一个人看。贴片预告有四个黑人片。选角真好。奥巴马的日落之前，80分钟的大篇幅对话教你怎么追女孩，最后居然靠冰淇淋。。整部电影就是从日出到日落的first date。还是标准爱情模式。超喜欢MR对BO说原谅你的父亲，否则你的怒气会让你变成他，给他讲他爸爸原谅爷爷。不评判。
南边有你 Southside with You,非常好，对话很多，转动流畅，不禁令人想到爱在系列，加上这居然是描写在任美国总统夫妇第一次约会的电影，却完全不带有政治正确的企图，根据电影，米歇尔.奥巴马真是一个魅力非凡的女性啊！
南边有你 Southside with You,大概后面让我想到了before sunset 虽然Michelle说的都很在理 担心也能理解；最后跟奥巴马的发展也非常好。然而在这部电影，在这个moment里，我对这个角色提不起爱；我对既然你设定了boundaries但是break了之后的处理产生的情绪不同情。然而大家都是年轻人，这些都是再正常不过的生活罢了。
南边有你 Southside with You,这片竟然这么好，奥巴马夫妇版before sunrise before sunset啊！
博格对战麦肯罗 Borg/McEnroe,全程看瑞典小哥的秀发，想说北欧人颜值碾压，后来一搜发现原型更帅。
博格对战麦肯罗 Borg/McEnroe,费纳08温网惊天决战前公认的史上最佳比赛做主线、网坛最冲突的伟大竞争关系为天然戏剧张力、两个个性极其鲜明的主角，这题材可以拍砸但不该拍得这么索然无味。比赛还原度高但调度极乏味。两条人生轨迹，博格还抓住他火山被压抑成冰山的暗流涌动；麦肯罗就真是在这部瑞典电影里客场作战了，凌乱又扁平。
博格对战麦肯罗 Borg/McEnroe,明显倒向Borg叙事不怎么平衡，但决赛超好看！两位男主真的下尽苦功复刻那场球，毕竟剧组没有钱做什么大型CGI只能靠人肉还原... 可是Shia一双可爱的大眼睛完全不像John啊身材也差得有点远哈哈哈哈，和之前看的L'empire de la perfection放在一起越发对John这个人感兴趣。Sverrir Gudnason超帅，比心！
博格对战麦肯罗 Borg/McEnroe,网坛史上名局，真的印证了阿加西的话，好一段迷你人生。我怀着如Rush般的期待，可惜手法上并不太讲究，没拍好。
博格对战麦肯罗 Borg/McEnroe,全程都在看Sverrir的脸 这种欲言又止是瑞典人特长表情
博格对战麦肯罗 Borg/McEnroe,博格和麦肯罗这对这么好看的“冰与火之歌”拍成了一部庸庸碌碌的cosplay。难怪博格大叔自己要说这部剧都是瞎想的，even麦肯罗本人很爱这部作品……但是我也不懂了，麦肯罗为什么喜欢这个？因为把自己塑造成了一个童年数学小王子？？
博格对战麦肯罗 Borg/McEnroe,精彩在于这场比赛本身的精彩，以及这一役两人展现出来的能力和决心，演绎其实或许是过于薄弱和轻率了。打网球的男孩长头发才美。
博格对战麦肯罗 Borg/McEnroe,冠军多是孤独的
博格对战麦肯罗 Borg/McEnroe,自《女性瘾者》后一直无法直视斯特兰 ／ 和RUSH的对比很有趣，因为比赛类型和故事本身的‘刺激度’就不太一样...
博格对战麦肯罗 Borg/McEnroe,没抓住点，也没拍出节奏
博格对战麦肯罗 Borg/McEnroe,可以多點McEnroe的角色描寫，這人在電影定位有點模糊，只能靠Shia LaBeouf演出補全
博格对战麦肯罗 Borg/McEnroe,整体还是太对仗了，总觉缺了什么。左边拍比赛、回忆、私生活，右边也拍比赛、回忆、私生活…巧的是两人刚好一个左手持拍一个右手持拍，当然从篇幅和切入角度上看整体更偏博格一点。影片几乎未涉及两人首战后的职业生涯或私生活，也就预示了无法彻底表现二人间本是亦敌亦友或英雄相惜的关系，一个遗憾。
博格对战麦肯罗 Borg/McEnroe,要将一场难得势均力敌的比分胶着的单打商业比赛拍成一部完整长片也不是容易事，由于没有像集体类赛事可以有丰富的群像可供创作，即使是教练与球员的人物交锋，也容易显得比较单线了些，此片也只好在前60多分种不断为双方角色穿插一些闪回来撑起剧情长度，效果尚可。而由于网球单打比赛本身相对比较单调，而影片之前已经用掉了很多闪回素材，导致巅峰对决反而变成了比较简单直接的纪录性呈示，心理活动展示的含蓄，虽然这样可以不打断比赛的节奏感，但对非网球迷而言，其传奇性效果就显得不够升华，情绪基本都靠胶着的比分本身带来，和看电视比赛的心理体验基本没什么区别，导致文戏都有点白铺垫的感觉。
博格对战麦肯罗 Borg/McEnroe,运动传记片拍的这么干是想怎样啊
博格对战麦肯罗 Borg/McEnroe,一场体育竞赛，实际更是一场心理竞赛。两位不同性格却相似成长经历的对手，彼此惺惺相惜。决赛场面拍的很有张力~
博格对战麦肯罗 Borg/McEnroe,平心而论，故事讲得不错，拍得也挺有质感。或许正因为如此，对这样一个真实却又稀松平常的结局，我是毫无心理准备的。略失落。
博格对战麦肯罗 Borg/McEnroe,求道非难，守道多艰。相比双雄对决，更揪心的是王者站在巅峰上的彷徨迷惘。影片的表达思路很清晰，但叙事结构的缺憾还是难成经典。PS.有时片名会误导观众，原名“博格/麦肯罗”译为“博格对战麦肯罗”，感觉从如同硬币两面的心理学高度变成了“一V一”的街机游戏。
博格对战麦肯罗 Borg/McEnroe,球场拍的一点也不精彩。两位一个温法十一冠大拿，一位温美八冠大拿，公开赛时代温网五十年一共24位冠军，结果两位加桑神奶牛四个人就抱走24个。权杖交接的1980，网坛名局，博格还是退役太早了。
博格对战麦肯罗 Borg/McEnroe,竞技体育的残酷在于，观众的焦点永远是“谁会是下一场比赛的冠军”
博格对战麦肯罗 Borg/McEnroe,也就最后决赛比较精彩，前半段非常慢！瑞典小哥蓝色的双眸的金色的头发真是好看啊！他那个女朋友感觉非常多余！应该和麦肯罗在一起的
博格对战麦肯罗 Borg/McEnroe,看到世界上的另一个自己，还成了对手，是什么感觉
博格对战麦肯罗 Borg/McEnroe,一场世界大战背后两人的成长，但拉博夫的饰演的麦肯罗似乎是个配角，戏份和深度不够
博格对战麦肯罗 Borg/McEnroe,可以预想同样题材如果做成纪录片，会好看的多，现在做得如此扎实用心也无济于事的原因，也就是剪辑为场面调度让路，巴赞歌颂意大利新现实主义的原因。
博格对战麦肯罗 Borg/McEnroe,两个看似行走在平行世界的球手，分享着相似的成长经历，电影头一个钟头用来介绍这两个平行世界略显平淡。好在最后的一场对决甚是精彩，配合两位主演不遗余力的表演，让这场大战仿若重现。
博格对战麦肯罗 Borg/McEnroe,决赛拍的非常好
博格对战麦肯罗 Borg/McEnroe,Shia演的真好，可惜拍的有点崩，虽然两位主角性格表象截然相反但也不能把电影节奏也拍的这么精分吧...以及自从看完女性瘾者之后就有点无法直视斯特兰，总觉得他变变态态的怎么破
博格对战麦肯罗 Borg/McEnroe,"iceberg volcano, while maintaining all the while . . . boom!"
博格对战麦肯罗 Borg/McEnroe,本来就是经典的对决，却没有拍成经典的影片，两个角色分配有问题，影片属于比较好看的体育题材影片，但仅此而已，节奏有点问题
博格对战麦肯罗 Borg/McEnroe,拉博夫是真转实力派了。
博格对战麦肯罗 Borg/McEnroe,算是拍毁了...
博格对战麦肯罗 Borg/McEnroe,跟电影无关，想起高考前一天班主任给全班放李娜法网的视频，激励大家能好好考试，至今都觉得愚蠢又魔幻。
博格对战麦肯罗 Borg/McEnroe,imdb上显示在斯堪的纳维亚地区片名就叫borg所以麦肯罗就是为了推广而强行男主的男配2333 对于这个戏份安排我没意见，古德纳松长得也不比博格差吧虽然矮了一点。手持摄影太不燃了最后的决赛只得靠解说和音乐来煽，不过重点也不是比赛是人设以外的人生，博格的儿子和他好像！左手单反在今天还有希望不…
博格对战麦肯罗 Borg/McEnroe,很无聊的传记片，还不如拍一部小威对决莎拉波娃来得吸引人。
博格对战麦肯罗 Borg/McEnroe,截然不同的两个人，谁能想到他们在童年时的性格如此相似。侧重传记叙事削减了娱乐性，不算顾此失彼，但对麦肯罗的人物背景描述过于简单，明明是双男主的电影。
博格对战麦肯罗 Borg/McEnroe,3.5。费天王一笑而过。
博格对战麦肯罗 Borg/McEnroe,6分，格式工整的网球双人物传记片，前两天，费德勒刚拿到第20个大满贯，第6个澳网冠军，不过1980年温网上两个极有性格的网球手的对决更为经典，转年，1981年，还是他们两个进入温网决赛，只不过冠亚军转换了一下。
博格对战麦肯罗 Borg/McEnroe,沾了一些事实的精彩便宜，但细节的描写仍然扣人心弦。
博格对战麦肯罗 Borg/McEnroe,经典决赛日前夕+插叙的体育传记结构，质感棒。拉博夫转型相当成功，近期作品表演上的进步有目共睹。3.5
博格对战麦肯罗 Borg/McEnroe,最后半个小时多的决战，尼玛在拍发球？拍解说？乱成什么样啊都，真的是太糟蹋了。不过选取这个故事有点意思，两个冰与火的人，在外人看来多么的不同，其实内心充满共性，从前的博格是现在的麦肯罗，麦肯罗也会慢慢变成博格的。
博格对战麦肯罗 Borg/McEnroe,可以预想同样题材如果做成纪录片，会好看的多，现在做得如此扎实用心也无济于事的原因，也就是剪辑为场面调度让路，巴赞歌颂意大利新现实主义的原因。
博格对战麦肯罗 Borg/McEnroe,闪回闪到头大
博格对战麦肯罗 Borg/McEnroe,双雄片的架构在体育传记片里是不好拍的，可能赛车（《极速风流》）还好点，网球因为那张隔着的网，实在太难同时对比刻画两个人。这可能也是为什么《天才之击》那样的纪录片更受人欢迎吧。
博格对战麦肯罗 Borg/McEnroe,非常套路，有点无聊。没有创新。
博格对战麦肯罗 Borg/McEnroe,要一气呵成的看，分成三段看完就少了些激烈性。博格角色跟原型看着还挺像的，很帅啊
博格对战麦肯罗 Borg/McEnroe,应该让美国人来拍，《麦肯瑞对战伯格》。能好看。
博格对战麦肯罗 Borg/McEnroe,我以为博格五连胜以后就退役了呢，竟然还给了麦肯罗打败自己的机会
博格对战麦肯罗 Borg/McEnroe,本网球迷看的有点想吐血，作为传记和博格本人及那场大战都有出入，作为电影人物塑造丰满度不足和叙事节奏失衡。希望有一天拍费纳08WC之战时不要再拍成这样了。。。
博格对战麦肯罗 Borg/McEnroe,同样的双雄+体育，本片不如疾速风流。前半部分频繁闪回打乱节奏。
博格对战麦肯罗 Borg/McEnroe,其实不如看比赛回访，3分因为Bjorn borg太神似了
博格对战麦肯罗 Borg/McEnroe,主在两位主角的内心压力或想法的刻画，却描述的像止水一般的波澜不惊，个人是无法对两人的内心世界产生共鸣的，后半小时的比赛有少许的激情，但还不如看直播比赛来的跌宕起伏吧，过去的事情只能是一种回味了，像大多传记电影一样，源于现实的本质很难体现出电影剧情的未知感啊
博格对战麦肯罗 Borg/McEnroe,这场球赛本身过于经典 在一定程度上掩盖了这部影片本身的平庸；1980年温网决赛无愧为历史上最伟大的对决 2008费纳之战也只能勉强望其项背；第四盘抢七中的很多赛点球其实用正常转播视角更能显出张力(且博格赛点上 麦肯罗有个擦网运气球 电影里没有表现)；想来这场比赛真是影响了整个网球格局变迁，经过超长抢七蜕变的麦肯罗在美网以及次年温美连续击败博格，然后博格突然退役 麦肯罗消沉 康纳斯重夺温美；不过电影本身对决赛的还原程度很高 几个精彩得分做的一模一样
博格对战麦肯罗 Borg/McEnroe,这样的题材真的很难拍出彩，最后决赛的节奏实在太割裂了，一方面要考虑不懂规则的观众，一方面又想加重戏剧冲突，两个人物的弧光只能靠童年片段闪现来展示。总之是很平淡了
博格对战麦肯罗 Borg/McEnroe,拍得好差。片名叫《博格对麦肯罗》，实则是博格的传记，麦肯罗沦为陪衬，两个人物之间连互动都没有半点。最后的决赛尤其冗长乏味。
博格对战麦肯罗 Borg/McEnroe,拍的好平淡啊
博格对战麦肯罗 Borg/McEnroe,可以
博格对战麦肯罗 Borg/McEnroe,感觉亦敌亦友的情感很可贵，有着同样的痴迷，共同进步！
博格对战麦肯罗 Borg/McEnroe,导演在影片全程都在渲染着一种悲情与焦躁，两位主角在追求冠军的路上改变了形象，改变了性格，然而赛场的那一头是曾经的自己，那如今走过的每一步并且让自己的心灵如此孤独是否都值得，恐怕只有那个对手才最懂自己。
博格对战麦肯罗 Borg/McEnroe,问题在于最后的网球赛拍的太差了，用快速剪辑来遮掩两位演员的球技，正面全景比赛镜头少之又少，好在节奏还可以
博格对战麦肯罗 Borg/McEnroe,"对于网球迷无疑是幸福的一年，先看了the battle of the sexes, 又有了这部。"
博格对战麦肯罗 Borg/McEnroe,曾经的敌人，也是伟大的朋友；演员没有真人帅
卡拉瓦乔 Caravaggio,"不消受得了Jarman 刻意的艺术痕迹过重 把电影拍成精美艺术品反而变得廉价 换句话说就是装X
"
卡拉瓦乔 Caravaggio,典型的英式仪式感影像美学，色彩到构图高度还原文艺复兴气质，对于油画的影像搬演。说是传记片，更多是通过颉取生活片段完成贾曼对于卡拉瓦乔的个人化解读:性、原罪与艺术关系的重新审视。大量集中于展现内在与人物关系纠葛，对于社会背景处理并不深入。人物挖掘角度颇有新鲜感，总体感觉停留于猎奇。
卡拉瓦乔 Caravaggio,TildaSwinton 惊艳...都是杜撰的
卡拉瓦乔 Caravaggio,年轻气盛的卡拉瓦乔，用刀子抹过嘴角留下不在意眼神，十字架是冰冷触不可及的存在，我们只和我们喜欢的人相爱接吻，当画作成为教会的牺牲品，留给自己的只有海中浮萍般的诗，就算是以爱为由眼里也揉不进一粒沙子，美啊美永恒的追求
卡拉瓦乔 Caravaggio,3.5。色彩印象深刻。其他的……卡拉瓦乔的两条线，其中一条咋么有点穿越的感觉。
卡拉瓦乔 Caravaggio,贾曼，一个用影像写诗的人。
卡拉瓦乔 Caravaggio,画面一流，情节不知所云。真的……很认真地看了，但是完全不知道片子里到底发生了什么。
卡拉瓦乔 Caravaggio,这一部的侧重不在艺术，而在于他的私生活，或者说某种生活，不限于具体的时代，这一点也许可以解释计算器、打字机、电灯等现代物品的乱入。爱和美都是理想的幻象，人们面对更多的是混乱的欲望、挫败的现实和拙劣的模仿。片子里说，生活是艺术的反面，其实，那几乎是唯一的来源。
卡拉瓦乔 Caravaggio,看到了年轻时候的Sean Bean（波罗大叔）和Tilda Swinton （纳尼亚女巫）算是个惊喜～影片本身的拍摄手法不是我喜欢的类型。。。
卡拉瓦乔 Caravaggio,让每一次定格都是一副油画作品，一个如此爆裂的人，片中完美的体格，肌肉的光泽，很美。当时蒂尔达，腮帮子上还有肉，死后的眼神，定格好美。
卡拉瓦乔 Caravaggio,现实与回忆的糅合，诗一般的语言叙述，但你对Caravaggio了解了多少？没多少！
卡拉瓦乔 Caravaggio,文艺的我头晕眼花 如果不是tilda swinton 我绝对坚持不下来
卡拉瓦乔 Caravaggio,一个没看懂电影的腐女的解读：小攻看上了一个健气的小受但小受此时有一个喜欢的女人 小攻想尽各种手段想得到小受 小受还是更喜欢那个女人 最后小攻利用女人的虚荣心 让她穿上了美丽的衣服 接触到上流社会 于是女人背叛了小受 甚至扬言要离开小受 小受很崩溃 杀了女人并向小攻坦白 小攻无法忍
卡拉瓦乔 Caravaggio,"老規矩,GAY片再好也只給3星."
卡拉瓦乔 Caravaggio,改变标签原来不能点删除TOT
卡拉瓦乔 Caravaggio,除了tilda 其他真的看得索然无味。。
卡拉瓦乔 Caravaggio,视觉效果非常棒，每一帧都是油画，好像抱住灯光师亲一口，然而故事结构假大空啊……
卡拉瓦乔 Caravaggio,兼任导演和编剧的是画家，难怪构图和用光这么漂亮，色彩和质感像卡拉瓦乔的画，节奏也慢得像油画，叙事结构就是常用的临终回忆式，片断串起人生。时空错乱没看明白，计算器打字机印刷书汽车什么的，太文艺了欣赏不来
卡拉瓦乔 Caravaggio,那些现代物件儿，计算器、打字机、彩灯、画册，甚至卡车，太过了，如此借物以喻卡拉瓦乔的乱，有点莫名其妙。而卡拉瓦乔的媚，不足；烈，也不足；雄辩完全不见。至于他的内心世界，全部交给逃亡途中身染热病弥留之际的旁白，听来却全是情欲。作画的过程不错，镜头的油画感不错。总之作为一部传记影片，太外化了。
卡拉瓦乔 Caravaggio,TildaSwinton  当年如此惊艳。
卡拉瓦乔 Caravaggio,演员难道是根据画作来挑选的吗，太多镜头的定格与画作简直一摸一样。故事叙述太意识流了，完全get不到点，就纯欣赏画面吧。
卡拉瓦乔 Caravaggio,貌似没看完
卡拉瓦乔 Caravaggio,"哲学性的言语加上现在看起来都显得异类的拍摄手法，让我根本没看懂本片。直面米开朗琪罗一生的艺术，性与犯罪，这一点真诚可贵。还有原来
豆叔也演过gay呀。"
卡拉瓦乔 Caravaggio,两年前第一次看这部片子时，觉得自己无法理解这部片子。但自此这部电影的呈现出来的那种犹如油画真迹的强烈的明暗对比和构图便深深刻在我的脑海里。觉得这仍然是一部几年后还会重看的电影。
卡拉瓦乔 Caravaggio,画面真的很美很美
卡拉瓦乔 Caravaggio,我不喜欢同性恋和这个故事，无论画面多么讲究，终究是虚。
卡拉瓦乔 Caravaggio,不能算做传记片，基本没有交代卡拉瓦乔的生平，服装有的还与世代不符，还出现了杂志和新作发布会，只是借题发挥，表达观念和视觉，男主角表演很空洞，很典型的画家导演的电影，形式大于内容，形式本身也没有产生内容，故作呻吟感比较重，只是对巴洛克绘画场景的再复制做的比较到位。
卡拉瓦乔 Caravaggio,男主实在是长相太俊俏 和我想象中的卡拉瓦乔又出入 但是叙事色调 光也与其画风相似
卡拉瓦乔 Caravaggio,"点点失望的一片,和爱德华二世水平相近,甚至拍摄地点都像是在一处.画家出身的贾曼在向卡拉瓦乔致敬的时候显得束手束脚,仅仅通过舞美灯光化妆手段还原画作,毕竟少了点让人惊艳的地方.致命的缺陷在叙事方面,故事的复杂性超出了写意,抽象的贾曼的叙事能力."
卡拉瓦乔 Caravaggio,年轻的sean bean像罗马市委书记Totti @SIFF
卡拉瓦乔 Caravaggio,"后现代意味浓厚的实验体传记, 跳转不定的语序, 舞台化布景同时弱化主干叙事以外的一切细节, 戏剧化的人物和丰沛的内心独白, 同性元素惊人… 青年卡拉瓦乔选角选真好！"
卡拉瓦乔 Caravaggio,不知道你想说什么
卡拉瓦乔 Caravaggio,"FILM 150: Jarman's painterly cinema...very gay, too"
卡拉瓦乔 Caravaggio,动荡不安的一生。。。但是很抱歉，还是无法喜欢这种先锋的表现手法。。。
卡拉瓦乔 Caravaggio,gay拍gay
卡拉瓦乔 Caravaggio,意淫-11/08/04 at BAM Rose Cinemas
卡拉瓦乔 Caravaggio,卡拉瓦乔还真是想画就画想fuck就fuck人见人爱的画家啊……= =杰克苏本苏了！德克斯特弗莱彻厚嘴唇让人想咬一口呀🙈电影结构很精巧，不了解画家生平零基础看可能反应过来需要一点点时间
卡拉瓦乔 Caravaggio,画风……太脏了……看得我……好难受……
卡拉瓦乔 Caravaggio,旁白是卡拉瓦乔写的诗吗？
卡拉瓦乔 Caravaggio,借用了卡拉瓦乔这个壳贾曼在讲自己的故事。画面呈现出巴洛克时期的油画感，这种美感当然是刻意“装”出来的，也就是因为“装”才会有这种摄人心魄的美。不过英语对白确实太出戏了，一开口就破坏了画面的和谐。PS爱欲与死亡，同志导演们永远热衷的主题。。。
卡拉瓦乔 Caravaggio,这么作的传记电影果然是腐国拍的 - -。现在我在想我去年是不是在三峡博物馆看的那个欧洲油画展有他的画呀，然而只记得我看了好久伦勃朗的真迹，还是摆在玻璃外面的那种。不过一说到卡拉瓦乔我还是不会想到时代背景、人物历程以及各种名画，因为卡拉瓦乔的画风完全和乌克兰议会是一个调调 - -+【不黑
卡拉瓦乔 Caravaggio,大闷片，纯看画面美的。
卡拉瓦乔 Caravaggio,吃不下贾曼这盘菜。
卡拉瓦乔 Caravaggio,斯文顿当年好年轻啊 好几个真美啊
卡拉瓦乔 Caravaggio,ʕ•̫͡•ʕ*̫͡*ʕ•͓͡•ʔ-̫͡-ʕ•̫͡•ʔ*̫͡*ʔ-̫͡-ʔ，没海叔版逼格高，而且不好意思，从专业角度讲就那么回事儿，中评。
卡拉瓦乔 Caravaggio,德里克·贾曼属于怎么定义都离我距离过远的导演。
卡拉瓦乔 Caravaggio,没看懂啊，但是很美~
卡拉瓦乔 Caravaggio,看不懂。。。。。明明是画家传记，怎么被拍成宗教片了。。。不过颜色确实很卡拉瓦乔
卡拉瓦乔 Caravaggio,整部片都像一幅油画，人物也是一个个从油画中走出来的
卡拉瓦乔 Caravaggio,All art is against life experience.
卡拉瓦乔 Caravaggio,昨天早上第一场，差点睡着。。。。。。。。
卡拉瓦乔 Caravaggio,看的不是很懂很透彻，但是电影中的油画确实很漂亮，色彩很重，很深入。我要去找找他的画了。
卡拉瓦乔 Caravaggio,光影色调无限接近卡尔瓦乔的画作，时间背景的模糊和混乱，现代标签的介入是艺术观众和画家跨越时空的对话。与其说是画家传记，不如说是卡尔瓦乔工作室和灵感的重现。后来的磨坊与十字架也是这类作品，适合作为艺术观瞻，但不适合作为电影看。
卡拉瓦乔 Caravaggio,看完查了大量资料之后一个大大的疑问升起来了：Who' s the hell Pasqualone??影片中不止一处提到了这个名字，最让我想知道他是谁的一处是濒死的Caravaggio独自旁白，I hold Pasqualone' s cock and it gets warmer. 是人还是他的臆想还是圣经中的独白？
卡拉瓦乔 Caravaggio,Jarman选的演员一个比一个美，可是英国班底拍意大利故事口音实在太出戏；电影的质感和打光对卡拉瓦乔的画作神级还原，镜头中简直难以分辨；故事和我之前所知很不一样，讲得也很抽象，就看懂了卡拉瓦乔杀人被流放的前因后果。还有那时已经有打字机和汽车了吗？！好违和。。
卡拉瓦乔 Caravaggio,看过几个画家的人物传记，卡拉瓦乔的这部算是比较爱渲染人物内心独白的，整个画面也是用油画的光影感和色调来拍的，独白很像诗歌来解释他的内心戏，虽然很有十足的文艺气息，但是又有些难以捉摸～整体还是把画家纠结的心和创作时的真实背景写的很对味～
卡拉瓦乔 Caravaggio,如坐针毡。。。
卡拉瓦乔 Caravaggio,昨晚有些失眠，睡夢前想到了靈與肉三字。後來起身為自己畫了張像。午餐後把這部電影看完。
卡拉瓦乔 Caravaggio,画家的传记电影拍成这样。。。也就凑合看吧
卡拉瓦乔 Caravaggio,Caravaggio (1986)
卡推女王 Queen of Katwe,虽是展现励志成长的人见人厌鸡汤，拍的还是蛮有水平的.....
卡推女王 Queen of Katwe,真的好平 从头到尾都是不出差错也毫无闪光点的一碗鸡汤 适合给孩子们看 可最后字幕出来 故事原型一个个走出来与扮演者们拥抱 又觉得他们笑的非常真挚 很受触动
卡推女王 Queen of Katwe,这碗心灵鸡汤真是贴满了迪士尼的标签。不过也幸好是迪士尼这种成天高举梦想旗帜的老手来拍，才会让这部电影除了中间略显拖沓以外，其他部分不是那么腻。
卡推女王 Queen of Katwe,中规中矩，看完之后心情不错
卡推女王 Queen of Katwe,“输棋教我下得更好”。比较普通，人物相当脸谱化。看完电影后稍微了解了一下乌干达。
卡推女王 Queen of Katwe,一碗比较浮皮潦草的鸡汤，腻在中间有点腻歪，情节推进不够顺畅，胜在轻巧一直站在至高点，没有过多卖弄苦难。
卡推女王 Queen of Katwe,大约因带着迪士尼影业的“血统”，影片节奏相对适宜，很多困难点到为止，规避了一些励志片的过度煽情与起腻毛病，片中的母亲被塑造得个性鲜明，贫穷却倔强，片尾人物原型与演员的同框，字幕展示着原型各自的奋斗历程，凸显了真实故事的力量及人与人之间的奇妙关联。
卡推女王 Queen of Katwe,虽然是音译+意译，但音译的采用并不好，“卡推”是什么鬼？一查才知道是乌干达地名，谁知道啊？“天才棋后”什么的都比这强。电影中规中矩，对乌干达的世态有一段展示。小女主演得很好。
卡推女王 Queen of Katwe,65/100 成人童话，虽然主角生长在乌干达贫民窟但残酷的东西基本没有，适合青少年观看。露皮塔演母亲显示出了超越她自身的年龄的成熟演技。
卡推女王 Queen of Katwe,没拍出彩的摔跤吧爸爸
卡推女王 Queen of Katwe,在非洲，抓住一个机会，改变一生，是多么的艰难。
卡推女王 Queen of Katwe,励志的电影，看完就没印象了
卡推女王 Queen of Katwe,还好吧，虽然很爱励志片，但黑人还是看着有点别扭，这不是意识上不能逾越的种族歧视，是类似喜欢毛茸茸的哺乳动物多过昆虫的天性吧。更特别的是对贫民窟生活的了解，最可怕的是给活在底层的人以希望
卡推女王 Queen of Katwe,是和《摔跤吧爸爸》故事逻辑很相似的励志片，底层女性在向导男性的指引下，为了改变第三世界女性的固有悲剧轨迹而寄希望于某项运动（当然前提也是得喜欢），前期一帆风顺后期大赛遇阻，爸爸里主要是捋顺父女关系，这部是母女。不过比爸爸差在，看完对cheese不会有多大了解，所以并不是好的运动题材电影。
卡推女王 Queen of Katwe,Why are you sorry for doing what you know is right?
卡推女王 Queen of Katwe,没有过多苦难和沉重的东西，如此环境下能发现和培养棋艺精湛的神童，也是阳光的一面，因为电影讲得浅，看后也并没有触动什么，很轻松的传记片。
卡推女王 Queen of Katwe,"Watched at a pre release screening, 9/22/2016. A mom makes or breaks her children."
卡推女王 Queen of Katwe,演员们发挥的都特别好，母亲的坚强和倔犟给人留下了深刻印象，卡推女王的诞生，与母亲与教练都有不可或缺的必然关系。可惜对于贫民窟里能培养出国际象棋冠军还是描述不够，国际象棋的魔力也没展现出来。最后故事原型和演员的牵手环节很赞。
卡推女王 Queen of Katwe,還是比較歡快的電影。然而到底有幾個貧民窟的孩子能夠真正地走出來。
卡推女王 Queen of Katwe,真人经历改编，对于体育励志题材来说，过于平淡。着眼点更多的是放在了贫民窟的生活与冲突上面。“娘狗”饰演的母亲角色还不错。
卡推女王 Queen of Katwe,中规中矩
卡推女王 Queen of Katwe,不温不火，另外对国际象棋不是很熟，很难像拳击足球一样引起共鸣，不过可以侧面了解一下非洲人民的生活
卡推女王 Queen of Katwe,一碗鸡汤，我干了。
卡推女王 Queen of Katwe,无功无过，片子中人物的思维转变生硬得令人尴尬，情节的转变也生硬得俗套，不过还算可以接受。
卡推女王 Queen of Katwe,好教练，好妈妈，好姐姐，好妻子。做对的事不需要道歉。
卡推女王 Queen of Katwe,充满迪士尼色彩的励志故事。当然煽情点还可以啦。
卡推女王 Queen of Katwe,2016年美国电影<Queen of Katwe>《卡推女王》：迪士尼的电影从来没有把触角伸去过非洲吧，聚焦于贫民窟的天才，典型的成长电影，始终给人温暖与希望，结局令人感动。但迪士尼的口味是点到为止，很多可以震撼人心的残酷现实被选择性略过，依旧喜欢让人做梦，只是这个梦做的不大
卡推女王 Queen of Katwe,还行
卡推女王 Queen of Katwe,很励志，你们全家都很励志
卡推女王 Queen of Katwe,嗯。
卡推女王 Queen of Katwe,平庸的人物传记
卡推女王 Queen of Katwe,比较平铺直叙的传记片，结尾有小感动
卡推女王 Queen of Katwe,爱 触动
卡推女王 Queen of Katwe,励志
卡推女王 Queen of Katwe,中间略显拖沓
卡推女王 Queen of Katwe,还不错吧
卡推女王 Queen of Katwe,不会下国际象棋
卡推女王 Queen of Katwe,狗为了食物奔跑，猫为了生命奔跑
卡推女王 Queen of Katwe,乌干达版《下棋吧，闺女》
卡推女王 Queen of Katwe,流畅但无新意，权当纪录片看
卡推女王 Queen of Katwe,3.5
卡推女王 Queen of Katwe,觉得还蛮不错的~励志故事多看一点也没什么不好~贫民窟的孩子没受过教育 稍微见了世面后膨胀心理什么的不用过多的描述我们都可以理解~这个母亲也是伟大~一个人养这么多孩子自尊心非常强
卡推女王 Queen of Katwe,大爱结尾演员和真人对比那个部分。
卡推女王 Queen of Katwe,比较套路的体育励志传记片吧，真实情况能不能这么励志就只有问上帝了。
卡推女王 Queen of Katwe,"传记片，挺励志那种。发现伟大光荣正确的东西往往也枯燥乏味；发现生活本身真的比电影残酷和荒谬；发现贫穷真是一种无奈的罪过；发现有些人哪怕是活下去都是艰难的过程。
还好吧，励志片子就那样。推荐。"
卡推女王 Queen of Katwe,没有跌宕的情节，但是感情部分是到位的
卡推女王 Queen of Katwe,每个人都有成功的可能，就算再恶劣的环境，只要肯努力，只要心中有希望。
卡推女王 Queen of Katwe,主要感想是 非洲贫富差距好大
卡推女王 Queen of Katwe,虽然电影拍的有点温吞和拖沓，但根据真人改变的事实却挺让人感动和赞扬的。
卡推女王 Queen of Katwe,好励志好治愈！迪士尼出品，结局必定光明～
卡推女王 Queen of Katwe,Disney出品的鸡汤励志片，乐观积极的基调十分鼓舞人心，有真人真事作为改编素材也令故事质量有一定的保证。三星。
卡推女王 Queen of Katwe,药是旧的，换的个乌干达的新瓶子。这碗励志鸡汤药方没变，就想用背景和政治正确换取高分吧。孩子们的演技没问题，故事薄弱有问题。
卡推女王 Queen of Katwe,非洲的问题这么看来真的是相当相当复杂，人类文明的诞生地现在混得这鸟样子，不是一两句话能说清楚的。另外竞技行业为什么说经验非常重要，不仅仅是比赛经验上的，年龄可能更重要重要，一个人的心智都不成熟什么事情都成不了。
卡推女王 Queen of Katwe,鸡汤
卡推女王 Queen of Katwe,励志
卡推女王 Queen of Katwe,还不错
卡推女王 Queen of Katwe,教练先生太抢戏啦，女主角的演技没有体现内心，不过还是蛮好看的
卡推女王 Queen of Katwe,明明是好故事 可是编的太无聊
卡推女王 Queen of Katwe,整体观感一般，虽然故事是个好故事
卡推女王 Queen of Katwe,看黑人看多了真的脸盲
卡斯帕尔·豪泽尔之谜 Kaspar Hauser - Jeder für sich und Gott gegen alle,我看的是意大利语配音的，字幕混乱，而且就电影本身而言挺闷的
卡斯帕尔·豪泽尔之谜 Kaspar Hauser - Jeder für sich und Gott gegen alle,一看就是德国人拍的，满是啤酒味和哲学实验气息。那个男人在万籁寂静之时高声呼喊，在人群中缄默无声。
卡斯帕尔·豪泽尔之谜 Kaspar Hauser - Jeder für sich und Gott gegen alle,before《象人》，after《野孩子》。
卡斯帕尔·豪泽尔之谜 Kaspar Hauser - Jeder für sich und Gott gegen alle,Ocean and mountain is always his illusion without anything from society.
卡斯帕尔·豪泽尔之谜 Kaspar Hauser - Jeder für sich und Gott gegen alle,最后那几分钟，恶心死我了，太难以接受了，简直是在布满污垢的大便中做噩梦。
卡斯帕尔·豪泽尔之谜 Kaspar Hauser - Jeder für sich und Gott gegen alle,有些闷。人的成长就是被社会同化的过程。让一个四十多岁的演员来演十五岁的孩子有些不妥。
卡斯帕尔·豪泽尔之谜 Kaspar Hauser - Jeder für sich und Gott gegen alle,加斯·荷伯之迷：英皇D9（又是期望过高的缘故吧）
卡斯帕尔·豪泽尔之谜 Kaspar Hauser - Jeder für sich und Gott gegen alle,拍的画面之类很漂亮，也很冷静，就是我看不明白主题，觉得不过瘾。
卡斯帕尔·豪泽尔之谜 Kaspar Hauser - Jeder für sich und Gott gegen alle,人的社会性是自然的，但社会秩序是异化的
卡斯帕尔·豪泽尔之谜 Kaspar Hauser - Jeder für sich und Gott gegen alle,具有讽刺意味的结尾，在一番解剖验尸后，那个喜不自禁得出“畸形”书面报告的矮子，从身体发育和走路姿态上看，才是个货真价实的“畸形”。
卡斯帕尔·豪泽尔之谜 Kaspar Hauser - Jeder für sich und Gott gegen alle,镜头语言和剪辑方式显得古朴而富有原始气息，时间过渡和场景转换则突兀而缺乏叙事技巧，奇特的影像风格，一个与世隔绝的人认知世界的方式在没有受到传统社会环境影响下得出了不一样的思考。
卡斯帕尔·豪泽尔之谜 Kaspar Hauser - Jeder für sich und Gott gegen alle,只是写实 过于呆板
卡斯帕尔·豪泽尔之谜 Kaspar Hauser - Jeder für sich und Gott gegen alle,看的好寂寞
卡斯帕尔·豪泽尔之谜 Kaspar Hauser - Jeder für sich und Gott gegen alle,对于这部电影，我觉得豆瓣的评分有点虚高了，感觉导演是在讽刺着虚伪的人类社会，但是故事情节本身还是过于单调了。
卡斯帕尔·豪泽尔之谜 Kaspar Hauser - Jeder für sich und Gott gegen alle,ʕ•̫͡•ʕ*̫͡*ʕ•͓͡•ʔ-̫͡-ʕ•̫͡•ʔ*̫͡*ʔ-̫͡-ʔ，打卡。
卡斯帕尔·豪泽尔之谜 Kaspar Hauser - Jeder für sich und Gott gegen alle,受不了这种质感粗糙 Aguirre要好很多 寓言与纪实景观没达到平衡
卡斯帕尔·豪泽尔之谜 Kaspar Hauser - Jeder für sich und Gott gegen alle,话说这片子我真的没怎么看懂，是赫尔措格对生命的独特看法么？是借此片想对德国社会污浊现状的一个讽刺么？加斯荷伯很纯洁的来到这个社会，但他走的时候身上背负的是深深的罪恶，是这个社会侮辱了他，是这个社会剥夺了他的生命。
卡斯帕尔·豪泽尔之谜 Kaspar Hauser - Jeder für sich und Gott gegen alle,讽喻非常浅白，故事内容在豆瓣简介里写得一清二楚了补上一个结尾Kasper死了就行了，赫尔佐格的镜头还是讲究的，后面那个女佣怎么看怎么眼熟，不是《柏林亚历山大广场》里的女房东吗？还真是！Brigitte Mira
卡斯帕尔·豪泽尔之谜 Kaspar Hauser - Jeder für sich und Gott gegen alle,“白板”就像镜子，甚或是上帝丢到人间的标本，文明的对照物
卡斯帕尔·豪泽尔之谜 Kaspar Hauser - Jeder für sich und Gott gegen alle,当文明入侵
卡斯帕尔·豪泽尔之谜 Kaspar Hauser - Jeder für sich und Gott gegen alle,好慢的节奏~
卡斯帕尔·豪泽尔之谜 Kaspar Hauser - Jeder für sich und Gott gegen alle,北电的选片还是非常有针对性，能在连续两场观影中体会完全不同的观感。这部在概念表达上落差太大。最好的地方来自于它的开始，那是付诸于自然的溢流，以及那句似乎要极力戳穿这一切的“虚假”：你没有听到周围恐怖的尖叫吗，那个尖叫的人在喊着安静。
卡斯帕尔·豪泽尔之谜 Kaspar Hauser - Jeder für sich und Gott gegen alle,"赫尔措格的第二部，人人为自己，上帝反众人。在那个问题上，“你是一只树蛙么？”我和这个畸形人的看法竟然是一致的，这么说来我也是个智障？
好是好，多厉害也知道，就是喜欢不起来。"
卡斯帕尔·豪泽尔之谜 Kaspar Hauser - Jeder für sich und Gott gegen alle,没有《灰熊人》好看，硬要挖掘出什么文明丑陋反倒无趣。
卡斯帕尔·豪泽尔之谜 Kaspar Hauser - Jeder für sich und Gott gegen alle,irony of 'the ironic'
卡斯帕尔·豪泽尔之谜 Kaspar Hauser - Jeder für sich und Gott gegen alle,音乐，音乐，别的没什么
卡斯帕尔·豪泽尔之谜 Kaspar Hauser - Jeder für sich und Gott gegen alle,看了之后头会很痛~
卡斯帕尔·豪泽尔之谜 Kaspar Hauser - Jeder für sich und Gott gegen alle,3.5，几经波折之后，被一名学者收留的加斯荷伯终于过上了平静安全的生活，学者教会了他读写，为他打开了了解世界的另一扇大门。没想到，加斯荷伯对于文明和文化有着异常敏锐和深刻的见解，面对他尖锐直白的语言，被戳到痛处的人类愤怒了。
卡斯帕尔·豪泽尔之谜 Kaspar Hauser - Jeder für sich und Gott gegen alle,故事设定很不错，为什么人物表演就跟真催眠一样。
卡斯帕尔·豪泽尔之谜 Kaspar Hauser - Jeder für sich und Gott gegen alle,可是，噩梦并没有结束，他只不过是从一个地狱跌落到了另一个。在人们的眼中，加斯荷伯并非一个有血有肉的人类，只是一个可供研究和玩乐的部件罢了。
卡斯帕尔·豪泽尔之谜 Kaspar Hauser - Jeder für sich und Gott gegen alle,很清冷的电影
卡斯帕尔·豪泽尔之谜 Kaspar Hauser - Jeder für sich und Gott gegen alle,不识火的人，触火就流泪了。这种以人类社会的“无知者”身份来反观文明的手段我已经看腻了。赫尔佐格对自然保有极高的敏锐。
卡斯帕尔·豪泽尔之谜 Kaspar Hauser - Jeder für sich und Gott gegen alle,文明没有如此不堪，世俗才是罪魁祸首。
卡斯帕尔·豪泽尔之谜 Kaspar Hauser - Jeder für sich und Gott gegen alle,标记了2000天，终于看了…
卡斯帕尔·豪泽尔之谜 Kaspar Hauser - Jeder für sich und Gott gegen alle,哲学化的视听语言暗喻和白板论先验论综合，德国北部海岸雾气昭昭，个人口味不是很喜欢，但要承认深刻和考究
卡斯帕尔·豪泽尔之谜 Kaspar Hauser - Jeder für sich und Gott gegen alle,还是睡了
卡斯帕尔·豪泽尔之谜 Kaspar Hauser - Jeder für sich und Gott gegen alle,绝对不看第二遍
卡斯帕尔·豪泽尔之谜 Kaspar Hauser - Jeder für sich und Gott gegen alle,太...呃，太温和
卡斯帕尔·豪泽尔之谜 Kaspar Hauser - Jeder für sich und Gott gegen alle,不必要的一个主题了
卡斯帕尔·豪泽尔之谜 Kaspar Hauser - Jeder für sich und Gott gegen alle,狂人赫尔佐格
卡斯帕尔·豪泽尔之谜 Kaspar Hauser - Jeder für sich und Gott gegen alle,不耐烦
卡斯帕尔·豪泽尔之谜 Kaspar Hauser - Jeder für sich und Gott gegen alle,部分桥段让我想起了怪爷爷的《象人》。人类渴望探知一切，却又在大脑被一刀切割为两半时归于无意义的荒诞。豪泽尔，一个畸形儿，被世间视为研究的稀缺素材，可那些打着“研究”旗号对其研究的人，难道不更值得被观察吗？忽而又想起那天看过的一部电影，说，我们生存的地球，在我们的维度认知中是一个球体，而到了另外一个维度，则变为圆——这实际上即是对本我的深刻怀疑。《真探》（S1）有云，我们所谓的独立意识，无非是事先被设定好的流程一环罢了。如此一来，你会感到自己被规律支配的无助，如同豪泽尔必然走向的结局一般，有些人要暴尸街头，那是属于他的“必然”，挡不了的（可我仍旧不相信命运一说）。
卡斯帕尔·豪泽尔之谜 Kaspar Hauser - Jeder für sich und Gott gegen alle,原初人之存在，颠覆的是谁的世界。有些东西不适合用电影来表达。
卡斯帕尔·豪泽尔之谜 Kaspar Hauser - Jeder für sich und Gott gegen alle,没怎么看懂，觉得有点乱，摄影也一般，可能片源不太好的缘故
卡斯帕尔·豪泽尔之谜 Kaspar Hauser - Jeder für sich und Gott gegen alle,关于沙漠的寓言故事很有意思。但全片展现的对于文明的思考，不觉高明。
卡斯帕尔·豪泽尔之谜 Kaspar Hauser - Jeder für sich und Gott gegen alle,"20140821
8.25"
卡斯帕尔·豪泽尔之谜 Kaspar Hauser - Jeder für sich und Gott gegen alle,很闷
卡斯帕尔·豪泽尔之谜 Kaspar Hauser - Jeder für sich und Gott gegen alle,★★★☆ 赫尔佐格对自己的阶段性总结 可对比《野孩子》
卡斯帕尔·豪泽尔之谜 Kaspar Hauser - Jeder für sich und Gott gegen alle,This is  America!记住了！
卡斯帕尔·豪泽尔之谜 Kaspar Hauser - Jeder für sich und Gott gegen alle,外面的世界没有比里面的世界更好
卡斯帕尔·豪泽尔之谜 Kaspar Hauser - Jeder für sich und Gott gegen alle,“第一次把婴儿递给他抱，他流泪了：母亲，我远离万事万物。”/在蜂房时念叨：“我想像骑手一样飞翔，在战争中浴血拼杀。”最开始男人教他的话/“对我来说，我来到这个世界，是个可怕的堕落。”/“你为什么离开教堂？”“教堂的圣歌，听起来就像鬼叫，圣歌结束了，牧师又开始嚎叫。” 看影评促进消化
卡斯帕尔·豪泽尔之谜 Kaspar Hauser - Jeder für sich und Gott gegen alle,象人寻求人类社会的接纳，西力传尝试接纳人类社会，飞越疯人院与人类社会的决裂，梦旅人是对人类社会的逃避，异端与常人始终难以相容，豪泽尔选择闲庭信步冷眼旁观，他如同一位谦和的学者，欣赏其中美好，质疑其中虚伪，不争辩不妥协，即使人们迫不及待挖出他的大脑与内脏，他依旧面带微笑，不置可否。
卡斯帕尔·豪泽尔之谜 Kaspar Hauser - Jeder für sich und Gott gegen alle,飘过
卡斯帕尔·豪泽尔之谜 Kaspar Hauser - Jeder für sich und Gott gegen alle,影像有独特的魅力。总感觉荷索电影透着粗糙感。
卡斯帕尔·豪泽尔之谜 Kaspar Hauser - Jeder für sich und Gott gegen alle,3.6
卡斯帕尔·豪泽尔之谜 Kaspar Hauser - Jeder für sich und Gott gegen alle,"home, CQ"
卡斯帕尔·豪泽尔之谜 Kaspar Hauser - Jeder für sich und Gott gegen alle,这一次还没怎么看明白
卡斯帕尔·豪泽尔之谜 Kaspar Hauser - Jeder für sich und Gott gegen alle,野孩子原型
卡斯帕尔·豪泽尔之谜 Kaspar Hauser - Jeder für sich und Gott gegen alle,好失望，也许是期望太高了
卡斯帕尔·豪泽尔之谜 Kaspar Hauser - Jeder für sich und Gott gegen alle,镜子
卡波特 Capote,《蔡康永》
卡波特 Capote,对于没看过小说的我来说，这电影又臭又长毫无趣味
卡波特 Capote,先看完了非虚拟小说《冷血》，又看了我自认为是少数派经典的黑色电影《冷血》，再把《卡波特》重新看了一遍，有趣的是，即便有着如此密切的联系，小说家与导演，导演与另一个导演，在演绎堪萨斯这个案件本身时都在叙述上呈现出罗生门的状态。回到这个电影作为传记片，没有挣脱人性挣扎之类的陈词滥调
卡波特 Capote,阴冷的色调 压抑的气氛，不想再看第二遍的电影
卡波特 Capote,慕名而来，看来我还是不适合看此类型电影。
卡波特 Capote,人心可以很坚强，也可以在某个点特别脆弱。细腻又冷酷。
卡波特 Capote,佩里沦为自己深信的人手中的一颗棋，而卡波特，也在作品成名后，终生无法为自己的残忍而释怀
卡波特 Capote,还可以，演员演技很好
卡波特 Capote,影帝当之无愧
卡波特 Capote,我看的有点郁闷，可能是比较不适合看这类型的电影
卡波特 Capote,這故事是如何得到劇本獎項肯定的？全奏本除了幾顆亮點閃爍，通通是空心塞棉花。要不是導演把這些空心噴入名為蒼茫的氣氛，劇本可以一小時內收結。是演員與導演救了此片阿。
卡波特 Capote,改了很多书里的细节。据Perry第一次口供，Nancy和妈妈是Dick杀的，但后来为了让Dick双亲放心，硬让警长改成了四人全由自己杀的。书里还说Perry和Dick的律师是法院请的，没说是Capote请的。Andy在电影里临走前不情不愿，但其实他对自己的生命非常冷漠，一点感情也没有。我不知道到底哪个才是真相。
卡波特 Capote,题材很好，拍得太沉闷了。
卡波特 Capote,表演拿奖确实不差，霍夫曼的举手投足和语气相当厉害，故事还是有些平
卡波特 Capote,主角是蔡康永失散多年的姐妹。
卡波特 Capote,一点也不了解
卡波特 Capote,蛮无聊的
卡波特 Capote,CAPOTE 
卡波特 Capote,Hoffman果然精彩...對Capote先生帶點邪惡的獵奇心卻完全沒有得到滿足....
卡波特 Capote,他演技好赞- -
卡波特 Capote,不知道以后在我看卡波特的小说时，会不会不时想起影片中菲利普·塞默·霍夫曼塑造的那个娘娘腔形象。总觉得本片结构重心失衡，当然也可能是我中途睡着的缘故。
卡波特 Capote,Moon River~~~~~
卡波特 Capote,"看的我好难受，影片本身其实还不错,但是可能我不太喜欢这种压抑的电影，所以给3星"
卡波特 Capote,消逝的影帝
卡波特 Capote,霍夫曼演技不错~
卡波特 Capote,这小腔调叼爆了 
卡波特 Capote,PSH真是个好演员
卡波特 Capote,剧情很清楚但很弱，霍夫曼演技不愧是奥斯卡最佳男主啊
卡波特 Capote,看到了纠结，但张力不够，所以凸显了菲利普的演技，再也看不到“大师”了，遗憾
卡波特 Capote,几个镜头比较有意思：1.卡波特坐在沙龙中，妙语连珠；众人笑到歇斯底里，他自己却一副超然的神气。2.卡波特享受聚光灯的包围，轻飘飘地几乎失真（致敬日落大道）菲利普演出了卡波特自恋自艾，又循循善诱的一面，一只恶毒的蟾蜍。
卡波特 Capote,霍夫曼演GAY还是略显吃力
卡波特 Capote,★★★
卡波特 Capote,男主角演技确实不错，其他的就没看懂了
卡波特 Capote,对这种情节极其不感冒...虽然挺有深度的。
卡波特 Capote,欣赏不了，烦
卡波特 Capote,菲利普，简直不敢相信这个又娘又浮夸的家伙居然是当年《闻香识女人》里那个小正太。卡波特，《蒂凡尼早餐》也是他编剧，《杀死一只知更鸟》的编剧哈珀李是他朋友。电影的质感非常喜欢，独特的影调能营造非常肃杀的感觉。一段不幸的童年，一个浮华的圈子，一颗追逐名利的心，成就了什么呢。
卡波特 Capote,主人公不可怜也不可爱
卡波特 Capote,看完全片依然不习惯他说话的声音，但真不愧是已故的影帝演技，细节表情丰富细腻传神。很可惜60年代的那几本著作都没读过，不知道Capote和Lee 的文笔到底是如何，又是在书单上加上几个名字的时候了。
卡波特 Capote,RIP
卡波特 Capote,电影手段相当乏味，但这种乏味可能有意无意地呼应着这一次写作的意义。信任与谎言，良心与名利，那些法律无法穷尽的矛盾，对人的折磨。不觉得演得好，某些段落痕迹太重。
卡波特 Capote,好闷啊，看了几次才看完，尽管还不错
卡波特 Capote,在利用和友谊之间。
卡波特 Capote,欣不欣赏这部片，由文化背景的了解程度决定
卡波特 Capote,with dudu。后来，她睡着了。
卡波特 Capote,3.5 Scrupulously tedious
卡波特 Capote,每次看到这个男主角我都想打人
卡波特 Capote,不喜欢这个人
卡波特 Capote,就演卡波特的还不错。
卡波特 Capote,记不清了
卡波特 Capote,不了解历史  不知所云云     就冲着Philip  Seymour  Hoffman 来的   结果还是此等的娘腔气   郁闷死了
卡波特 Capote,还有演的比他还深奥的娘娘腔么
卡波特 Capote,演技一流 小金人水准 只是这个娘炮+虚伪的死gay作家的故事本身有点让我disgusting
卡波特 Capote,总觉得有些仓促了。人性真可怕
卡波特 Capote,其实只有一个冷血自私的世界。
卡波特 Capote,这部电影太冰冷了
卡波特 Capote,缅怀Philip Seymour Hoffman，演得精彩
卡波特 Capote,他死后我特意来看这部当年就知道，却一直不愿看的电影。这是部演员电影，演员的完美表现要超过剧情的精彩程度，虽然都是真人真事。终于知道了杀死一只知更鸟和卡波特的关系，卡波特的冷血程度和整件事情的狗血程度没有我想象中的高，可能还是电影看多了吧，看到真实生活中的故事反而觉得平淡。
卡波特 Capote,奥斯卡的片子都比较沉闷
卡波特 Capote,我相信是我的智力问题，我确实有点看不懂，也不明白他为什么拿奥斯卡
卡波特 Capote,闷。
卡琳顿 Carrington,每次面对布鲁姆斯伯里文化圈成员的传记片或书籍，看那些作家画家们的花边韵事，情感纠葛，开放激进、大胆无谓、纷纷扰扰的关系，不止有“贵圈真乱”的感慨，也钦佩他们永远在做“生命的实验”，在拿生命做实验的勇气。要么就死去，要么就活得复杂到底。片尾彩蛋女画家朵拉.卡琳顿的作品意外的好看。
卡琳顿 Carrington,作为将出现在Ham Spray中这堆人凑在一块的中心，卡琳顿却始终像个冷静的旁观者。影片第五章卡琳顿看着窗外罗杰为利顿清理胡须，屋内弗兰西丝为拉尔夫擦脸；卡琳顿站在院内静静看着屋内人成双成对的两场戏都让人感到悲伤。或许普通人世界观不能接受的卡琳顿的生活只是她爱上利顿所不得不做出的选择。
卡琳顿 Carrington,她是个既追求纯洁爱情的女艺术家，也是个被欲望驱使的荡妇。这是一个关于爱情和通奸的故事
卡琳顿 Carrington,两个主演都演的很好，只是这种维多利亚时代的文艺人士的情感观价值观我无法全盘接受。Carrington和其他男人之间的感情在外只是肉欲，在内更介乎于同性友谊。而对于Lytton在外不过是现今最流行的直女与gay蜜，在内却彼此托付真心相爱。可为什么还要各自寻欢又不断纠结？不活得拧巴就不舒服斯基吗？
卡琳顿 Carrington,有些镜头非常古典精美，但剧情沉闷无聊，爱上的是他这个人而不是他的身体，作茧自缚的人生。不太喜欢过分依赖表演和剧本的电影。
卡琳顿 Carrington,把心给了你，身体给了他……Bloomsbury的爱情故事总是超乎世人想象，也不奢求旁人理解
卡琳顿 Carrington,有些怪怪的各种关系。用猎枪自杀的方式有点唯美
卡琳顿 Carrington,这个故事太特么惹人讨厌了。假如她真是为着soulmate毫不在意性生活固执地与一名gay厮守，又为何同那些个男人发生仅流于肉体的浅薄关系？她在屋外望窗里的那场戏让人难受，其实我觉得她的全部都不值得，但她还是那么幸福过。我不会要任何孩子，利顿，除非那是你的。
卡琳顿 Carrington,VCD时代看得片子，实在没看出什么名堂。
卡琳顿 Carrington,电影还行但是哥不喜欢～
卡琳顿 Carrington,完美的诠释了什么叫做“我把心给了你身体给了他”。
卡琳顿 Carrington,这里所有的人都是孤独的，卡顿提供的不过是一次挣脱道德和现实约束的契机，所以人的情欲终于得到赤裸裸的释放和展示，看似淫荡和混乱的关系背后，隐藏的是不安的迷茫和空虚的苍白。卡林顿始终孤独，她的爱人始终不是她的，她与他们的关系始终浅薄，不停地享受高浓度的痴狂，又不停地遭遇分离，而这种爱
卡琳顿 Carrington,三星半。相爱的人不要生活在一起，不是爱变得更少，就是逼疯其中一个。
卡琳顿 Carrington,他们都在不同的角色中间游走，当利顿病逝后，朵拉也结束了自己的生命。也许朵拉和利顿心中的真爱，已经交付给彼此。
卡琳顿 Carrington,。。。一言难尽
卡琳顿 Carrington,一个女人与五个男人的情感纠葛！
卡琳顿 Carrington,"Maybe a nice idea, but a horrible adaptation"
卡琳顿 Carrington,喜欢最后一段细节的处理。卡琳顿支起猎枪扣动扳机，枪却没有上膛，她自然又决绝地给枪上了膛，好像在做一件特别理所当然的事情，平淡地如同吃饭睡觉一样。生命之光已逝，自己如何苟活，就是这样的理所应当，连理由都不需要。
卡琳顿 Carrington,“卡灵顿在哪里？......我爱她......我一直想要娶她......但我从没这样做.....”
卡琳顿 Carrington,家里有VCD。。还给藏起来不给我看。。
卡琳顿 Carrington,把心给了你身体给了他，直男弯男不可兼得，玻璃易碎情人死，此情若是件杯具，必定以死来结局
卡琳顿 Carrington,这是一个老大不小的女纸不断想把心仪的老男纸掰直，最终以失败告终的故事。
卡琳顿 Carrington,Carrington的爱情真是迷了心窍
卡琳顿 Carrington,闷死了。
卡琳顿 Carrington,完全不能用单纯的G来定义这部杰作，这不是一部一般意义上的同志电影。它纠结，悲情，淫荡，抑郁，又爱又恨，但主角却是一个爱着男人的女人。
卡琳顿 Carrington,这种苦闷欲绝大拧巴角色很适合emma阿姨...
卡琳顿 Carrington,非常非常棒的电影，摄影不动声色，音乐炫耳灿烂。我以为这样的爱情，其实是离间了肉体和灵魂的。这在于对自己灵魂的欣赏，和对肉体压抑太久的放逐之上。
卡琳顿 Carrington,布鲁姆斯伯利团体的注脚式电影.爱玛汤普森的演出真是令人赞叹.根据Michael Holroy写下的轰动文坛的利顿斯特雷奇评传改编!
卡琳顿 Carrington,"「Will you stay? Won't you spoil me? Just this once? Tonight?」「People in love should never live together. When they do, the inevitable result is that they either fall out of love or drive one another insane.」「One doesn't intend to let it get out of hand, and then it does.」"
卡琳顿 Carrington,所有人都爱着Carrington，而她却全心全意只爱一个觉得“女性身体很肮脏”的男人，这样不符合任何惯性定义的爱情却真实的让人可怕，一生都捆绑在一个永远无法给予自己社会道德角色的人身上，同时又不断因为他拒绝其他人，身为贵圈混乱感情关系的核心，却又永远是个局外人。庭院看房内一段及男主演技大赞
卡琳顿 Carrington,别人都不会知道他们曾经多么幸福
卡琳顿 Carrington,有些片段不太明白，不过不想看第二遍了。女人爱上同志，同志喜欢花心直男，这是个什么世道。爱情是什么，我真的不知道····
卡琳顿 Carrington,Bloomsbury.....
卡琳顿 Carrington,除了林登，其他所有男人都体貌不明，因为他们无甚区别。对于这个女人来说，唯一而纯粹的爱无关乎肉欲，并且终其一身。绝望吗，不，她已经得到了她想要的。
卡琳顿 Carrington,演员不错，特别是男一号。音乐挺喜欢。
卡琳顿 Carrington,这片子越到后来越有力道。正是这种轻描淡写平铺直叙，才更加烘托出故事本身的复杂和残酷。人一辈子可以爱上很多人，但也许只有一个人是真的无可替代的。
卡琳顿 Carrington,英国的这类片怕都是这种调了 
卡琳顿 Carrington,爱的困扰与自由
卡琳顿 Carrington,纠结不过于此，女体男脑的性倒错使她困扰不已，曾Bi，爱上利顿成fag hag.而妖孽利顿年幼时爱穿女装逗乐，中年喝茶也翘兰花指.这种quick wit冷幽默表面无心无肺刻薄劲十足的英国老Gay形象几乎已成近似于femme fatale的类型人物. Bloomsbury Group性/思想解放先锋
卡琳顿 Carrington,爱上直人的同志有多么可悲，那么爱上同志的直人也就有相同的可悲。虽然他爱你的灵魂，但是他无法爱你的肉体。他能懂你的所有愉悦和悲伤，但是他无法给你你要的所有。抱着滥交的好奇去看这个片子，看到的却是悲伤的纯情。看似胡闹，其实倒也是一种真实存在的生活方式。另，还是无法适应文艺片的调调。
卡琳顿 Carrington,"终于再次看见：这世上还真有许多人真实的用不寻同的方法寻找着自己！诚实地面对自己独特的人生！同样，这也是个关于“迷失”的真实故事。
于是，它有了个很诗意的名字：  爱与痛的边缘"
卡琳顿 Carrington,"这种深沉的爱，只能以死来了解。Carrington可以说是有独立价值观、开放的艺术家，在当时的社会观念下可以说很前卫了。虽然她一生游荡在lynnton,ralph,mark,rex,becon五个男人之中，但lynnton却是她唯一的精神伴侣soulmate，以至于不能承受他的离去。Carrington自我价值的实现。与天王对冲的金星！"
卡琳顿 Carrington,三个男人和一个女人，原以为会搅得混乱不清，没想到都是单恋。她爱他，他爱一个男人，还有一个男人爱她。他死了，她烧掉画笔，看着过去的时间化为烟尘。朋友变成情人，爱人变成蓝颜。JP的戛纳影帝实至名归，眼神和动作里全是戏，舞会一幕尤其棒。
卡琳顿 Carrington,艾玛·汤普森
卡琳顿 Carrington,有令人心痛的力量
卡琳顿 Carrington,一个奇异又美丽的故事。对Emma Thompson精湛的演技有了另一层认识。
卡琳顿 Carrington,连中文字幕都找不到，如此小众又如此精彩，深情内敛克制隽永的英国爱情电影真是宝藏。用一生爱一个不爱自己的人，真决绝真有勇气。四星半。
卡琳顿 Carrington,灵与肉分离的代价。
卡琳顿 Carrington,2018年即将结束的时候终于找到这部电影的片源。这是我看过最棒的传记电影。影片中每个人都因卡琳顿而起，而每个人都不曾属于过她。卡林顿和杰拉德做爱结束之后躺床上的那一帧，美的像幅画。不淫荡，不色情，只是纯粹的赏心悦目的，美。
卡琳顿 Carrington,can never understand the endurable love...
卡琳顿 Carrington,There is nothing Sadder than losing yourself in love18岁情窦初开的文青女孩恋上了风度翩翩的gay大叔，从此不能自拔的短暂的一生，风景和音乐不错。利顿的个性体现不足，不过小刻薄和小体贴倒是挺生动，片末应该是卡琳顿的画作，画中利顿卧床看书的手部刻画很细腻，相比男1号来说更具魅力。这对关系
卡琳顿 Carrington,自杀的那一段。。ET脸上的表情。。世上竟有如此痴情的女子。。
卡琳顿 Carrington,玻璃情人
卡琳顿 Carrington,"use me
看来是No.1了"
卡琳顿 Carrington,最美的爱，这是我同感度最高的爱情片
卡琳顿 Carrington,小失望
卡琳顿 Carrington,你走以后，我非常孤独，在某个湿冷的清晨，我决意追随你而去
卡琳顿 Carrington,"“The world is rather tiresome, I must say – everything at sixes an sevens – ladies in love with buggers, and buggers in love with womanizers"
卡琳顿 Carrington,彩绘的墙壁、浴缸，郊外的山坡、池塘，天鹅绒的手舞足蹈，美到叫人窒息~~~最难忘那个坐在屋外凝视三个窗子的镜头，像诗一样……
卡琳顿 Carrington,看得我太胸闷了
印巴冤狱 Sarbjit,当看到仇恨会泱及无辜时，我才明白原来仇恨真是种罪恶！
印巴冤狱 Sarbjit,“自古美人如名将，不许人间见白头”40多岁的艾西瓦娅雷成功瘦身，虽然依稀保有年轻时的容颜，但岁月还是在这张精致的脸庞上留下了痕迹，她的复出真的难能可贵。印巴题材算是印度的伤痕文学吧，被政治牺牲的平民和因战争受难的人一样可怜。
印巴冤狱 Sarbjit,为何姐姐和弟弟都没有习得性无助？？
印巴冤狱 Sarbjit,"—""我数到10 你不让我进去我就走了 1 2...9""
哐~ 门开了
— ""兔崽子 滚进来吧""
全剧终
完全没认出来兰迪普·弘达  演技👍
这种生不如死的日子真的不如一死
无论是弟弟还是姐姐 那种坚持我都很佩服
PS.真实故事让人感动 但电影那些夸张的地方我还是接受无能"
印巴冤狱 Sarbjit,印度农民沙拉布吉特醉酒过境，被巴勒斯坦当作间谍投入监狱，其家人全力营救，二十多年后才得尸骨返乡。这是从印度家人角度拍的电影，家人的伤心痛苦与倍受折磨。但电影表现太有限，角色也只是大喊口号，并没有把印巴冲突的根源及其对两国人民的影响表现出来，不过是打打印度的情感牌而已。
印巴冤狱 Sarbjit,印度导演的表现手法还是比较固定
印巴冤狱 Sarbjit,1，这部真的有点烂。2，带给我的收获是，电影看了2个多小时，但花了2个晚上恶补了一下印度和巴基斯坦近百年的恩仇历史。
印巴冤狱 Sarbjit,印度。
印巴冤狱 Sarbjit,Sarbjit
印巴冤狱 Sarbjit,艾希瓦亞雷的演技沒得說。又一部印巴矛盾題材的影片。這類題材總會拍的有血有肉。
印巴冤狱 Sarbjit,在女主角的几场演讲和几桶眼泪里，那些真正造成这场冤案的源头就这么轻易地被含混过去。作为真实事件的改编作品，2个小时起码用了一半时间沉浸在小家庭成员的哭脸特写里，而对事件和社会意义的反思极其简单粗暴，整部影片充斥着印度式泛滥的天真和幻想，缺乏真正的悲悯和智慧。不过表演整体不错，兰迪普很细腻，艾西瓦娅也有进步。
印巴冤狱 Sarbjit,看完就一个感觉：两个令人绝望的国家。当然，这是印度电影，不能全信，下个月去亲身体会下！
印巴冤狱 Sarbjit,女主演技不错，故事拓展也很有力度，比较公允的政治态度值得称道
印巴冤狱 Sarbjit,不觉得有多么励志，只觉得这一家子人对亲情的坚持使得一个人的遭遇变成了家庭中一代人的事业。当初看到拍摄报道说艾西瓦娅为了这部片子吃了不少苦，大美女为了突破花瓶角色也是很努力的，纯粹为了她的演技才看的，题材极度治郁，并不觉得哪里有励志...
印巴冤狱 Sarbjit,有点矫情……但还是看哭了。
印巴冤狱 Sarbjit,除去边界，我们都是一样的。这么沉重的电影，最大的败笔就是还有歌舞。
印巴冤狱 Sarbjit,赤裸裸的文化侵略，使劲黑巴基斯坦。。。
印巴冤狱 Sarbjit,很一般
印巴冤狱 Sarbjit,环球打卡
印巴冤狱 Sarbjit,3.5，政治的牺牲品罢了
印巴冤狱 Sarbjit,叙事节奏有问题。主角的表演都很动人。整体而言压抑凝重的悲伤令人心惊
印巴冤狱 Sarbjit,好题材，表现不算完全成功，过于煽情，主演的演讲是政客级历练的样子，太假。
印巴冤狱 Sarbjit,看睡着了 题材不错
印巴冤狱 Sarbjit,如果只说影片，那最多打个二星。印度风格你懂得，不唱一段跳几个舞蹈就不舒服，主演们很专业，群演就洋腔百出了。不过真实的故事还是能加上一星，跨了国而不再简单的一个冤案，就是错也要错到底，于是小人物的一生就这样被灭杀了，毫无希望下的支持令人动容。#还有G多##电影#见总理搞上访印度还没城管
印巴冤狱 Sarbjit,作为根据真实历史事件改编的电影，电影有很多动人的段落和台词，演员的表演也可圈可点，但整体节奏拖沓，拍摄手法也显老套。
印巴冤狱 Sarbjit,国家的关系关乎着两国人民的关系。印巴宗教信仰太过浓厚，人民教育程度偏低，只有人性的反思才能使人民醒悟，民智不进步，社会难发展。
印巴冤狱 Sarbjit,電影不夠流暢，但意義非凡。人們因邊界、種族和政治互相仇視，到頭來問題不但不會解決，還犧牲了許多無辜的老百姓，當雙方都不願放下面子面對這些問題時，歷史只會不斷重演，希望那些被政治迫害的人早日回家。
印巴冤狱 Sarbjit,虚情假意
印巴冤狱 Sarbjit,很真实
印巴冤狱 Sarbjit,整篇电影在期待与失望中波折，女主人公一次次的崩溃与家人团聚的憧憬行程对比。男主人公因醉酒误入巴基斯坦境内，而被打入冤狱，最后还是死在了狱中，好在尸体回了家乡。电影政治手段强烈，对巴基斯坦的黑点太多了。
印巴冤狱 Sarbjit,"又一部表现阿三们坚毅不屈、挑动阿三仇视巴基斯坦人的电影。一个几近疯狂的女人在别人的国土上,凭着一番唾骂和一根竖起的手指(不是中指)就让一群愤怒的巴基斯坦人包括塔利班沉默、退却,多么勇敢，多么正义凛然！不管我信不信,估计阿三们都信了,因为他们那脆弱的斗志和民族自豪感亟需这一针鸡血来点燃"
印巴冤狱 Sarbjit,印度版《我不是潘金莲》的变型，一个上访户的故事。这个家庭妇女突然就变身成演讲家了，站在民众面前很有诺贝尔和平奖候选人的样貌。这和《小萝莉与猴神大叔》比，差得太多。所有演员假得要命。
印巴冤狱 Sarbjit,印度电影的歌舞够恶心的，即便是讲一个悲剧，也出来一群人跳几十分钟的歌舞。    阿三就是牛比
印巴冤狱 Sarbjit,完全看不下去 太舞台（用力过猛） 太宝莱坞
印巴冤狱 Sarbjit,我希望电影站在一个中立的场面看事情
印巴冤狱 Sarbjit,万万没想到是真实事件改编！我们还有任何嘲笑印度的理由吗？印度十几亿人口，虽说花了八个月时间但平民终可以见到总理！可有新闻自游，可以静坐油神！不要到了需要门煮的时候才想起门煮！如果换成我们，女主角早被精神病闰了N次了！你就是在北京向方村住八年，八十年别说总理，市长都见不到！
印巴冤狱 Sarbjit,很伟大的姐姐，很强的执念。和平不是喊几句口号，而是一生的守候里为他人逝去生命，是流血流泪后的自我珍视，是更在乎他人的利益与感受。印度歌舞的背后，贫穷与真诚让人动容。
印巴冤狱 Sarbjit,印巴的关系啊 电影里也是各种互黑 国家之间的矛盾牺牲者永远只是平凡人 知道了这些事只能感叹单个的人太渺小 再怎样抵抗战斗 你的苦难悲伤也只是你自己小小的苦难悲伤
印巴冤狱 Sarbjit,无言以对。
印巴冤狱 Sarbjit,宗教排斥、民族仇视、国家博弈、政客暗黑，都成为套在亲情脖子上那根绳索。沮丧、无奈，一次希望被一次失望吞噬，反反复复，悲悲戚戚，漫漫长路……
印巴冤狱 Sarbjit,国家之间用来互黑拉仇恨的典范，平民始终是被政治碾压的牺牲品，我觉得巴基斯坦人这种情况落阿三手里情况也彼这个好到哪里去
印巴冤狱 Sarbjit,愿世界无战争
印巴冤狱 Sarbjit,本来真实事件改编的影片，又是这么一个极其现实的故事，且横跨着印巴之间这些年的历史，但导演过于滥情，缺乏控制，歌舞又多，可惜了好题材。
印巴冤狱 Sarbjit,好悲伤的电影
印巴冤狱 Sarbjit,不说这个冤案，只是几百件中的一件。如果没有印巴分治，印度该多强大，矛盾的缘起就是扩大信仰的分化其实完全是英国的手段，即使摆脱殖民也要让你们互斗
印巴冤狱 Sarbjit,印巴本来是一个国家，正如女主角说的，我们的玉米地彼此相连，为啥要相互怀疑？然，被日不落帝国野蛮侵略和分开印巴，在宗教政治地区利益的支撑之下，印巴两个的敌对关系，并不能说说就可以改善。印巴两个相互乱抓错误越境的人，因为政府的不断变更，因为某种利益而在监狱苦度余生的事情并不少见。
印巴冤狱 Sarbjit,"1、一个呼吁和平的声音要比一千个召唤仇恨的声音更响亮。
2、古兰经中写道，惩罚一个无辜的人，或杀死一个无辜的人，就是杀死全人类。"
印巴冤狱 Sarbjit,太官方主流太政治正确了
印巴冤狱 Sarbjit,一场小小的醉酒，竟然导致一个人离家23年！这离奇么？不，在仇恨的煽动下，发生什么样可怕的事，都不算离奇，而这也正是影片给我们的告诫！
印巴冤狱 Sarbjit,战争，宗教时代背景下，一个醉酒引发的人生悲剧案例。命如蝼蚁，努力到底的姐姐。
印巴冤狱 Sarbjit,同一地域原本同根生，只因政治的原因就互相仇恨、杀戮、折磨，如果没有那么多只为自己谋利，不顾他人生死的政客，各地冲突的各方是不是能坐下来，探讨出一个共同生存、和谐共处的道路？毕竟地球现在还可以养活现有的人，还有那么多的富裕资源。可是电影播放的现在，仍时不时有炸弹事件在重演历史
印巴冤狱 Sarbjit,伟大的姐姐
印巴冤狱 Sarbjit,艾西瓦娅·雷是个好演员
印巴冤狱 Sarbjit,其实，没回家。。。仇恨蒙蔽人心
印巴冤狱 Sarbjit,印度是很有希望的，无论电影还是国家
印巴冤狱 Sarbjit,就因为一次醉酒越过了印度与巴基斯坦的边界，遭遇了长达20年的牢狱之灾，最终虽然回到了自己的国家，但却是以另一种方式回国，也是能看出印度和巴基斯坦的过节是有多深。电影还只是一个缩影，还有更多的人遭遇此不幸。不过演技有点过，剧情冗长。
印巴冤狱 Sarbjit,但愿国家庇护每一个子民，但愿政治庇护每一个命运，但愿国界不是人类的锁套，但愿人类彼此不再疯狂。
印巴冤狱 Sarbjit,影片的调调我还是蛮喜欢的，真实事件  不唱歌不跳舞
印巴冤狱 Sarbjit,当国家利益凌驾于人性良知之上，世界便落入撒旦的魔爪。
印巴冤狱 Sarbjit,百度百科里面居然没有这个电影。
危机解密 The Fifth Estate,Geek用的都是Thinkpad，记者用的都是Mac
危机解密 The Fifth Estate,有《社交网络》珠玉在前，此片也就相形见绌。大表哥戏份不多但是太！美！了！帅！CRY！！！
危机解密 The Fifth Estate,与社交网络相似的叙事风格，bc的阿桑奇一路偏执强势到底，倒是Daniel Domscheit-Berg表现出了一些对于新闻自由和信息公布的危害的内心思想冲突挣扎，但个人表演和影片想表达的道德观冲突却被淹没在快节奏的巨大信息量下。影片最后从阿桑奇的角度反对本片“只是真相的一种版本，看看就好不要当真。”
危机解密 The Fifth Estate,不要再跟我说马脸了。。。基本上我觉得就是他毁了这部电影。丑的个妈逼
危机解密 The Fifth Estate,喜欢最后的结尾。电影本身自然有它的立场在，但是后面加上阿桑奇关于这部电影的评价，我觉得这就把评断权交给了观众。真相究竟如何，请你们自己去探寻。这正是阿桑奇所做的一切的意义。
危机解密 The Fifth Estate,BC和丹尼尔演得很赞，大多数演员哪怕是卫报的一个龙套单拎出来都是墙头啊。但这讲故事的节奏太糟心了，那么好的题材和那么强大的卡司用成这样也不容易…
危机解密 The Fifth Estate,影片还不错。站在巅峰难免自大。
危机解密 The Fifth Estate,经常变焦给背景处的陌生人，示意无时无刻都不安全。有点流水账，高潮没起来，阿桑奇性格塑造尚可，用虚拟场景模拟情绪心境，不过怪胎疯子天才路线也很常见了。于我最好玩的是找了若干大众熟脸演美国首脑，本身就有戏说意味。最后BC受访说本片根据最糟两本自传改编，没人知道真相，再显对真实性的消解
危机解密 The Fifth Estate,白把它留到一千部了
危机解密 The Fifth Estate,对于这样一个真实故事已经无比精彩和有张力的电影来说，任何改编都显得苍白无力，你改编自传记，观点便于有失偏颇，你用类型片的处理，别人就会说你不够有深度，就像卷福最后的一段台词一样，真相不再重要，重要的是你
危机解密 The Fifth Estate,不能在事件中刻画好性格，是导演讲述能力的失败5。
危机解密 The Fifth Estate,故事结构类似社交网络但凌乱不堪；第二男主既原著作者性格不完善，戏剧冲突也不足。BC爱演人物传记，可惜选片总有参差啊。
危机解密 The Fifth Estate,与其说是关于阿桑奇的传记，也可以看做是小老鼠的回忆录；演员里有好多熟悉的角色，丹·史蒂文斯和米洛·文提米利亚长得好像；故事开始将阿桑奇塑造成有思想的新领袖，但是随着和小老鼠的吵吵分分，偏执狂的本性流露了出来，至今也很难判断他所做的是对是错；有些关于黑客的台词看起来有点难~·~
危机解密 The Fifth Estate,人家一被子干过的事儿那么多你专挑最不风光的拍，人家长那么帅你非要化妆师把演员往最丑里化，梦工厂你这司马昭之心实在是太没品。【要不是为了那几个酱油真想打两星
危机解密 The Fifth Estate,影片采用了旁人视角来解读阿桑奇和他创立的维基解密，当然有好多成功的传记片像《莫扎特传》都采用了这种方式，但本片呈现出来的就有种一家之言的感觉，BC饰演的阿桑奇就像个乖戾的独裁者，在揭露真相的同时丧失了人文道德，影片就一直在赞扬其勇气批判其无情两种态度下摇摆不定。
危机解密 The Fifth Estate,首先白长发确实不适合二缺，这造型太糟心了，其次与其要不断的在假源头不停的发布假数据来掩盖真实信息，我觉得做个没有秘密的人更畅快，这整个脱离了维基解密的本意了吧，完全在意的是形式而不是精神。阿桑奇做的事情往大了说是人权与国家权力的抗争，往小了说就是一个天才对政府的不满，电影于此无关
危机解密 The Fifth Estate,卷福演出没有想象中的好呢
危机解密 The Fifth Estate,为何卷福总演高智商神经质呢。男二号完全当陪衬是再见列宁里的帅小伙。还有大表哥。
危机解密 The Fifth Estate,近期看的传记片中算不错的一部了，不过也就那样，我对传记片失望了 OVER
危机解密 The Fifth Estate,精华就是最后影片自带吐槽，剩下的完全就是丹尼尔施密特的洗白，简直杰克苏。开篇真是让人不腐都不行，“you and me against the world”即视感不要太强。大表哥好帅，镜头好少，每一帧都需要睁大眼睛看回放，大表哥好莱坞第一发我会给你好评哒！美国片子腐国演员好多……
危机解密 The Fifth Estate,阿桑奇会喜欢才怪。。。
危机解密 The Fifth Estate,此片分级说Contains strong language..都有多少种口音在里面了神马口音都有啊从南到北从东到西！政治梗真心有些不懂自己去闭门思过。大表哥丹丹龙好帅好帅好帅！！
危机解密 The Fifth Estate,就是想不通，从什么时候开始所有人都花痴BC了，不仅口音不像，也真不够奇哥本人帅啊
危机解密 The Fifth Estate,主题和一些情节能让人想到《社交网络》   BC还挺适合演阿桑奇这种性格的人   助手这角色其实比阿桑奇本人挖得更深   政治剧情信息量大   但有点乱   部分台词还是能让人略有启发
危机解密 The Fifth Estate,情节杂乱，阿桑奇这个人物也被拍得挺讨厌。
危机解密 The Fifth Estate,在台北和一个受在私密的观影室看... 此处省略一万字...  那段时间我好攻...
危机解密 The Fifth Estate,We're dreamers.
危机解密 The Fifth Estate,..........
危机解密 The Fifth Estate,略失望
危机解密 The Fifth Estate,故事讲得略混乱，前后在立场上感觉突然倒戈了有点莫名其妙。卷福演的还是挺不错的，大表哥也很帅，最后一段这样黑自己真的可以吗？
危机解密 The Fifth Estate,美国政府很想搞死阿桑奇！
危机解密 The Fifth Estate,乱
危机解密 The Fifth Estate,习惯性地想到社交网络，和马克扎克伯格一样，阿桑奇身后的孤苦感扑面而来。然后从口音到眼神，为缺爷演技点赞。
危机解密 The Fifth Estate,白发卷福接受不能啊~
危机解密 The Fifth Estate,bc造型瞎了我狗眼。。。另外找这么多帅哥一起陪衬好吗。。。
危机解密 The Fifth Estate,和social network一个意思 最后一段assange的独白大赞 卷福长发太丑了。。
危机解密 The Fifth Estate,我觉得还好啊！分数竟然这么低！
危机解密 The Fifth Estate,不ok，作为人物传记失败
危机解密 The Fifth Estate,革命需献身，勇气会传染。是求真相，还是保秘密？缺爷扮演这类天才型略偏执的人物多了，也该找一个正常点的角色来演演了。
危机解密 The Fifth Estate,感觉到有模仿社交网络，导演还按自己的趣味使用了很多很炫的表现手法和意象，至于究竟是利是弊，至少在我看来大部分都并没有更好的烘托剧情，反倒令人分神
危机解密 The Fifth Estate,明星好多。故意带口音的英语实在是别扭。关于阿桑奇，请大家去看Laura Poitras的Risk。是的，这片子是带着明确论点的，但是结尾卢平教授说的一番话把我说哭了好嘛！
危机解密 The Fifth Estate,总的来说就是浪费了这么好的卡司，流水账一样的剧情。你们大表哥和新博士很帅，缺的演技没得说，跳舞那段笑死我了！
危机解密 The Fifth Estate,卷福的自黑
危机解密 The Fifth Estate,good thing about being in NYU - a lot of advance screening free for NYU students
危机解密 The Fifth Estate,1.除了长相，BC神态举止也完全不阿桑奇啊눈_눈2.全片颜值好高就是了【Alexander Siddig这么帅过边境的时候居然都没被拦下来这不科学【何3.居然没觉得叙事乱4.把Daniel Berg拍得像个纯良小羊羔，那么如阿桑奇所言，这片子肯定是bias 5.本来觉得片子超空洞，最后Nick Davies的演讲终于让片子有点深度
危机解密 The Fifth Estate,本尼尼真美！白头魔女造型美。澳村口音美。过河拆桥，满口谎言的小婊砸美。朱利安老师，这你都不满意，你要怎样噢。
危机解密 The Fifth Estate,用力过猛的烂片 直接去听原声碟吧 再把片头和片花就看一遍 对着黄瓜溜一溜口水 就差不多了
危机解密 The Fifth Estate,虽然是二缺演的但是还不如看阿桑奇本人出镜的纪录片啊
危机解密 The Fifth Estate,擦 电脑术语看原版没字母有难度
危机解密 The Fifth Estate,会上映么？……已观。题材挺吸引人，可是想表现的太多了，要多头并进交叉叙事，最终却影响了人物立体形象的确立。无奈。
危机解密 The Fifth Estate,★★☆
危机解密 The Fifth Estate,了解一下
危机解密 The Fifth Estate,分三天才看完……一般般吧……阿桑奇讲话嘴里一直像在含着东西。
危机解密 The Fifth Estate,本期待一个类似纪录片的剧情片，可是观影后才知道这是由Daniel的书改编的，所以电影多少把Daniel英雄化，Julian妖魔化了。本又期待一个剧情片，可是观影后才发现导演是要拍成惊悚的节奏嘛，为什么穿插Julian幻想的大办公室镜头？故事很干镜头很乱信息太多情节不畅，并且强烈认为电影应译名为第五阶级。
危机解密 The Fifth Estate,卷福的低音炮！！！
危机解密 The Fifth Estate,看了一会就睡着了，然后醒了就和花妹出来了，，，
危机解密 The Fifth Estate,就是，这部电影就是反对维基解密而来的，保护线人，哈哈，那些恶行是不许披露的，两套标准一览无余
危机解密 The Fifth Estate,满满的都是卷福和华生的即视感...线索有点儿乱啊╮(╯▽╰)╭
危机解密 The Fifth Estate,用性丑闻扳倒政治错误这招真是全球通用嘛。
危机解密 The Fifth Estate,这个片子我觉得拍的基本上还是比较客观的，只有daniel的一些情绪比较主观吧，没有看过daniel出的书，光看电影，忍不住想问他对assange到底感情有多深（闭嘴）。不过说实在的，如果没有认真了解过背景，这个片子确实有点儿跟不上趟，好多事情都来不及展开，即使是这样也只覆盖到了一小部分故事。
危险思想的自白 Confessions of a Dangerous Mind,超喜欢Drew和Sam这个组合，片子节奏色调配乐什么都好，甚至Pitt和Matt的酱油打得也很可爱…但是这都无法说服我多打半颗星，这片太鸡肋了
危险思想的自白 Confessions of a Dangerous Mind,作为charlie kuafman系列中的一部看的，却发现是clooney导的。想起月亮上的人，更喜欢那个。忽略brad pitt和matt damon而选中胖子的那一段我笑喷了。男主角很眼熟，估计是无数片子的小配角吧，终于演痛快了一回。全片回想起来不是太喜欢，没发现有什么意义，太琐碎。
危险思想的自白 Confessions of a Dangerous Mind,竟然是传记改编，还是自传。只能说写书的Chuck毫不谦虚，我们只好暂时全盘接受。主题明明是沉重的人生理想，故事里却各种离经叛道神神叨叨，大约是人生回溯太过悲怆，必须要以这种嬉皮的方式来中和。不过电影本身太不出彩，而对主题本来共鸣就少，以自身的人生态度来看并不那么喜欢。
危险思想的自白 Confessions of a Dangerous Mind,感觉自己还没成熟度到体会这部片子心境的地步，再加上些文化差异，导致几乎是用一个礼拜的时间分4、5次才把这个片子看完…
危险思想的自白 Confessions of a Dangerous Mind,看起来是个准传记   但内容实在太离奇了，没有可信性，就像吹牛大王历险记
危险思想的自白 Confessions of a Dangerous Mind,这个所谓的自传还真是装逼啊。SR又演了一个有讨人厌特色的角色，不过这次真的挺讨厌的尤其看到最后这男人真烦啊而且他在这里面好像猩猩…CIA的身份太多了，反而制作人的身份淡掉了。penny这个好女孩啊喜欢死了
危险思想的自白 Confessions of a Dangerous Mind,天啊，原来皮特和马特只是惊鸿一瞥，甚至个侧面···
危险思想的自白 Confessions of a Dangerous Mind,Certainly entertaining. 7 out of 10
危险思想的自白 Confessions of a Dangerous Mind,在一个从演员到导演的转变中，乔治克鲁尼交出了一份还算满意的答卷。
危险思想的自白 Confessions of a Dangerous Mind,因为后半部分的拖拉　由四星改为三星　乔治克鲁尼在自己的片里耍酷
危险思想的自白 Confessions of a Dangerous Mind,乔治·克鲁尼自导自演的处女作选择查理·考夫曼的剧本貌似不是很明智。虽然能看出他得导演野心但是稚嫩感好强。他的剧本本身就容易因为过度追求情节复杂翻转而使人物失真，节奏把握不好就会显得极度拖沓。改编剧本的观感也不是很好。个人认为考夫曼的剧本，由文艺片导演来指导应该效果最好。
危险思想的自白 Confessions of a Dangerous Mind,其实我是去看玛吉吉伦哈尔的。。。也太酱油了吧。。。
危险思想的自白 Confessions of a Dangerous Mind,03柏林影帝
危险思想的自白 Confessions of a Dangerous Mind,乔治克鲁尼的王老五情结。。。
危险思想的自白 Confessions of a Dangerous Mind,實際上這個故事一點也不精彩，dangerous的也只是他自己的處境。
危险思想的自白 Confessions of a Dangerous Mind,原来又是考夫曼编剧，他编剧的就一部《纯洁心灵的永恒阳光》好看，鉴定完毕，爱咋咋地。
危险思想的自白 Confessions of a Dangerous Mind,喜欢男主~ 其余不懂
危险思想的自白 Confessions of a Dangerous Mind,真惭愧，老乔首部执导的电影到现在才看。至于挑这么一个剧本来导，估计也是出自导演本人对自身经历的一种意淫，就想片中的查克·巴瑞斯一样，干了一辈子电视，非得说自己曾经是个杀手。
危险思想的自白 Confessions of a Dangerous Mind,克鲁尼真有面子，明星都来露脸。玩得很开。不过我觉得这么有趣的题材应该可以拍的更精致又大气。
危险思想的自白 Confessions of a Dangerous Mind,本来是个荒诞又很酷的故事，让大神改编得少了几分热闹，多了几分人物内心从浮夸到不安终至虚无的无意义的故事。不喜欢乔治克鲁尼营造的影像风格。
危险思想的自白 Confessions of a Dangerous Mind,Confessioni di una mente pericolosa.
危险思想的自白 Confessions of a Dangerous Mind,乔治克鲁尼导演的处女作，皮特和达蒙跑龙套，有亮点
危险思想的自白 Confessions of a Dangerous Mind,对于不知该说好坏的片子，我都打3星
危险思想的自白 Confessions of a Dangerous Mind,被毁掉的人，过了疯狂的一生
危险思想的自白 Confessions of a Dangerous Mind,考夫曼唯一一部联合编剧作品 所以他的个人风格在本片中并没有显现
危险思想的自白 Confessions of a Dangerous Mind,大明星堆出来。看完很多年再回想，只记得在柏林墙下面的通道里爬来爬去，朱莉娅罗伯茨的大长腿，完全不记得这片是Sam Rockwell演的。
危险思想的自白 Confessions of a Dangerous Mind,根据一个彪悍的疯子的自传体小说拍出来的一部连杀人场景都举重若轻的时代感强烈的主演抽风的有点不知道让人怎么评价的电影。
危险思想的自白 Confessions of a Dangerous Mind,赤身裸体，胡子拉撒，闭门自怨这是繁华落尽，大彻大悟的节奏么？不过年轻的时候有名，有钱，有美女，无聊的的时候还可以去杀杀人，倒也没有白活，至少上《老人游戏》这类节目的时候，不用羞愧的一枪轰掉自己的头。
危险思想的自白 Confessions of a Dangerous Mind,GC又酱油了。。SR的下半张脸还是蛮像EN的
危险思想的自白 Confessions of a Dangerous Mind,怎么感觉看着看着突然变没劲了……阵容真心强大，不过不喜欢罗伯茨
危险思想的自白 Confessions of a Dangerous Mind,Chairman Mao的靶子亮了。。But I don't understand the movie a little shit...
危险思想的自白 Confessions of a Dangerous Mind,装B的电影
危险思想的自白 Confessions of a Dangerous Mind,一群明星甘当绿叶，为了Sam Rockwell....情节很离奇，不过也有点意思，尤其是作为Clooney的导演处女作！
危险思想的自白 Confessions of a Dangerous Mind,克鲁尼这处女导算不算多少毁了人家查理·考夫曼
危险思想的自白 Confessions of a Dangerous Mind,洞察人内心的矛盾和困惑，是考夫曼最擅长的领域。查克的双重身份耐人寻味，一方面是代表堕落文化的电视制片，一方面是追求人生理想的秘密特工，精彩背后是彷徨。故事和人物都没有太多亮点，但考夫曼挖掘了剧本深度，赋予了神经质角色合理的行为逻辑和动机，让我们看到一个渣男的脆弱，一个混蛋的坚持。
危险思想的自白 Confessions of a Dangerous Mind,但是，不吹牛会烂鸡鸡的。乔治。。。
危险思想的自白 Confessions of a Dangerous Mind,SamRockwell，专注演神经病三十年。剧情真是，不是我的菜。
危险思想的自白 Confessions of a Dangerous Mind,15 mins +
危险思想的自白 Confessions of a Dangerous Mind,呵呵...没懂......
危险思想的自白 Confessions of a Dangerous Mind,時間地點跳來跳去的很煩。那個節目裡的胖子怎麼設計男主了？沒看到。
危险思想的自白 Confessions of a Dangerous Mind,这就是家庭大party吧
危险思想的自白 Confessions of a Dangerous Mind,搞不懂这电影在说什么。。。克鲁尼是不是喜欢上sam了，不停地拍他的屁股
危险思想的自白 Confessions of a Dangerous Mind,卡司如此强大，但我还是为查理考夫曼来的
危险思想的自白 Confessions of a Dangerous Mind,王老五从来都不关心柴米油盐酱醋茶之类的事。
危险思想的自白 Confessions of a Dangerous Mind,boring!
危险思想的自白 Confessions of a Dangerous Mind,没看懂。查理考夫曼编剧，乔治克鲁尼导演，什么组合这是？
危险思想的自白 Confessions of a Dangerous Mind,"1.浪漫的爱 不过是一个幻影
2.获胜者 是那个没有把自己脑袋轰掉的人"
危险思想的自白 Confessions of a Dangerous Mind,"有些味道,欠点火候"
危险思想的自白 Confessions of a Dangerous Mind,乔老爷导演外女作相当有才华！镜头，调度，用光，调色，剪辑，各方面审美很有自己一套，一出山就全能王
危险思想的自白 Confessions of a Dangerous Mind,这片我竟然看过。
危险思想的自白 Confessions of a Dangerous Mind,Sam Rockwell有多适合演一个天才型的精神病。但话说回来，要玩黑色幽默的话还得把故事写好了再来呀
危险思想的自白 Confessions of a Dangerous Mind,尼采说那些懂得自责的人，仍然尊重那些懂得去自责的他们自己
危险思想的自白 Confessions of a Dangerous Mind,乔治克鲁尼这惦记着诺贝尔奖的劲儿真是...洛克威尔是每看一部都会更不喜欢他。
危险思想的自白 Confessions of a Dangerous Mind,孰真孰假？
危险思想的自白 Confessions of a Dangerous Mind,"there is no business like show business,there is no people like show people"
危险思想的自白 Confessions of a Dangerous Mind,野心勃勃的生手导演搞出的一盘杂菜。。。。
危险思想的自白 Confessions of a Dangerous Mind,剧情一般  这电影看了有2个星期 电影真不能一半一半的看 中间出点什么情况就麻烦了
危险思想的自白 Confessions of a Dangerous Mind,I sure overlooked a lot of directorial flaws when first watched this film years ago..
危险思想的自白 Confessions of a Dangerous Mind,黑色的剧情，错乱地讲述的show business and CIA。就像婚车上的confession，引来的只是莫名的狂笑。33个人的谋杀并不知从何而来，本以为是Chuck Barris所主持的show的总数，但细数wiki，发现不过21个。无处不在的Clooney暗示的也只是Barris的精神狂想，形形色色，似乎是和小时候家庭父母间的矛盾有关。
危险思想的自白 Confessions of a Dangerous Mind,Sam Rockwell挺棒 导演功力有点拖累
危险方法 A  Dangerous Method,凯拉·奈特丽显然不是第一个用下巴来表演的女演员，但她无疑是最卖力的一个
危险方法 A  Dangerous Method,"凯拉.奈特莉和《变3》的女主角截然相反，为我们奉献了3D的下巴和2D的胸。医人先医己，医病先医心。 
"
危险方法 A  Dangerous Method,Keira Knightley虽然出道多年，但是演技方面依旧是扶不起的阿斗。虽然影片自身遗憾不少，且导演把握的火候和观众期待的有所偏差，但是最大的败笔还是让了不会演戏的KK当了女主角。需要扮丑装疯的角色也是有技术含量的，KK的表演痕迹实在太大了。用力过猛却无法惹人信服。
危险方法 A  Dangerous Method,看完全片后印象最深的还是奈特莉的下巴，真是太惊人太囧太惊悚了...
危险方法 A  Dangerous Method,不算差，只是以柯南伯格一贯的水准确实有些失望。他的电影即使是非暴力的，情绪上也是澎湃的，本片触动很少。太纠结于理论解释，不停的两年后好像流水账。凯拉过度的表演其实是没问题，只是换个人会不会更好？有人说选凯拉是选角失败，可柯南伯格的下一部电影选的是罗伯特·帕丁森。
危险方法 A  Dangerous Method,我一直都相信，最好的心理医生，同时也一定是严重的精神病人。反之亦然。凯拉耐特丽露点跟男人没差，一抽抽就地包天嘴，是宋丹丹教的演技么？故事情节过于简单，主要价值集中在争论学术的对话上，感觉并不是很适合拍成电影。
危险方法 A  Dangerous Method,凯拉奈特莉表演很夸张但是觉得是必要的，就感觉她老张大嘴下巴不痛么，法叔恰恰相反全靠微表情和神态。两人靠演技撑起电影的一半。电影稍显沉闷，但剧情发展却依旧平稳坚实也不乏戏剧冲突。法宾斯德今年除Shame外通过这部电影提名并摘得奥斯卡的可能性也不小。
危险方法 A  Dangerous Method,精神分析学之父弗洛伊德与分析心理学开创者荣格决裂前夕那场机锋暗涌的“弑父弑神”之争，以弗的轰然倒地得以完形。当荣格一惊一乍将那些星座灵魂之类超验的神秘主义“邪说”端到弗跟前时，难免被讥为怪力乱神不成体统，这段著名的友谊已注定以荣的背叛反出分崩离析收场，两人都堪比失恋的伤筋动骨。
危险方法 A  Dangerous Method,虽然一部电影的难看不能归罪于女主，不过凯拉奈特莉的演技就像她的下巴一样尖利薄情干瘪无味，让人难受。2.5
危险方法 A  Dangerous Method,明明是很好的精神分析学的故事，却让人始终打不起精神。
危险方法 A  Dangerous Method,Fassy没有哪点像荣格，KK也没有俄罗斯女人的样子。演得过于用力实在让人讨厌，感觉心理医生这根本不是治病，分明是在驱魔嘛。维果叔很亮，除此之外对此片无法有好感
危险方法 A  Dangerous Method,不咸不淡，中规中矩。非常突出的是奈特莉的下巴，明显不足的是她的胸，以之突出，补之不足，则凹凸相抵，一平到底。
危险方法 A  Dangerous Method,很失望。从心理学的角度来看，柯南伯格还是仅仅在弗洛伊德和荣格的理论以及其出处上蜻蜓点水，并无深究。电影本身也不吸引人，情节松散，剧情跳度不小。柯南伯格这场与两位大心理学家的对话实在无趣，好在他反复强调说明了弗洛伊德理论引起争议的根本原因，不然这就真的成了一部关于心理学的八卦电影。
危险方法 A  Dangerous Method,剪辑异常糟糕，sm部分尚可一看
危险方法 A  Dangerous Method,剧本有些弱，可惜三个演员。当然，从表演看，哪怕凯拉·奈特莉本身演的是个神经病，她也演的太夸张了，完美的诠释了什么叫表演过度。
危险方法 A  Dangerous Method,全片最亮眼的绝对是酱油Cassel叔，开头KK的表演方式错大了，那样龇下巴猎奇又没达到理想效果，好在之后面容恢复到好看的样子了。
危险方法 A  Dangerous Method,KK的表演太让人无语了...其实后面还蛮美的嘛，不懂最开始部分的怪兽状是谁教她的，根本看不懂在强调啥...而且呀，沙拉加顿也越来越美了呢!!!
危险方法 A  Dangerous Method,片子完全不对味，KK的演技太夸张，形象太狰狞丑陋了，给三星也是看在这个卡司的份上。
危险方法 A  Dangerous Method,凯拉小姐，哪怕你再怎么牺牲形象，也掩盖不了您没演技的事实，所以这种吃力不讨好的活您以后还是别干了。
危险方法 A  Dangerous Method,下巴演戏的女主森森的给我留下了阴影
危险方法 A  Dangerous Method,破处怎么留了那么多血⋯⋯
危险方法 A  Dangerous Method,弗洛伊德朋友荣格的故事。本片让我回想起来了：我无法理解的弗洛伊德对性的迷恋，什么事情都要跟性连接起来  我虽然会解梦，但却无法上升到精神层次，也就是我难以快速的对别人进行心理分析。本片的梦境分析由于提高到了精神层次，以至于我都无法理解究竟是解得什么东西 囧 （也不知道是不是编剧编岔了
危险方法 A  Dangerous Method,只剩下节奏是冷静的，爱情、心理疾病、友情在这里没有相互支持，单句的台词再漂亮也如此。弗洛伊德和荣格的塑造加一星，而奈特莉如老鼠屎。同样，电影作为资料的价值大于观赏。
危险方法 A  Dangerous Method,看到KK我的确受到了惊吓，好在法鲨还是很治愈的，好吧这不是重点，重点是，这是个腐片，荣格和弗洛伊德相谈甚欢而且身份悬殊可是他们还是相爱相杀啊
危险方法 A  Dangerous Method,都不知港孖。
危险方法 A  Dangerous Method,阅。三星半。http://movie.douban.com/review/5300776/
危险方法 A  Dangerous Method,这几个人能凑到一起？荣格真挺不仗义的...开头笑喷了
危险方法 A  Dangerous Method,荣格和弗洛伊德：一次别离
危险方法 A  Dangerous Method,文艺起来的柯南伯格确实是老了
危险方法 A  Dangerous Method,莫名奇妙，演员驾驭不了这些人物。
危险方法 A  Dangerous Method,Informative but leaves much to be disired for.  You got to give KK credits for her portrait of a phychologically inflicted woman.  The script tries to attain too much within the short period of time.  7 out of 10
危险方法 A  Dangerous Method,跟两男主一比，knightley演的那算啥？演技烂就算了，没胸还出来露点？！
危险方法 A  Dangerous Method,就电影本身的质量非常好，但是对弗洛伊德的塑造严重歪曲事实，作为老弗脑残粉和荣格脑残黑必须扣分。一直不待见荣格，看了这片更觉他根本是个渣。本片为了洗白荣格的猥琐形象而编造的“弗洛伊德”根本就是个大谎言。赞一下KK，而你们的法叔真令我作呕。
危险方法 A  Dangerous Method,与佛洛依德想比，荣格更强调人的精神有崇高的抱负，反对佛洛依德的自然主义倾向（唯性论），较合我意。不过大卫科南伯格倾向荣格的精神分析学说最大原因恐怕是荣格对“唯灵论”的探索和痴迷吧。凯拉奈特莉就是英国版章子怡，这么讨好的角色被演绎的惨不忍睹。
危险方法 A  Dangerous Method,影片值得一看的除了耐特丽的下巴，其实还有弗洛伊德和荣格的类父子关系。柯南博格这部主要靠对话支撑起来的电影，要是没有点激情戏，还真能让那些对精神分析不感兴趣的观众睡着。
危险方法 A  Dangerous Method,没有恶趣味的大卫显然就没有那么吸引人了，片中的BDSM相对于之前的裸体午餐或者是装车来说简直太弱了，没想到他居然拍了个这么温情的片子。。一句话，吃软饭的男人是没有自由的
危险方法 A  Dangerous Method,前大半部講的是糾纏的婚外戀嘛，後大半部講的是基情嘛，臨近結局順便下碗大雜燴嘛。後半部總算拉回了一些興致，三星半。總是覺得歷史人物由演員們詮釋不好玩。
危险方法 A  Dangerous Method,对只耳闻过肛门期的我来说看不懂，所以下载了《释梦》来辅助理解本片的大量专业词汇
危险方法 A  Dangerous Method,混乱的剧情里夹着突兀的下巴向观众袭来，完全不理解导演的思路，怪不得标签里有“惊悚”字样
危险方法 A  Dangerous Method,荣格和佛洛依德以及蛋疼女病人之间激情四射的故事。莎拉加顿很美啊
危险方法 A  Dangerous Method,兜齿儿你。。。就别打扰荣格和佛洛依德了。。。
危险方法 A  Dangerous Method,荣格和弗洛伊德关系的发展没叙述清楚
危险方法 A  Dangerous Method,汗。。這是偶像片而不是學術片吧。。不過化妝技術真的很厲害。。還有，老弗和我想像中的不太一樣誒。。
危险方法 A  Dangerous Method,凯拉·奈特莉 真的是被毁了啊
危险方法 A  Dangerous Method,有些电影从第一个镜头就显示出失败。没有张力没有高潮。弗洛伊德显得老奸巨猾，荣格倒是老实得让人同情。不过想来也合情合理。可惜了这个故事了。
危险方法 A  Dangerous Method,柯南伯格这次很不给力，那股生猛劲呢？倒是维果·莫腾森演的弗洛伊德我很喜欢，表演很细腻
危险方法 A  Dangerous Method,+0.5
危险方法 A  Dangerous Method,从电影一开始，我就不停想，when will it end.......
危险方法 A  Dangerous Method,萨宾娜没那么讨厌。荣格和佛洛依德本来就是高帅富与矮挫穷到不了一块儿。凯拉也没那么讨厌。谁说神经病的下巴不能抽成那样的。不过后面的高潮脸还是要吐槽下。主要节奏太奇怪了前面奇快后面奇慢中间也没个过渡。没背景知识真看得太累了。
危险方法 A  Dangerous Method,纪实片~~~
危险方法 A  Dangerous Method,法鲨真是苦了你了。
危险方法 A  Dangerous Method,kk在里面太丑了
危险方法 A  Dangerous Method,法叔果然各种口味重。奈特莉姑娘的下巴和胸部，看得我慎得慌。
危险方法 A  Dangerous Method,有些爱，可能因为太虐了，所以会误会那是真爱。
危险方法 A  Dangerous Method,就算凯拉有一双骆驼一样温柔的大眼睛，也扛不住这神经病一般的演技。
危险方法 A  Dangerous Method,6.6/10
危险方法 A  Dangerous Method,情节生涩。。。
危险方法 A  Dangerous Method,从弗氏和荣格分裂的故事里追寻犹太人和德国人的仇恨根源？从心理学分析发展史中聚焦荣格和萨宾娜的感情世界？从波澜壮阔的儿女情长中透视弗氏和荣格的师徒关系？柯南伯格的着力点在哪儿？
危险方法 A  Dangerous Method,3.5 导演如果想讲爱情那么需要温柔一些，如果想讲心理学还需要说得明白一些。想知道佛洛依德是仇富吗
危险方法 A  Dangerous Method,knightley不顾形象地卖力；fassbender沉稳，造型造得居然没认出来....
双面特工 Breach,为什么始终弥漫着一种忧伤。
双面特工 Breach,非传统的FBI题材，没有火爆只有压抑，或许这就是真实事件改编的力量；可惜主角选择的瑞安·菲利普真是嫩啊，跟劳拉·琳妮和克里斯·库珀的对戏真是一点气场都没有，影响全局
双面特工 Breach,还行
双面特工 Breach,"没多大感觉
"
双面特工 Breach,真实，唯一的卖点。。。
双面特工 Breach,电影实在对不起这么好的一个人物：双面间谍——为了“间谍”而间谍，“你身边的人都在找内鬼，而不知就是你。”主角应该是他才对， 克里斯·库珀演的挺好的。加些浮在表面的主流价值国家、宗教、家庭做什么。故事里最出色的恐怕就是菜鸟几乎被老鸟洗脑，直到最后还依依不舍。3.5
双面特工 Breach,情节一般
双面特工 Breach,我应该没有删吧~
双面特工 Breach,Ryan Phillippe，我只能说你在追求艺术的道路上越走越远，你前妻在追求名利双收的道路上越走越顺。可怜的小帅哥，时运不济，醒醒吧！
双面特工 Breach,沉闷却真实。
双面特工 Breach,现实中的特工真的不华丽咩
双面特工 Breach,2007-08－06
双面特工 Breach,大鼹鼠身边也有小鼹鼠
双面特工 Breach,老滑头
双面特工 Breach,记得这部特工片节奏很快，主演是个万年配角老戏骨，气场强大。悬疑氛围也不错，但是其他都很一般
双面特工 Breach,2007年6月16日
双面特工 Breach,背叛 严厉 可是为什么有种忧伤弥漫
双面特工 Breach,背后真正的内幕又有几人清楚？
双面特工 Breach,以内制内
双面特工 Breach,有点灰色，呵呵
双面特工 Breach,现实都这么弱吗？还是虚构的带劲
双面特工 Breach,间谍
双面特工 Breach,"一般,太一般了.正统的商业电影."
双面特工 Breach,剧情有点boring，完全靠男猪脚的演技撑着，问题是一个人是不可能撑起整部戏的。
双面特工 Breach,拍得挺闷的，大概要真实吗
双面特工 Breach,张力不够，还好剧情没有反转
双面特工 Breach,还不错的悬疑片，一开始给了个谜底然后前面大半部分似乎是在推翻这个谜底，然后中后阶段开始反推，悬念还不错，男主颜值真挺高，不过好像这部完了就没见其他什么作品，难道跟剧里一样隐退了么。。。
双面特工 Breach,悬疑片也能拍得这么闷
双面特工 Breach,为某人而看
双面特工 Breach,按照真实故事改编的谍战片依然如此吸引人。如果能把高潮做的完美点就不会太沉闷了！
双面特工 Breach,挺抓人的
双面特工 Breach,毫无间谍片应有的紧张刺激，一直都在过家家
双面特工 Breach,原来是Breach啊。叛变的那家伙说的好多话都是不打算让人听懂的节奏呢。
双面特工 Breach,情节设置真心一般，感觉主角之间的羁绊也并没有描述的很深刻
双面特工 Breach,美国电影总是很大方的去表现社会和国家不完美的一面，为什么我们就不行呢……
双面特工 Breach,挺真实的
双面特工 Breach,三星半
双面特工 Breach,能轻而易举分辨出5句话中的谎言的人 怎么可能看不出Eric后续如此明显的谎言 要说没有爱我是不信的
双面特工 Breach,信任一个人，就会被捅刀子！！真是可怕……
双面特工 Breach,作为间谍悬疑片，节奏过于平淡，又一出真实事件改编。
双面特工 Breach,"Good luck,Eric."
双面特工 Breach,一般，就是说说
双面特工 Breach,with Jun
双面特工 Breach,特工不一定非要是碟中谍，谍影重重这种~
双面特工 Breach,11年给2星。16年给3星
双面特工 Breach,好剧本，就是钱少了点，力不从心啊
双面特工 Breach,很想知道他为了什么要做叛国者。
双面特工 Breach,虽然是真实事件改变，但剧本对Boss内心活动的挖掘还是不够，谍战片的重心放在菜鸟的身上某种程度即是失败。台词上可以用“The why means nothing”来搪塞，待到结局时还交待不清楚动机，就只能显得逻辑有疏漏了。可惜了Chris Cooper的演技。
双面特工 Breach,心路历程好虐啊，不过整体感觉一般
双面特工 Breach,还可以，细节太模糊了
双面特工 Breach,据说是真实事件改编。
双面特工 Breach,相比之下，我比较欣赏朱莉的Salt
双面特工 Breach,其是这种类型的电影还是蛮喜欢的，男女Boss都擅长饰演特工吗？感觉看了很多他们的特工题材的电影
双面特工 Breach,男主看上去就很坏（｡ò ∀ ó｡）
双面特工 Breach,一般吧，看过，但忘的差不多了。再看一遍，实在是忍受不了，节奏太慢，剧情无聊。
双面特工 Breach,抓他抓得也忒简单了
双面特工 Breach,演员表演的不错，可惜剧本还是单薄了一些，涉及到的政治成分太多，不喜欢
双面特工 Breach,谁都不能相信。。
双面特工 Breach,6.3
双面特工 Breach,真实事件改编~~
反击 第一季 Strike Back Season 1,跳着看完啦！
反击 第一季 Strike Back Season 1,戰爭片還是英國人有一套啊，就算男主角在Ultimate Force裡惹人厭，在這劇中爆發力十足 
反击 第一季 Strike Back Season 1,海报欺骗了我，Shelley Conn 根本是幌子。 
反击 第一季 Strike Back Season 1,英国人拍战争特工感觉可不靠谱…不过男主特好看，剧情有没有都那样了
反击 第一季 Strike Back Season 1,jackbower英国休杰克曼版
反击 第一季 Strike Back Season 1,一般般
反击 第一季 Strike Back Season 1,剧情相当狗血
反击 第一季 Strike Back Season 1,津巴布韦比伊拉克强多了。可以看 虽然bug不少
反击 第一季 Strike Back Season 1,有多处生死关头的剧情不甚合理。
反击 第一季 Strike Back Season 1,好平，比飞机场还平，英国人太不会营造气氛了～
反击 第一季 Strike Back Season 1,适合男生看
反击 第一季 Strike Back Season 1,后两集开始糟透了
反击 第一季 Strike Back Season 1,剧情不新鲜，勉强一看……
反击 第一季 Strike Back Season 1,到第六集才清楚走向，Porter是准备一个人仗剑走西亚啦？
反击 第一季 Strike Back Season 1,看看画面还不错，比较激烈
反击 第一季 Strike Back Season 1,英国版 MI6 Section 20 小强，主角Richard Armitage在Spooks中串过，Spooks别名MI5，哈哈哈，原来调职了啊。故事再简单不过，总共六集，两集一部分三个故事，分别发生在伊拉克、津巴布韦，最后在阿汗富叫板美国老大哥。
反击 第一季 Strike Back Season 1,快手上面看到的，只有六集，但每一集都很精彩
反击 第一季 Strike Back Season 1,猛男而已
反击 第一季 Strike Back Season 1,24小时之后这算是一部不错的替代剧吧。
反击 第一季 Strike Back Season 1,"开头很无聊,后面不错"
反击 第一季 Strike Back Season 1,肉太白了。
反击 第一季 Strike Back Season 1,还是第一季比较好看，后面那个美国版我再犹豫下要不要剧荒时候彻底看完。这季有政治有人性有挣扎，孤胆英雄的设定我也喜欢。但是领导老是亲自下前线有点扯。无意还看到toby在里面演美国人哈哈哈，必须说，他的美音烂透了。林肯年轻时候也曾如此鲜嫩啊~RA，就还是RA
反击 第一季 Strike Back Season 1,不咋滴，弃剧
反击 第一季 Strike Back Season 1,只有第一季能看吧。
反击 第一季 Strike Back Season 1,有些巧合太刻意
反击 第一季 Strike Back Season 1,看了第一集，以为是和终极武力完全风格迥异的更火爆的描写SAS小队战术的剧集，于是入坑了~结果看到第二个故事就发现是猪脚单枪匹马深入敌后开无双的故事~而且觉得特效、情节深度都差强人意。
反击 第一季 Strike Back Season 1,BUG太多
反击 第一季 Strike Back Season 1,还行
反击 第一季 Strike Back Season 1,第二个故事更可看，但剧情类怎么拍也拍不过24小时。剧情穿插不严谨，编剧喜欢在片尾串讲，弄一个大阴谋。还有就是果然英剧关注点和美剧不一样，开始理解腐国啥都能腐了。战斗场面上乘，逻辑硬伤让我看不下去，你就继续腐吧
反击 第一季 Strike Back Season 1,主角光环严重
反击 第一季 Strike Back Season 1,比24小时更人文更细节
反击 第一季 Strike Back Season 1,不能理解为神马分数这么高，配乐真是很奇怪。
反击 第一季 Strike Back Season 1,"男主火爆,且每集都会被绑起来虐"
反击 第一季 Strike Back Season 1,第一季有点沉闷，不过剧情很不错
反击 第一季 Strike Back Season 1,每一集自成一个小故事，每个故事连起来还能组成一个比较完成的故事脉络。英剧的反恐剧也可以这么精彩。
反击 第一季 Strike Back Season 1,美式英雄主义作品，流水线制作产品，不过还真的挺好看。
反击 第一季 Strike Back Season 1,其实一点都不好这口 完全冲着大舅。。。
反击 第一季 Strike Back Season 1,美国人当大反派还是头一遭。
反击 第一季 Strike Back Season 1,有点老套了...
反击 第一季 Strike Back Season 1,还行吧，就是看着战争场面没有什么紧张感，到不是假，就是没有什么命悬一线让人紧张的感觉
反击 第一季 Strike Back Season 1,第一季英版无疑是占了先锋所以被各种叫好，我个人更偏爱美版，简单粗暴，没有明显的bug。话说男主的脸怎么看都是印度范儿，打杀之间有种阿三闯天下的感觉……
反击 第一季 Strike Back Season 1,S01
反击 第一季 Strike Back Season 1,还行
反击 第一季 Strike Back Season 1,军事场景不够专业，谍战倒确实精彩
反击 第一季 Strike Back Season 1,总觉着剧情挺弱的，完全为了来看建军
反击 第一季 Strike Back Season 1,硬伤很多
反击 第一季 Strike Back Season 1,真是堪比电影的制作，两集一个故事，可就是无法喜欢。喜欢特工的可以看看。
反击 第一季 Strike Back Season 1,看着大表舅这么辛苦，我真是不忍心给这么低的分，但是剧情真的略白木啊～每一个传奇美国大兵都有一个叛逆的女儿和不体谅的妻子，拒绝高薪只为赎罪，莫名其妙的sexy女大兵，不要丑化女性角色好吗？！还有狡兔三窟，杀人如麻的恐怖分子居然地产稀少还每每放过危险的大兵，让我这种盲目崇拜大兵的人都看出
反击 第一季 Strike Back Season 1,拖沓冗长的地方要快进
反击 第一季 Strike Back Season 1,第一季结尾男主艰难流亡；第二季开头男主难逃厄运，换人回归cinimax特色：色情+暴力，结尾上校死了；第三季换上校，男主复出；第四季......第五季终结篇，在亚洲。2-3集一个小故事，一季一个大故事，除了第五季，前面都看过了，可是什么都记不得，第四季不重看一点想不起来，这记性
反击 第一季 Strike Back Season 1,24英版的美型男篇。。。。男主们纠结得内个婉约壮烈啊。。。
反击 第一季 Strike Back Season 1,为N&S的男主看的，瞎眼
反击 第一季 Strike Back Season 1,很一般咯。。。
反击 第一季 Strike Back Season 1,放在电脑里很长时间了，最近才抽空看完。拍的像英国版的24小时，主角一个人在几乎没有后援的情况下，完成一个又一个不可能完成的任务。老实说，情节一般，逻辑也不严密，但是小规模战斗的场面拍的很逼真。
反击 第一季 Strike Back Season 1,剧情紧凑，情节夸张，六处的谍报系统不给力，真心不给力
反击 第一季 Strike Back Season 1,情节紧凑，精致场面，剧情一般。
反击 第一季 Strike Back Season 1,第一季是上品，第二季简直烂透了。第三季根本没有看点，
反击 第一季 Strike Back Season 1,第一季拍的一般偏上吧，主要是两个男主角里面的一个不太满意，女一号太老～
反击 第一季 Strike Back Season 1,Because of Richard Armitage  . hell yeah 
反击 第一季 Strike Back Season 1,ra真好看
古尔德的32个短片 Thirty Two Short Films About Glenn Gould,"32-beethoven,导演你数字确定的很好啊，拍出来怎么这么不通！"
古尔德的32个短片 Thirty Two Short Films About Glenn Gould,还是脱不开以庸众看天才的视角，太过于猎奇，怪杰名声在外，已不必渲染。要么就更深刻，去开“怪”的表面看内核；如果做不到，那就写实，将他展现的立体些。这两点这部纪录片都没做到。
古尔德的32个短片 Thirty Two Short Films About Glenn Gould,翻译得驴唇不对，挺疯的片子，类纪录片
古尔德的32个短片 Thirty Two Short Films About Glenn Gould,形式有趣，紀錄劇情穿插，重演、偽訪談、動畫、實驗影像、聲波，重塑一個天才的偏執與思辯，從生到死，一窺顧爾德內心的音樂世界，CD318，巴哈的執著，提琴四重奏，關於 13 的迷信，半百菇園天才的一生，表姊與朋友，幸與他認識。
古尔德的32个短片 Thirty Two Short Films About Glenn Gould,演员与GG长得不太像啊~
古尔德的32个短片 Thirty Two Short Films About Glenn Gould,"""The justification of art is the internal combustion it ignites in the hearts of men and not its shallow, externalized, public manifestation"
古尔德的32个短片 Thirty Two Short Films About Glenn Gould,　　http://v.youku.com/v_show/id_XNDk4ODAyNjQ=.html
古尔德的32个短片 Thirty Two Short Films About Glenn Gould,Aria（走向鏡頭）-Solitude（橫移）-Aria（走出鏡頭）。McLaren那段來自Spheres (1969)。重演／訪談／假訪談／動畫／靜照。天才，偏執，迷信，死亡。琴鍵，對結構的著迷。
古尔德的32个短片 Thirty Two Short Films About Glenn Gould,有点太没质感了，而且大坨的法语没字幕。。。
古尔德的32个短片 Thirty Two Short Films About Glenn Gould,找来的演员气质不佳，人家要看的是真的古尔德好不好
古尔德的32个短片 Thirty Two Short Films About Glenn Gould,"　0. scene selections
　　1. Aria [2:49]
　　2. Lake Simcoe [4:20]
　　3. 45 Seconds and a Chair [:52]"
古尔德的32个短片 Thirty Two Short Films About Glenn Gould,gg是像音乐自媒体，但这也拍得太诡异了
古尔德的32个短片 Thirty Two Short Films About Glenn Gould,"艺术家离人很远，艺术离人很近。
不过，完全搞不懂这什么东西"
古尔德的32个短片 Thirty Two Short Films About Glenn Gould,加拿大。GG。电影还可以更好。
古尔德的32个短片 Thirty Two Short Films About Glenn Gould,没有新奇。
古尔德的32个短片 Thirty Two Short Films About Glenn Gould,蒙太奇。
古尔德的32个短片 Thirty Two Short Films About Glenn Gould,2012-11-22
古尔德的32个短片 Thirty Two Short Films About Glenn Gould,2018406 一星可惜 结构喜欢 剧情猎奇小报化塑造怪人性格扣二星 第5个短片的灯光师没发工资？
古尔德的32个短片 Thirty Two Short Films About Glenn Gould,这部片子完全没有拍出gould的精髓，而是把gould拍成了一个流行文化里的crazy artist
古尔德的32个短片 Thirty Two Short Films About Glenn Gould,演员一点不像GG，台词动作矫揉造作，毫无Glenn quirky风格，可以把GG on the record看十遍再演么?
古尔德的32个短片 Thirty Two Short Films About Glenn Gould,这些人快把古尔德说成精神病了。
古尔德的32个短片 Thirty Two Short Films About Glenn Gould,这片子完全是来扭曲GG的：1.他从小就反对钓鱼片子里还说他喜欢钓鱼？2.他是虑病有点过头所以吃些感冒药、安眠药之类的，用大堆药片来渲染太过分了。3.他在室内会戴手套还穿这么多？根本不符合事实。4.演员太差了！和GG一点都不像不说，口音语速也不一样，动作僵硬做作。希望这种哗众取宠的导演少一点。
古尔德的32个短片 Thirty Two Short Films About Glenn Gould,副调
古尔德的32个短片 Thirty Two Short Films About Glenn Gould,一堆噱頭而已
古尔德的32个短片 Thirty Two Short Films About Glenn Gould,不懂古典乐的我不能欣赏其中的音乐
古尔德的32个短片 Thirty Two Short Films About Glenn Gould,太多讲话
古尔德的32个短片 Thirty Two Short Films About Glenn Gould,"“古尔德—格伦·古尔德，一个谜一般的名字，一段不朽的传奇。短短50年的一生中，他的双手在键盘上凿刻出了一个深邃、绚丽的音乐世界。
”观看过此片后只是想起了这段话“此曲只应天上有，人间难得几回闻。”
"
古尔德的32个短片 Thirty Two Short Films About Glenn Gould,4+ 形式多样 分段式的碎片 拼接出被臆测和过度解读的一个人物 语流和腔调迷人 没有中文字幕看的话一遍还没能充分接收 animation & personal ad是尤为喜欢的两个篇章
古尔德的32个短片 Thirty Two Short Films About Glenn Gould,“其实那些并不难，只是我比别人更注重细节罢了。”人们眼中的天才是懂得观察和体悟的人，善于总结好方法的人。
古尔德的32个短片 Thirty Two Short Films About Glenn Gould,碎片式纪录，有点意犹未尽。对几个片段印象很深刻：加拿大北部冰原上孑孓的身影，对词语组合的痴迷，股票经纪人叫他VIRTUOSO，还有VOYAGER带着他的巴赫飞离太阳系这简直太催泪了。艺术家从始至终都是孤独的，仅与美为伴。
古尔德的32个短片 Thirty Two Short Films About Glenn Gould,全英虽然有点不懂的～但是其中几个段落还是想当喜欢的～比较独特的传记片～你知道，我也讨厌传记的～～～
古尔德的32个短片 Thirty Two Short Films About Glenn Gould,"obsessed, fascinated, the mood, the solitude, harmonious and entangled, how I wish I would know him, or I've already."
古尔德的32个短片 Thirty Two Short Films About Glenn Gould,那演员可真有勇气，没有半点像古尔德。不过拍得挺有神韵。
古尔德的32个短片 Thirty Two Short Films About Glenn Gould,构思，拍摄，选材，一切都别出新裁，充满内敛的诚意，太喜欢了！关于艺术性的探讨也恰到好处，每一个小章节都完美的展现了gould那独特的essence，创造的氛围也非常符合gould的气质，结尾有一股力量在很多浪漫主义作品里共通。
古尔德的32个短片 Thirty Two Short Films About Glenn Gould,"For every hour you spend with other human beings, you need X number of hours alone. - Glenn Gould"
古尔德的32个短片 Thirty Two Short Films About Glenn Gould,很精彩，独具匠心，对古尔德不寻常、不普通的生命历程有很好的梳理。受访人的谈话也很令人难忘。音乐使人沉醉。
古尔德的32个短片 Thirty Two Short Films About Glenn Gould,跟着古尔德进公路餐厅听复调音乐，低音部是radio里的downtown声，高音部是truck stop里的suburb声。
古尔德的32个短片 Thirty Two Short Films About Glenn Gould,"20130914 @ home : 以不同形式側面描寫glenn gould的人生, 沒有過份強調他的成就, 反而透露私底下的他各種有趣狀況. 音樂也是主角之一, 微妙的感動."
古尔德的32个短片 Thirty Two Short Films About Glenn Gould,蒙太奇式的剪辑。不顾传统没有先例的音乐大师。其实音乐才是最好的传记吧
古尔德的32个短片 Thirty Two Short Films About Glenn Gould,有独创性的传记电影，形式感极强，音乐很赞。
古尔德的32个短片 Thirty Two Short Films About Glenn Gould,这样的叙事方式很有意思
古尔德的32个短片 Thirty Two Short Films About Glenn Gould,最喜欢pills
古尔德的32个短片 Thirty Two Short Films About Glenn Gould,有点海因斯《我不在场》的感觉~是多面的深度演绎
古尔德的32个短片 Thirty Two Short Films About Glenn Gould,gould真是个寂寞的人，音乐就是他的全部。
古尔德的32个短片 Thirty Two Short Films About Glenn Gould,看了一上午，太有魅力了(づ｡◕‿‿◕｡)づ
古尔德的32个短片 Thirty Two Short Films About Glenn Gould,"按照编年体叙事结构把古尔德的大致性格特点通过32个小片段勾勒出来，其中也涵盖了他著名的音乐片段。'I've always had a sort of intuition, that for every hour you spend with other human beings, you need X number of hours alone.“"
古尔德的32个短片 Thirty Two Short Films About Glenn Gould,又知道好几个怪的地方
古尔德的32个短片 Thirty Two Short Films About Glenn Gould,图书馆新进的DVD，20年前的东西。张帆你一定要看！我猜外星人会觉得我们的音乐很幼稚。
古尔德的32个短片 Thirty Two Short Films About Glenn Gould,我感觉古尔德的手穿越了时空触摸了我，或者我就是古尔德的转世
古尔德的32个短片 Thirty Two Short Films About Glenn Gould,Thirty Two Short Films About Glenn Gould (1993)
古尔德的32个短片 Thirty Two Short Films About Glenn Gould,GooooooooooooD!
古尔德的32个短片 Thirty Two Short Films About Glenn Gould,ʕ•̫͡•ʕ*̫͡*ʕ•͓͡•ʔ-̫͡-ʕ•̫͡•ʔ*̫͡*ʔ-̫͡-ʔ，打卡。
古尔德的32个短片 Thirty Two Short Films About Glenn Gould,非常别致的传记片，导演搜集资料的方式特别贴近古尔德的生活，角度也很别致。古尔德真是一个有意思的人啊。
古尔德的32个短片 Thirty Two Short Films About Glenn Gould,十年前和最好的女室友在保利看的了
古尔德的32个短片 Thirty Two Short Films About Glenn Gould,弓背的神经质~必须是水瓶座才子啊~\(≧▽≦)/~
古尔德的32个短片 Thirty Two Short Films About Glenn Gould,古尔德的缺陷在于太强调智性了，所以德国产古典作品适合他。但听他，有如看中国文人画。个人印记太重。
古尔德的32个短片 Thirty Two Short Films About Glenn Gould,mark:http://v.youku.com/v_show/id_XNDk4ODAyNjQ=.html 
古尔德的32个短片 Thirty Two Short Films About Glenn Gould,"I've always had a sort of intuition, that for every hour you spend with other human beings, you need X number of hours alone. Now, what that X represents, I don't really know, whether it would be 2 and 7/8 or 7 and 2/8, but it's a substantial ratio."
古尔德的32个短片 Thirty Two Short Films About Glenn Gould,对能够从一而终的人表示尊敬
古尔德的32个短片 Thirty Two Short Films About Glenn Gould,4.0   纷繁多变的片段道尽了古尔德一生的秘密。一半海水一半火焰的他，却能够完美的诠释沉静深敛的巴赫。只是因为无论他在哪个状态，都是如此的心无旁骛。
"古山子：大东舆地图 고산자, 대동여지도",传记真难做。将人物的大起大落集中到了后一小时可能不是很妥，当然也是迫于叙事，政府对于地图的争夺也没法提前。得知女儿死讯和满院石头的戏比较动人。前半部分像是天池这种美景还是少了些。
"古山子：大东舆地图 고산자, 대동여지도",棒子是真爱国，这么没梗没料的戏，竟然能拍得这么美。
"古山子：大东舆地图 고산자, 대동여지도",看预告片的时候感慨这个摄影真是美啊，这个画面做的真是讲究啊。结果拿到片子一看，不怪这个片子才一百万票房啊。之前看片子的花絮照片一张张美得堪称大片，看了电影之后觉得这个简直就是买家秀和卖家秀的区别。片子的美术执导和摄影指导都统统应该加鸡腿，但是片子本身很薄弱。故事没有讲好。
"古山子：大东舆地图 고산자, 대동여지도",如果电影分四季的话，古山子游山玩水的前半部分都是春天。后面就凑合着看吧。
"古山子：大东舆地图 고산자, 대동여지도",作为车大叔的粉一定要来看他的电影，没想到这么严肃的历史片还插个三时三餐的梗，太苦太惨的后来我看不下去了。
"古山子：大东舆地图 고산자, 대동여지도",看得我挺尴尬的，总觉得有哪些地方不对，他们这是黑了自己的国家来突显一个人的伟大吗？认弱？
"古山子：大东舆地图 고산자, 대동여지도",传记真难做。将人物的大起大落集中到了后一小时可能不是很妥，当然也是迫于叙事，政府对于地图的争夺也没法提前。得知女儿死讯和满院石头的戏比较动人。前半部分像是天池这种美景还是少了些。
"古山子：大东舆地图 고산자, 대동여지도",今年韩国古装片质量不高，本以为看到一个朝鲜徐霞客，结果跟《大唐玄奘》一样流水账。
"古山子：大东舆地图 고산자, 대동여지도",对于韩国人可能三星吧。小国寡民，两班统治，山地居多的半岛，真是可怜。从各方面讲都跟中国人关系不大。不过多亏大东與地图，韩国人不好再扯长白山自古以来是他们的了
"古山子：大东舆地图 고산자, 대동여지도",景拍的不错 就这样
"古山子：大东舆地图 고산자, 대동여지도",两小时呀两小时，怎么熬下来的。。。
"古山子：大东舆地图 고산자, 대동여지도",车叔太惨但不好看两星半
"古山子：大东舆地图 고산자, 대동여지도",比较喜欢的古装人物传记类剧情，演绎的过于现代挺遗憾
"古山子：大东舆地图 고산자, 대동여지도",拖了很久才看完，因为闷，虽然影片包含了很多历史元素，但是拍得无趣。
"古山子：大东舆地图 고산자, 대동여지도",朝鲜也是个封建封闭的国家。天主教教徒全部砍头啊！
"古山子：大东舆地图 고산자, 대동여지도",演员跟剧情根本不能成正比，可惜了车婶。
"古山子：大东舆地图 고산자, 대동여지도",地图导航真的是挺牛逼的发明
"古山子：大东舆地图 고산자, 대동여지도",不当传记看，看个小故事吧
"古山子：大东舆地图 고산자, 대동여지도",景非常美，剧情就那么回事，讲独岛的，你们懂的。
"古山子：大东舆地图 고산자, 대동여지도",看到最后才发现，这是一部韩国的爱国主义（主旋律）人物传记片！独岛！对于绘图师做主角的影片，最期待的当然是美景（有，可惜太少而且仅集中在前半部分），之后主角就陷入了宫廷政治斗争的旋涡。珍爱生命，远离政客！！
"古山子：大东舆地图 고산자, 대동여지도",千方百計宣傳獨島
"古山子：大东舆地图 고산자, 대동여지도",这是一部预告片比正片好十倍的电影。摄影师和美术指导要加鸡腿，麻烦编剧查收刀片。地图匠悲惨的一生，全程脑补李时珍和徐霞客。或者只有韩国这么小才能用脚量出国家地图，如果在中国，十条腿都不够用。十八，九世纪，东亚地区都视天主教为邪教。
"古山子：大东舆地图 고산자, 대동여지도",小小八道，拍出了大好河山，结尾的元山岛，又叫独岛，才是最大的亮点 这是这个剧情嘛  呵呵  车胜元演技没说的 很在状态
"古山子：大东舆地图 고산자, 대동여지도",风景美，车叔演技赞。
"古山子：大东舆地图 고산자, 대동여지도",其实是两星的片子，但车胜元的表演可以加一星
"古山子：大东舆地图 고산자, 대동여지도",wuli车婶演失去亲人的悲痛时都是一样一样的
"古山子：大东舆地图 고산자, 대동여지도",为了车大叔才坚持看完 全部分只觉得景色不错 后部分就不要想看了
"古山子：大东舆地图 고산자, 대동여지도",朝鲜半岛地图的历史
"古山子：大东舆地图 고산자, 대동여지도",海豚！
"古山子：大东舆地图 고산자, 대동여지도",第一次在韩国看电影，一句没听懂。丈夫的演技出神入化，台词功力了得，但是，我真的不喜欢。
"古山子：大东舆地图 고산자, 대동여지도",好像是三个故事，搞不清楚为什么非要把天主教徒加进去
"古山子：大东舆地图 고산자, 대동여지도",风景是美的，人物毫无魅力
"古山子：大东舆地图 고산자, 대동여지도",韩国版徐霞客游记，韩国人自我民族感很强，为了从历史上证明独岛是自己的，拍部主旋律电影来硬撑！
"古山子：大东舆地图 고산자, 대동여지도",看著看著就被愛韓國主義了一番...
"古山子：大东舆地图 고산자, 대동여지도",总觉得味道不对，有个人英雄主义却不热血
"古山子：大东舆地图 고산자, 대동여지도",车叔的演技一直是高水准的，不过作为传记电影，情节设计比较一般，开头结尾讲长白山和独岛政治意味很明显啊……
"古山子：大东舆地图 고산자, 대동여지도",三星给摄影 故事零星
"古山子：大东舆地图 고산자, 대동여지도",这样想一下， 我们中国地图那得多难画啊！！！！
"古山子：大东舆地图 고산자, 대동여지도",全片的highlight就在最后文物出来的那一刻
"古山子：大东舆地图 고산자, 대동여지도",1.摄影真的很美，故事真的一般。2.整个电影看下来，导演想说的就是，“独岛”自古以来就是韩国的领土。——端木靖                                        推荐指数：⭐⭐⭐
"古山子：大东舆地图 고산자, 대동여지도",風景很美 但毫無劇情可言 大東輿地圖 獨島 丙寅邪獄 興宣大院君與安東金氏的鬥爭⋯感覺想講的東西遠遠超過兩小時能表達的內容
"古山子：大东舆地图 고산자, 대동여지도",风景如画，可惜节奏严重失衡。而且兴宣大院君打击天主教放到这里边确实略显牵强，非要加入天主教这个时代特征的话，不如再多用点笔墨把天主教设置为独立的一方势力（比如想要地图传教啥的）这样一来主人公的情感困境会更强（妻女信奉天主教），地图也不再是单薄物件，而将成为主人公独有的珍贵的信念。
"古山子：大东舆地图 고산자, 대동여지도",主角的哭戏让我想起赌到输光了像是被抽出魂儿的葛优，葛优演技赞啊…
"古山子：大东舆地图 고산자, 대동여지도",啊，冲着车帅看的。。
"古山子：大东舆地图 고산자, 대동여지도",好难想象，这是《高跟鞋》中那个忧郁、迷离的车胜元...
"古山子：大东舆地图 고산자, 대동여지도",有點失焦，不過整體還算不錯，立意挺正面但也挺苦逼
"古山子：大东舆地图 고산자, 대동여지도",有意思
"古山子：大东舆地图 고산자, 대동여지도",在传记片中加入大院君和两班政争、镇压天主教、宣示独岛主权，这些都可以接受。但是对于地图画法，跟其他地图比优势，这些专业技术性问题未与表现，所以电影流于情感。
"古山子：大东舆地图 고산자, 대동여지도",虽然有美化，但确实很好。没有到过的地方就是我要去的地方。
"古山子：大东舆地图 고산자, 대동여지도",演員、劇情不夠傳統，咋咋呼呼，比『思悼』差多了。而且這個歷史依據太過單薄，高麗人都不會給高分。然而劇中金正浩的情懷、片中高麗風光都是十分值得肯定的。
"古山子：大东舆地图 고산자, 대동여지도",朝鲜版徐霞客，电影一开始很平淡就是画地图，后来突然演变成了兴宣大院君与安东金氏的政治斗争。插入了跑到独岛画地图的情节也是韩国人现在有意的吧（不过这幅地图对中国还是有利的至少没有多画中国领土进去，可以让韩国自己打脸）
"古山子：大东舆地图 고산자, 대동여지도",人物相当于是中国清朝同治年间，其实朝鲜已经是岌岌可危了，主人公对独岛的执念很明显是现代创作者意识的加入。
"古山子：大东舆地图 고산자, 대동여지도",1星给车叔，1星给最后博物馆里的地图版画；原来古代想要画一幅地图是这么困难的事情，也很难想象没有地图，人们在路上该是多么不方便、BUT，后面为了突出男主对地图的重视等等，搞出来一堆事情，好狗血、车叔出现在长白山顶的片段，我真是笑出声了、韩国人真是看重长白山啊！
"古山子：大东舆地图 고산자, 대동여지도",凑巧跟另一个地理探测片一起看，你拉进传教什么鬼
"古山子：大东舆地图 고산자, 대동여지도",冲着车叔来看的，还是忍不住的失望。这是一部韩国向全世界宣布领土主权，伟大发明和起源的电影。从白头山（长白山）到独岛；从手绘地图，用木板雕刻到印刷；还有从太空看地球；最初导航的构想，原来全都是来自韩国，脑洞大开。
"古山子：大东舆地图 고산자, 대동여지도",画面比较美
"古山子：大东舆地图 고산자, 대동여지도",完全不想看
"古山子：大东舆地图 고산자, 대동여지도",竟然是部古装探险片，影片完成度全然不及海报的观赏度，另外，徐霞客表示不服
"古山子：大东舆地图 고산자, 대동여지도",为了所谓的好看，增添了那么多情节，严重削减了人物，得不偿失。
"古山子：大东舆地图 고산자, 대동여지도",那硕大的一个蓝色纯净的天然火山口，真的不是长白山天池吗？真的是朝鲜吗？
古鲁 Guru,商业巨子变成二逼青年的时候真是欢乐多多啊
古鲁 Guru,意兴阑珊，无高潮，唯一养眼的是宝莱坞第一couple的郎才女貌。
古鲁 Guru,立场不够冷静客观，情绪过渡也不够合理，一根筋的成功励志。还有，好怀念Intermission
古鲁 Guru,强盗富商大战许可证为王。
古鲁 Guru,这片子挺不错的
古鲁 Guru,印度式重商主义电影
古鲁 Guru,"两口子联手，感觉还行。
一部印度风格的创业激励片"
古鲁 Guru,第几次到土耳其
古鲁 Guru,跳你妹的舞啊
古鲁 Guru,"两天内看两部这对夫妻演的电影   更喜欢爱情片  哈哈   臭男人  凶婆娘
"
古鲁 Guru,这。。流水账
古鲁 Guru,传记不像传记，励志也没多励志。有点洒鸡汤。
古鲁 Guru,原来在印度发家可以如此之简单~~~~~~还是看《乔家大院》和《大宅门》好
古鲁 Guru,学会了一个新词：masala
古鲁 Guru,印度舞和音乐很震撼，其他的情节就凑合着吧！
古鲁 Guru,前半段很不错，可惜后半部分穿插的爱情、歌舞多，致使主线不明显，本片音乐很赞。
古鲁 Guru,冲着马德哈万看的，但他不是主角，对男女主无感，片子还是不错的。
古鲁 Guru,天才与暴徒并存体 不惧怕 敢做梦 他的成功秘诀
古鲁 Guru,歌舞太多。发家的事迹描写好少。后面开始变坏来的突然。还有那个爷爷也突然恨极了男主。原因莫名其妙的。后面那段言论是还蛮有种的。但还是太励志了。有点夸张呢
古鲁 Guru,标准的印度电影，有一点美国创业风，音乐相当好，情节也是较为幼稚，果然阿三的逻辑性还是有一定问题的，他们喜欢用宏大的场面和细腻的叙事作为主要表达方式，但这无助于打造重量级电影
古鲁 Guru,拍摄的技巧不错，背景音乐tere bina一直响起，很带感，配乐是王道！
古鲁 Guru,不是很喜欢，理由一还是歌舞形式，但是分量少很多，音乐也不出彩。内容虽然励志，但是对于欺骗性反而是歌颂的态度，他老婆的弟弟反对他那有点看不懂。演员演技真不错就是还是总让人觉得有点大材小用的感觉，剧本里老婆不用那么漂亮吧…我就是冲着女主去的，可是反而象个大配角，感觉真是可惜了
古鲁 Guru,人物刻画留于表面，最后法庭上那段自我辩护真是狗血
古鲁 Guru,人说是商业片，我看成爱情片。我要说的是这是我最喜欢的电影，没有之一。最爱插曲Tere Bina
古鲁 Guru,我們從最開始的規則起步因為我們沒有創造規則的權利，而我們不枉費此生是因為有一個改變規則的機會.
古鲁 Guru,反映民企发展的生存史，非法的上位手段，舆论和政府的不断刁难，永远不要和亲友做生意的老论调…刨去歌舞这简直就是部中国民企写照。拍的浅显又很打动人心，与妻子的爱情温馨而伟大，是这略显暗淡的片中最明亮的部分。最后的结局告诉我们每一个要成大器的商神都必须具备一项王牌技能：嘴炮。＠马云
古鲁 Guru,这片的音乐很好听，艾西瓦娅那时候好瘦，美极了。
古鲁 Guru,071130 (寶萊塢之風雲大亨)
古鲁 Guru,音乐很赞
古鲁 Guru,无论贫穷或富贵，健康或疾病，不离不弃。
古鲁 Guru,很不错的印度电影。
古鲁 Guru,对于现在的中国来说，还有什么电影比这部更有意义
古鲁 Guru,竟然把一个官商勾结的故事写成励志片 还拍得挺有气势的 还找了印度第一power couple 不给推荐都不行
古鲁 Guru,还是有点深度的
古鲁 Guru,我要学肚皮舞，嘿嘿
古鲁 Guru,"Sujata:別走
Guru:妳不是不想跟我走？
Sujata:你可以再問我一次啊！
Guru:可是妳沒帶行李
Sujata:你不會幫我買新衣服嗎？
Guru:可是妳沒買車票
Sujata:坐你腿上還需要車票嗎……

很喜歡女主角去找男主角一起搭火車離開故鄉，奔向未知旅程的這一段"
古鲁 Guru,一个平凡的人取得的成功，定会遭来流言与非议，但时间会证明一切
古鲁 Guru,印度歌舞片，立志片。
古鲁 Guru,印度人终于会拍电影了！！
古鲁 Guru,好的电影不是让人去忘记现实 而是看清现实
古鲁 Guru,大时代之子
古鲁 Guru,"出场太震撼了，景美人更美

好像瘦了、黑了……
其他人相碰你一下都不行，好霸气的话，竟然吃一只苍蝇的醋"
古鲁 Guru,印度商业激励大片
古鲁 Guru,既感动又震撼.....阿
古鲁 Guru,励志
古鲁 Guru,完美的表现了那个时代的商人，什么时候中国有表现商人的电影？别再江湖，君王了。
古鲁 Guru,关于成功的激励电影
古鲁 Guru,常规商业片+印度歌舞。
古鲁 Guru,不同的印度影片
古鲁 Guru,冲着音乐去的，Oh sara bina...
古鲁 Guru,最后的法庭陈词＋★
古鲁 Guru,奋斗史有点简单，不过还是蛮好看的
古鲁 Guru,一个屌丝的逆袭
古鲁 Guru,从这部电影开始认识印度电影了。
古鲁 Guru,补标，看来十一年前真的没看懂一点，很不错的片子，男主很有魅力，精明又无奈，强硬又圆滑，故事出于现实，精彩热血励志有智慧，还甜的齁人
古鲁 Guru,长了点，配乐有点过多，有喧宾夺主之感，但总体还算不错。
古鲁 Guru,不知有没有人物原型，男主同为性格复杂经历传奇的商业大亨，比2017年的《枭雄》更好看。小B的演技一直在线，这是迄今为止他的最佳表演。将近三个小时的片长仍然感觉故事讲得稍有仓促，很多地方没有展开。
古鲁 Guru,很棒的印度电影
古鲁 Guru,挺好的电影！“我不会打高尔夫，也不会去赛马，但我是自己事业的优秀选手”。尤其喜欢土耳其肚皮舞拉开头那段。
古鲁 Guru,激动人心
史崔特先生的故事 The Straight Story,大卫林奇真的很极端诶，要不悬疑诡异的让人摸不着头脑，要不就像这种平铺直叙、不漏痕迹的表达方式，带给人的心灵震撼。整个影片节奏缓慢、仿佛是个老者，叼着烟嘴，深思熟虑后，才娓娓道来，不疾不徐，在深夜里，头顶万丈星空，踩踏无边原野，徜徉于浩瀚无垠之中，共同听着哀伤又悠扬的音乐。。。。。
史崔特先生的故事 The Straight Story,你得细细品味的片子。我好怕，这2012年会不到头，不到头我就会活不到七、八十岁。而风烛残年的老人所葆有的心态，我到何时才会体会，应该是个迷。
史崔特先生的故事 The Straight Story,【B-】叙事水准远逊于林奇的另一部主流作品《象人》
史崔特先生的故事 The Straight Story,From Iowa to Wisconsin.谁来拍个the bent story....
史崔特先生的故事 The Straight Story,"虽然很温情,不过说实话,不喜欢这样的林奇,呵呵"
史崔特先生的故事 The Straight Story,故事是在几次停顿修车或者露营的时候展开的，其他在路上的就是玉米地大俯拍。遇到双胞胎兄弟俩讨价还价那段真是合理又温和。只是故事不特别，温馨也不太够。不出彩。
史崔特先生的故事 The Straight Story,迪斯尼+大卫林奇。这是部完全压抑了林奇本性的温馨片子...我觉得即使从温情程度来评价此片也算一般。景色拍得还不错
史崔特先生的故事 The Straight Story,有好几个让人竖起汗毛的场景和镜头，提示我这真的是林奇作品。看的过程中总难相信故事会温情到底，然而最后真的这样结束于美好的星空，甚至于还有煽情段落，让人对林奇多了一面认识，温柔的他才是真实的他吧。结局好，斯派塞克好。老头扮演者上映一年后的自杀让这部改编真实新闻的作品多了一层意味。
史崔特先生的故事 The Straight Story,这部电影告诉我们除了导演有风格不同之外，电影节之间迥异的风格也是很重要的。比如很多人说这部电影很不林奇，可是这部电影不可否认的非常戛纳。
史崔特先生的故事 The Straight Story,不像David Lynch的其他片子，节奏慢得就像老头开的割草机。但当他哥哥看到野地里那架一路风尘的割草机的时候，brothers are brothers。
史崔特先生的故事 The Straight Story,温暖的一部作品，当我们老了，只想静静的旅行静静的思考静静地去看望那些我们还在乎或者在乎过的东西。配乐很美
史崔特先生的故事 The Straight Story,"'年轻的时候不会想到老'原声很美,很温暖的音乐一直穿插在影片中!充满浓郁的乡村气息!一路上遇到了许多好心人,这老头真是个执着的热爱生活的家伙!如果我老了不知道会不会有他一样的勇气呢?.."
史崔特先生的故事 The Straight Story,老人演的不错，很多老人的眼神都带着一股迷茫，无助和若有所思，真是可怜。。。有一些感动，从头到尾几乎就两首音乐，那种田园风光和老头的品格确实有打动了我，是一个看到片尾会忍不住想听听音乐，不忍急于关掉的电影。年老最痛苦的事就是想到自己曾经还年轻过。而且我还记住了割草机的名字john deere
史崔特先生的故事 The Straight Story,难得的大卫林奇的不阴暗的公路片。略显沉闷，当然你也可以说它醇厚。一个老人的旅途，看片子多的人也猜到故事会说啥了。。。小小的审美疲劳下。。。
史崔特先生的故事 The Straight Story,这竟然是大卫林奇！这竟然是大卫林奇！！这竟然是大卫林奇！！！片子本身不错，老头子演得特别好，那个撞死鹿的女人让人看得好难受。大卫林奇那禽兽竟然能拍出这种电影？！！求林奇继续去装大家都看不懂的逼吧，拍这种片子可就没人上赶着说自己爱大卫林奇啦！！【我实在讨厌林奇，完全出于个人感情。
史崔特先生的故事 The Straight Story,林奇的公路温情片，怎么想都觉得不搭，平铺直叙的林奇作品还真是少见，剧情让我想到了《一个人的朝圣》这本书
史崔特先生的故事 The Straight Story,看完这部电影后，强烈感觉赵本山的《落叶归根》很大程度抄袭了人家。。。
史崔特先生的故事 The Straight Story,"00:52:55 
--What's the worst part about being old,Aliven? 
--The worst part of being old is remember'in when you were young."
史崔特先生的故事 The Straight Story,这故事讲的不好，但那个牛仔老爷子确实不错，久违的亲情，叫人唏嘘。
史崔特先生的故事 The Straight Story,没有感动，没有惊叹，没有赞美，有的只是对一个老顽固的不置可否。家有一老，如有一小，真正和老龄人接触过，就会理解他们那种让人无法容忍的顽固，生命最后的坚持，让他们做些他们力所能及的事情吧。
史崔特先生的故事 The Straight Story,不是我喜欢的公路片，停靠点不太触动我
史崔特先生的故事 The Straight Story,年纪太轻，还没有与人冷战过10年，所以无法体会史崔特的心情吧。
史崔特先生的故事 The Straight Story,向我的五星友邻们深深鞠一躬
史崔特先生的故事 The Straight Story,我有点啥也说不出来。有些镜头我觉得好粗糙啊。。。。
史崔特先生的故事 The Straight Story,頑固老人的執拗堅持。
史崔特先生的故事 The Straight Story,恰好是20110820想看这部电影，整好两年，当时找了很久都没找到。
史崔特先生的故事 The Straight Story,找不到片源，买了dvd，在车上断断续续看了大半年，最后在去Port Angeles的渡轮上看完。
史崔特先生的故事 The Straight Story,3.5，林老贼的奇思妙想收得太过，溶镜却有些泛滥，不过Alvin苍老的娃娃脸将一切乏味说教变得动人无比。
史崔特先生的故事 The Straight Story,- - 所以，老爷子要怎么回家呢。。？
史崔特先生的故事 The Straight Story,3.5 Stars
史崔特先生的故事 The Straight Story,三星半！配乐好，节奏慢！
史崔特先生的故事 The Straight Story,大卫林奇？！
史崔特先生的故事 The Straight Story,很酷的割草机，很坦然豁达的心境
史崔特先生的故事 The Straight Story,如果人的一生干不了什么大事，就执着地做一些小事吧，也挺厉害的。#2016.94
史崔特先生的故事 The Straight Story,竟然没一丁点怪力乱神 难以想象这是林奇拍的电影
史崔特先生的故事 The Straight Story,不好意思，节奏太慢，为了向大师致敬装逼打高分。。。犯不着
史崔特先生的故事 The Straight Story,3.5
史崔特先生的故事 The Straight Story,同类题材赶不上《内布拉斯加》，老爹你这么大年纪年轻的时候考个驾照不好嘛
史崔特先生的故事 The Straight Story,一个人的旅途，看人生。
史崔特先生的故事 The Straight Story,摄影，配乐，台词都棒。可我一直游离于剧情之外，因为这是一部纪录片呀。
史崔特先生的故事 The Straight Story,对于生活经历尚不丰盛的鄙人来说，一看公路片就要打瞌睡。。。
史崔特先生的故事 The Straight Story,只看过林奇的《象人》，他那些更著名的作品都还没来得及看。所以不觉得这不像他，因为象人本身也拍得蛮温情的。
史崔特先生的故事 The Straight Story,人要经历多少，又会有多少故事？
史崔特先生的故事 The Straight Story,不服老的故事
史崔特先生的故事 The Straight Story,虽然没有刻意煽情但林奇还是飞起来拍片比较可爱
史崔特先生的故事 The Straight Story,太过平淡，没有高潮
史崔特先生的故事 The Straight Story,平實內斂的公路片。行動不便的史崔克開著鏟草車去看望中風的哥哥，他們已多年未見。路上遇上一些人一些事。ost很舒服。
史崔特先生的故事 The Straight Story,Film sous les étoiles au parc de choisy.
史崔特先生的故事 The Straight Story,林奇也可以很流畅的叙事，老人讲述二战实录的场景让人动容。
史崔特先生的故事 The Straight Story,美国《练习曲》
史崔特先生的故事 The Straight Story,主演一年后去世了。温情公路小故事
史崔特先生的故事 The Straight Story,林奇这拍的什么破片，有些镜头真是雷死人，特别是那场车祸。
史崔特先生的故事 The Straight Story,耋耄之年的老人和稚气未脱的儿童真是电影里的两大杀器
史崔特先生的故事 The Straight Story,剧本就有好大问题，就像你亲人在急诊室了你不打车非要走路过去一样没法让人理解，如果后面能圆上也行，可是没有。对话也是强加进去的，为了煽情才煽情
史崔特先生的故事 The Straight Story,割草机旅行故事
史崔特先生的故事 The Straight Story,"lovely old man , warm story ."
史崔特先生的故事 The Straight Story,当一个人的生命即将走到尽头，回首一辈子的往事，经历了很多，也错过了很多，是否有勇气在有生之年做出些努力，让人生尽量完满？喜欢影片结尾，干脆却意境深远。
史崔特先生的故事 The Straight Story,最后一幕泪目。
史崔特先生的故事 The Straight Story,三星半，也许我真的和大卫林奇不够相爱
史崔特先生的故事 The Straight Story,你可是大卫林奇，不接受你拍这样的电影。
叶问2：宗师传奇,黄晓明的小眼神仿佛在说：我真的很帅。。这不是装B。。是真B。。加上他又负责2。。so：黄晓明，2。。。B
叶问2：宗师传奇,负责二的演员很出彩
叶问2：宗师传奇,痛扁完日本鬼又狂殴英国佬，电影真的是给人造梦的东西。尽管从头到尾能煽动起观众情绪的痕迹无处不在，但由于电影本身的乏善可陈（基本上与前作一模一样），给我感觉反而更加别扭。
叶问2：宗师传奇,下次该打阿凡达了！川井宪次是热血派！
叶问2：宗师传奇,赚赚所谓热血青年的零花钱
叶问2：宗师传奇,2比1，新鲜感差了许多，还是一味的胖凑老外，也就洪金宝给出了点想头。真想看看墨镜王的叶问到底怎么样，期待《一代宗师》，四年了。
叶问2：宗师传奇,1的硬伤还在，仍旧没有重点，搞不清是要叙人还是叙事，还好有洪金宝加入，才有了新的看点，无奈黄百鸣就是个捞钱鬼、炒冷饭的爱好者，在动作片上叶伟信没有陈木胜做得细，全靠甄子丹打出来的
叶问2：宗师传奇,作为叶问一的续集 叶问开始在香港开武馆 受到洪门联合众武馆的排挤 比武亮点是洪金宝和甄子丹的桌上比试 以及龙卷风对甄子丹的打斗戏（这一部分其实一般 因为有些相似于霍元甲中李连杰对俄罗斯力士 那种原谅）另外郑则仕饰演的洋探长 报社主编等等情节中规中矩 更证明前传是一部别传
叶问2：宗师传奇,隔几分钟打一嘢，而已。
叶问2：宗师传奇,"2012.09.03
这一部感觉有点“没事找事”……叶准的年龄是bug吧？上一部刚出场时就已经四五岁了，这一部时间设定相隔十多年，居然还是个六七岁的稚童。"
叶问2：宗师传奇,宝爷V5~
叶问2：宗师传奇,甄2b...
叶问2：宗师传奇,武术设计真的很不错。
叶问2：宗师传奇,中规中矩，没太大纰漏，如今的商业电影，能做到不雷人便等于成功了
叶问2：宗师传奇,佛山四小龙的电影都一模一样
叶问2：宗师传奇,香港电影再一次把一部经典拍到烂
叶问2：宗师传奇,黄晓明个比出场的时候那条裤子是赤耳的 则啧啧
叶问2：宗师传奇,没意思
叶问2：宗师传奇,感觉打的不是很过瘾=。=
叶问2：宗师传奇,一直这么鸡血下去行吗？
叶问2：宗师传奇,整体的质量都比较高 不喜欢黄晓明 释小龙跑的是个什么龙套啊 不过不喜欢那种动不动牵扯民族大义的感觉 尤其是拍的让我联想了霍元甲 苏乞儿 
叶问2：宗师传奇,看二突然有恶心的感觉~
叶问2：宗师传奇,慢慢YY~~黄晓明很适合演愣头青~~
叶问2：宗师传奇,虽然看的时间不长，但具体情节几乎忘记了。和第一部简直就不是一个档次的影片。
叶问2：宗师传奇,超越了第一部！
叶问2：宗师传奇,最后的李小龙、真是让我囧完又囧
叶问2：宗师传奇,甄志丹演叶问，黄晓明演2.打的不错
叶问2：宗师传奇,上次打日本人，这次打英国人
叶问2：宗师传奇,能不能不打外国人了，能不能不要再激起我们的民族情绪化了
叶问2：宗师传奇,看一次就够
叶问2：宗师传奇,基本延续一集的风格，续集难有突破
叶问2：宗师传奇,一分给最后那场打戏
叶问2：宗师传奇,生命的本质-----传承。
叶问2：宗师传奇,看了IP man以后，要把“一夜回到解放前”改为“一夜回到解放后”了。解放前佛山山明水秀四季如春百姓富有生活安定……然后他们逃到了HK。作为英国殖民地，殖民者还要接受报社的舆论和监督，并且成功取缔了FB的英国官员，中西对抗赛总体来说也本着公平竞争的精神……最后叶问去了美国。
叶问2：宗师传奇,为什么我觉得1好看 打的也比2好看
叶问2：宗师传奇,这样单纯的热血，我已所剩无几
叶问2：宗师传奇,"打戏不错,剧情就像是霍元甲...."
叶问2：宗师传奇,和第一部基本上是一样的设置
叶问2：宗师传奇,續貂之作，圈錢
叶问2：宗师传奇,剧情老套了点 甄子丹打得好看
叶问2：宗师传奇,我觉得从任何角度上讲，叶问也不是那个BOSS的对手，人家还带着拳套呢...不带套，应该就秒杀他了....
叶问2：宗师传奇,洪金宝包自己演就给自己加那么多打戏
叶问2：宗师传奇,"不如1,太精于算计了,导致最后不但没煽着我,反而让我感觉不舒服,卖民族情绪不带这样刻意精明的."
叶问2：宗师传奇,螳螂拳是亮点！
叶问2：宗师传奇,反正是个2.。。。。。打洋人的G点摸了这么多次还是很敏感啊！还是大陆人的G点。。。。打戏3星，其他全是0星。
叶问2：宗师传奇,娶妻当如张永成 
叶问2：宗师传奇,"另一部霍元甲，似曾相识啊
"
叶问2：宗师传奇,又见中国人打外国人······开头是叶问这个“无产阶级”遇到洪震南这个“资产阶级”，是阶级矛盾，后来阶级矛盾在民族矛盾面前转化为次要矛盾···本片真是马列主义活教材。
叶问2：宗师传奇,果然小黄很二。。。叶师傅还是一副腔调，人物个性没有发展变化，有必要拍第二部么？？？另外拳师臭揍老外这个戏路多老套，叶师傅没别的故事可拍么？？跟洪师父的饭桌大战，好看。。
叶问2：宗师传奇,国产的电影打斗技艺是西方的花拳绣腿永远学不来的。老拿民族情绪当作电影市场的法码，太无聊无耻了。
叶问2：宗师传奇,电影除了小情小调，还需要时不时激发一下大家的爱国情感。
叶问2：宗师传奇,霍元甲没完成的事儿，苏乞儿和叶问完成了。弘扬中国武术一定要用拳击术作为牺牲品吗？显然，编剧是这么认为的。
叶问2：宗师传奇,为毛有那么多人鸡冻。全场鼓掌的都2。英雄在被打得半死不活的时候终于从已经死了的朋友老婆孩子老爹那里获得奥特曼的力量最后打败了怪兽。狭隘的民族主义
叶问2：宗师传奇,为生活我可以忍，但侮辱中国武术就不行！
叶问2：宗师传奇,打完就忘了
叶问2：宗师传奇,那个熊黛林是干啥子的？
叶问2：宗师传奇,"叶问1很低调,口碑很好.叶问2很高调,但总觉得少了点什么.当然武打还是很好看,所宣扬的精神也很积极...甑叔太帅了,从头到尾我都在发花痴...黄晓明果然很二,只要他一出现就很欢乐.释小龙打酱油打得人又肥又残,真不知道他出现来干什么...唉..."
叶问2：宗师传奇,隐忍~
叶问2：宗师传奇,7.4分
叶问2：宗师传奇,我算看透这种所谓爱国主义电影了，先是让鬼子们拼命的虐咱中国人，然后让主角打赢鬼子，哦，可真是爱国啊
否认 Denial,奥斯维辛又落雪了，春意渐近雪水滴答消解不了对亡灵的哀悼，否认案的意义是让理性之光融化冷漠的积雪。那个从床上爬起来的律师男友抱怨着对大屠杀的厌倦，让往事过去并不是遗忘它，更不允许被诋毁。审判不是疗伤，而是还以幸存者尊严和最大程度的慰藉。你的手臂没有编码，则永远无权否认那场地狱屠戮。
否认 Denial,对这样的题材很感兴趣，然而看得多了就不得不感觉这部的表达方式太陈旧老套了点。
否认 Denial,题材自然是好，David Hare这一次有点搞砸了。叙事平铺直叙没什么技巧，人物演绎相对平淡，女主角的内心和个性塑造较失败，改编成舞台剧或者迷你剧或许更好。奥斯维辛一段最好。
否认 Denial,中规中矩的流水账剧情片。诚然，对“犹太人大屠杀否认者”的批判是显得很正义，但展现得很是浅薄。对英美法律体系的区别，大屠杀否认者的逻辑动机与心理等都没有进行深入挖掘。完全“一边倒”。重要的法庭戏也有点拖泥带水。女主又圣母又作死，让人心生厌恶。两星半
否认 Denial,不错的电影，演员画面都尚可，但是作为剧情有些扁平，本以为会更加发掘一下否认历史事件的人背后的故事以及对历史真相的背后，但很遗憾，流于表面，另外作为第一视角的女主的性格也偏表面。最后这片子只停留在一部不错的主旋律片而已
否认 Denial,演员阵容强大，Timothy Spall撑全场；本子偏弱，试图深化denial的背反，可惜没有玩出花；导演手法中规中矩，缺乏新意。算是政治正确的煽情爆米花电影。
否认 Denial,对于篇幅的精准切分为影片加分不少，开篇用最简洁的冲突段引出之后的控诉，然后就是导演把“好钢”都用在法庭交战这把“刀刃”上的出色调度，蕾切尔·薇兹、莫娘等一众演员带来了极为沉稳冷静克制的表演，和胜诉那一刻情绪的释放形成了绝妙对比。心疼蒂莫西·斯波，可能又奉献了一个最为人讨厌的反面角
否认 Denial,自传类型的电影，剧情上太过简单，感觉没什么内在的东西，平平无奇吧
否认 Denial,对于跳梁小丑就是干
否认 Denial,比较平，每个人的戏份都比较均摊，Rachel姐姐作为女主也没太有存在感。
否认 Denial,跟原著比，改编的很一般
否认 Denial,TS 演得不錯。電影也編得不錯，成功歪曲了戴維歐文關於「大屠殺」的論點，成功把戴維歐文的研究歪曲成：真誠相信錯誤的觀點。成功歪曲了戴維歐文自我辯護的真正原因。至於利普斯塔特也並沒片子裡那麼偉光正，例如：故意不提及故意不提及她是如何支付一個法律團隊的費用——因為贊助人包括了著名的斯皮爾伯格；以及她的團隊是如何利用各種機會在開庭前打擊歐文的。最後，將近二十年後仍然沒有人可以推翻歐文的研究。
否认 Denial,一般般吧，看不下去了
否认 Denial,否认历史事实的人同时也是在为自己内心与意识上的根源性邪恶摆证据。
否认 Denial,题材大于形式，影片的侧重点一直在女主内心波动与庭审辩间论摇摆不定，导致两方面都没有做好。虽然事件本身是令人震惊的，但平铺直叙的方式仅仅将该事件停留在表面，并未深入探讨。此外，或许是剧本因素造成的，薇姿的人物塑造的不够成功，斯波的角色也并未完全放开~
否认 Denial,有种故事是观点的讨论、智识的较量，是专业的应否和力量。二刷發現全靠女主的感情用事推動敘事，但女主的刻板化扁平化就不好看了
否认 Denial,Irving的辯駁簡直和破床如出一轍 你证据确凿你隨意我自欺欺人我樂意 都是我不聽我不聽一派的
否认 Denial,《否认》由米克·杰克逊执导，改编自黛博拉·利普斯塔特的自传小说，讲述作者因称右翼英国作家大卫·艾文为“犹太大屠杀否认者”，而遭对方控诉的法庭交战
否认 Denial,很少见AS演这么文质彬彬正气凛然的角色，戴上眼镜感觉更像莫教授了。
否认 Denial,受不了~
否认 Denial,3.5最坏的不是魔鬼而是魔鬼的追随者拥护者 这样的事每天都在发生 但是站出来发声的人反抗的人在哪儿 
否认 Denial,平淡如水
否认 Denial,不要迷信自己的理论，对于双方都是如此。不要和不值得的人辩论，做一个有风度的理性的人，和这样的人讨论问题，和其他人说笑。
否认 Denial,题材好 但拍得一般 法庭智斗有点枯燥难理解
否认 Denial,整片叙述过于平淡，人物个性塑造也缺少了点什么，如此题材本应可以拍摄的再喧闹一点，最后一段个人觉得过于累赘，直接拍到庭审结束其实更有想象空间。
否认 Denial,奥斯维辛
否认 Denial,辩论哪里比较有看头
否认 Denial,有些平淡。“你可以说所有你愿意说的，但你不能说谎”。
否认 Denial,作为电影来说一般，但作为题材来说是开了我的眼：英国的历史学家否认二战犹太人大屠杀还反过来上法庭打官司！某个版本的许豪杰简直了...
否认 Denial,题材自然是好，David Hare这一次有点搞砸了。叙事平铺直叙没什么技巧，人物演绎相对平淡，女主角的内心和个性塑造较失败，改编成舞台剧或者迷你剧或许更好。奥斯维辛一段最好。
否认 Denial,"在所有围绕这类题材的影片 也许这一部只是一个""小""故事 没有什么冲突 过于平淡 但也必须承认被写在台词中的 背景里的 故事背后仍有太多值得思考的""痛苦的声音被听到了"""
否认 Denial,虽然邦德的老婆全程打酱油，可是还是很喜欢她。
否认 Denial,冲老邓去看的 小律师太帅了 心机邓小动作不断 不过剧情本身也是OK的 律师们的表现太棒了
否认 Denial,一个研究大屠杀的犹太学者，反而被一个大屠杀否认者告上法庭。经过律师和顾问团队充足的准备和有效应对，否认历史者最终也成为历史中的被否认者。故事取材于真实事件，影片对情绪的着墨很吝惜，也没有放大悲伤。 
否认 Denial,因为老邓选择了这部电影，但是没想到和奥斯维辛集中营有关，早上刚巧看完了《美丽人生》为这个发生在集中营里的故事流泪，晚上就看到有人否认这个事实，看到人们为它奔走辩护，真是不真实。
否认 Denial,"用法庭来调查奥斯维辛历史，判决犹太人是否被毒害的历史真相
立意新颖，但是觉得核心内容表达不够深刻
反转也不够用力

女主角差点成为猪队友
6/10分"
否认 Denial,老師讓看的，看了三分之一，就覺得女主太沒腦子太衝動了。。
否认 Denial,知道一部分历史……
否认 Denial,感觉逻辑不是特别严谨，节奏不够紧凑。前面讲了一大堆该如何辩论，结果法官一句你的这些论据并不能够证明你的观点呐...尴尬了...疑似一个反转...最后法官说基于尊重历史事实我还是判你赢吧...所以律师团的雄辩和华丽技巧是...？
否认 Denial,一个哗众取宠的小丑；在我们迄今为止的历史中，充斥着接连不断的大屠杀，但是人们总是闭上眼睛，用蔑视和谴责的口吻谈论杀戮；
否认 Denial,考虑到真实事件改编   可以参照《萨利机长》  扁平的故事也是可以拍出力量的  这部还是有所欠缺吧
否认 Denial,【第一感觉打分】这种历史正片看的还是很爽的，每一句台词你都不想听错。但是整个审判过程略有单调，几乎是没有转折的一边倒。不过整个剧组的演员功底还是非常扎实的。三星半。
否认 Denial,Wasn't she a little too sensational to be historian?
否认 Denial,又一部题材大于影片质量的平庸之作 
否认 Denial,头大😂😂😂😂😂
否认 Denial,我不敢想象要是没赢怎么办
否认 Denial,剧情太浅太平淡
否认 Denial,居然有人会deny二战希特勒屠杀犹太人事实。。。
否认 Denial,背景题材不错，主线说案件的处理，总体来说比较单一
否认 Denial,我一直觉得那个男演员是在影射川普
否认 Denial,也算是传记性电影吧，女主其实作用不大，反派刻画的不是很深入的感觉
否认 Denial,已成事实岂又是胡乱说就可以改变的
否认 Denial,不知道为什么看出BBC纪录片的感觉..
否认 Denial,不知道为什么，对这个电影没有特别的震撼的感觉，或许他只是在平淡的叙事吧。
否认 Denial,主题不错，内容表现不佳。
否认 Denial,"一个骗子只会一直说着模棱两可的诡话，因为他知道他永远没办法证实谎言. 
看着影片中的大卫•欧文总能让我想起日本鬼子在我们的国土上犯下的不可原谅的滔天暴行，历史没有停止过步伐，在时间的长河中，后世的人们有的会淡忘，有的会原谅，但别忘了，正义永远都会到来，因为一句事实就能击破你所有的谎言. 
你们继续你们的表演，而我们同样不屑一看. "
否认 Denial,还没看完
否认 Denial,奇葩的人说谎说得还出书了。
否认 Denial,3.5 演员演技都还可以 剧情一般吧 【大屠杀都会令人感到愤怒
否认 Denial,基于一场曾经的官司记录了这一过程，除了冲动女主和冷静律师的不俗演技，影片本身并没有什么特别出彩的地方
启功,不能忍的是少年启功是小叮当（是的，就是那个童星）演成弱智，中年启功竟然是张绍刚！是的，就是那个主持人！
启功,事实再次证明，90多分钟远远不足以支撑起这样一位大师的平生，更何况最后20多分钟愣是拍成了教师节宣传片。不是说从“师道”的角度来诠释启功不行，只是对于这样一个经历中国几十年跌宕的大师而言，格局实在小了。PS：启功的字真他妈漂亮！
启功,敢拍文革，还是不错的，至少对启功这个鼎鼎大名的名字不再是那么冷冰冰的感觉了。
启功,咋不说说辅仁怎么不办了，溥心畬下落几何，还是挑好听的说啊
启功,启功老爷子确实搞笑，太搞笑了
启功,自古英才多磨难，数尽沧桑谱佳篇。傲骨正气皆死尽，空余遍地谄媚人
启功,可惜整体的表演还是没把启先生展现好。
启功,不能忍的是少年启功是小叮当（是的，就是那个童星），中年启功竟然是张绍刚（是的，就是那个主持人）！
启功,虽主旋律，感人可看。夫妻之情最可观。
启功,慢条斯理，沉稳乐观，片子很像启功本人。
启功,只剩主旋律电影在老老实实讲故事
启功,看张绍刚会出戏。。。
启功,张绍刚演的也没那么差了
启功,片子没拍好，老人家一生平淡，但是没找到老人家命运的焦点，表现出老人与众不同的人生。
启功,老年启功造型相似度很高，张绍刚一出场就脱戏，以为误入非你莫属的现场 ，片末几个动态3D立体字完全拉低了影片的美学水准。有意思的是讲王勃的诗时前后板书的对照中还刻画了一个简体字推广的细节。
启功,传统书画的特写 意境空幽～ 宣传片一样的剧情!
启功,启功的字是胖乎乎的！
启功,刚看过启功大师自己的回忆录，此片基本终于史实，但有些事情还是故意修饰了一下。但电影总体上市非常不错，是非常好的人物传记片。特别是化妆把马恩然化的真的很像启功
启功,少有的题材电影
启功,靠，张绍刚，顿时画风不一样了，不过老年的启功演得还不错。虽然很感人，但还是挺脸谱化，除了启功的书画才能外，影片中人物的遭遇安在谁身上基本都是成立的，没什么个性，特别是后面那一堆拖拉的尾巴真是败笔
启功,功先生常说，书法绘画都是副业，教师才是自己的主业，他用一生践行了学为人师，行为世范。三星给中规中矩的作品，一星敬高山仰止的先生。
启功,90年的叮当和76年的刘琳演差两岁的两口子真是……太搭了是吧……
启功,剧情衔接的一点都不好，没什么突出的地方，完全是在流水账。
启功,程前扮演的溥心畬真是风流人物（跑错片场）
启功,勉强及格的作品 波澜宏伟的人生 学为人师行为世范
启功,没有过于突破的地方，但也没有太失实的个人阐释，道具方面很走心，马恩然的启老真是神似，萌萌的老头全是智慧，坚守一生的初心，是珍贵的东西
启功,就是故事讲的不够好，是个好故事！
启功,普通的传记，一边正叙一边回忆，但也没有什么特别的味道，人物内心表达也不够深刻。很多年轻人的演技实在捉急，音乐也有滥情的嫌疑，但画面的感觉还好，看在讲了文革的份上，算是不错吧。
启功,整体平淡，没什么戏剧冲突，直面文革算是整片的亮点，总体感觉像是一部八十年代拍的电影。
启功,太平了排得！里面书法等技巧的话还挺有道理的！哈哈！
启功,三星半。有一段时间没看到影视作品里有关于那个黑暗十年的描写了。
启功,还算不错吧
启功,特型演员加化妆，绝了。其他都不行。老干部做派。
启功,原来的师生情多么好。
启功,感慨于时代吧
启功,關於「文革」、（啟功與陳垣的）「師生情」、（啟功與章寶琛的）「夫妻情」三段尤為感動。敗筆在「啟功」老齡段以前的選角——「少年啟功」像個白痴，張紹剛那個傻逼也配演「青年啟功」？！「老年啟功」也是戲份最重的馬恩然倒選得很好，飾演「陳垣」的演員扮相極似，王馥荔演得也很好。
启功,一月份看的，忘了mark。中规中矩的主旋律。看到了王馥荔老师很是亲切。张绍刚，额...。
启功,一个好老头
启功,三星半，冗长的主旋律再扣半星。这样看来启功先生的一生还是有料的，老艺术家的演技也是一如既往的上头。全片的亮点在于对教师精神的诠释，愚以为教师是社会上所有行业里最伟大也是最不容易做好的行业，骨子里就对好教师由衷的崇敬，对坏老师肺腑的愤恨
启功,学为人师，行为世范。大师一生的写照。
启功,传奇大师启功，很仰慕这位大师的才华与为人，身为爱新觉罗后人却低调，专心授业，之前在电视上看见要拍这部电影就很感兴趣，虽然看完觉得弱了些，倒不是演员问题。喜欢国学与启功先生的可看看。没觉得张绍刚演的多差，可能是之前被黑多了。顺便讲一句，启功老师的字到哪里都能一眼认出来呢。太漂亮了。
启功,入学初识门庭，毕业非同学成，涉世或始今日，立身却在生平。佛本孤独。
启功,比较客观和写实，值得观赏
启功,得此贤妻，夫复何求。这两年讲文革的片子是越来越多了，未来估计会有大特写作品，那段岁月始终是一坨黑点总要见光的。不过片子还是有一些瑕疵的，比如一群人到启功房间求字的时候求合照，拍摄者闪光灯亮的时候人还没站好，等站好了又不拍了，算是个穿帮镜头。另外反复转换时间场景穿插，看着有点累。
启功,演员不错，导演讲故事的手法有些生涩。老爷子萌萌哒！！BTW，学校放电影这么好的事居然都没几个人参加！！
启功,传记片没把启老傲娇的一面拍出来，只是一味表现“好老头”。其实，“谢绝拍照”这类的段子还有很多。
启功,学为人师，行为世范
启功,其實導演主要想表達啟功在文革受的傷害，對於他的字著墨不多，整劇也較平淡，沒有太多的曲折，屬於非商業片
启功,传记电影，书法大师启功的人生故事，好久没看到大屏幕上文化大革命的场景了，一开场有点小震撼呢。要是画国画和练书法的人应该挺欣赏此片，小时画过国画，大屏幕每次上笔落下描画的时候 心里好激动 多年埋藏在我心底的书画情节 强烈的爆发，在这特殊的时期想要维护自己的爱可以说学文吧，是多么的虐心
启功,力度不够 配音太出戏 另外一见张绍刚就想起他当年咄咄逼人的嘴脸
启功,我们高中的校名就是启功先生题的。很高兴能看到很多正面文革的场面，进步了。
启功,太主旋律…只能说，能看下去，民国时期尤为好看。
启功,拍的挺有诚意的传记片。
启功,本来只想随便看看，结果还看进去了。也可以算是一个反思文革的电影吧。
启功,青年跟中年启功都不行，替老年启功委屈！
启功,奔着张绍刚看的，结果没听到张绍刚的声音，全是配音
启功,就那么回事吧
启功,老派的导演有种温情。不过启功逗比的一面哪儿去了呢？
启功,小叮当你肿了么
启功,一部言必有据的电影。参观《启功口述历史》。
吴仁宝,主旋律电影，总体不错，细节方面做的挺好
吴仁宝,其实还行啊，几个镜头很漂亮
吴仁宝,还行吧，宣传片肯定有些马克思的，但里面还是有些值得看的东西和精神
吴仁宝,本片为介绍一位杰出的老共产党员 江苏省江阴市华西村老党委书记吴仁宝的故事的主旋律影片 他一生为创造华西村走向富裕和辉煌而努力  从六十年代就有不同寻常的发展思路和大胆的想法 也使得这个以前穷乡僻壤的江南小村子有了今日全部奔向小康的盛况 老书记功不可没 他时刻以一个普通共产党员要求自己
吴仁宝,补丁也太假了 还不如不补呢
吴仁宝,用送孩子给别人养老的事情表现共产党员觉悟实在太没人性了
吴仁宝,这家伙得挣多少钱啊
吴仁宝,从爱国主义教育角度看，这个电影是成功的；从事实来讲，我不是那里的人，没有切身感受，不好发表意见，如真象是网友吐槽的那样，我倒觉得华西村的社会主义范儿，抑或说共产范儿很独特，就现当代农村的生产力发现水平来说，值不值得推广就另当别论了！
吴仁宝,深深佩服敢于与时代不同节拍不同模式的人。尽管他将孩子送给别人狠狠震撼了我一把。
吴仁宝,2012.11.2.单位强迫看的。没那么烂，但也绝不是一部好电影。抛开政治色彩不说，整部电影形散神更散，而且叙事手法太老套。
吴仁宝,建村伟业！抛开传记片的幌子，这片大家都知道其中真实程度只是部分，因为历史是胜利者书写的。虽然我个人十分讨厌这种溜须拍马的主旋律片，高唱红歌的御用文人固然酸腐，但那些看都没看片就狂刷一分的草根屌丝未必就有多高尚。剥离那些真实的人名，就当一部农村发展故事片，这片是及格的。。。
吴仁宝,虽然说一个厅只有6个人 中间还走了一个 但是作为教育片来说还不错 好歹有个尤勇
吴仁宝,说句良心话，真的不怎么样。
吴仁宝,没有他就没有华西村，可以一看，看都不看就给一星的有意思么
吴仁宝,豆瓣上对这样主旋律的影片评价分都不高，但是客观说，影片反映的精神品质是值得认可的，影片有些是为了艺术渲染，没必要去纠结
吴仁宝,不能妄加评论系列
吴仁宝,无论怎么歌颂Party，起码作为村书记的吴仁宝同志把自己的儿子送给丧儿的乡亲作为心灵上的慰藉还是感动到了我。他们早年间的艰难困苦，起码是最真实的为人民服务，才有了今天的[中国第一村]。
吴仁宝,跨度太大，节奏太快，很多情节来的太突然。
吴仁宝,上毛概课，老师给放的。其实社会主义没什么不好，就是不要跟自由冲突。
吴仁宝,中国第一村——华西村，只要有点子敢作为，不怕富不起来。
吴仁宝,传奇色彩的一个老干部，感动
吴仁宝,为数不多可以看得下去的主旋律电影。比想象中好很多。吴相比叫基层党员干部，不如叫一个有号召力、凝聚力的企业家。其中的实干精神、独辟蹊径的巧干精神值得学习。而且他说，别人骂我，我不气。心态真好蛤蛤蛤
吴仁宝,整个电影感觉就是很违和
吴仁宝,其实也没有那么烂，不过政治教育的意义太浓厚了一点。但总是能从中学到点东西的，吴仁宝虽然有点被神化了，但是他能建设出如今的华西村，确实是有一定的能力的。所以看了片子还是有点收获的。
吴仁宝,单位强行要求去看的，其实蛮煽的，不管是否被神化。但真心觉得和这样的人混，吃苦什么的，都蛮幸福的~~~好多地方都让我想到我爷。。。
吴仁宝,还可以吧，应该三星左右，可能有夸大，但也不至于一星吧……怎么说也比小时代强，也太低了吧……
吴仁宝,党员活动必看电影！煽情，煽情，煽情。
吴仁宝,不管怎么说，里面还是有些东西让人感动的。
吴仁宝,我觉得还到不了一星吧O_o
吴仁宝,单位组织看的，不想评价，心里都明白。。。
吴仁宝,其实还是可以看看华西村的历史的
吴仁宝,"        刚在电影院看完此片，头脑一片混乱的回来了。我想说看到送儿子那段，我被感动哭了，不知道为什么那么多人要喷这部电影。
     虽然我不知道大家心里所认可的电影是什么样的，但我认为只要是能感动我的，震撼我的就是值得一看的电影。
     另外，我不喜欢豆瓣给的这些常用标签，什么脑残、洗脑"
吴仁宝,和新中国很多传记电影一样，当成励志片就好了~~
吴仁宝,看到很多人标记说“洗脑片”，觉得这片子还是应该对华西村、吴仁宝和时代背景有些了解然后再看。虽然作为传记片确实拍的不太好，但是不能因为吴仁宝说了几句“我是共产党员”什么的就说是洗脑片，那只能说明你作为观众太没脑子了。。。
吴仁宝,不盖棺，想定论？给活人拍电影，不怕自己死的早啊
吴仁宝,说一个我知道的华西村段子：每户出资一千万共投资30亿的华西村大酒店的高度是328米。为什么是这个高度呢，因为当时北京的最高楼也是如此。那为什么要和北京一样呢，因为人家有很高的觉悟：要和中央保持高度一致！擦，舔的我听了都不好意思
吴仁宝,拍这种片的主角下场都很凄凉
吴仁宝,哈哈，建村大业
吴仁宝,人还没死，碑就着急立了，一“档”谋私，肥了谁呢？反正老百姓没拿自己名字当片名。
吴仁宝,能不骗人吗书记
吴仁宝,和建国大业， 建党伟业 一样。你懂的
吴仁宝,恶心，流氓洗白的典型。恶霸的代表，居然能拍电影来自我吹嘘。
吴仁宝,"嗯,拍得还是不错的嘛~(*￣︶￣)y "
吴仁宝,摊手。。。
吴仁宝,建村伟业！其实如果全部去掉真人现身的部分，本片也还不至于那么差...
吴仁宝,独裁者
吴仁宝,豆瓣还有节操吗，能0分吗~
吴仁宝,我真的看过这片子 真的没想象的那么糟糕   
吴仁宝,业务学习看，其实还是颇有亮点的。
吴仁宝,刚刚看到个短评说“一群外地外省人没资格评价老吴和华西，跟风黑，有意思么？”，那是不是你是现代人就没资格评价古装电影？
吴仁宝,宝贝，不是跟风黑，是谁tm都是混过来的，不是靠看cctv吃饭的。
吴仁宝,我没看。就是给一颗星。咋滴吧。
吴仁宝,逆行是一个招数。
吴仁宝,烂片一日游
吴仁宝,为了十八大方针路线就给你一星吧
吴仁宝,"有木有零星的啊
虽然我是无锡人~~~"
吴仁宝,凭这个名字给一分
吴仁宝,居然是我基础写作课老师参与拍摄的！真他妈丢人，还跟我们显摆呢
吴仁宝,是自己演自己了？前天看见新闻说一个人把JB塞到肛门里了。。
吴仁宝,2012年 了啊
吴清源,全靠摄影撑（幽寂之美），连张震的表演都显得刻意，全程紧绷着；剧本单薄寡淡，流水账似的叙述，如果重点是谱写内心，那也是较为失败的，浅尝辄止浮光掠影；倒是前半段与老师的对话比较好看。
吴清源,7/10。滤掉事件，仅仅描述了一种状态，师父过世、离开病床发现庆祝侵占国土的狂欢人群而跌跌撞撞，小心翼翼地对话日本棋士或坐在窗外的两人独处，缺省式的叙事信息和外部情绪写出一副害怕战争干扰、失去信仰的人物画，长焦构图将人物剥离出周围景物，这种构图精美、表意不明的感受类似侯孝贤拍聂隐娘。
吴清源,"看过棋魂,对里头的一些术语倒是了解,但电影没有专心描绘的点.最后吴清源那海边的居所倒是很让我羡慕.十分不理解黄弈只出现了两个镜头就被列为主要演员."
吴清源,"留白
"
吴清源,两星半
吴清源,不好看
吴清源,慢。闷。
吴清源,闷
吴清源,极度沉闷。考验耐心！
吴清源,天才！
吴清源,不能说不好，但总是差了点什么，以为结尾会自然有答案，但只是一句一生就是在追求真理和围棋，远不足够啊。真理真是抽象和干瘪啊。另外就是张震是最大败笔，找个不会演戏但存在感强的，或围棋下得久的都好。张不但未能加分，实在是拖了后腿。。。。只是觉得，如果阿城写成中篇、长篇，哪怕是短篇，也应该很精彩啊。。。
吴清源,假记录
吴清源,藉心以天星，观黑白于乱世
吴清源,平实的传记类电影，四平八稳
吴清源,一般.看完之后没啥感觉.只是喜欢他们下棋的场面.
吴清源,过闷了~
吴清源,不评价
吴清源,平淡而乏味，萦绕不去的痛苦，究竟源自何处，导演没有叙事清楚。难道这就是所谓“中的精神”，我很失望……
吴清源,看了三次才看完
吴清源,2倍速还嫌不够快，没重点没层次的片子。字幕好多，直接全整字幕得了。一帧一帧截图做成连环画看。
吴清源,差点儿就睡着了= =
吴清源,"不如自传好看。
文字铺排擂争十盘赛是何等的惊心动魄，可惜电影很难表达。有点像古龙的小说不适合拍成影视。"
吴清源,这种感觉就像……我拿着毛笔乱写时别人突然给我示范藏锋露锋回锋中锋尖峰……
吴清源,是不是剪接得太过了
吴清源,电影有骨少血肉。。。。张震特别适合这种清清冷冷的气质。。。
吴清源,要不是有张震，我才不看呢
吴清源,侯孝贤模仿秀
吴清源,张震的表演不够沉。
吴清源,这种传记片不对胃口
吴清源,乱。但张震的表演还是值得嘉奖。封帝了。
吴清源,虽然只给了三颗星，但是张震演的绝对还是相当不错的
吴清源,喜欢影片中的画面和色调，但对吴先生在战争期间的作为实不敢不能苟同，完全个人的角度讲，不能当作大师了。
吴清源,很闷啊
吴清源,2009.02.26
吴清源,情节好闷，画面好美。
吴清源,整部电影拍得十分压抑。
吴清源,闷
吴清源,重点不在棋，在他的信仰
吴清源,感觉演的不是太好。这种围棋界的大神，还是看书吧。
吴清源,如果没有bilibili的解说弹幕，简直无法看懂。吸引人的是”吴清源“人物本身，张震的表演和优质的摄影。
吴清源,"张震实在不适合这个角色
电影很沉闷
像极了田导的后期作品"
吴清源,没想到被拍成了围棋大师的邪教历程。关于围棋的部分非常少，还都以字幕出现，如果没有对吴老的一生有一定了解的话很难看懂，叙事太散，都是一个个流水账片段，没有热情，感觉不出吴老对围棋的投入与天赋，而像是一个懦弱逃避的人（事实上吴老只是太纯粹）张震还是帅，摄影挺漂亮。
吴清源,镜头美学纯粹，但总体感觉是：美则美矣，毫无灵魂。干嘛要选这么一个人物？麻木无趣软弱的人格有没有必要被讲成故事？干嘛要选这么一个讲故事的角度？一个为了追求真理去信邪教的“天才”，结果没看到内心冲撞和黑暗层次。真怀疑那帮文艺女青年的品味，装了半天逼格，最后还是看男演员的脸。
吴清源,留出一遍的时间，专门来看摄影。
吴清源,我好想知道为什么老师会说这部片子的摄影很完美呢？我没有看出来呢。求教育啊！
吴清源,简洁、克制、平淡。
吴清源,闷闷的文艺片，但看过之后只为信念感叹！
吴清源,张震演的算是很不错了，凡是执着与一物之人身上的木讷之气是在的。可是执着之人的风骨没有体现。更多的是剧本的问题。这片子拍的太散了。90分钟吴的孩子出现时，电影里的吴才开始有人的味道。大神也是有人味儿的。内心的那股子劲儿，凡人一般是匮乏的。追求真理和棋盘胜负，两大主线表现的太弱。
吴清源,作为对吴知之甚少的人，看完后依然不能增多了解，可见不是常规传记片。他的痛苦我能感知，但疑惑的是，他念兹在兹的“真理”到底是什么，似乎也没得到阐释。
吴清源,很一般，这是为棋和真理而生的人，却两样都交待得模棱两可，不知所云，真理上吴可以算是一个白痴，那么围棋呢？电影交代的是以命待棋的人都不可能赢得了这个无所事事的有天分的家伙。
吴清源,情节安排上 有点突兀，没看过 吴清源自传的，估计很难看懂
吴清源,也太寡淡了。
吴清源,许是我状态不好没找到节奏，觉得整个片子有些飘...
吴清源,装逼大过表达。。。就当是致敬吴老，今天看看。
吴清源,不评价电影，只向大师致敬...
吴清源,电影4星 自传2星
吴清源,和
吴清源,2007—148
吴清源,twice
吴清源,本想代替吴某人自传来看的 结果一头雾水 跟看火星国连环画似的
告别紫禁城 中國最後一個太監第二章告別紫禁城,NM我竟然是少年时代跟一个女生一起看的电影，阉割和爆菊那段简直囧死，当时完全不知道太监是什么玩意，直到解释太监没有JJ才知道怎么回事，那个女生还问个不停，要这么搞吗？我才十几岁。而且爆菊也不懂啊。现在回想起来就是看个人了，香港电影从来都是恶趣味满满，基于此，似乎值得一看。罗文惊艳啊，
告别紫禁城 中國最後一個太監第二章告別紫禁城,续集这东西一般都很鸡肋。。。其实第一集的结局很好了的说
告别紫禁城 中國最後一個太監第二章告別紫禁城,罗文连演戏都那么骚，就算演大boss，在演技妆容上也很有亮点（加国语原声演出），反而莫少聪不如上集显眼，加入的张大帅和革命党元素也嫌过于娱乐而不够沉稳，相比第一集只能算普通的商业片，当时文隽已北上发展，所以部分外景能在北京拍，但主要的宫廷戏都在跑台湾取景，也算三地兼顾
告别紫禁城 中國最後一個太監第二章告別紫禁城,太监在那一个改朝换代敏感的时代是一个畸形和尴尬的存在，莫少聪实在太正太了~大眼仔。。。爱死你！
告别紫禁城 中國最後一個太監第二章告別紫禁城,曾几何时我居然看过这个电影……看过才知道阉割太监是怎么个科学道理……
告别紫禁城 中國最後一個太監第二章告別紫禁城,既要艺术，又要兼顾商业，香港电影一向的硬伤。第二部交给文隽来拍尤其娱乐的厉害，对张作霖的戏谑可见一斑。香港电影对历史题材的处理，时代气息氛围把握得很好，就是史料来源多依赖野史戏说。末代太监，其实很好的题材，要么仿效《末代皇帝》来拍，可惜了。
告别紫禁城 中國最後一個太監第二章告別紫禁城,看到片名，最大的记忆点就是“小的时候，光碟”。
告别紫禁城 中國最後一個太監第二章告別紫禁城,更宏观，但感觉没第一部刻画的细腻，多了一丝香艳。片尾歌词写的真好，往左往右来来回回到底应该不应该。。。
告别紫禁城 中國最後一個太監第二章告別紫禁城,他的小宝贝呀...哭了...
告别紫禁城 中國最後一個太監第二章告別紫禁城,比第一部来得更猛烈，只是我更幻想能有个美好的结局。手贱看了这续集，“根本停不下来”。
告别紫禁城 中國最後一個太監第二章告別紫禁城,莫少聪当年在北京站验明正身！
告别紫禁城 中國最後一個太監第二章告別紫禁城,肥猫：我帅不帅？肥猫三姨太：大人是白马王子！！哈哈哈哈哈哈哈哈哈！！太监是什么？就是宦官，宦官是什么，就是没有鸡鸡的。我要操你，我要收你为十三姨太，明天就入洞房！
告别紫禁城 中國最後一個太監第二章告別紫禁城,只是记得看过了
告别紫禁城 中國最後一個太監第二章告別紫禁城,从此知道太监嘘嘘要用到裤腰带。。。
告别紫禁城 中國最後一個太監第二章告別紫禁城,早期的香港宫廷片还是不错的。不过这个谈不上宫廷片。
告别紫禁城 中國最後一個太監第二章告別紫禁城,"打发时间看的，所以本来没当回事。
但是那个年代的电影，更加尊重历史。每部电影都会变成历史，只有你尊重历史了，当你成为历史时才会被尊重。
那时刘德华的演技还稚嫩，那时莫少聪还正太，那时温碧霞还可人。虽然剧情薄弱，但那股淡淡的哀伤还是一直萦绕。穷的悲哀，饿的可怕。"
告别紫禁城 中國最後一個太監第二章告別紫禁城,中国最后一个太监的续集，这么惨的生活，竟然还出了第二部
告别紫禁城 中國最後一個太監第二章告別紫禁城,小德张还挺傲娇。。。肥猫娶了莫少聪做姨太太什么的。。。肥猫那个配音真的不是配洪七的么= =
告别紫禁城 中國最後一個太監第二章告別紫禁城,2星半，马马虎虎，和1比有不小差距
告别紫禁城 中國最後一個太監第二章告別紫禁城,有点莫名其妙哦！没有第一集好看。 -- 2008-10-30
告别紫禁城 中國最後一個太監第二章告別紫禁城,历史的洪流面前，每个人的命运都显得如此渺小悲哀，一部电影道尽了最后一个太监颠沛流离的心酸命运，很不错的历史题材电影，我喜欢。
告别紫禁城 中國最後一個太監第二章告別紫禁城,多年前看的，印象模糊
告别紫禁城 中國最後一個太監第二章告別紫禁城,当时的中国有如太监一般，被阉割掉珍贵的东西。小德张斥责来喜，太监终究是太监，有奴性的人是走不出这个“铁屋子”了。
告别紫禁城 中國最後一個太監第二章告別紫禁城,满满的基情和塑料做的玉玺
告别紫禁城 中國最後一個太監第二章告別紫禁城,久睡腰疼
告别紫禁城 中國最後一個太監第二章告別紫禁城,配乐真是囧死我了
告别紫禁城 中國最後一個太監第二章告別紫禁城,我只想说：莫少聪当时长的太好了。
告别紫禁城 中國最後一個太監第二章告別紫禁城,没第一部好啊 强暴那边 太 惨 了。。
告别紫禁城 中國最後一個太監第二章告別紫禁城,本来以为是沉重的纪录片，结果。。。
告别紫禁城 中國最後一個太監第二章告別紫禁城,我时隔二十五年后才知道有续集 二十五年前看录影带时 结局看哭了 今天居然才看到了续集 
告别紫禁城 中國最後一個太監第二章告別紫禁城,略凌乱，叙事乱糟糟没有第一部有条理，不过莫少聪还是duangduang的给加分！
告别紫禁城 中國最後一個太監第二章告別紫禁城,《中国最后一个太监》的续集，较之前部更惨，没有了一丝怜惜和温情地把大时代的悲剧全部荒诞的浓缩到来喜身上。
告别紫禁城 中國最後一個太監第二章告別紫禁城,悲喜交加的一生
告别紫禁城 中國最後一個太監第二章告別紫禁城,结局太不负责任了，还有国语的删减版太可耻了。
告别紫禁城 中國最後一個太監第二章告別紫禁城,居然还没有一篇影评
告别紫禁城 中國最後一個太監第二章告別紫禁城,这种题材的电影配音用粤语好奇怪啊
告别紫禁城 中國最後一個太監第二章告別紫禁城,3/6
告别紫禁城 中國最後一個太監第二章告別紫禁城,片中出现了BL文里经典的虐受场面：娇弱的小受被恶心的肥攻强暴...
告别紫禁城 中國最後一個太監第二章告別紫禁城,人，不按太监分类。
告别紫禁城 中國最後一個太監第二章告別紫禁城,不做评价 有点烂
告别紫禁城 中國最後一個太監第二章告別紫禁城,"《 中国最后一个太监 》续篇，伪历史，比前篇更虚构。
不推荐。"
告别紫禁城 中國最後一個太監第二章告別紫禁城,不知道讲了什么，人性？善恶？总之，抓不住重点。
告别紫禁城 中國最後一個太監第二章告別紫禁城,有一点小黄色
告别紫禁城 中國最後一個太監第二章告別紫禁城,远不如第一部深刻，所以说电影拍续集这种事，想要有又最好不要有。。
告别紫禁城 中國最後一個太監第二章告別紫禁城,1 无聊的片子；2 年轻的莫少聪真是大眼靓仔楚楚动人；3 我觉得嫁军阀也不错 4 原来温碧霞也不是一直那副过了气的风尘女的样子 4 刘德华讨厌死了 到哪都惹人嫌  
告别紫禁城 中國最後一個太監第二章告別紫禁城,历史的大环境下的悲剧，看的让人心酸。
告别紫禁城 中國最後一個太監第二章告別紫禁城,之前在旅游大巴上看过一，虽然有些记不清了，但感觉没有一好看，有些BUG实在太大，硬伤
告别紫禁城 中國最後一個太監第二章告別紫禁城,最煩扯到革命；羅記大太監真威嚴
告别紫禁城 中國最後一個太監第二章告別紫禁城,"我的天啊 大总管被捅了那么多刀还活着而后居然不报复男主来喜？！
革命党事败那一刻真的是心疼
流血流泪的革命啊！"
告别紫禁城 中國最後一個太監第二章告別紫禁城,结尾为什么不明不白的，好仓促的感觉。
告别紫禁城 中國最後一個太監第二章告別紫禁城,啊，现在才发现电影里有温碧霞，当年记得一个莫少聪
告别紫禁城 中國最後一個太監第二章告別紫禁城,《红果最后一个太监》第二部.没第一部好.很多地方逻辑不通.狗尾续貂之嫌
告别紫禁城 中國最後一個太監第二章告別紫禁城,不错
告别紫禁城 中國最後一個太監第二章告別紫禁城,莫少聪还算是演技派 我想起来了宝贝房
告别紫禁城 中國最後一個太監第二章告別紫禁城,明显没有一的情节合理
告别紫禁城 中國最後一個太監第二章告別紫禁城,比《中国最后一个太监》弱了很多，事实证明续集都是拍不好的
告别紫禁城 中國最後一個太監第二章告別紫禁城,的确没有第一部好看。
告别紫禁城 中國最後一個太監第二章告別紫禁城,不如第一部！
告别紫禁城 中國最後一個太監第二章告別紫禁城,看完第一部看的 没第一部好 这部有点扯 这是一个男女通吃的太监 不过来喜长得是真好看 比那些姨太太还精致
告别紫禁城 中國最後一個太監第二章告別紫禁城,不应该有续集。
告密者 The Whistleblower,3.5 适合给那些喜欢把 ‘你怎样，你的中国就怎样’ 挂在嘴边的人看看，并且问问他们以此类推能否得到 ‘你怎样，你的世界就怎样’ 的结论 。 顺便扯点儿有的没的，人类对于女性的不尊重远比对gay的歧视要严重得多...
告密者 The Whistleblower,影片开篇有点沉闷 后三分之一渐渐给力。一句话：你知道的太多了。【制服缺爷露脸约一分半钟，酱油打的得心应手。
告密者 The Whistleblower,毫无亮点。导演没什么风格，剧本又过于中庸，主题也过于老套了，就连蕾切尔薇兹的一个人的表演也没有强大到成撑起这部电影，毕竟这就是她一个人的独角戏。故事题材不错，但切入点还是太老土了，前半部分节奏紊乱，后面高潮戏份的节奏还行，但故事的结尾让人很失落，归于现实便无解了吧。★★★
告密者 The Whistleblower,挺好的题材拍弱了
告密者 The Whistleblower,虽然超帅的泰语影响了观影经历，但片子本身也俗套连篇，基本上没什么可看性。而且，本片的创作显然是从道德而非可看性角度出发。然而，这也是本片可敬之处，因此好歹也3星吧
告密者 The Whistleblower,还行
告密者 The Whistleblower,题材很好但是拍坏掉了。后半段才逐渐好看。几场冲突还算精彩。
告密者 The Whistleblower,Rachel Weisz ，my goddess
告密者 The Whistleblower,前半段很沉闷，结尾让人心情沉重，故事值得关注，但电影一般~
告密者 The Whistleblower,有几场戏可圈可点
告密者 The Whistleblower,利益面前 都是商人 细节交代不清节奏忽快忽慢 不及《交易》
告密者 The Whistleblower,其实看到BC有接这部片子就大概知道这一定是个好题材。的确好题材，可惜导演真是烂到让人倒胃口，虽然没学过导演拍摄这种东西，但是以一个观看者的角度来说，这尼玛都想把镜头扯出屏幕外扔在地上用脚跺碎好么！两颗星全给好题材，一颗星给演员们，不偏不倚。剪辑的人你直接死五分钟去吧。
告密者 The Whistleblower,莫妮卡贝鲁奇可能是她同辈女演员里老得最快的一个..
告密者 The Whistleblower,灰暗的现实世界。
告密者 The Whistleblower,本片的题材很吸引我，这种揭露丑闻的真实事件的人物我也很佩服。虽然影片的部分镜头让人震撼，但整体来说还是缺乏力度。结尾也过于平淡~
告密者 The Whistleblower,哪里有利益，哪里就有黑幕。
告密者 The Whistleblower,拍的不错，感情细腻，但跟精锐部队2总感觉有质的差距
告密者 The Whistleblower,贝鲁奇老了。
告密者 The Whistleblower,恩~~哎~这种根据真实事件改编的剧情总是没有那么美好的~
告密者 The Whistleblower,节奏缓慢，几次都想快进。片中的部分虐待惩罚场景令人不适。
告密者 The Whistleblower,个人决定对抗体制的时候就应舍弃对体制所有的幻想，凯瑟琳因为天真犯了一次人命关天的大错。第三方媒体在这种局面上扮演的放大角色必不可少，若媒体也完全置于体制的控制下，那……我不知道这时候怎样坚持做正确的事了。
告密者 The Whistleblower,没有新意的故事...
告密者 The Whistleblower,不管你信不信 反正我是信了。。。
告密者 The Whistleblower,故事题材不错，但是结局太潦草，没有体现怎样惩罚坏人，也许根据现实而改编的吧！
告密者 The Whistleblower,剧情很平，但现实黑暗。
告密者 The Whistleblower,剧情过渡的有点平稳，女主角的这种全身而退在我看来是不可能实现的，所以叙述的内容还有待改进吧，利益受损方怎么可能眼睁睁的看着别人在自己头上拉屎，不过反观自己，大陆的媒体作为传播的媒介，不都是看着别人在自己头上拉屎还展示给人看，趣味低多了~
告密者 The Whistleblower,国际犯罪 波斯尼亚 美国
告密者 The Whistleblower,世界就是这样 他的阴暗面远比你想象的要黑暗的多 甚至更加。。。
告密者 The Whistleblower,我只能说一般，对于这种叙事片，我感不起冒来。不过反应的现实不错。
告密者 The Whistleblower,电影后半程节奏更好一些
告密者 The Whistleblower,当执法者犯法，人家还有bbc，我们有什么？影片开篇有点沉闷 后三分之一渐渐给力
告密者 The Whistleblower,电影一般，但真实事件很震撼
告密者 The Whistleblower,呃……Benedict在里面好丑好丑啊……
告密者 The Whistleblower,很阴暗的片子，看了让人难受
告密者 The Whistleblower,唯一的亮点就是真实性。
告密者 The Whistleblower,艺术效果一般，不过那也不是电影的本意；每个体制都有自己的问题；看完了心情不好，看一个星期的新闻联播也未必缓得过来；这样的世界，希望只有寄托在超人和蝙蝠侠身上了！
告密者 The Whistleblower,看不下去 
告密者 The Whistleblower,太拖拉了
告密者 The Whistleblower,现实很无奈啊
告密者 The Whistleblower,看得非常压抑。不知道BC在里面的酱油到底是为何而打的～～
告密者 The Whistleblower,打击人贩子
告密者 The Whistleblower,知道的太多了的后果。。。结尾的字幕很现实。
告密者 The Whistleblower,莫妮卡好老了
告密者 The Whistleblower,纪录片的感觉，应该可以拍的更好，主题不错
告密者 The Whistleblower,结局太悲哀
告密者 The Whistleblower,人性的丑恶
告密者 The Whistleblower,片子很一般，只是源于真实故事而已。但是告诉我们一个道理，告密者永远是不可靠的人，他们充满谎言，商业也充满欺诈。
告密者 The Whistleblower,世界有时候真实的残忍，国际维和部队竟然成了，驻扎地的噩梦，滋生惨绝人寰的性交易。以一个女性去挖掘调查真相，在其中遇到的阻挠威胁孤立可想而知，还是比较震撼的真实改编，而且还是那么两大魅力女星加盟。
告密者 The Whistleblower,剧本很棒，题材很大，薇姿很美演的很棒，但片子拍得实在不咋地，繁冗缛节态度，拖沓，没力度，对阴谋的描述也不深。为啥不可以拍一个官员到酒吧寻欢作乐的场景？
告密者 The Whistleblower,ʕ•̫͡•ʕ*̫͡*ʕ•͓͡•ʔ-̫͡-ʕ•̫͡•ʔ*̫͡*ʔ-̫͡-ʔ，打卡。
告密者 The Whistleblower,蕾琪儿薇兹跟莫妮卡贝鲁奇长得好像…为保护一部分人而建立的组织成为了规模庞大的体制之后总是不可避免地出现为了利益而祸害他们原本应该保护的人的勾当，没治，人类迟早要完蛋。
告密者 The Whistleblower,现实比电影更残酷。
告密者 The Whistleblower,電影用寫實的手法，透露著創作者的人文關懷。一旦電影中有了這樣認真真誠的關懷，就已經添色很多。但也正是因為電影毫不留情地揭露著正在進行著的可怕真相，才逼著觀眾不得不擁有強大的心臟以及思考。也許在看到這些真相的時候，你難免會覺得絕望和灰心。但我總覺得這樣的電影其實已經是在do something
告密者 The Whistleblower,哪里有光明？！
告密者 The Whistleblower,真实的世界。。。
告密者 The Whistleblower,观影中我还在想美国已经开放到能让这种电影公映，后来发现果然它不是美国拍得。在电影还剩30分钟时我有点急了，等剩10分钟时眼看还没个大致交代我难免有点乱想了。等看完结尾我无语了。不能算开放式结局，有想象空间却又让人觉得那么受限制。把一好电影毁了。
告密者 The Whistleblower,根据真实事件改编，讲的是联合国维和人员参与贩卖东欧妇女到波黑，并强迫从事皮肉生意的事情。看来好多国际组织都一样，联合国、国际足联，都是一样黑啊。这是看贝鲁奇大妈穿得最严实的一部片子了，快50了，明显见老。
告密者 The Whistleblower,凑合看吧，结局总是要留给人们点儿光明的
告密者 The Whistleblower,正义的美国警察斗倒了腐败的联合国。
告密者 The Whistleblower,总觉得编排得少了些什么，女主除了一腔热情毛都没有，也没太多头脑。明显一窝黑的地方还要相信谁？！发那么一个感性的邮件有啥用啊？也没什么附件，还不如一股脑给媒体。她BOSS一副洞察一切很权威的样子，最后也是毛线用没有。
周恩来,中影史：传记电影中的一座高峰，它的切入点都非常大胆，这在描写伟人的电影中还是绝无仅有的。影片将周总理人生最繁忙和最悲怆的一段呈祥给观众，周恩来无疑是全片的核心但其他历史人物的描写也颇具神采。对于历史上的许多重大事件，丁荫楠也进行了详尽的叙述，许多历史内幕都是第一次在银幕上呈祥。
周恩来,当周去世后，妻子邓亲吻他的嘴唇做遗体告别时我痛哭流涕~
周恩来,貌似看的时候还哭过……
周恩来,全民包场看的电影
周恩来,江青，林彪……
周恩来,印象不太深了，记得是很细腻的。
周恩来,本片剧组在拍摄途中遭遇车祸，周恩来饰演者王铁成折了6根肋骨，昏迷之际，当地村民挺身而出……将他洗劫一空。引发相关部门调查此事，结果愕然发现该路段一年内翻车达140余次，死亡30多人，均是当地村民设计所为。更可怖的是当地交警知情不报，反倒派遣吊车常驻路边做起了买卖，翻车后吊一次收几千块。
周恩来,王铁林爷爷生了一张不同寻常的脸
周恩来,主旋律能拍成这样真的很不容易了，三星半
周恩来,木有字幕。。。
周恩来,老特型演员是真下功夫啊！看过对应的74年周恩来总理国庆招待宴会讲话的真实视频，和王铁成老师的表演，细节之处都做了很到位的功课！现在已经不讲究了！我认为特型演员就应该以还原、相似度高为标准！讲自我发挥其实是托辞啦！
周恩来,6/10。要在混乱的历史事件中理清总理的形象是巨大的挑战，所以事件的虚化写意处理非常重要，开头随着总理专车的视线，用红卫兵和语录广播车的符号来表现文革，而在表现文革衰落的时候，同样采用捡垃圾的小孩捡大字报这一符号代替具体解说。闪回和音响的影像语言更是准确，譬如史诗般的长征简化为几个镜头，拍摄总理在炮火中指挥镇定，表现了总理跟革命年代一样内心坚定、无惧四人帮的暗害，再如主席巡视杭州的部分，火车汽笛长鸣伴以沙沙雨声，点明了四人帮意图炸毁火车夺取政权的阴谋。总理最后的十年涉及了保护贺龙、鞍钢纠纷、延安视察、25周年招待会、抱病飞长沙等，总理用疲惫的身体抵御动荡的浪潮，迎着镜头向贺龙骨灰连鞠七躬，更将这种层层叠加的悲剧情绪推至高潮，结尾夫人在总理的额头轻轻一吻，远处钟声回荡，总理的牺牲敲响了四人帮的丧钟。
周恩来,开场的车内主观镜头挺好，中央交响乐团演奏的配乐也不错，王铁成演得真是形神兼备啊。其他的就不说了。
周恩来,演員很好。但，我不喜歡主人公。
周恩来,你应该做外交部长而不是总理
周恩来,周总理，周总理，我要十里长街来送你....我TC老一辈整这种红色致敬影片还是颇有一手的....
周恩来,大学第一年在杨浦电影院看的。正如评论者所说，片名应改为《周恩来在文革》，才名副其实。
周恩来,四小时版本，并非以小见大以点概面，是流水账式讲述，情节走向确实太细碎缺乏逻辑联系，但是文本到影像的转换方面还是颇见功力的。音乐、表演、摄影都花了不少心思。
周恩来,流水账，节奏真是慢，忍不住看了四次表，不过主角表演非常到位，胶片质感很舒服。
周恩来,诶 评论被删了 我没写什么呀//看了两百多分钟 有些不知所措 听说有六集版本…时代在进步 方式也在不断进步啊
周恩来,几代中国人心目中的伟人
周恩来,补标
周恩来,虽然是主旋律影片，但是绝非一部脸谱作品。
周恩来,还是哭了，但却也有意外的发现：高墙内外，不过如此
周恩来,hutong上面有个人每天都能用奇门遁甲来解释SP500的涨跌，很多时候他居然是对的。
周恩来,单从演员来说，王铁成扮演的周恩来确实非常经典！但从整体来看，这部电影的剪辑非常突兀，这一会儿还是周恩来老年的样子，下一秒就变成他年轻时的情景了，而且这种回忆对影片叙事没有什么帮助或推动作用，造成整体观影体验并不十分愉快。
周恩来,😳
周恩来,看着难受
周恩来,十里长街送总理那段还是蛮泪崩的
周恩来,"再再次次感谢CCTV6.知道的越多,看进去的越少."
周恩来,"只是浮光掠影地展現了周恩來晚年的幾個片段：“保護”賀龍、林彪事件、中美解凍、1974年国庆晚会等。镜头过于跳跃，电影叙事不甚连贯。
此外，本片中鄧小平的扮相也太年轻了吧？看起来只有三十多岁，而实际上當時鄧也是古稀之年的老人了。"
周恩来,看过，已经不记得了
周恩来,过于美化
周恩来,称之为片段集锦更为恰当，节选多个重大事件进行刻画，要深谙这段历史的人才能将各片段联系起来。对煽情过敏的观众来说看下来难度不小，但愿将来能拍出客观的政治人物故事片。
周恩来,有点催泪，但情节拼凑痕迹太重了。。。
周恩来,现在看来，感动太廉价，都是假的。王铁成把自己演进去了。
周恩来,还不错。提供了丰富的史料。片段式的人物传记，中间穿插回忆。整体的表演还是给人一种僵硬感，好在配乐不错。
周恩来,基本史实都是真实的，只有回避的内容，较少造假的内容。
周恩来,不能算作纪录片吧，但也记录了总理的最后时刻。
周恩来,配乐出人意料得一流 让人想起肖斯塔科维奇
周恩来,等过了这个时代看翻拍的吧，更客观
周恩来,演员气质不足。
周恩来,大概因为图像质量不佳，片中毛泽东、贺龙、林彪、江青等等配角都是面目模糊的。这反而烘托了那个灰色年代的氛围。记得美国有个奇葩歌剧《Nixon in China》最后一幕就是周的独唱 I am old and I can't sleep；或许晚年周恩来真的在心里有过那样的感叹吧。这片子放今天一定会被和谐的。
周恩来,d
周恩来,高中，郑州，包场电影
周恩来,★★☆  小学组织去电影院看，最记得周恩来老抬着那手
周恩来,长沙 学校组织
周恩来,"改革开放主流和时代发展结合,时代精神"
周恩来,做得太碎了。而且这片里的政治思路让我跟的相当吃力
周恩来,我很烦这种人，当然，这个电影也太碎了
周恩来,“火力还要加大，看来还要增加燃烧弹”
周恩来,不知道为什么总要把伟人塑造成一副没有性生活的样子
周恩来,害中华民族的罪魁
周恩来,学校电影院
周恩来,主线实在飘忽 加上一天没吃饭还坐在第二排看了两个小时以后头疼得已经快死了……那么帅气善良儒雅的周总理被刻画得很扁平 每次人民群众眼中含有泪水都要脑补小时候背过的课文来补足  而且感觉大家每餐都吃得好好啊……
周恩来,负分
周恩来,深度不够
周恩来,呵呵
周恩来,拍摄手法及声音的确不咋的
周恩来,为什么这部会进中国电影神来五十笔，这部最差…
哥伦布传 1492: Christophe Colomb,1.雷德利的选角都是成功的 2.影片的故事人物和背景太重，导致结构松散不紧凑 3.想说的太多 4.Vangelis 应该不会想到他雄壮的航海配乐会广泛用于中国各大传销年会 5.Sigourney Weaver 真女王气场 6.点赞表白服装化妆，请收下膝盖
哥伦布传 1492: Christophe Colomb,被配乐撑起来的电影，整体上和一篇命题作文没什么两样。
哥伦布传 1492: Christophe Colomb,"he didn't own sth,while he built that all"
哥伦布传 1492: Christophe Colomb,在一个相信圣诞老人的时代，你要问的是：世界的东方有什么？地球的地理格局是怎样的？哪些是当时宗教禁止做的事？谁的理论主导了当时社会对世界的认知？社会对私有财产的态度是什么？当时的科学宗教和医学的状况。人们是怎么进行航行的？船上的等级制度，谁决定航行的时长？与RS他作一样肤浅。
哥伦布传 1492: Christophe Colomb,本片诞生于哥伦布航海500周年纪念之时，雷德利斯科特首部史诗大片然而叙事平淡，手法稚嫩，中规中矩。范吉里斯的配乐却是旷世杰作，比起那首广为人知气势恢宏的『Conquest of paradise』，我更偏爱开场那首神秘魅惑的『Hispanola』，可惜后续篇章并未能很好承接这样让人心驰神往曲目所要引出的内容。
哥伦布传 1492: Christophe Colomb,雷德利·斯科特1992年就开始拍史诗片了，这应该算他的第一部史诗片。虽然对这类片子不太感冒（主要是太长了），不过得承认斯科特的四部史诗片中还是《角斗士》最好看。要说这部影片选取的角度还算独特，对哥伦布的刻画也比较全面了。西格妮·韦弗貌似除了《异形》就和斯科特合作了这一部片子？
哥伦布传 1492: Christophe Colomb,三星半，剧情不够凝聚啊
哥伦布传 1492: Christophe Colomb,在开头第九分钟，哥伦布在出发前和人辩论地球是圆的的时候，手狠狠的拍在了地球仪上。。。作为历史剧您能注点意嘛？三星都是给配乐的，征服天堂啊，太赞了。
哥伦布传 1492: Christophe Colomb,He is no more than a robber. No need to beautify him.
哥伦布传 1492: Christophe Colomb,前半部分很严谨，后半部分很血腥，对于萨大在这段历史中的数此出场 意外之余也一下子通透了很多。
哥伦布传 1492: Christophe Colomb,life has more imagination than we carry in our dreams
哥伦布传 1492: Christophe Colomb,一个人的传奇，一个大陆的悲剧
哥伦布传 1492: Christophe Colomb,6星的神曲！1星的故事-_- 到达新大陆前的质感还不错，可之后的故事就刻意戏剧化，反而失去了探险片本应具有的意向高度，视听技术的形式烘托反而让思想缺乏高潮。
哥伦布传 1492: Christophe Colomb,历史传记大概就看个画面听个配乐吧 Vangelis是真的有感觉有气势 昨晚观影体验并不佳 但有了BGM就让人很快能入戏 哥伦布第一次登陆那段真挺令人动容的 嗯把硬盘深处的火星神话找出来温一温哟~
哥伦布传 1492: Christophe Colomb,没看全，只记得血腥的画面、疯狂的飓风以及悲惨的印第安人~
哥伦布传 1492: Christophe Colomb,这片看的，昏昏欲睡啊，只有配乐能流传下来啊
哥伦布传 1492: Christophe Colomb,too shallow。。。and this is our begining
哥伦布传 1492: Christophe Colomb,音乐不错，虽然有点长
哥伦布传 1492: Christophe Colomb,冲着伟大的音乐给到三星好了，片子本身真是一塌糊涂……姑且不论改到夸张的野史，就它自己描述的故事，前后也太割裂了。
哥伦布传 1492: Christophe Colomb,结构太散了，有眼花缭乱之感，但我就是冲着这张OST去看的。
哥伦布传 1492: Christophe Colomb,还是片尾的曲子让我再一次销魂。
哥伦布传 1492: Christophe Colomb,五百周年献礼片咯 非常无聊 看完以后回想一下《甚至是水》里面说用英语就能大卖 哥伦布的主角大名鼎鼎却夫妻不睦 全都是在吐槽这部啊哈哈哈 莫名其妙的人物塑造和迪斯尼一样的中美布景 非常差的故事线和剧本 剪辑和特效作为九十年代初风格历史研究还行 配乐一枝独秀 西班牙中世纪复原的内容还好看些
哥伦布传 1492: Christophe Colomb,原来那段史诗大气的音乐出自这部电影啊，但是有些地方的配乐感觉好阴森恐怖，配合剧情怪怪的，权当是了解这段“改变世界”的历史来看不错。
哥伦布传 1492: Christophe Colomb,最后好像看睡着了……
哥伦布传 1492: Christophe Colomb,绝对主旋律，对哥伦布还是比较美化的；音乐没的说，慷慨激昂，催人奋进；绞刑的特写值得一看，之前还没有任何片子把绞刑描绘的如此具体
哥伦布传 1492: Christophe Colomb,"一直以为哥伦布是死在食人族口中的，原来如此。。。。。算看科普了 
但是情节确实有欠节奏，感觉不够紧凑"
哥伦布传 1492: Christophe Colomb,哥們挺彪啊，說話辦事跟別的國家早剁頭了。畫面音樂沒得說，別的一般。古装戏很喜欢，美术也挺讲究，女巫審判Garrote絞刑場面非常印象深刻
哥伦布传 1492: Christophe Colomb,There is more imagination in life than in dreams.
哥伦布传 1492: Christophe Colomb,电影本身很一般，我看了15分钟才搞清谁是哥伦布。配乐很赞
哥伦布传 1492: Christophe Colomb,如果能好好看的话，兴许能有4星，音乐很棒，但混合声道输出，效果大打折扣。。。其实scott两兄弟一直挺对我胃口的
哥伦布传 1492: Christophe Colomb,找到这部电影全是因为《国殇》的片尾曲 其实也是这片的片尾曲 气势磅礴
哥伦布传 1492: Christophe Colomb,拜托十七世纪才有启蒙思想，怎么可能15世纪的哥伦布就懂自由平等博爱了呢？金子金子金子！那时候的探险家就是为了财富才去冒险的！哥伦布有那么伟大嘛？靠！差点把他拍成华盛顿了。
哥伦布传 1492: Christophe Colomb,哥伦布发现新大陆，侧重于描写哥伦布与周围人的社会关系。
哥伦布传 1492: Christophe Colomb,导演想表达的我懂 但是电影还是太局限了
哥伦布传 1492: Christophe Colomb,最大气的配乐
哥伦布传 1492: Christophe Colomb,雷导涉猎广泛，这次横跨传记片和史诗片。传记片重在人物，关于理想、功绩的话语被过度使用。史诗片重在剧本，关于淡水、翻译等困难被轻易带过。航海家的伟大未被充分展现，殖民者的罪恶更是转嫁他人。平庸地颂扬哥伦布，没有惊喜。优秀之处：史诗配乐，古典摄影，徐缓镜头，高超的光线运用。5
哥伦布传 1492: Christophe Colomb,时代文化色彩很重，喜欢这一点
哥伦布传 1492: Christophe Colomb,讲得略乱七八糟，这片子告诉我们基督教不是好东西
哥伦布传 1492: Christophe Colomb,"“生活充满了想象力，超出你的梦想”
配乐闻名，电影倒略显落寞
大战部分（拍得挺震撼）彰显欧洲殖民野蛮生长时期的血腥和残酷，文明碰撞的困惑
500年后的后代还能接受高级荣誉头衔
结尾马虎
布鲁姆说，史诗的核心是英雄，我觉得斯科特会同意这点"
哥伦布传 1492: Christophe Colomb,文明的选择乃是残杀中的胜负。7.5分，经典音乐。
哥伦布传 1492: Christophe Colomb,对不起音乐啊
哥伦布传 1492: Christophe Colomb,电影只能说一般，音乐是经典。BTW：强烈谴责某电视剧盗用行径
哥伦布传 1492: Christophe Colomb,为背景音乐而来。背景音乐太骚了。。。。
哥伦布传 1492: Christophe Colomb,配乐真是大爱
哥伦布传 1492: Christophe Colomb,电影过于演义了。首先哥伦布是个残暴而失败的管理者，其次对于那些用活人做献祭的部落，难道我们要把他们当作同教兄弟一样来对待么？
哥伦布传 1492: Christophe Colomb,为了传说中的音乐去看的
哥伦布传 1492: Christophe Colomb,2个半小时 Ridley Scott 92年的作品 气壮山河 片子有些不干脆 梦想并不纯洁 片尾儿子问起父亲 你印象最深的场景是什么？ 这时哥伦布眼前浮现出的是大雾散去之后那片翠绿的大地 那是他一生梦想实现的时刻 本质上征服天堂还是一个关于人性贪婪的故事 只是梦想实在是太好的掩饰了
哥伦布传 1492: Christophe Colomb,3.5，看海报还以为是动画片，女王总有种违和感，海上的部分太少了点，音乐都说好但是我觉得和片子有点不太搭，倒是有几句能记下来的话，结尾部分不错。
哥伦布传 1492: Christophe Colomb,剧情其实一般，不够成熟，配乐真是豪华，原来很多著名配乐来自这部片
哥伦布传 1492: Christophe Colomb,和雷德利·斯科特后期的史诗片完全不是一个档次，剧本太烂，人物单薄，但是摄影却是其罕见的优美。最值得一提的就是配乐，Vangelis在这里的配乐只能用完美来形容，没有这个配乐，就是个不入流的烂片
哥伦布传 1492: Christophe Colomb,水平不够，很难评价。只能说够不上四星，略平铺直叙。Perhaps hope only exists in the journey. 成功的航海家，失败的总督。印第安人形象是客观的吗？
哥伦布传 1492: Christophe Colomb,有史诗的面貌，但无史诗的凝重。尽管人物性格不算单薄，对于宗教、王室等历史也有尽职展现，但是剧情太平缓有流水账嫌疑，基本上没有任何情节和情绪高点。【6/10】
哥伦布传 1492: Christophe Colomb,大鼻子情圣……
哥伦布传 1492: Christophe Colomb,配乐无敌了
哥伦布传 1492: Christophe Colomb,I am sailing
哥伦布传 1492: Christophe Colomb,文明是由梦想家们创造的，以及：有个儿子狠重要！
哥伦布传 1492: Christophe Colomb,几经辛苦说服女皇资助冒险旅程的他终于发现新大陆，可惜贵族们都视这土地为猪肉，只有他愿意维持乐土的自然纯朴，终被奸人排拆，究竟现实与梦想的距离，会否动摇这位梦想家的坚持呢
哥伦布传 1492: Christophe Colomb,中学时历史课看的...
哥伦布传 1492: Christophe Colomb,全英语，雷导，结果你告诉我是法国西班牙合拍？？
哥伦布传 1492: Christophe Colomb,略显冗长。
善意的背叛 Den goda viljan,想起上午放映事故的事情，我倒没觉得字幕不匹配这件事给我造成多少困扰，毕竟有原版的英文字幕可以参考，真正让人困扰的是那群在电影院里大呼小叫、因为自己一点权益受损就要破坏所有人观影体验的人。资料馆最终一定会免费重映的，这已经是一种惯例，于我而言重映更多是为了弥补这群人带来的恶劣体验。
善意的背叛 Den goda viljan,【台北金马影展展映】3小时胶片版。剧本由伯格曼根据父母的婚姻故事而改编，却不肯亲自导演。前半是八点档狗血爱情肥皂剧，后半则是另一视角下的《芬妮与亚历山大》。除了女主爸爸之外的不少角色都由内而外散发出令人生厌的臭脸气息。尤其是男主角，简直就是一个自讨苦吃的极品奇葩矫情犯，没有困难创造困难也要过苦行僧的生活。本片充分体现了门当户对在婚姻当中的重要性
善意的背叛 Den goda viljan,不是我的菜……震撼人心还得靠抡大嘴巴……Bille August真是被高估了，拍《中国小寡妇》挺合适的。
善意的背叛 Den goda viljan,一片大草地，令人颤抖的寒冬
善意的背叛 Den goda viljan,男怕入错行，女怕嫁错郎；穷逼渣男小白脸，为爱牺牲瞎了眼。午夜观影无睡意，闭门跏趺仨小时，看的不认真，看过留爪印~
善意的背叛 Den goda viljan,"快要结婚的相爱的男女因为婚礼是否要办得隆重而争吵。“不管是幸福还是不幸，我都会爱你”牧师结婚，久了发现婚前很好的夫妻之间还是会有摩擦。
"
善意的背叛 Den goda viljan,@梦静，这些年我总会忆起有一年在上海电影节，我们在深夜看完电影后，站在上海某一座天桥上争论到底是该收养别人家小孩还是不该的问题，但我只记得收养的娃抱着亲生娃奔向冰冷河水的镜头。今天间断三个小时只觉似曾相识，直到出现这个片段。感叹一下彼时至此的热情不减。（中国电影资料馆一厅胶片）
善意的背叛 Den goda viljan,这种电视剧剪成的电影，中间很多情节都略突兀，虽不影响故事主线。借了伯格曼剧本的光，可惜整个表达深度比伯格曼差得太多。过于古典，流于平庸，真配不上金棕榈
善意的背叛 Den goda viljan,家庭剧般的故事：门不当户不对、现实对爱的消磨、寒门子弟可能一辈子都磨合不平的骄傲与自卑……电影如河川流淌，偶尔迂回，偶尔激流，永不失古典式的庄重美感。环境、细节的融合烘托，令妥协、怨恨、犹疑的种种情绪，也积累成诗意的底蕴。
善意的背叛 Den goda viljan,穷逼渣男小白脸，阶层造就性格，三小时以上大师闷片慎观
善意的背叛 Den goda viljan,上海电影节/6月14日/新衡山 见到了导演老头儿，真帅！不过电影真的很沉闷……好吧，是我鉴赏能力不够，晚上9点-12点，连续3个小时坐在新衡山超级硬、超级不符合人体工程学的椅子上，实在有些折磨人- -|||
善意的背叛 Den goda viljan,近五个半钟头的电视版，分割为四个部分确实是个完整不错的、关于“阶级不同怎么相处”的家庭爱情故事。唯一特别出戏的是女主的一脸褶皱的老态，总感觉是男主他姨那辈儿的，因而当她呼“妈妈”等时候总觉得是为老不尊、鸡皮疙瘩掉一地；不禁想起郭德纲的段子“好秦香莲啦，我要是陈世美我NM也不要她”。
善意的背叛 Den goda viljan,英格玛·伯格曼父母的故事。
善意的背叛 Den goda viljan,为什么那么冗长。。。。但是画面很好。。。胶片才有电影的感觉。。。
善意的背叛 Den goda viljan,还是挺写实的，那些心理挺真实的，就是开头感觉这感情发展地好迅速，突然就那么激烈了。长。
善意的背叛 Den goda viljan,这应该是我看过的制片国家最多的电影
善意的背叛 Den goda viljan,（7/10）放映事故场，像同时在看两部电影。再夺目的影像在真实与现场面前都会黯然失色，何况本片除去结尾之外，冗长的剧情可以说是索然无味了。
善意的背叛 Den goda viljan,这桥段应该永远不会落幕，门不当户不对，富家女爱上穷小子，父母从中百般阻挠仍无济于事。可一旦面对婚姻生活，面对现实，都要触礁。既使做为牧师，上帝也不偏爱他。PS:电影的基调是我喜欢的，只是不够精简。
善意的背叛 Den goda viljan,事故远比故事精彩#北京国际电影节#
善意的背叛 Den goda viljan,婚姻需要双方在面对生活中的困难和挫折时相扶相持 贫困的婚姻更是如此 所以 如果有人支持不住 那么这场婚姻也就走到尽头了（换句话说 如果生活条件被改善了 那么 这场婚姻还是会继续下去的）
善意的背叛 Den goda viljan,什么时候补回前四十分钟，什么时候再加上一颗星吧。
善意的背叛 Den goda viljan,母亲的忠告是人生经验，也是阶层固化产生排斥后的深刻认识。凤凰男和富养女的结合是社会问题。警醒。 资料馆
善意的背叛 Den goda viljan,#180分版#没想到伯格曼把自己的故事写进去了。查了下资料，现实应该远比这部电影还要黑暗。估计童年的这段经历，导致了他后来同样孤僻的性格。电影终究是粉饰太平的艺术，生活本身的残忍没几个人敢去表现。对于奥古斯特来说，他其后表现过安乐死，但之于这部作品，拍得非常北欧和古典气息。不仔细看演职名单，甚至会以为这就是伯格曼自编自导的作品。其实3个小时没必要，有点儿流水账。这个版本已经说得很详细了，不清楚电视版多出来的140分钟讲了个啥。
善意的背叛 Den goda viljan,电影版明显能感到少了很多叙述，景色很美，情节………没有文化环境，感受力匮乏。看到最后才看出来善意的背叛指的是谁，3个小时讲听你妈的没错，你妈吃过的盐比你的脚都咸，门当户对什么的最重要，否则一辈子都只能用伟大的神性宽恕宽恕宽恕。
善意的背叛 Den goda viljan,冗长
善意的背叛 Den goda viljan,看的电视剧版，太长，节奏慢，只看了一集多。
善意的背叛 Den goda viljan,原来伯格曼差点被丢进水里。  #55th金馬。          可見不門當戶對的愛情要走到婚姻 需要多辛苦 多少勇氣 
善意的背叛 Den goda viljan,不是我的菜
善意的背叛 Den goda viljan,解释伯格曼对宗教情绪和生命意义的理解
善意的背叛 Den goda viljan,飘过
善意的背叛 Den goda viljan,很现实的爱情婚姻生活。323分钟也太长了，结尾才点题，看完更恐婚了。
善意的背叛 Den goda viljan,含蓄 内敛 节制，生活也就这样
善意的背叛 Den goda viljan,看他们两个好累。
善意的背叛 Den goda viljan,无聊的时候看看电影真好，跟着剧情喜怒哀乐，不错，有和我一样的吗？
善意的背叛 Den goda viljan,芬尼与亚历山大初稿版
善意的背叛 Den goda viljan,电影中我最不喜欢的东西，就是为了剧情而去虚造情绪，让人物显得虚假。这就是我讨厌这部电影的原因。
善意的背叛 Den goda viljan,"三小时的电影，男主是脾气暴躁的打老婆打小孩的渣男，女主为了爱情屡屡退让。虽然是博格曼父母的故事改编，剧情没有特色吸引之处。
古典音乐的bgm总是感觉和剧情不搭，为了舞美而刻意的取景并没有美感。
体会不到豆瓣上所谓的炙热的温情。
毕竟还是戛纳最佳影片。
只是遇上了我这个欣赏不来的人"
善意的背叛 Den goda viljan,【新天地UME】三个小时和最晚场造成三分之一不到的上座率，因此而没有杂音，能够静心。简单空灵的钢琴主调不断响起，如诗如画的摄影，全靠眼神和举手投足来传达的情绪转变和突然爆发的感情冲突，连那张弛的节奏都充满诗意。隽永的美，感人至深。结尾处的家庭聚会几乎跟芬妮与亚历山大开头一模一样啊
善意的背叛 Den goda viljan,在资料馆发生了播放事故，但所有人都在黑暗里等待，躁动和沉默。前排的一个大姐喊，“这怎么会事啊，也不给个解释” 那一刻，那么客观地感受到自己就是鲁迅笔下那些沉默者。这无关于英文字母大家是否看得懂的问题，而是我们面对这样粗暴的商业行为是否要反抗的问题。谢谢刚才发声的人。
善意的背叛 Den goda viljan,如果不是在影院，我怀疑我很难看下去。于是影院的魅力就都来了，几乎一声不经意的呼喊都会让你一惊。导演很喜欢借环境引申情绪，四季的变幻。包括配乐、情绪都是很缓的渗入，让观众一点点的去感受角色的困扰并辐射自身。
善意的背叛 Den goda viljan,母女联手弹琴有《秋日奏鸣曲》的影子，家庭纠葛和阴影在作品最底色处泛光。即使我们如此相爱，我们仍要为嫉妒猜疑怨恨所折磨。
善意的背叛 Den goda viljan,August他把平凡拍得太真實太深刻，深刻到電影結束仍久久不能自拔。 180分中不斷有人離場，但結束時的掌聲說明了一切。不要輕易在家嘗試挑戰這三小時，因為那種炙熱的溫存很難被理解。
善意的背叛 Den goda viljan,该片中的女主为了她坚信的爱情，每每的作出退让，生活中当遇见各种诱惑、试探而每每需要选择时。。。我们该如何去判断呢
善意的背叛 Den goda viljan,片子里的小孩不是伯格曼，伯格曼是片尾母亲肚子里怀的老二，电影讲的是伯格曼出生之前的事。结尾处理得真好，为了妻儿，亨利希妥协了，放弃在穷乡僻壤布道的理想，接受了首都的体面生活。也许每个儿子出生前，做父亲的都有过这种妥协吧。孩子眼里的父亲，也许就是父亲在做父亲前看不惯的样子。
善意的背叛 Den goda viljan,服了资料馆的观众水准！！放映故障没有中文字幕，大家一起看英文字幕20多分钟，才有少数人起哄。直到工作人员反复调试也没弄好，出来说只能放英文字幕版，不看的可退场。结果多数人选择继续看英字幕版，那可是将近3小时的全靠对白推进的剧情片！1点半放映完还有不少人接着看下一场....电视版更好！
善意的背叛 Den goda viljan,⒈哇，这应该是我看过的制片国家最多的电影；⒉额，中文匹配出现问题，只有英文字母可以辅助观影，仿佛有种来到英语课堂的既视感；⒊胶片放映、字幕匹配等出现问题，希望观众能谅解的同时，影院方也应在放映前做好出现问题解决问题的准备，为观众提供更优质的放映；⒋资料馆，这次，我依然谅解你！……
善意的背叛 Den goda viljan,太凶猛了。三个小时丝毫不觉得冗长，没有一句话是废话，虽然听不懂瑞典语，但仅从翻译都能感觉到语言的优美和抑扬顿挫。架构在集体人性上的婚姻，两位母亲、两位主角惊人复杂而真实，人物厚度达到一般人难以企及的高度。看似平凡，其实质感超强，北欧有史以来最大制作。金棕榈当之无愧。
善意的背叛 Den goda viljan,先后因字幕有误和断胶片往返影院多次才看完。回味两天仍无法提炼个明晰主题：阶级与性格是婚姻危机的根源？爱是恒久忍耐彼此牺牲？顾全家庭搁置理想是善意的背叛？都是，但都不够，厚重而深邃的电影值得再三朝圣。PS个人道德观：苦难不值得夸耀，更不能成为一言不合就冒火打老婆的免死牌。
善意的背叛 Den goda viljan,伯格曼父母的故事，看的是4集的迷你连续剧，每集90分钟，分4天看完。整体有些拖沓，不过如果剪成180分钟可能有些地方就不可能解释的很完整。还有不得不感叹，那配乐真的什么地方都可以用啊！！配乐很衬瑞典的荒野。
善意的背叛 Den goda viljan,伯格曼父母的故事，马麻卡琳的名字给了外婆，而亲爱的卡琳马麻名字叫安娜，就是伯格曼故事里最坚忍最善良的角色的名字。1.妈妈去借钱；2.冯叙多回忆安娜小时候，听到安娜放学回家的声音就开始紧张她会进来跟我亲吻，和我说话吗？3.伯格曼和安娜的吵架；4.其实我好心疼Petrus.
善意的背叛 Den goda viljan,英格玛·伯格曼编剧，剧情改编自伯格曼父母的婚姻故事.宗教、信仰、家庭，这些伯格曼探讨了一辈子的主题其根源原来在这里
善意的背叛 Den goda viljan,男猪让我想起某个人，或说某些人。女人总是更善于让步和妥协，但那是为了爱。而且不要以为她们的妥协和宽容无止境。这部片是关于生活本身的，有过一些体验的人大概会更好地感受吧。
善意的背叛 Den goda viljan,323分钟的剧场版，花了四天看完。另一种形式、质感和结局的傲慢与偏见，无法消弭 ，完完全全渗透到生活的潜意识里，最终造就一种欲拒还迎的悲凉。越来越佩服伯格曼的剧作。
善意的背叛 Den goda viljan,和平 6.19  2045   /  UME 6.12 2045
善意的背叛 Den goda viljan,深入探索一个家庭的婚姻史和两个个体的命运。是否为伯格曼父母的传记已经不重要了。和考里斯马基的《浮云》一块看，简直精神现实和物质现实都有了。
善意的背叛 Den goda viljan,@UME新天地  四季变换爱情纠葛，情绪非常非常地到位
善意的背叛 Den goda viljan,这似乎与《灿烂人生》形成了一个偶句。同是六个小时，一个发生在阴冷潮湿的瑞典，一个发生在温暖干燥的意大利。伯格曼父母的传记是他其他所有电影的同一变奏，剧中人的影子若隐若现，那种阴郁的宿命感不再表象为梦幻与魂灵，而是在单旋律的钢琴声的婉转低回中缓缓展开。
善意的背叛 Den goda viljan,如果不是在影院，我怀疑我很难看下去。于是影院的魅力就都来了，几乎一声不经意的呼喊都会让你一惊。导演很喜欢借环
善意的背叛 Den goda viljan,看了半段/
善意的背叛 Den goda viljan,善意的背叛，美好的愿望。
嚎叫 하울링,其实这部电影的主角是一条狗，宋康昊和李娜英两位相比之下就是浮云，作为悬疑类型的犯罪片，显得各方面都火候不够，导演过多的心血放在了剧情上，于是卡司浪费了，可惜故事也讲的过于平庸，悬念设置在氛围上太弱了，人狗夜奔的高潮简直太匪夷所思了。好在故事够黑暗，整体上差强人意。★★★
嚎叫 하울링,演的最好的是狼！哦，狗。宋康昊演这种片，辨识度真是越来越差了，不过，这一次，大叔又果断飞踹了，依然那么销魂。
嚎叫 하울링,邪乎的事儿被拍得很平庸，三颗星都归宋康昊
嚎叫 하울링,那只狗还真是亮点。
嚎叫 하울링,就还好......3星半
嚎叫 하울링,换我早吓尿了都
嚎叫 하울링,恩英这个角色塑造的很莫名
嚎叫 하울링,太扯淡了
嚎叫 하울링,这女的和宋康昊对戏居然一点都不来电。
嚎叫 하울링,154 还是变态杀人案有意思。。
嚎叫 하울링,喜欢那个御姐。。。
嚎叫 하울링,故事悬念也够，人狗情也在，只是最后的父亲形象太过于温情了。我个人不太满意里面的恩英的角色，不讨喜，一张捉摸不透的脸和表情，影片后半段其实在揭秘的同时更多的是恩英和疾风之间的情感戏，地上看到它的眼神，密室大火相互救助，到最后的公路上飞奔，戏都是不错的，但情感都没法感知到
嚎叫 하울링,一星给男主儿子！一星给养狗人女儿！一星给疾风！狗狗太抢戏了！另外 男主大叔 你能演点别的风格的片子么。。。这辈子你就是警察了？！
嚎叫 하울링,我脚着完全可以拍成两个电影么，再来个前传走家庭动物温情路线。。。
嚎叫 하울링,宋康昊的演技可比大眼睛妹妹好太多，但最好的表演还算是那条狼狗。
嚎叫 하울링,狗狗杀人事件~~
嚎叫 하울링,平淡，康浩哥的戏路开始下滑的样子
嚎叫 하울링,女主角从始至终一脸苦大仇深，疾风是全电影最抢镜的
嚎叫 하울링,一只狼狗的故事~
嚎叫 하울링,6.5分
嚎叫 하울링,很一般的电影，导演为了提携女主 基本没给宋康昊什么镜头 这部里宋演技也太不温不火了。
嚎叫 하울링,"剧情略假
"
嚎叫 하울링,主角是那只叫疾风的狼狗，后面那个配乐真让人一把鼻涕一把泪，宋康昊和这美女+文弱+智慧刑警的一手酱油打得可真好。这电影有主题吗？警犬/凶杀/职场适应/亲子关系/宠物情缘？三星给忠诚的狗和女主的容颜。
嚎叫 하울링,有点乱，线索有点乱！
嚎叫 하울링,看的时候不觉得，虽然不漂亮，但李娜英的记忆度还挺高，之前貌似也只看过她一部片子，爸爸喜欢女人？貌似是这名字。。电影的话，煽情路线走得不甚好，总之故事够了，但力度不够，总感觉差点什么，逻辑上也有不少BUG
嚎叫 하울링,狼狗杀人是个噱头 其他方面没什么出彩的 宋康昊的角色没有辨识度 发型都是那么平庸 反而李奈映演得挺好 眼神挺有戏的
嚎叫 하울링,看在狗的份上......
嚎叫 하울링,新手左右不是人。
嚎叫 하울링,好题材
嚎叫 하울링,《嚎叫》——为那条忠烈的狼狗不值。
嚎叫 하울링,最后那段公路追逐弱爆了！狗怎么会一直走公路，而且在临去复仇之前，故意回家一趟，把警察引来，感觉很不合逻辑。这段应该改成女警官诱捕疾风，安个GPS，追逐至罪犯处，多少还能说得过去。
嚎叫 하울링," 完全是冲着宋康昊去的 女主演那副信念的样子看久了是在有点吃不消  故事一般 剧情较弱 ,  整体没啥硬伤   希望来点更给力的惊悚犯罪片 ."
嚎叫 하울링,狗演得真好，那一双眼全是戏，宋康昊和李娜英都被秒杀了。值得一看的犯罪类型片。
嚎叫 하울링,前部分看饼叔和李娜英小暧昧，后部分看人狗情未了。
嚎叫 하울링,关于警察、狗的片子
嚎叫 하울링,作为刑侦电影是合格的，作为推理电影是不合格的。还有女主角和柴崎幸是有多像呀！
嚎叫 하울링,太中庸的悬疑片 除了只狗是亮点，其他一无是处
嚎叫 하울링,好狗。
嚎叫 하울링,冲着宋康昊大叔去的
嚎叫 하울링,2013.0106
嚎叫 하울링,电影两星狗加一星。。上公司理财看的，超无聊，好傻逼的电影
嚎叫 하울링,该死的是人不是狗.
嚎叫 하울링,失望
嚎叫 하울링,我的早睡记录啊T_T
嚎叫 하울링,韩国女性的社会地位真低
嚎叫 하울링,那狼狗是演得真正好！！！
嚎叫 하울링,20120822 home 这狗卖相和演技一流啊
嚎叫 하울링,演技这么好的一条狗 接了这么一片儿 可惜了 影片想制造悬疑 也想营造温情 结果双线平庸 和优秀的犯罪体裁韩剧相比 此片在犯罪剧情上太过单薄 缺乏悬念 最大问题在狗与主人的情感戏方面 因为狗并非主人受害时的见证者 主人也未为狗做过牺牲 所以最后狗搏命追杀凶手的戏很难得到观众的感情共鸣
嚎叫 하울링,这个以复仇为主线的犯罪刑侦故事，不是什么高端作案手段，也无需要挖掘惊天秘密，可偏偏侦破进程曲折缓慢，因为刑警绩效制度的顽疾，大伙不愿接小案，当小案成大案又不甘相让，还有不平等的男权主义打压和各种辈分资历产生的矛盾，最终让我感到：那只狗比人更懂性！
嚎叫 하울링,"女主角表演明显用力过猛，影片代入感不强。。
"
嚎叫 하울링,韩国导演里只喜欢柳河一个，擅长黑色调的暴力悲剧
嚎叫 하울링,又是拿狗做主题的悬疑电影
嚎叫 하울링,其实是为了看饼脸大叔…
嚎叫 하울링,人不如狗已是常识
嚎叫 하울링,聪明的小狼狗...
嚎叫 하울링,"每次看到宋康昊大叔在首尔的穷街陋巷里气踹吁吁的追追赶赶,就特别感动,和读钱德勒与布洛克相同的感动.美女刑警的加入,给猥亵大叔的冷硬添加了一些残酷的温情."
嚎叫 하울링,女主的气质好日本妹子
嚎叫 하울링,狗命狗取
嚎叫 하울링,日本人对忠诚的执念啊！感觉很多深层次的东西书应该比电影表达的更清晰，应该再找书来看。
嚎叫 하울링,宋胖和整个韩国电影一样，都过了巅峰走下坡了呀，李娜英蛮漂亮的，长得真不象韩国人，有点象中山美穗
国歌,中影史：这是共和国成立以来我国第一部全面表现《义勇军进行曲》诞生前后那一段历史的影片，刻划了中华民族“最危险的时候”，以田汉、聂耳为代表的一批民族精英与无数普通的中华儿女如何用无比的爱国热情与民族责任感、自己的聪明智慧与血肉之躯筑成中华民族“新的长城”的故事。
国歌,当年就觉得陈坤一定能红
国歌,小學組織觀影。主旋律筑起我們新的長城。
国歌,小时候学校组织看的，只觉得里面的聂耳好帅，果然！
国歌,主旋律电影，陈坤毕竟是科班出身，虽然1999年还是小鲜肉一枚，但无论颜值还是演技都是杠杠的
国歌,初中。
国歌,学校组织去看的。
国歌,比预想的来得好。竟不知这是吴子牛导演、陈坤参演电影（原误以为是2010年文章主演的《国歌》那个条目）。影像风格平实，镜头语言实在，表演形式自然，就是故事实在勾不起足够的兴趣，共鸣度欠缺。我想很多豆友不给好评的原因，是因为此乃一部主旋律电影？好吧~！3星半~！毕竟比预期好~！
国歌,真相才没那么悲壮咧
国歌,这还是在电影院看的呢
国歌,初中学校组织，阿房宫电影院，当时只觉得陈坤挺帅。
国歌,依稀记得聂耳指挥合唱的投入。
国歌,我十年前就看了。这话说出来真有范儿。
国歌,很早很早学校组织看的“大片”
国歌,我第一回看见陈坤果然是在这部电影里面!
国歌,小学3年级一起看的，记得聂耳很帅= =
国歌,这部电影其实揭示了一个极好的角度，便是中国最早的在历史动荡期蹒跚起步的电影史，只是这个题材被主旋律化了。
国歌,原来大家都是学校组织去看的。三星全是给陈坤的，最美好的初见。
国歌,补一个没收藏的。当年听到坤少演聂耳还是震惊了一下的，但没想到效果还不错
国歌,中学时看过。此次为了解九一八事变而看。留意到片中田汉的话剧，提到少帅在事变后的不抵抗，看到田汉剧中的阮玲玉、蝴蝶。叹息田汉熬过了抗日、坚持到了解放，竟然死在文革！而义勇军进行曲曾一度将其歌词替换。聂耳也去世的太年轻。
国歌,小学组织去看滴。。。
国歌,学校组织看的'第一次知道陈坤'现在想想果然比刘烨出名早
国歌,当时就觉得陈坤帅~
国歌,現劇課放映之一。
国歌,小时候用班里发的电影票去的电影院
国歌,学校组织看的~
国歌,1999年的国庆献礼片，当年还是小学生的我随学校集体去电影院观看此片。昨日重温此片，发现青涩的陈坤皮衣+高领毛衣的打扮很潮啊！不知道是不是因为田汉是话剧导演，该片所有演员全都是在拿话剧演电影。虚构的梅香堪称田汉的铁粉，暧昧的情愫还未绽放就凋谢了。该片笑点多多啊！
国歌,小时候包场，剧情早已忘记，为第一次看到陈坤小朋友给三星吧。
国歌,真的是陈坤演的啊…
国歌,小时候我爸带我看的，都记不得了，只依稀记得几个片段，原来是陈坤演的……
国歌,"那时候的陈坤可帅了,不像现在."
国歌,嫩的掐水的陈坤！
国歌,老片子看着还行，居然是陈坤胡歌处女座
国歌,中学时的包场~。。
国歌,还年轻的坤哥演的主旋律电影，陈坤是有天赋的演员。
国歌,那个时候我们还在上小学，那个时候学校还会组织我们去电影院看电影。记得那天看过电影，班主任问一个女同学：“好看吗？”女同学兴奋地回答：“聂耳好帅啊！”我站在一旁，被雷倒，班主任当时样子好囧啊。哈哈哈~~~后来长大看《金粉世家》，就永远记住了七少爷~~~
国歌,记得我看过的……太久以前了……只记得个结尾，不过怎么是居然是陈坤演的？！
国歌,小时候学校搞爱国教育组织看的。
国歌,CCTV6爱国教育电影。
国歌,反法西斯胜利70周年纪念。
国歌,学校组织看的，就记得陈坤演聂耳！
国歌,主流电影
国歌,小学时的包场。里面居然有陈坤。！
国歌,学校组织的那种看电影的感觉
国歌,主旋律电影，质量也就那样，剧情已经记得不大清楚了。5.6
国歌,初中学校组织看的
国歌,小学洗脑片
国歌,小学记忆！！
国歌,小学在电影院看的，只觉得聂耳好帅啊！
国歌,野心太大，却缺少直插红心的利爪
国歌,最后词作者在文革被迫害致死。
国歌,那个时候还不知道聂耳是坤少！
国歌,小学被学校拉到电影院看的片子
国歌,小学的电影院，就把陈坤记住了，也是看他的第一部片吧，当时就觉得这人可真帅
国歌,电影院里也看过。。国庆节每年都放。。看着还是很热血沸腾的。。
国歌,原来我那么早就看过陈坤了，一直觉得国歌的demo好差劲。
国歌,为了坤哥看的，年轻的坤哥阳光帅气不可抵挡，不过台词表演比起现在的确差不少，说台词有点舞台剧的感觉，何政军演的好，孔维看起来有点怪，看演员表，老胡竟然客串过群演
国歌,初中学校组织看的
国歌,小学组织去看的。
国歌,当年学校组织看的
圣之青春 聖の青春,东出昌大好适合穿着和服、戴着眼镜、摇着折扇，在庭院落着雪的时候身边放着刚泡好的茶下棋哦
圣之青春 聖の青春,“你看过的大海，和别人不一样。”
圣之青春 聖の青春,「让这孩子做喜欢的事，然后自己去死吧」
圣之青春 聖の青春,相当平庸
圣之青春 聖の青春,确实是拍给懂将棋的人看的
圣之青春 聖の青春,人们通常无法决定自己如何死，但却能决定自己怎样活，全片最压抑的莫过于时间流逝时无情的倒计时，生命慢慢凋零的时候，像下棋一样，每走一步都是纠结与不甘心。
圣之青春 聖の青春,为将棋生，为将棋死，虽然神灵的安排全部出乎预期而想消灭神灵，但这样的安排到头来看似乎也并不那么坏？对于只有青春的人，头发和指甲都那么珍贵。最惋惜的是，那场理想中的恋爱终究未出现。最后一局棋局中间，两人透过窗看猫，美好的一幕。叙事多次出现观影心理上的割裂，有些影响情绪连贯。
圣之青春 聖の青春,节奏有点慢，剧情比较模式化。松山研一肥墩墩的样子，演技还不赖
圣之青春 聖の青春,永恒的主题“生与死”，虽没有平白直叙的挑明，却渗透在了每一场景中，流露在了最后棋场对决的小细节和动作上，暗流涌动里的残酷，那种义无反顾拼尽全力的样子，比谁都想帅气的赢，越是风轻云淡，越是五味陈杂，Ken酱增重20斤诠释了用“生命”在演戏，（将棋的科普看来有必要作为一个兴趣可以去了解
圣之青春 聖の青春,拍得平庸，但故事底子很硬，有些镜头真是拍出了“将棋”的静，三个人夫都不错；平凡如我们的江川在赛场上流鼻血的那段其实最残忍。雪夜那次输的时候，羽生笑着说今天输给你真是难受得想死啊；最后一次赢的时候，他却在圣错手一着后，为对手落泪，最不甘心最绝望的一幕。输给老天，真的太太太不甘心了。
圣之青春 聖の青春,增肥20斤的松山研一。
圣之青春 聖の青春,松山研一的肥没有白增，那种倔劲在对弈时竟然从屏幕里冲出来了。感觉还是传统的传记片，借棋局引出人生此局，聖那种「負けたくない」的态度，大抵是电影的精髓。
圣之青春 聖の青春,当你生命里只有一样东西，那种唯一的珍贵是常人难以想象，将棋这个我原本根本没听说过的棋类竞技，居然是这样孤单而漫长，痛苦又会让人入迷的事，肿的无法辨认的松山君，和帅出天际的东出君，演绎了两位惺惺相惜地将棋天才，最后一局结尾处，默默地流泪真是感人。
圣之青春 聖の青春,#HKIFF# 两星半。拍棋局是很难的，观众难明规则，只能靠弹幕式的反应揭露；又容易拍成棋如人生之类，尤其是主角将死。唯有展现人物个性的一些小细节小段落才有些亮点。
圣之青春 聖の青春,差点被名字和海报骗了，气质很不错
圣之青春 聖の青春,演员增肥扮丑无疑是演员们证明演技的利器，但是看着太不舒服了。故事在动人何无聊之间来回徘徊，看你带着怎样的心情看。但我看得很累。
圣之青春 聖の青春,那个美美的松山研一呢？？
圣之青春 聖の青春,拍出了棋的静谧和禅意，但是太缓慢了，有点儿难以入戏。
圣之青春 聖の青春,拍得。蛮美的
圣之青春 聖の青春,没看见青春，只看见病痛如何毁灭一个人。
圣之青春 聖の青春,2017年5月7日	我用下载的方式看过此片
圣之青春 聖の青春,"看哭了，这个电影为了还原，专门去拜访了羽生善治。“你都是如何回忆我。”
这种亦敌亦友的感觉，我真的每次都很感动啊…"
圣之青春 聖の青春,"不是我喜欢的传记风格,看不下去. 有点慢...B站有资源."
圣之青春 聖の青春,为棋生，为棋死，不想输就是全部。
圣之青春 聖の青春,松山健一真是可爱。
圣之青春 聖の青春,最后对弈的两人一直落泪，挺让人感动。
圣之青春 聖の青春,比田壮壮的吴清源略好一些，胖松山挺萌的。
圣之青春 聖の青春,松山研一演的很好啊 这个世界上还有比东出昌大更适合和服的男人吗
圣之青春 聖の青春,3.5，但有几场非常棒。雪天与羽生的对弈，太美。弈后喝酒有点用力过猛，尤其是又闪回一次，过了。还有最后一局真的是好，无论内心多么不忍，还是要含泪赢你。
圣之青春 聖の青春,最后对战时饭桌对话的回忆不是重新拍摄剪辑，而是重复播放了一遍。。。= =
圣之青春 聖の青春,嗯…我更爱《吴清源》和《百元之恋》，真的不是粉（jī）丝（qíng）电影吗？（喂！观众你们要控制住你自己的笑点啊啊啊！！！
圣之青春 聖の青春,这海报简直就是一种智障也有春天的既视感
圣之青春 聖の青春,人夫大战
圣之青春 聖の青春,东出昌大曾在情热大陆里说自己喜欢落语和剑道，我估计他应该也喜欢将棋。影片前段的那些棋局外的闲笔处理的蛮好，反而棋场的段落弱了。另外，看日本年轻一代的俳优，再对比我国的所谓流量“抠图”小生。或者说，国内影视市场变成这样，观众也有责任。
圣之青春 聖の青春,2016 #19 大阪阿波羅
圣之青春 聖の青春,道法自然。
圣之青春 聖の青春,三星半 因为是真实事件 所以有加分的地方 日本有L为了角色变成xxl 美国有贝尔为了角色增肥几十斤……要不怎么说别人演的就是好呢？
圣之青春 聖の青春,唯一喜欢的是以失败告终的人生。
圣之青春 聖の青春,三星半，和下棋一样沉静的作品。亦敌亦友，除了将棋基本没有其他共同语言的两个人，最后是用怎样的心情对弈，才能做到要赢的一方也泪崩不忍？最喜欢村山和羽生喝酒的那一段。
圣之青春 聖の青春,活比蹈海苦，将军此身决胜负，生死如神无。
圣之青春 聖の青春,肥宅。
圣之青春 聖の青春,好几次能感受到村山的绝望。搬家时一瞬间惊慌说我不要住在墓地旁边，弥留时说爸爸我这是在干嘛。表现出来的无助，这么真实。让人难过地不知如何是好。我很少能感受到什么东西比生命重要，这次可以感受到。村山的将棋和不想输，比他的生命重要得多。如果早点喜欢上，去电影院看就好了。
圣之青春 聖の青春,虽说有些沉闷，但是松山演绎的不错，敬业。都是些喜欢的演员发现染谷和东出变得都好帅气。没想到他那么喜欢多田薰的作品呀
圣之青春 聖の青春,松山的演绎一步步铺到临界 羽生善治的落泪是临门一脚
圣之青春 聖の青春,还行，但真心无感。
圣之青春 聖の青春,四平八稳的发挥。（不懂将棋）
圣之青春 聖の青春,电影走向无起无伏，平淡得残酷。为什么要下将棋？神早已做好选择，我们只是来体验选择的而已，可我不想输。
圣之青春 聖の青春,【B】几场对弈都拍得很好（电影技巧上），但这种展现了境界，抛弃棋本身的做法，实在没法判断是否真的高明……反正现在看很流于表面。小酒肆的一番对谈确实是最重的一章（而非比赛），但台词过于直给反而失却了棋逢对手间相惜又不可明说的暧昧感觉。其实全片台词都不好。最后表白东出。
圣之青春 聖の青春,东出昌大可以再去演一下巅峰期的石田芳夫
圣之青春 聖の青春,为了松山研一而看 虽然剧情不太好看-。- 可是 演员真的太辛苦啦 致敬！
圣之青春 聖の青春,好拖沓……好吧我是将棋门外汉。跟对手也跟自己的病情搏斗，演绎有可圈可点的地方。
圣之青春 聖の青春,3.5，不是说不好，无论是题材到拍摄手法还是演员的敬业精神，都可以说是一部好电影；如烟花般绽放的人生，应该是古典日本人推崇的，但谁又不想让自己的路走得更长一些呢 
圣之青春 聖の青春,3.5 比想象好，叙事通畅克制，把将棋展现得温润优雅。如果不能够战胜神明带来的病魔，不如用他给我的力量打败对手。赢得眼前这一手棋，就等于从他手中赢得了生的光芒。棋逢对手，松山和东出演的都好。
圣之青春 聖の青春,无法超越的死亡笔记
圣之青春 聖の青春,没想到L先生（松山研一）可以拍如此有深意的传记片，有些出乎我的意料！
圣之青春 聖の青春,其实作为传记片多多少少有点焦点错乱。比如村山圣人生最重要的一战应该是他的王将挑战…那场决战的对手恰好不是羽生…
圣之青春 聖の青春,村山圣(松山研一饰)从小喜爱将棋立志成为职业棋手，但是病魔缠身29岁便英年早逝，其短暂而精彩的一生将浓缩在电影中
圣之青春 聖の青春,男主长得像尾田大神啊
圣之青春 聖の青春,青春逝去
圣之青春 聖の青春,最关心研一是怎么增肥减肥的
圣女贞德蒙难记 La passion de Jeanne d'Arc,在我看来圣女贞德这部电影完全可以打上boring的标签 不明白为什么那么多人觉得它不错 一个臆想症精神病患者少女 在不幸事件的刺激下做出的疯狂行为 被民众看做奇迹多半只是因为他们对现实太绝望要抓根稻草 而战争中的佼佼者往往有坚不可摧的信念 不管是否来自宗教信仰 其实本质都一样 笃信才舍得献身 
圣女贞德蒙难记 La passion de Jeanne d'Arc,无关技巧性和开创性，我不能接受的原因在于不结合典故的前提下，作品空间内没有任何一方面（或者说任何一次拷问的落空）可以证明贞德并非愚忠，即便她的信念绝对“正确”。而如果德莱叶的态度是“无论愚忠与否，苦难/坚守都值得被放大/歌颂”，那对我来说便绝无感染力可言，所谓人性摇摆也离灵魂很远。
圣女贞德蒙难记 La passion de Jeanne d'Arc,各种CU大脸，视觉疲劳得紧。。。
圣女贞德蒙难记 La passion de Jeanne d'Arc,45度的仰拍特写从电影技术上讲属于大师手笔，但就观赏角度来看并无多少美感可言。其实仰拍特写已经很震撼了，使劲睁大眼睛有些画蛇添足。
圣女贞德蒙难记 La passion de Jeanne d'Arc,The.Passion.Of.Joan.Of.Arc.1928.DVDivX-SChiZO
圣女贞德蒙难记 La passion de Jeanne d'Arc,应该是表现主义电影吧，眼睛里爬出蛆虫的骷髅。不喜欢。剧情、画面、表演在同时代的影片中完全不突出，参考同时代《大都会(1927)》、《寻子遇仙记(1921)》。看那些给5星的人中还有说配乐怎么怎么样，都不知道早期默片压根儿没有配乐么？我既不宗教狂热、也不膜拜老片、也尽量做到不装B，7分。
圣女贞德蒙难记 La passion de Jeanne d'Arc,没有信仰的人着实体会不了片子的深刻内涵，只觉得贞德是一个信仰高于一切的人，女主的演技出神入化。
圣女贞德蒙难记 La passion de Jeanne d'Arc,"影史意义：4星
被赞誉为国际风格默片中最伟大的一部。把三种先锋运动融入一种新鲜而大胆的风格，令人目眩的空间关系有助于把注意力高度集中于演员的面部。

观赏性：4分
说实话我不喜欢。特别棒的是贯穿影片的背景歌剧，在我听的不多的歌剧里是一下就抓住我的作品，不知道是不是修复添加的。而影片本身作为默片用了大量的对话字幕，什么“有助于把注意力集中在面部”，明明就是高密度的特写非要让我集中在面部，几乎没什么场面调度（场景极度简洁），用特写堆砌，我是没看到印象派和蒙太奇运动的影子，书上说是国际风格我也不太理解。歌剧是真的好听！"
圣女贞德蒙难记 La passion de Jeanne d'Arc,not my cup of tea（我好狭隘..捂脸）吐口水真的。。。要被抓起来
圣女贞德蒙难记 La passion de Jeanne d'Arc,看后只有一个感想——女孩子不要老把脸仰着，显胖。
圣女贞德蒙难记 La passion de Jeanne d'Arc,太累了，看完好累，分两节在法国历史课上看完更累。宗教性同我无缘。
圣女贞德蒙难记 La passion de Jeanne d'Arc,宗教音乐太好听。。研究Gros plan运用必看的片子
圣女贞德蒙难记 La passion de Jeanne d'Arc,经典！而已！
圣女贞德蒙难记 La passion de Jeanne d'Arc,并不是自己喜欢题材，主要是对这段历史不太了解吧，也不太喜欢宗教，没看前以为是讲圣女的传奇故事，但原来是放在了最后的审判，而且也没有想象中的壮烈，其实圣女也是一个普通人。虽然观看和理解有些艰涩，但配合优美的钢琴伴奏不知不觉也看完了
圣女贞德蒙难记 La passion de Jeanne d'Arc,太早了，只能说，当年还是有很多开创性的，贞德的脸的特写
圣女贞德蒙难记 La passion de Jeanne d'Arc,看之前对这部片子所处的历史环境的背景知识了解为负，极大的影响了我的观感以至于结束后有人鼓掌时我实在是无法一起舞动双手，以及我希望默片时代千万不要复辟。最后我想给自己打5颗星，不仅要陪男朋友看还要在看完以后听他讲最后一段火刑柱拍的有多美，被自己感动。
圣女贞德蒙难记 La passion de Jeanne d'Arc,事实证明我太不适合形式主义。
圣女贞德蒙难记 La passion de Jeanne d'Arc,场面调度的完美运用将信仰的崇高凸显至极致，可扮演贞德的演员永远面带惊惧的表情真令我出戏。上不着天下不着地的眼球过于夸张，虽然我明白其信仰所面临的巨大考验，但我想象不到一个精神如此不稳定的英雄怎么在战场上为法兰西带来胜利。我认为这部电影镜头的表现力很惊艳，但对于演员的演绎不敢恭维。
圣女贞德蒙难记 La passion de Jeanne d'Arc," purest cinematic art, timeless in every sense"
圣女贞德蒙难记 La passion de Jeanne d'Arc,镜头极度风格化的特写、低角度、偏离中心，再搭配纯白背景，营造精细压抑的神圣感，让人看的实在不舒服。
圣女贞德蒙难记 La passion de Jeanne d'Arc,真的不喜欢，文化的差异太大，大到不能透过这些经典的镜头来欣赏这部电影
圣女贞德蒙难记 La passion de Jeanne d'Arc,"找不到中文字幕,只好硬著頭皮看完英文字幕"
圣女贞德蒙难记 La passion de Jeanne d'Arc,比较有震撼力，喜欢唱诗班悲壮的配乐。一提到默片，我就比较不容易吐槽。第一遍观看我还想给4星但是真心不是我的菜很无感，第二遍看真心感受太多，宗教感太强想给三星了。
圣女贞德蒙难记 La passion de Jeanne d'Arc,"7.0
不是我的菜啊，一直忍着想快进，忍到最后十分钟才快进。这应是哭版贞德，从头哭到尾，不太喜欢，尽管我认同监狱和高压之下，女人可以哭。其他审判官演技可圈可点，表现主义手法，默剧也只能是表现主义。"
圣女贞德蒙难记 La passion de Jeanne d'Arc,许许许许久没看默片，还卡碟，让我情绪无法安放，镜头艺术感很强，全部特写镜头，但不大喜欢她的表演，也许后半部分是OK的，留待后面再补看吧，毕竟是德莱叶呢，扶额
圣女贞德蒙难记 La passion de Jeanne d'Arc,一部被神化了的影史实验片，无论是表演还是导演风格都被神化了。的确，即使在今天也很少有导演这么玩，用特写布局全片，但剧情真的没有什么可解读的，因为从今天的角度看那个年代的政治手段，都觉得无知幼稚可笑。女主角从头到尾都是一副绝望的表情，身上不知背负了多少子民的罪孽，到了最后也没有像她说的“愉快地接受死亡”一样，也没有体现她是一个女将身份，表演没什么层次。
圣女贞德蒙难记 La passion de Jeanne d'Arc,美学意义大于实际意义的写真集。
圣女贞德蒙难记 La passion de Jeanne d'Arc,影像语言没的说，全片都在玩特写、蒙太奇、各种拍摄角度、移镜..缺点，至少对现在的观众来说，实在是太慢了，冗长..冗长的受不了，咬着牙看完了这部90多分钟的所谓影史十大佳片...
圣女贞德蒙难记 La passion de Jeanne d'Arc,特写的手法挺厉害的，最后神父们都同情她了。不过她竟然害怕火刑柱，竟然祈祷在死去前的痛苦尽量少些，有点出奇。
圣女贞德蒙难记 La passion de Jeanne d'Arc,英版花木兰，不过惨好多
圣女贞德蒙难记 La passion de Jeanne d'Arc,虽然我讨厌基督教，也知道圣女贞德完全是近代法国nationalists挖坟造出来的国家英雄，但是敢把圣女拍成不堪折磨的样子，也比我国只会拍大义凛然高到不知道哪里去。不过这也是基督教传统吧，把基督画成死人也有几百年历史了。
圣女贞德蒙难记 La passion de Jeanne d'Arc,没看出什么，是我的水平还不够？
圣女贞德蒙难记 La passion de Jeanne d'Arc,电影史复习day-7：二十世纪二十年代这十年，对于电影而言，是一个神奇的阶段，诞生了苏联蒙太奇学派，法国印象派，德国表现主义。本片是德莱叶导演融合不同风格流派后，最有名望的一部默片。大量的近景和特写，交叉剪辑，将演员的表演观察入微。伟大的女演员，伟大的音乐，伟大的默片时代。
圣女贞德蒙难记 La passion de Jeanne d'Arc,为信仰而死，我不能肯定能否叫作高尚，甚或是伟大。但是为所谓的宗教信仰而死就真的没有什么意义了。这一场看似神圣、高尚、宏大的牺牲，被导演建立在一个虚幻的宗教信仰的基础上，使得这场自我献祭更像一出表演，而没有多少实感。
圣女贞德蒙难记 La passion de Jeanne d'Arc,什么？管风琴配乐？？？什么？我看的没有任何声音啊
圣女贞德蒙难记 La passion de Jeanne d'Arc,仅供瞻仰，可看性不高，反对后世影响不小，戏肉跟西科塞斯和吉布森俩人的耶稣相似，吕克贝松那版不提也罢
圣女贞德蒙难记 La passion de Jeanne d'Arc,那可怕的斜上仰角啊……
圣女贞德蒙难记 La passion de Jeanne d'Arc,"全片脸部特写，贞德空洞的眼神或瞪大的双眼和止不住泪水。
又是一部修为不够不配评分的电影。"
圣女贞德蒙难记 La passion de Jeanne d'Arc,光影很美，考虑到这是一部默片，就会惊叹德莱叶的驾驭能力，贞德题材上从某种意义上来说不可超越的一作
圣女贞德蒙难记 La passion de Jeanne d'Arc,"看的是82分钟版，不知与原版110分钟有何差别. 以前那时候贼眉鼠眼的宗教领袖自以为是一直统治着实权,打个不恰当的比喻,川普的上台给那些自以为是的政客很大的冲击,给民众看清一些人的真面目."
圣女贞德蒙难记 La passion de Jeanne d'Arc,在讨论这部电影的时候，在伟大的后面应该加个实验吧。关于表达方式，也许偶尔的出现不会引起人们的注意，但如壁画般的记录可能启示了后来者“特写”的确是表现心理的好东西。另外一个启示或许可以是用作表演班的第一课上“有些演员只演一部电影也可以名留青史”。
圣女贞德蒙难记 La passion de Jeanne d'Arc,使用大量仰拍和俯拍镜头，暗示着着强势与弱势，也具有道德上的审判作用。仰拍、移镜头展现众人的不屑和蔑视。通过特写以及放大处理突出人物情绪，减少用动作、环境讲故事而是大部分用面部特写，表现贞德的圣洁、对信仰的虔诚和自信与众人的恶，将心理情感的具象化。配乐恢宏，献身精神及圣洁之光与尘世的痛苦形成强烈的撕扯，主观音乐的节奏感与画面对接。剪辑上，特写贞德受审时的表情与门和武器交叉剪辑，绞刑架与贞德的恐惧绝望、法官的威逼压迫交叉剪辑不断渲染，心理蒙太奇，骷髅暗示内心的恐惧和死亡的绝望。刁钻的摄像机角度例如半张面孔构图、白鸽隐喻、以及最后烟与火交织着的伟大受难者形象使得群体反抗，极具震撼力。
圣女贞德蒙难记 La passion de Jeanne d'Arc,虽然我反复提醒自己看的是有史以来最伟大的电影之一，但这部真的很难看啊😂😂😂感觉还不如女朋友看的专心
圣女贞德蒙难记 La passion de Jeanne d'Arc,摄影角度还有布景真的都是眼前一亮 ！法国先锋派。好像走在现代艺术画廊。不过打三星是因为作为无神论者 很难从这个传记里面找到情感共鸣…
圣女贞德蒙难记 La passion de Jeanne d'Arc,时时留下的眼泪与虔诚之心不受动摇，特写镜头频繁切换，夸张厌恶的嘴脸在镜头前晃动。戏剧又反戏剧。贞德的眼睛一直向上看去，那是上帝所在的地方。虽然是无声黑白却感受到被囚禁逼诱时情感的张力。火刑下的镜头与平民来回剪辑，像是一场灾难降临，而审判者只是假借上帝之名伪善的神父有权的法官而已～
圣女贞德蒙难记 La passion de Jeanne d'Arc,女主演为了拍片连静脉放血都干了，彼时演员真是疯子。另外镜头运动水平确实领先，然而依旧没有卵用
圣女贞德蒙难记 La passion de Jeanne d'Arc,太丑了……而且……没有元帅……
圣女贞德蒙难记 La passion de Jeanne d'Arc,映像深的是大量的大特写，默片特有的符号化镜头。
圣女贞德蒙难记 La passion de Jeanne d'Arc,一战后电影欧洲化之集大成，德莱叶的小眼神是传统啊
圣女贞德蒙难记 La passion de Jeanne d'Arc,歌剧般的配乐，特写大特写展现人物心理
圣女贞德蒙难记 La passion de Jeanne d'Arc,无声电影诶~很早就听说她的名字
圣女贞德蒙难记 La passion de Jeanne d'Arc,纯粹电影（88分钟版）
圣女贞德蒙难记 La passion de Jeanne d'Arc,一群该死的糟老头欺负一个虔诚无知的少女
圣女贞德蒙难记 La passion de Jeanne d'Arc,很抱歉，欣赏不了...面部表情特写贯穿整部电影  #后来发现是自己不了解这段历史
圣女贞德蒙难记 La passion de Jeanne d'Arc,电影本身没有打动我，但影片的表现方式我很喜欢，通过大量的人物面部表情特写，营造出众多人物的心里变化，还有许多的仰拍和斜拍镜头更加深了影片的情绪氛围，更别说还有大量的隐喻蒙太奇。
圣女贞德蒙难记 La passion de Jeanne d'Arc,不理解宗教信仰，只能以感性感受、理性分析，生产力爆发的背景下，残暴无知的统治方法促进了无产者的觉醒，贞德是导火索。她的苦难遭遇被镀金撒盐加醋，以迎合大众口味。在我看来，镜头下她怕死又狡黠，一套哩格啷糊得阅人无数的大法官们左右为难，而后先是偷生再又反悔，这种不坚定是人生一大遗憾。
圣女贞德蒙难记 La passion de Jeanne d'Arc,作为一个外国人，在不了解历史的情况下是不明白贞德为什么被抓的，所以如果有个背景介绍的话我会打五星，可惜看的有些莫名其妙，女主演技和剧情都很棒。。。
圣女贞德蒙难记 La passion de Jeanne d'Arc,闷死个人
圣女贞德蒙难记 La passion de Jeanne d'Arc,不是很明白，我把她当刘胡兰看的。
圣女贞德蒙难记 La passion de Jeanne d'Arc,在诸多圣女贞德的电影里这部一般来说评价最高，不过理由无外乎德莱叶的45度特写和蒙太奇默片才能拍出贞德的圣容。但其实这个视角是反的，应该是从德莱叶到布列松的中景，最后到吕克贝松的商业片风格，这个过程反映了不同时代对于贞德的认识。所以用什么镜头反映的是时代精神，而不是对拍摄对象的忠实还原问题。
"圣弗朗西斯之花 Francesco, giullare di Dio",7.2 虔诚信徒的面孔纯洁无辜、人畜无害，甚至常有白痴智障的神色，罗西里尼对宗教的态度让人困惑，印象里他是个共产主义无神论者（不知道到底是不是），也常调侃（现在看来更像是调戏）宗教，本片中有类似教士追着“猪兄弟”捐蹄子等让人忍俊不禁的片段，然而怎么他又拍出了夜中遇麻风病人这样无言而动人的虔诚片段呢？
"圣弗朗西斯之花 Francesco, giullare di Dio",宗教短篇故事集，紀錄片般的影像樸實純粹，選擇淡入淡出、留白省略的敘事手法，除了影響帕索里尼，相信也啟發一對導演兄弟檔，那就是塔維亞尼兄弟。
"圣弗朗西斯之花 Francesco, giullare di Dio",—您知道怎么祈祷吗？—是啊，“圣母玛利亚”。
"圣弗朗西斯之花 Francesco, giullare di Dio",其实真没啥意思，整个价值观人生观哲学思想差一大截子。
"圣弗朗西斯之花 Francesco, giullare di Dio",FILM150: Italian Neorealism. Not a fan
"圣弗朗西斯之花 Francesco, giullare di Dio",信仰的前宗教时代展示的信念与现实的冲突。粗砾质朴的真实，而志气昂扬。但整部片子结构太散了，极易走神。最后一节，教士们原地转圈，直至头晕。头倒向何方，就奔赴何方传教。结尾很妙。
"圣弗朗西斯之花 Francesco, giullare di Dio",这些伟大的牧师们啊，每一个单拎出来都比唐僧还艮。
"圣弗朗西斯之花 Francesco, giullare di Dio",我对这个教派有涉猎
"圣弗朗西斯之花 Francesco, giullare di Dio",11个片段式的小故事展示方济各和修道士们的传道生活，很天真很质朴，算是宗教片里的清新之作了。
"圣弗朗西斯之花 Francesco, giullare di Dio",传教士的最大精神就是执着和内心中对基督耶稣信念的坚定信仰
"圣弗朗西斯之花 Francesco, giullare di Dio",我完全是把这部电影，当成一众修士修炼自我的日常集锦来看，而且，弗朗西斯和他的教徒们实在是太可爱了。
"圣弗朗西斯之花 Francesco, giullare di Dio",用素描的手法刻画了修道士圣弗朗西斯的故事，很强的宗教寓意，故事性欠缺。
"圣弗朗西斯之花 Francesco, giullare di Dio",宗教壁画改编
"圣弗朗西斯之花 Francesco, giullare di Dio",演员表演朴拙，整部电影又显然拍得很讲究。如果不在基督教的文化传统里面，看这部电影还真索然无味。想想，基督教的伦理以及各种思想观念，真是对古希腊传统的绝大颠覆。
"圣弗朗西斯之花 Francesco, giullare di Dio",对宗教不感兴趣，看看摄影构图
"圣弗朗西斯之花 Francesco, giullare di Dio",看了三个礼拜 每次都看的睡着 以至于最后看到片名就困了 清醒的时候看还是蛮好看的 
"圣弗朗西斯之花 Francesco, giullare di Dio",有教无类，智者的信仰，宗教的指归。
"圣弗朗西斯之花 Francesco, giullare di Dio",从电影角度将无论是剧本摄影…都是部很不错宗教信仰和人间真善美的影片，但对不起我个人不信这个！
"圣弗朗西斯之花 Francesco, giullare di Dio",对教会历史感兴趣，所以找来看看。片中所描述的基督徒生活，是现在的信徒无法相比，甚至有些是无法理解的，信主的人应该看看
"圣弗朗西斯之花 Francesco, giullare di Dio",用精神超越现实，用灵魂抵抗苦难
"圣弗朗西斯之花 Francesco, giullare di Dio",★★★☆ 罗西里尼电影里往往是可爱虔诚可敬的“圣父”教士形象如《战火》，而费里尼对宗教的观点很多都是《骗子》《罗马风情画》《月吟》里的讽刺，正面一点的也不过是《八部半》中冷漠塑像一般的形象
"圣弗朗西斯之花 Francesco, giullare di Dio",微笑与恸哭两极，皆是圣徒. 砍猪蹄那段尤为传神. 理解不了信仰，看此片不过是一种观望式的情感体验. 
"圣弗朗西斯之花 Francesco, giullare di Dio",是一部形式上看起来很宗教的电影。思想表达很局限，更像是尝试性实验性作品。也许在当时看来不错吧。
"圣弗朗西斯之花 Francesco, giullare di Dio",从此对罗西里尼不抱任何希望了。。。。。
"圣弗朗西斯之花 Francesco, giullare di Dio",意念纯粹
"圣弗朗西斯之花 Francesco, giullare di Dio",主，原谅我不懂宗教的信仰。
"圣弗朗西斯之花 Francesco, giullare di Dio",慢慢地看吧
"圣弗朗西斯之花 Francesco, giullare di Dio",实在是头疼。。。
"圣弗朗西斯之花 Francesco, giullare di Dio",找不到落脚点。
"圣弗朗西斯之花 Francesco, giullare di Dio",老黑白拍这种题材让人困得要死
"圣弗朗西斯之花 Francesco, giullare di Dio",7.2
"圣弗朗西斯之花 Francesco, giullare di Dio",圣人的思想是常人无法理解的，尤其当这其中还存有跨文化差异
"圣弗朗西斯之花 Francesco, giullare di Dio",與前幾天看的《馬太福音》相比，這部電影的整體構造顯得比較薄弱，無論是整體的文化背景或思想體系，都並沒有建立起來。
"圣弗朗西斯之花 Francesco, giullare di Dio",滚你个圣方济各修会洗脑片，费里尼居然还参与编剧！
"圣弗朗西斯之花 Francesco, giullare di Dio",关于传教士的电影。没有夹杂太多宣扬宗教因素的新现实主义时期作品。传教士也分盲目与真心追随上帝的，“谦卑、同情、信仰、牺牲”是影片展现的教义。比你到外国教堂里听导游说的要饱满、真实得多。
"圣弗朗西斯之花 Francesco, giullare di Dio",我直接说不喜欢的原因吧非常多没有逻辑的旁白对话，religiously。导演没有立场。弗朗西斯之花是万物的源泉，虽然没有听过这个说法，但是圣人弗朗西斯被问到为什么他是耶稣选的人，他的回答一下子唬住我了。印象中最深的几幕：1弗朗西斯碰到麻风病人2小徒弟被允许布道时水流声掩盖了他的声音，他后来去了一个帐篷。最后他们转圈到头晕，倒向了不同方向，那就是他们各自要去布道的方向，这个情节很有趣。最后我要大声的说出，弗朗西斯！我可以！
"圣弗朗西斯之花 Francesco, giullare di Dio",#293|夜遇麻風病人一段最為誠篤。與Europa '51一貫。片名直譯：方濟各，上帝的弄臣。
"圣弗朗西斯之花 Francesco, giullare di Dio",Writer: Federico_Fellini
"圣弗朗西斯之花 Francesco, giullare di Dio",导演对电影的意识极其粗糙，都你妈个大逼的穿帮了没鸡巴发现么？工作人员放鸽子的手都他妈拍进镜头了。这双手摸导演你妈的奶子了吗？罗西里尼你妈逼能不能不糊弄？这他妈的是拍电影，不是骗老板钱
"圣弗朗西斯之花 Francesco, giullare di Dio",很感人，看哭了。
"圣弗朗西斯之花 Francesco, giullare di Dio",可能只對我來說，沒有感覺
"圣弗朗西斯之花 Francesco, giullare di Dio",两颗星
"圣弗朗西斯之花 Francesco, giullare di Dio",太蠢了
"圣弗朗西斯之花 Francesco, giullare di Dio",罗西里尼，虽然你总是一切从简，但是你从来没有如此纯粹，热烈，粗粝和质朴过，以至于我分不清那些微笑的圣人到底是聪慧还是愚昧。你把他们的衣服，房子和食物拍的让人不忍卒睹，却又将这肮脏和粗糙放在油画一般的乡村美景前。据说信仰是很难很难的，在我尚未获得信仰的能力之前，暂对一切保持敬畏。
"圣弗朗西斯之花 Francesco, giullare di Dio",平静地展示有时会比批判来得更加深入，虽然这并不是一部致力于批判宗教的作品
"圣弗朗西斯之花 Francesco, giullare di Dio",罗西里尼导演，费里尼编剧，影片根据意大利阿西斯镇上一个圣芳济修道院的壁画改编，它以11个片断表现了弗朗西斯传道的故事，传达了谦逊、善良、同情、信心和牺牲等圣徒的思想。通过片段式的故事来表现显得比较有趣味性，这些段落反映了宗教和现实的关系，也充分说明了生命超越卑微和私利的艰难。
"圣弗朗西斯之花 Francesco, giullare di Dio",人应该怎么存在于这片土地上，这是所有宗教在关注的问题，圣弗朗西斯是如此圣洁又坚韧的走在泥泞道路上，精神抵不过现实，但是却可以超越其上。
"圣弗朗西斯之花 Francesco, giullare di Dio",4.0。1.罗西里尼的方济各小花，费里尼参与编剧。2.-圣弗朗西斯，什么是至高的幸福？-经受你现在的所有苦难和失败，便是最高的幸福。3.灵魂跑来跑去，互相亲吻。4.如此纯粹、坦诚而质朴，这几乎是后来那些殚精竭虑、叩问灵魂的宗教电影所无法想象的境界。
"圣弗朗西斯之花 Francesco, giullare di Dio",我费参与编剧，清明朴素的章节体意大利陈仲子苦修史。夜戏，麻风病人木然行远，弗朗西斯掩面于花野之中，镜格升天。尾戏，众僧各得其所，渐行渐远，镜格再度升天。 （你想对火兄弟做什么？猪兄弟... 花兄弟... 暴君兄弟...） #真正的幸福，在为主受苦
"圣弗朗西斯之花 Francesco, giullare di Dio",当看到弗朗西斯向barbarian布道的最后跪倒在地上的嚎哭，我的心也碎了，和他瞬间有着强烈的resonance，那是福音，那是心怀信仰的人才能感受到的恸哭。 不愧是基督教是国教的罗马，拍得很有感觉。顺便吐槽一下传教士的发型。第636人看过。
"圣弗朗西斯之花 Francesco, giullare di Dio","弗朗西斯，為什麼上帝選中了你？ 因為我是謙卑之中最微不足道的那個。
弗朗西斯，什麼是至高的幸福？ 經受你現在的所有苦難和失敗便是最高的幸福。"
"圣弗朗西斯之花 Francesco, giullare di Dio",4.5From a very humble position you can face everything and you can revise the whole conception of the universe.
"圣弗朗西斯之花 Francesco, giullare di Dio",对我来说就是宗教故事的正确打开方式，有如避雨到一所小教堂，在惊奇中发现了那里的中世纪壁画。业余演员制造出非常humorous的效果，很多时候让人想起《炼狱篇》里的灵魂跑来跑去，互相亲吻，被比作绵羊和鸽子
"圣弗朗西斯之花 Francesco, giullare di Dio",这是一部虔诚的电影。没有掺杂过多个人观点，也没有炫目的技法，以最朴素的影像讲述道德与信仰、善与恶、忍耐与痛苦的关系。
"圣弗朗西斯之花 Francesco, giullare di Dio",《圣弗朗西斯的花束》鱼骨，圣徒的精神之旅和我们的彼岸
"圣弗朗西斯之花 Francesco, giullare di Dio",他用卑微的生命显明基督之爱的芬芳气息，但当方济为麻风病人而哭泣的时候，那种凡人在现实与信仰之间的艰难难以言书。
"圣弗朗西斯之花 Francesco, giullare di Dio",吉纳普罗兄弟实在憨态可掬。纯粹的信仰其实经不住现实的拷问。Rossellini表现的宗教，让我看见人性向善的努力。灵与肉究竟那个才是本质？如果我们尝试把肉当做本质呢？其实这是叔本华要告诉我们的东西。
"圣弗朗西斯之花 Francesco, giullare di Dio",阿西西的方济各。意大利电影的黄金时代正适合拍这种片。
"圣弗朗西斯之花 Francesco, giullare di Dio",真的有被这些僧侣纯粹的虔诚的宗教信仰感动，新现实主义电影的力量。
"圣弗朗西斯之花 Francesco, giullare di Dio",虔诚的信徒。心门关闭，不让魔鬼进来。想要猪蹄，就砍了猪蹄，不再多求，而农夫把整只猪都给了他们。夜晚拥抱一个路过的麻风病人，为其感到痛苦。对视暴君，使其驯服。完全的幸福不是掌握科学一切，不是让所有人都信奉基督，而是能够接受不幸和异教徒的冷落。如此清幽简单黑白的电影难得了。
圣徒秘录 There Be Dragons,其实谁都不是什么好货，但宽恕别人，其实也为自己解放了自由，片子的宗教意味也很浓郁，难怪福音网会介绍呢，神父很萌，很俊，很偶像，黑心魔依旧那么腹黑，不过没想到在片里还能看见超模客串，有意思！
圣徒秘录 There Be Dragons,竞赛片里相对而言最成熟的一部，无论是剧作还是技巧都有个电影样。遗憾就是太中规中矩了，完全没有让人耳目一新的东西。
圣徒秘录 There Be Dragons,这类题材的东西，还是最喜欢肯洛区的自由之地。
圣徒秘录 There Be Dragons,20121110：秘密-悠悠鸟中英双字幕.rmvb
圣徒秘录 There Be Dragons,"""Every saint has a past, and every sinner has a future. "" 然后这就是一个 Past 也没讲好 Future 也安排的有点多余的故事。"
圣徒秘录 There Be Dragons,可能是对背景了解不够吧，看的有些迷茫。
圣徒秘录 There Be Dragons,被电影节起的名字和介绍误导，原来不是悬疑片
圣徒秘录 There Be Dragons,虽然是两条线，但jose maria的线比较弱，且部分情节和历史略有出路，并不能让人充分了解Opus Dei想给大家所传递的信息。另一条线相对要丰富不少，爱与宽恕的主题也随之表达开来。
圣徒秘录 There Be Dragons,虽然故事和人物都源自真实素材，但拍的一点不真实，导演有拍史诗片的野心，但没拍出史诗片的感觉。
圣徒秘录 There Be Dragons,天使与魔鬼之间其实也只隔着一层窗户纸吧。原来这个“主业会”原来就是《达·芬奇密码》中的“天主事工会”那个近似邪教的原教旨主义机构
圣徒秘录 There Be Dragons,这个电影就像电影版追风筝的人一样，总感觉少了点东西。美国拍的这些别国的东西总会有种很拧巴很强制性的政治倾向，加上人物很扁平没来由的塑造和走向，而且都讲英语，味道特不对。还有这种家国战争的电影，要是没有一点情感投射是很难看出什么所以然来的。
圣徒秘录 There Be Dragons,开篇方式有点寻常，不过很恰当。无论信仰什么，人真正想要和挣扎的只在自身的内心里面罢了。求不得而已。2.7
圣徒秘录 There Be Dragons,配角是用来衬托主角不曾被异化的人格和信仰的。但是配角的异化虽然铺垫了很多但是看到后面全都剩下他没被妹子看上啦。。。
圣徒秘录 There Be Dragons,2012开山政治作
圣徒秘录 There Be Dragons,太平淡了
圣徒秘录 There Be Dragons,虽然是侧面讲的是圣徒的成长和磨砺过程，是传记片，讲在那个糟糕的年代，何塞是如何坚持自我内心修炼不断寻找自己的理想和坚持的；但是更多却放在了西班牙内战上，Manolo加入第五纵队以及他的爱情经历。双线故事吧！
圣徒秘录 There Be Dragons,以大时代作背景，很吸引人。情节就没那么有趣了
圣徒秘录 There Be Dragons,匆匆快进
圣徒秘录 There Be Dragons,圣徒的故事。基督教义的伟大践行者。
圣徒秘录 There Be Dragons,故事的两条线索其实比较独立，交汇不多；把神父换成孔子也很合适；一边描写战争一边讲述大爱，导演比较辛苦。不过总体还行，故事清晰，有一定内涵，制作上乘，但是演技一般，特别是老年化妆一般。电影名称的翻译很不准确，与主旨相差太远，世俗之人和教徒都有心中的希望和爱！
圣徒秘录 There Be Dragons,圣徒秘录 There Be Dragons (2011)
圣徒秘录 There Be Dragons,世界上曾经有一个口号那么激动人心，那么高亢嘹亮，无数鲜活的生命为之呐喊为之灭亡，如今烟消云散，空留一片乱糟糟腥惶惶
圣徒秘录 There Be Dragons,爱才能拯救世界，让一切崇尚暴力的布尔什维克分子去死！！
圣徒秘录 There Be Dragons,这是一部有关上帝的电影。
圣徒秘录 There Be Dragons,这里有巧克力……（男主总是让我想起黄晓明）
圣徒秘录 There Be Dragons,2011上海电影节...不要告诉我当时查理去了上海...中间有一段查理演的好好！！！
圣徒秘录 There Be Dragons,很喜欢这种有浓厚宗教色彩+欧洲风情的电影
圣徒秘录 There Be Dragons,挺不错，只是题材，情节，片段，结局类似的太多。
圣徒秘录 There Be Dragons,神父长得真动人
圣徒秘录 There Be Dragons,场面不够宏大。
圣徒秘录 There Be Dragons,"两个同龄的男孩，同样终身未娶，一个毕生奉献给了上帝。另一个一生活在悔恨中。直到死亡，他才完成自我救赎。
我决定翻两页圣经"
圣徒秘录 There Be Dragons,好题材遭遇了糟糕剧本。
圣徒秘录 There Be Dragons,假期在家偶然看的，两条线没组织好，感觉很牵强啊。。。
圣徒秘录 There Be Dragons,战争场面拍得很好，但是能把电影拍成整部片子除了恶俗段子以外所有意像我都看不懂，也是一种水平了。冲着政治上正确勉强给个三分。
圣徒秘录 There Be Dragons,"做决定只要几秒，却足够影响并陪伴一生。
每个好人都有过去，每个罪人都有将来。
一旦暴乱，你要站在能赢的那一边。"
圣徒秘录 There Be Dragons,安娜·托伦特在哪里？
圣徒秘录 There Be Dragons,剪辑很凌乱，有深深的好莱坞的印记，可惜台词生硬，倒是更愿意用原本的西班牙式的叙述思维来的好~
圣徒秘录 There Be Dragons,法西斯主义、共产主义、无政府主义、资本主义、社会主义，歧途深处，不论圣徒或恶棍，终有一束光在引导着我们。
圣徒秘录 There Be Dragons,很多隽永的句子
圣徒秘录 There Be Dragons,描写西班牙内战时的片子，一个圣人的经历，一个原谅与宽恕的故事。作为一个没有宗教信仰的人，有点难以置信，不过还是真的很佩服有坚定的信仰并且始终坚持的人。一个圣徒有他的过去；一个罪人有他的将来。宽恕别人，实际上是解放自己。
圣徒秘录 There Be Dragons,全世界信仰共产主义的战士们齐聚马德里，唱响国际歌，保卫共和国政权
圣徒秘录 There Be Dragons,OK啦
圣徒秘录 There Be Dragons,如果没有足够的兴趣和耐心的话还是另寻时间看吧，有点闷。
圣徒秘录 There Be Dragons,韦斯本特利好帅
圣徒秘录 There Be Dragons,这是一部纯教义的电影，我一开始以为会是像达芬奇密码那样的悬疑推理，后来发现我错了。主要是宣扬仁爱，平和，和人世间不同的生存选择。
圣徒秘录 There Be Dragons,两个同龄的男孩，同样终身未娶，一个毕生奉献给了上帝。另一个一生活在悔恨中。直到死亡，他才完成自我救赎。而且，这是真实发生过的事情。
圣徒秘录 There Be Dragons,还好。关于人性。
圣徒秘录 There Be Dragons,时间顺序把控的不好。讲述时间与讲述内容的切换突兀。
圣徒秘录 There Be Dragons,难评价，从剧作上来说每个人物都扁平无比，每个行为都缺乏足够的动机，每个能够将故事拔高的展开点都被浪费过去。但是又有几个时刻直达心底：走上不同道路的童年伙伴，时代的暴怒和山顶上我看见你你却看不见我的告别。流泪应该是脑补的结果吧，题材真的很好。
圣徒秘录 There Be Dragons,以宗教，战争，回忆为背景和线索的电影。
圣徒秘录 There Be Dragons,龙你妹啊！【这儿有巧克力】还差不多。两位男主的命运在史诗背景中居然毫无交集，就像两份本可以烹出绝佳美味的佐料偏偏被分开了炒，味道差极了！
圣徒秘录 There Be Dragons,拍得还真是挺烂的。上教义课的老师给我看的，她自己觉得很感动，可是我作为一个教外人士，真的觉得导演拍得实在是太差了。没有把那么一个人物所走过的伟大的宗教历程所表现出来，白瞎了演员和题材啊。
圣徒秘录 There Be Dragons,找不到point。有一句老话，戏不够，回忆凑
圣徒秘录 There Be Dragons,逻辑超混乱的，真实故事能拍成这样又狗血又无聊又没重点还真是不容易，只剩下几位主要演员的脸可以看看了，可是看脸对于这种题材来说太讽刺了吧额。。。
圣徒秘录 There Be Dragons,"温情,精美而又总是巧合的华丽狗屁,一个总是死不了的大熊猫,一个充分证明了共产主义是狗屁的二货,外加数不清的说教,外加充满了宽恕的圣母.老外的精神YY能力无比强大."
圣徒秘录 There Be Dragons,故事有点凌乱，人物刻画不够深刻，马诺洛写的太多
圣徒秘录 There Be Dragons,西班牙内战背景的宗教片，乱世中人们的信仰建立又崩塌。两线分离，过于不相关，已经快成两个独立篇章了，这样显得现代章节的部分多余。在各自支线中，故事没有中心，没有高潮，欧嘉的角色完全是多余。能感受到导演迫切想传达给观众的人道关怀，缺少对应的戏剧叙述。我发现了格什菲这个美人胚子！
圣徒秘录 There Be Dragons,boring....
圣徒秘录 There Be Dragons,不喜
圣徒秘录 There Be Dragons,片名跟内容简直是风马牛不相及啊！一个多小时过去都不知道到底在讲毛？最后才发现其实就是在讲曾经跟自己老爸打过一架的一个神父的故事。太二了。。。
圣罗兰传 Saint Laurent,范儿是有的，表演也不错，但是散乱的剧情衔接让人有又臭又长之感。
圣罗兰传 Saint Laurent,戛纳竞赛，釜山补遗。最亮的无疑是主演尤利尔，他恰好生在时尚圈家庭，大长腿跟内增高跷了似的，然后表演也太尼玛gay了，一旁的蕾雅赛杜绝逼得仰望。电影开始感觉很牛，背影啊特写啊构图啊，越往后非线叙事越乱，越多乱七八糟的廉价手法，尾部让人不停捉急怎么还没完！总之，雷声大雨点小
圣罗兰传 Saint Laurent,除了不断的烟酒性什么都没说，空有一个华丽的外壳。混乱的剪辑真是辜负了Ulliel的表演。
圣罗兰传 Saint Laurent,打破传统叙事不是不可以，但这个电影对观众要求是不是有点高：对所有角色都不做任何说明，你知道料的才知道他在讲啥，不知道的看完还是不知道- - 可能算是启发学习型电影吧。若非男主很美很像，衣服和图画好看，不知道怎么撑完两个半小时...
圣罗兰传 Saint Laurent,冗长不堪的电影，华而不实的圣罗兰形象，云遮雾罩，玩拼贴玩疯了，却忘了其实已经支离破碎
圣罗兰传 Saint Laurent,两部关于伊夫·圣罗兰的传记剧情片，都喜欢跳跃于圣罗兰人生中的某些片段瞬间，并对于其中关于同性和迷醉的元素进行了聚焦般的放大，多少有那么点不交代前因后果的不完整之感。相比起影片里大书特书的“同性爱恋”，我们似乎更想走进圣罗兰这个人物本身，了解他灵光乍现之前的积累，以及最后何去何从。
圣罗兰传 Saint Laurent,同样是形式华丽的传记片，还是偏爱爱森斯坦那一部。这部就觉得Betty出场时跳舞那段美翻了。。
圣罗兰传 Saint Laurent,SEXY
圣罗兰传 Saint Laurent,还好吧，以为是路易斯加瑞尔主演的....
圣罗兰传 Saint Laurent,为什么忘了标记这一部呢？也彻底没了印象
圣罗兰传 Saint Laurent,整部电影精致得没话说，但是剧情太任性了，求圣罗兰的传记书推荐！★★★☆
圣罗兰传 Saint Laurent,香奈儿看过三部，圣罗兰看过三部。最近法国怎么这么多拍他们的时尚大师的？
圣罗兰传 Saint Laurent,三星半。喜欢他养的那只斗牛犬。
圣罗兰传 Saint Laurent,选Gaspard来演这个角色简直就是整部电影的神来之笔，纤瘦的身段和迷离的眼神，配上70年代的摩登气息，绝了！
圣罗兰传 Saint Laurent,不像另一部那么拘谨，充满了 会玩 的气质，不过也好像就这样了。。
圣罗兰传 Saint Laurent,他活得太痛苦，这个片子着重于他的脆弱，痛苦，爱的艰难，无力，剩下的就是药物，毒品了。本来想看他经典作品的，并没有，展现的我都不喜欢，色彩，图案都不喜欢。
圣罗兰传 Saint Laurent,男主演得太好了，完全没看出来汉尼拔！
圣罗兰传 Saint Laurent,想起Arnault抱怨晚期的Galliano就是个疯子完全无法沟通，最近听说Hedi Slimane只在秀前15天飞巴黎，平时都在LA和小鲜肉玩，又想起他重开YSL高定业务，上个月接受Yahoo专访，侃的天花乱坠，几可媲美老佛爷
圣罗兰传 Saint Laurent,刀疤 漂亮
圣罗兰传 Saint Laurent,非常风格话 间离 情绪化 互文 Gaspard Ulliel演技越发娴熟 让皮埃尔毫无存在感 Garrel可谓是男宠本宠了
圣罗兰传 Saint Laurent,说不上很好，但加利尔性感十足
圣罗兰传 Saint Laurent,只是来看gas啪啪
圣罗兰传 Saint Laurent,"4:20PM, SAT, NOV-29-2014. At BC Cinematheque. 好……神神叨叨的片子(所有的人都在打酱油！！)，不愧是法国人大作！"
圣罗兰传 Saint Laurent,之前下錯電影了T_T... 所以兩部聖羅蘭傳都看完了。另一部看完後就記得基情和時裝秀。這一部剪輯混亂得直接看不懂了！Gaspard的聖羅蘭一定是個處女座，細節控，西裝筆挺，一舉手一投足都是那麼紳士優雅。這樣的男人叫人如何不爲之瘋狂？
圣罗兰传 Saint Laurent,内容与内容之间缺少连接，如同一波潮水袭来，波及面大，没有太多层次可言。万幸，它还有独特的法式唯美浪漫撑场。
圣罗兰传 Saint Laurent,Parce qu'il a trop de nez
圣罗兰传 Saint Laurent,感觉不是一般的乱 都没交代清楚好吧
圣罗兰传 Saint Laurent,一星给衣服，剧情实在是太流水账了
圣罗兰传 Saint Laurent,给颜值 给璀璨削损的爱之梦
圣罗兰传 Saint Laurent,贝格尔饰演的老年圣罗兰观看自己曾经主演的纳粹狂魔，被这梗吓精神了。ps：死掉的那个lover的演员好可怕，大概原型就很可怕吧。
圣罗兰传 Saint Laurent,这部传记让我们了解了圣罗兰非常规的思想，很艺术化也很私人化，这就是为什么让我有点云里雾里的原因吧。不过是很有新意的非常规叙事传记，演员很美，不过加瑞尔一副我很有魅力，但越看越蠢的感觉…
圣罗兰传 Saint Laurent,如果说另一部圣罗兰传是传记片，这部则是彻头彻尾的艺术片。但本片就如YSL本人一样，有才华，却流于轻浮（法国人似乎觉得轻浮是个褒义词）与虚伪。没有蒙德里安裙不幸福！
圣罗兰传 Saint Laurent,很文艺很纠结。烟酒毒品迷幻乐。最后看着他在后台偷瞄他74年的秀的时候。像个孩子般脆弱。哎。最美丽的东西总是要牺牲人
圣罗兰传 Saint Laurent,我完全没有认出来男主角是演汉尼拔的那个帅哥
圣罗兰传 Saint Laurent,三星不能再多了还是给画面的
圣罗兰传 Saint Laurent,好无聊的电影。。。。。
圣罗兰传 Saint Laurent,帅帅男主角的超级大鸡鸡是真的吗
圣罗兰传 Saint Laurent,"虽然男主角非常象ysl,但是片子很无聊"
圣罗兰传 Saint Laurent,颜值太高的一部电影。
圣罗兰传 Saint Laurent,两部圣罗兰的传记都不咋地
圣罗兰传 Saint Laurent,法国的确……毫不避讳……啊……>///<「一头美丽脆弱的怪兽，独自舔舐自己的伤口」愈美丽，愈易碎。
圣罗兰传 Saint Laurent,很香艳
圣罗兰传 Saint Laurent,法语真是好听
圣罗兰传 Saint Laurent,开始挺好的，特别是裸女和穿西服女的那场戏很有感觉，不过后来就有些无聊了
圣罗兰传 Saint Laurent,一群任性的人拍的一个任性的人的的电影，好任性哦（贵圈真乱
圣罗兰传 Saint Laurent,2.5 outta 4. 视听语言部分没得挑剔，不仅有导演的风格，也融入了YSL老先生个人的特色。但这样眼花缭乱的混剪有进一步突出YSL的人格并上升到另一个维度吗？单有浸入式体会却丢失了讲述故事的能力。在这两方面做得最好的还是玫瑰人生，况且Gaspard可真称得上法国第一大男花瓶
圣罗兰传 Saint Laurent,😏
圣罗兰传 Saint Laurent,大爱最后一段，将真死与假死并在一起。
圣罗兰传 Saint Laurent,几乎没有线索的非线性叙事让人看得很吃力。
圣罗兰传 Saint Laurent,像。
圣罗兰传 Saint Laurent,前半段太困，不过画面确实美，怎么感觉就是在说艺术家不正常的人生呢，O(∩_∩)O分镜的位置很特别，喜欢。
圣罗兰传 Saint Laurent,就是为了看帅哥的。电影比香奈儿传拍的还是好很多。
圣罗兰传 Saint Laurent,看这种大量抽烟戏份的电影就会想抽烟
圣罗兰传 Saint Laurent,觉得另一部更好，不知是不是先入为主的原因，总觉得这部有点条理不清
圣罗兰传 Saint Laurent,这种真是⋯⋯哎⋯⋯
圣罗兰传 Saint Laurent,对比另一部…虽然有煽情和贴金嫌疑，其实还是蛮喜欢那个忠犬设定的诶…
圣罗兰传 Saint Laurent,起码选的角色贴近真实人物，也没有变成皮埃尔传。但是剪辑是什么！受不了拖沓的镜头。
圣罗兰传 Saint Laurent,既是天才也是藝術家，不理解酗酒濫藥是要得到靈感還是擺脫寂寞，也不理解他愛的那個有什麼吸引他的地方。
圣罗兰传 Saint Laurent,电影的剪辑。。。减一星。。。没YSL那部好看。。。
圣罗兰传 Saint Laurent,为了长见识看的，真的长见识了。。。有些地方还是打点马赛克吧。。。
圣诞发明家 The Man Who Invented Christmas,大表哥和屈臣氏有个共同点，好像生怕别人不知道他俩爱读书。
圣诞发明家 The Man Who Invented Christmas,论文学造诣《圣诞颂歌》在狄更斯的作品里面排不到前三吧，但它却根本改变了西方国家的圣诞传统，将圣诞和慈善关联在了一起。苦大仇深的创作故事，大表哥饰演一个妄想型和ADHD的狄更斯。感觉电影还是偏阴暗了，没有过节气氛啊...
圣诞发明家 The Man Who Invented Christmas,Brought back lots of childhood memories and dreams (第一次一个银看电影，除了我全场只有六位头发花白戴眼镜的爷爷奶奶，哈哈
圣诞发明家 The Man Who Invented Christmas,为了丹丹龙的颜去看，发现颜并不好看。中间睡着了醒来发现什么都没有错过。看完后唯一的收获是想去看看狄更斯的那本书。
圣诞发明家 The Man Who Invented Christmas,精神分裂大表哥，原谅家庭+圣诞团圆主旋律，童年阴影+战胜自己老一套，如果对大表哥不是真爱，建议还是别看了
圣诞发明家 The Man Who Invented Christmas,拍得好平庸啊。
圣诞发明家 The Man Who Invented Christmas,制作精良，摄影、美工、布光优秀，维多利亚时期setting高度还原，整体属于那种典雅精致但缺乏灵气的匠人作品，作为贺岁片是合格的，缺乏深度是此片最大的软肋。其实作为传记片，选取的这段狄更斯的人生片段并没有足够代表性，我觉得他晚年时期名利双收的同时又被演员情人所唾弃，最能展现他一生的悲剧
圣诞发明家 The Man Who Invented Christmas,你就是个天生的怪胎，陪你两小时，我已经精疲力尽——很好的总结了此片
圣诞发明家 The Man Who Invented Christmas,幽默诙谐又充满了奇幻，很适合老少一家在圣诞节期间看的电影。
圣诞发明家 The Man Who Invented Christmas,中规中矩，童年回忆和父子关系穿插很流畅，结尾合家欢，很适合圣诞气氛，也真的很套路
圣诞发明家 The Man Who Invented Christmas,精分作家征
圣诞发明家 The Man Who Invented Christmas,大表哥演的太疯魔了哈哈
圣诞发明家 The Man Who Invented Christmas,节日特供片，相比其他同类型片布景和服化道都算比较偷懒的了，类型上打得一手好擦边球。
圣诞发明家 The Man Who Invented Christmas,狄更斯与自己、想象中的角色斗争，创造了温暖人心的圣诞节
圣诞发明家 The Man Who Invented Christmas,创作途中剧中剧，和自己和解的主题还蛮适合圣诞节的，虽然当时的伦敦应该比片子里灰多了。不过书装帧太好看了！我愿意为了装帧加一星。爸爸选角的JP聚聚和大表哥真的有点像。
圣诞发明家 The Man Who Invented Christmas,这是关于狄更斯在1843年圣诞节前夕用六周的时间创作《圣诞颂歌》的故事。天才般的作家是不是都这样癫狂还有妄想症？基调略阴暗，不适合小孩看，结局还是挺温暖的。服化道不错，考究而精良。《圣诞颂歌》是改变西方圣诞传统，开始做慈善的重要原因。
圣诞发明家 The Man Who Invented Christmas,一个中年危机的创作型作家的故事…巴特，this is Christmas:)
圣诞发明家 The Man Who Invented Christmas,一般吧，还以为他发明圣诞老人呢。。。
圣诞发明家 The Man Who Invented Christmas,还是挺好玩的
圣诞发明家 The Man Who Invented Christmas,圣诞颂歌+狄更斯个人生活的再创作。我还是喜欢歌剧版本的圣诞颂歌。
圣诞发明家 The Man Who Invented Christmas,不说的话，很难往狄更斯那里想。
圣诞发明家 The Man Who Invented Christmas,挺有创意的
圣诞发明家 The Man Who Invented Christmas,色调阴暗古典的英伦奇幻传记片。。。
圣诞发明家 The Man Who Invented Christmas,【YVR-Cineplex】两星半。双层轨迹叠加和改变，这种剧作虽然并不是及其多见但绝不新鲜。那剩下的只能是靠剧作的完成度和表演了。但结尾转折的枯燥乏味实在对不起文豪的地位，而表演也只泛善可陈。大表哥努力的去表现痴迷但在痴和傻之间把握不当。莫非拍给孩子的？那未免也太暗黑沉重了吧
圣诞发明家 The Man Who Invented Christmas,说每个伟大的作家都是疯子一点都不过分。没有悲惨的经历如何写出悲惨的角色呢？
圣诞发明家 The Man Who Invented Christmas,讲狄更斯的《圣诞颂歌》的创作过程，细节动人，大作家的一颦一笑、怪癖、喜怒无常的工作状态被极尽渲染，似乎全都蕴含哲理与玄机，甚可成为其天赋异禀的证据。其实，屁！编剧不过是抱着追星的心态在塑造人物，对先贤倒也不失为一种敬意。出演狄更斯的这个演员我很不喜欢，他比较适合演恐怖片、僵尸片。
圣诞发明家 The Man Who Invented Christmas,唔，直到中间还是觉得无趣，结束反而好像GET到了一点点。
圣诞发明家 The Man Who Invented Christmas,自从大表哥去了好莱坞除了大群（赶紧出第二季）其他真的就一言难尽……不要再挑战卷卷头的底线了！！早知道你这么热爱卷卷头时代留在英国唐家屯就好了嘛！！在一惊一乍画风下能写出快乐纯粹爱的小说？……把小说递过来我看看谢谢。
圣诞发明家 The Man Who Invented Christmas,所以说西方这种爱解决一切以及当然是选择原谅他，在我儒以直抱怨的影响下，真的是理解无能啊。交叉叙事还是可以
圣诞发明家 The Man Who Invented Christmas,Dan把他那套录有声书的本事全用上了，可乐，科波菲尔也打了个酱油了。通过单个作品创作经历来拍狄更斯，归入传记片又太单薄，上下不靠。
圣诞发明家 The Man Who Invented Christmas,丹丹龙演技好好啊但是剧情有点一般吧
圣诞发明家 The Man Who Invented Christmas,大表哥颜值低谷……故事一般般吧，也没有感动…也没有太多的戏剧化……表达方式也一般般……
圣诞发明家 The Man Who Invented Christmas,合格的贺岁片 场景灯光服装都满分 现实与脑内的切换比较有意思 我表哥依旧盛世美颜
圣诞发明家 The Man Who Invented Christmas,即便狄更斯是我大水瓶，但文学创作内心挣扎的过程和精神分裂症病发应该还是有区别的吧？感觉丹丹龙这是#大群# 没出戏？交叉叙事是全片亮点，19世纪伦敦的服装布景到也没有太过惊艳。整体不温不火，中规中矩的圣诞合家欢
圣诞发明家 The Man Who Invented Christmas,维多利亚时代的真爱至上啊……
圣诞发明家 The Man Who Invented Christmas,天才就是天才，对题材的敏感，构思之精巧，无可比拟。
圣诞发明家 The Man Who Invented Christmas,从道具布景看的确制作优良，没发现喜剧点，背景黯淡，圣诞也源自黑暗吧
圣诞发明家 The Man Who Invented Christmas,三星半～中间略沉闷，最后高潮还不错～
圣诞发明家 The Man Who Invented Christmas,还可以吧，一部传世经典的启发激发，从雏形到逐渐丰满，完成。挺有意思的。
圣诞发明家 The Man Who Invented Christmas,我没看过这本书所以并没什么熟悉感，剧作完成的程度还是很不错的，整个色调也偏童话圣诞色彩（大蓝大黄），整体来说是一个真善美的故事！不过人物形象其实也就那样，这个氛围和狄更斯配一起让我看片子的时候总是比较恍惚……
圣诞发明家 The Man Who Invented Christmas,阴暗的圣诞颂歌
圣诞发明家 The Man Who Invented Christmas,每年圣诞必看的圣诞颂歌的纪录片【雾
圣诞发明家 The Man Who Invented Christmas,写作就是直面自己的内心，挺有意思的，放在今天就是内心戏太多，哈哈哈
圣诞发明家 The Man Who Invented Christmas,只能算中规中矩吧
圣诞发明家 The Man Who Invented Christmas,现在这种中世纪的如果没有魔幻的真不太能看下去
圣诞发明家 The Man Who Invented Christmas,好的作家都有神经质，金钱是写作的巨大动力
圣诞发明家 The Man Who Invented Christmas,5.3/10 不合时节的错过圣诞上映，然而老套的剧本和没有活力的故事让应景这一加分项消失后完美暴露电影的短处。典型速食电影，没一句台词或一个镜头呈现出了亮点;堆积的人物全成了平板，那本小说的故事没讲清最后连共感都困难。美颜和节奏勉强可以保障不出戏，但又不应景的，还是在家看看就好。
圣诞发明家 The Man Who Invented Christmas,4D沉浸式写作体验🤦🏻♀️
圣诞发明家 The Man Who Invented Christmas,M43。20180720，Home。冲着大表哥来看的，比大群里正常点儿。。。构思很有趣，演员很美，小盆友很可爱。
圣诞发明家 The Man Who Invented Christmas,直观狄更斯创作时的脑洞。
圣诞发明家 The Man Who Invented Christmas,[MoviePass 2017 Nov #22] 很英式的电影，真的很难理解小说家的世界不过我觉得电影把他们的小宇宙展现得很生动。
圣诞发明家 The Man Who Invented Christmas,喜欢这本书！喜欢前几年Jim Carrey配的动画片！喜欢狄更斯！男主好像张卫健！
圣诞发明家 The Man Who Invented Christmas,除了音乐很棒，其他都很一般。。。
圣诞发明家 The Man Who Invented Christmas,想讲的过多了，应该出剧集的，可惜
圣诞发明家 The Man Who Invented Christmas,超喜欢这种关于作家创作过程的故事的，不过这个剧本没有什么出彩的地方啊，比较无聊。
圣诞发明家 The Man Who Invented Christmas,与笔下角色对话展现人民作家狄更斯的内心创作世界，从失败后囊中羞涩到重新赢得人民喜爱，与其说是invented圣诞节倒不如说给大家一个更好的过法。以前只以为狄更斯的目光肯定是那么的悲天悯人没想到也会这么可爱啊，大表哥的表演加分。整体还行，虚虚实实，笔下的世界也是内心的世界。
圣诞发明家 The Man Who Invented Christmas,大表哥的演技真的不错，只是剧情实在欠佳
圣诞发明家 The Man Who Invented Christmas,quite Christmasy. never understood A Christmas Carol when playing it in secondary school.
圣诞发明家 The Man Who Invented Christmas,一般吧
圣诞发明家 The Man Who Invented Christmas,不好看，衣服好看！
在瑞士的日子 A Short Stay in Switzerland,简单的故事 但要赋予太多内涵就感觉烦了 
在瑞士的日子 A Short Stay in Switzerland,我怎么看到最后觉得JULIE都不太想死了，好像被架到那里，不死不行。而且那个安乐死的过程太痛苦了一点，还不如在家吃安眠药。
在瑞士的日子 A Short Stay in Switzerland,"看的第三部关于安乐死影片。
子女的勇气大于当事者。
英国不支持安乐死，但支持同性恋结婚？
"
在瑞士的日子 A Short Stay in Switzerland,"3.5; i guess that's the best way for her to end her life, with dignity and comfort; i wish i have an option like this when i come to that point of life"
在瑞士的日子 A Short Stay in Switzerland,安乐死这个话题……
在瑞士的日子 A Short Stay in Switzerland,就安乐死的伦理探讨而言比不上《百万宝贝》
在瑞士的日子 A Short Stay in Switzerland,讲安乐死的，很真实。
在瑞士的日子 A Short Stay in Switzerland,其实还蛮好看的，只是真的不是我的茶
在瑞士的日子 A Short Stay in Switzerland,和《死亡医生》比相差甚远
在瑞士的日子 A Short Stay in Switzerland,不知道我会老成什么样。
在瑞士的日子 A Short Stay in Switzerland,如果已经看过深海长眠和死亡医生，这部就可以飘过了，依然是伦理冲突亲情羁绊演技比拼老议题。
在瑞士的日子 A Short Stay in Switzerland,who goes when
在瑞士的日子 A Short Stay in Switzerland,安乐死
在瑞士的日子 A Short Stay in Switzerland,就是有点煽情···
在瑞士的日子 A Short Stay in Switzerland,没有死亡医生好看
在瑞士的日子 A Short Stay in Switzerland,如果在中国，这三个子女定被认为不孝，为何不接老人家跟自己住？请个保姆也可以啊。老人自己是医生，受不了渐进性核上性球麻痹？的折磨，到瑞士选择离去。
在瑞士的日子 A Short Stay in Switzerland,不是压抑是闷。
在瑞士的日子 A Short Stay in Switzerland,這是怎樣一個女人啊
在瑞士的日子 A Short Stay in Switzerland,死去还是挣扎着活着哪种更需要勇气
在瑞士的日子 A Short Stay in Switzerland,很写实的片子，看着老人死亡总是很伤感
在瑞士的日子 A Short Stay in Switzerland,一个坚强要强的女人，一个选择好死完整心理变化的过程。
在瑞士的日子 A Short Stay in Switzerland,亲情，死亡，家庭主题。不喜欢。安乐死关键词。
在瑞士的日子 A Short Stay in Switzerland,我觉得安乐死不该这么快，这么痛苦吧。该是平静的那种。
在瑞士的日子 A Short Stay in Switzerland,故事的精彩来源于它的真实，因而影片也是以真实为表现的。或许安乐死也是一种勇敢，但我也会疑惑这是否也是对生之折磨的一种逃避。
在瑞士的日子 A Short Stay in Switzerland,这种题材的电影，书籍都引不起我的共鸣，安乐死这东西还值得讨论？只怕是他们那个世界从来没想过坦荡荡地面对死亡吧。死就死呗，不用那么折腾。女猪脚演得还有点像咱国内的大牌演戏的：演得很大，很戏剧，看不惯就觉得有点装。
在瑞士的日子 A Short Stay in Switzerland,请尊重别人的选择，也请坚持自己的选择。关于安乐死的电视电影很多，这部也谈不上是最好的，我不做更多评价。
在瑞士的日子 A Short Stay in Switzerland,电影仅剩20分钟，才切入电影的名字，叫最后的日子是不更贴切？母亲的演员演的很好！电影最后又被感动到，孩子们无法看着母亲离去又不能不尊崇她的意愿，无奈且悲伤~
在瑞士的日子 A Short Stay in Switzerland,"不知道说些什么~可能人到老了对死亡都是这种看法~选择死亡也需要很大的勇气
"
在瑞士的日子 A Short Stay in Switzerland,生死的话题永远都说不尽，尤其像电影中这样主动选择死亡，更加难以说清道明。在传统观念里或者说在生物的潜意识里，似乎总有一个信号在督促着我们无论如何也要活下去，而死亡只能被动发生 。但是人作为有自我意识的存在，无论平素无意识还是刻意忽略，我们一直都知道永远有其他选项。在生死间做选择，大概不可能有所谓的正确答案，最终决定也只能是权衡后的妥协。如电影中的情况，有父亲的前车之鉴，对于母亲之后会发生什么，大家都心知肚明；那么摆在眼前的就不再是生死选择的问题，而变成是要让母亲受尽病痛折磨、身心都崩溃的情况下去世，还是尽量有尊严、舒坦地告别。虽然这样的事实难以接受，但答案已经显而易见。
在瑞士的日子 A Short Stay in Switzerland,冬天看真压抑
在瑞士的日子 A Short Stay in Switzerland,总体来说 很沉重的片子 确实感人 拍的很真实  把一个坚强乐观 但将死的人的心理活动解析的很透彻  过度乐观-暴躁-恐惧-绝望整个过程勾画的很好 还有 几个子女也很孝顺....
在瑞士的日子 A Short Stay in Switzerland,是一部关于安乐死的片子。
在瑞士的日子 A Short Stay in Switzerland,"maybe i can't understand. it's hard, it's suffering,but it's the life, it's the life must to take it for love for children."
在瑞士的日子 A Short Stay in Switzerland,英国人的个性
在瑞士的日子 A Short Stay in Switzerland,意义大于情节吧
在瑞士的日子 A Short Stay in Switzerland,可以和《死亡医生》一起看
在瑞士的日子 A Short Stay in Switzerland,因为名字里有瑞士才看，谁知道是这么沉重的主题。我却不知道在苏黎世原来还有这样的安乐死组织。想要有尊严地死去需要很大的勇气。
在瑞士的日子 A Short Stay in Switzerland,死亡既简单又复杂，坦然面对吧，结束何尝不是一件好事呢。
在瑞士的日子 A Short Stay in Switzerland,i have the right to die...
在瑞士的日子 A Short Stay in Switzerland,人有权选择自己的死亡方式，神权遭到人权的挑战。我不知道这样做是对是错，留下的是一个思考
在瑞士的日子 A Short Stay in Switzerland,和Anne的三个孩子一样，站在生命的末端，送她离开。选择有尊严的结束，是生命体的权利。可贵的是，Anne主动将她的想法和经历分享给媒体，以推动英国相关法律的革新，影片于是将“安乐死”这个话题直接推到了法制修定者的眼前，也被赋予了更明确的社会意义。
在瑞士的日子 A Short Stay in Switzerland,关于安乐死的电影 拍得略显沉闷
在瑞士的日子 A Short Stay in Switzerland,不能生的自由，但愿死得有尊严。电影本身作为传记片没有特别出彩，中规中矩。子女们都很勇敢，设定也有……略有特点。对安乐死相关的事情有兴趣可以看看。
在瑞士的日子 A Short Stay in Switzerland,片子本身平常，但有权选择的死亡值得喝彩。
在瑞士的日子 A Short Stay in Switzerland,不忍看
在瑞士的日子 A Short Stay in Switzerland,Euthanasia-so sensitive and fragiling……
在瑞士的日子 A Short Stay in Switzerland,需要多大的勇气来面对和接受
在瑞士的日子 A Short Stay in Switzerland,原本是为即将到来的瑞士假期做准备找了一部关于瑞士的电影，没想到居然是一部关于安乐死主题的电影。如果我是女主，我也会做出同样的选择！
在瑞士的日子 A Short Stay in Switzerland,一位饱受病痛折磨的医生在瑞士采取了安乐死。安乐死这个话题和死刑一样，让人侧目。这片子典型的BBC风格，写实，犀利，含蓄。有那么一大家的人，拥有的那么多，如何能不害怕死亡的？在病魔的面前，到底是抵抗着活下去，还是鼓起勇气为自己的死亡挣得权利？ 死亡，是人类最善意的疑惑。
在瑞士的日子 A Short Stay in Switzerland,生在瑞士，死也安然
在瑞士的日子 A Short Stay in Switzerland,作为一个人，你有｢生｣的权利，也有｢死｣的权利。
在瑞士的日子 A Short Stay in Switzerland,这是对子我的释放
在瑞士的日子 A Short Stay in Switzerland,太无聊了····· 被名字骗了··
在瑞士的日子 A Short Stay in Switzerland,尊严与生命哪个更重要？
在瑞士的日子 A Short Stay in Switzerland,乐观面对一切
在瑞士的日子 A Short Stay in Switzerland,写实的手法 派的不错~
在瑞士的日子 A Short Stay in Switzerland,对人性最深入的探讨
在瑞士的日子 A Short Stay in Switzerland,深夜独自观影。看到Dr. Turner试图自杀的那段，想起前不久刚过世的外公，热泪盈眶。生之尊严，生之痛苦，生之选择。Julie Walters如女将军般出神入化掌握大局，把握故事脉络，深刻彻骨的表演。英国特别优秀的中老年女演员真多~
在瑞士的日子 A Short Stay in Switzerland,I have courage to end my own life and I have the right
在瑞士的日子 A Short Stay in Switzerland,我多给您一颗星~
坎大哈 سفر قندهار,马克马巴夫的镜头是很奇妙的，能把仪式感和生活感糅合在一起，比如在红十字会营地来回游荡的伤残人士，场景看着像纪录片，但是他们好像也没有到处晃荡的理由，这就有了奇妙的混搭感。这故事是有人物原型的，昔日帮着抵抗苏联的美国黑人如今乔装成当地医生也太传奇了点，短小精悍，收放有度，很好看
坎大哈 سفر قندهار,每一身Burqa（塔利班治下阿富汗成年女性穿的套头长袍）都是一座牢笼。可以理解摄制条件局限但前期过糙，素人演员够呛，外援医生地雷伤残营送亲队登场后集中多了。推孔教的那些人该看看人家的唱经班，是不是搞到这地步才罢休
坎大哈 سفر قندهار,很多场面更象个记录片，真实得描述了阿富汗那个苦难的国度的景象，那个许多拄着双拐的残疾人，跑向空投下来的假肢的场面，给人留下很深的印象。
坎大哈 سفر قندهار,最大槽点：不停走来走去充当谈话背景的残疾人
坎大哈 سفر قندهار,看着更像是纪录片，所以这些女人是为了什么而活着呢？
坎大哈 سفر قندهار,那个人说活着是要有理由的。那他们的理由是什么呢？这些人能怎么样呢？
坎大哈 سفر قندهار,很特殊的一部纪录片风格的电影；无休止的黄沙，疾病贫困，不绝如缕的哭声，很难想象世界上还有这样一种地方，有人过着这样一种生活；失去了腿的人去抢夺假肢空投和沙漠中出现一只结婚队伍的场景，都像是超现实的场景；镜头这个主角一路摇摇晃晃靠近坎大哈，又在中间穿插周围的环境，从这些极其直白的镜头中，表达出这片土地和人们的绝望；镜头习惯给人特写，就好像镜头一旦移开，这人就会被战乱动荡所吞噬。
坎大哈 سفر قندهار,如果说西方视角真是个绕不过去的话题，那么这部片子做得实在是太明显了些。
坎大哈 سفر قندهار,近似第一人称纪录片的拍法。主题先行，不过也是难得一见的阿富汗影像了。
坎大哈 سفر قندهار,你永远无法想象世界上还有怎样的苦难
坎大哈 سفر قندهار,在电影展示的那个世界里，除了绝望还能有什么呢？
坎大哈 سفر قندهار,从外婆家阳台里淘出来的碟 喜欢电影里的音乐 那个追赶假肢的镜头永远都忘不掉
坎大哈 سفر قندهار,比看过的阿拉伯书籍、动画更具真实感。手拄拐杖、被地雷炸毁腿脚的人飞快地奔向远方空投假肢的画面太震撼，而与之相对的，也有软磨硬泡为了换取假肢进行买卖的人。对于援助医生，面对的不仅是贫穷，也有欺骗。女主人公最后顺利去到坎大哈，而她去拯救妹妹这个过程，没有再继续描述。
坎大哈 سفر قندهار,故事性弱很多，反映的阿富汗人被战争摧残扭曲的现状。
坎大哈 سفر قندهار,红十字会为当地人送来的假肢，但有的人却用假肢做起了生意。法尔斯在访谈中，遇到了一位易容的美国医生，为了搭救表妹，他们并肩前行
坎大哈 سفر قندهار,1、拯救日蚀夜自杀妹妹之旅 2、窥探孔看病 3、假肢跳伞
坎大哈 سفر قندهار,叙事太刻意，介于电影和纪录片之间
坎大哈 سفر قندهار,苦难的大众
坎大哈 سفر قندهار,关于阿富汗的电影还是第一次看
坎大哈 سفر قندهار,结局！我要结局啊啊啊啊！
坎大哈 سفر قندهار,升格镜头抢假肢那段很有感觉。
坎大哈 سفر قندهار,很诡异的感觉……恐怖已成常态的变态
坎大哈 سفر قندهار,剪辑毁所有
坎大哈 سفر قندهار,81
坎大哈 سفر قندهار,已有碟片
坎大哈 سفر قندهار,👌
坎大哈 سفر قندهار,震惊
坎大哈 سفر قندهار,描绘惨状
坎大哈 سفر قندهار,布枷美女如云，残肢健步如飞。笑问客往何处去，佳人遥指坎大哈。
坎大哈 سفر قندهار,这是一部介绍阿富汗特殊环境下贫苦人民的生活状态的电影，够真实也很震撼。只是一个伪穆斯林女记者的视角，明显带有西方世界的价值观和政治目的，从这点上严重削弱了影片的社会性国际性主题。
坎大哈 سفر قندهار,当一双双假腿从天空降落时候，你的心有没有碎成一块块？
坎大哈 سفر قندهار,   武器是阿富汗唯一现代化的东西
坎大哈 سفر قندهار,戴锦华说莫森·玛克玛尔巴夫和阿巴斯是伊朗电影风格迥异的双子星，不敢苟同。从《坎大哈》看，纪录风格、非职业表演、寻找主题、在路上方案等，都和阿巴斯的《生生不息》、《橄榄树下的情人》等作品有着某些相似之处。玛克玛尔巴夫家族的影片看得太少了，应该补一下课。
坎大哈 سفر قندهار,甭管剧情真假、政治格局、导演制片投资人有什么目的。。就作为一部电影来看，还是蛮震撼的。。特别是杵着拐杖的人们争抢空降的假肢那段。。。
坎大哈 سفر قندهار,"2009/10/11 12:30pm BC 佳作! 我不認為地雷, 戰爭, 飢餓, 貧窮 是一種絕對的可怕, 最可怕的.....往往是人類的思想和心態。"
坎大哈 سفر قندهار,寻脚冒险记... 这个翻译未免太有想象力了...............
坎大哈 سفر قندهار,第一次看个电影如此绝望，看卢旺达种族大屠杀也没有这样过。这片土地完全是蛮荒之地啊。他们可以娶四个妻子，是因为每四个男人里面有三个被地雷炸死了或者是彼此相残而死了吧！完全的愚昧，女孩子只接受短期的教育，男孩子的教育则是那些宗教教条、来自文明世界的武器还有他们血液里的仇恨。
坎大哈 سفر قندهار,这是我今天看的第三个开放结局的电影了，我要疯了！我个人非常非常喜欢导演的拍摄方法和角度。我一直以为是纪录片，后来发现是故事片，这种用纪录片的手法来拍故事片是我最喜欢的，不是伪纪录片，而是前者。我对西亚北非的阿拉伯文化从小就很说不清楚的魂牵梦绕。但我不认同他们的教义，也知道现实远不如童话书般。女主把自己的命运交个一个又一个陌生人，这种冲击是近几年来看关于此地的纪录片最大的冲击了。这个片子有一种说不出的神话感，但现实又那么的让人瞠目结舌。
坎大哈 سفر قندهار,不管是不是西方的视角，异常艰苦的拍摄条件值得敬佩，镜头很有诗意，音乐也很好听。这是我的第1600部电影，很有意义
坎大哈 سفر قندهار,另类诗意，黑色幽默。当然，诗意和幽默是浪漫化的残酷。
坎大哈 سفر قندهار,请救救女人！
坎大哈 سفر قندهار,西方文明总爱看咱哈
坎大哈 سفر قندهار,这可能完全是西方语境下阿富汗世界，战争之后，满目疮痍。缺胳膊断腿的人，追逐着空降下的假肢，这一幕其实可以有很多的解读。
坎大哈 سفر قندهار,看过此片的都是大神。影片中的长镜头使得影片时间比较凝重，俯视镜头+大全景的构图给人以上帝的视角，人的苦难呈现在眼下，手持摄影风格的晃动与社会的动荡形成互文。苍白的色调与这片土地上文明的荒芜相呼应。究竟是谁在看阿富汗的苦难？是西方对他者的苦难建构，就跟西方不理解天朝人学习YS形态。
坎大哈 سفر قندهار,降落伞      
坎大哈 سفر قندهار,1、人活着总是有理由的，不管遇到多大困难，希望就是动力，口渴时希望水，饥饿时希望面包，孤独时希望被爱。2、只有逃出这片饱受沧桑的故土，才可能有新的希望。
坎大哈 سفر قندهار,4.5。
坎大哈 سفر قندهار,反常的伊朗另类诗意的写实电影，心悸之余很是荒诞，世上有着如此绝望之地
坎大哈 سفر قندهار,我以为自己看电影已经足够不求甚解，但看到类似这样纪实的影片还常常愣好久不能回神。
坎大哈 سفر قندهار,那个地区的生存状态
坎大哈 سفر قندهار,没有经历过战争的人太辛福，让你看战争，就是让你知道和平有多美好。
坎大哈 سفر قندهار,纪实风格。故事是去坎大哈找妹妹。而剧情要说的确实那些途中的经历。空投假肢很赞。心中阳光版字幕延迟。
坎大哈 سفر قندهار,某些西方国家把这种地雷命名为“人道主义地雷”
坎大哈 سفر قندهار,真实的让人窒息的氛围。
坎大哈 سفر قندهار,当天空飘下一双双降落伞下的假腿，那些缺胳膊少腿的人们奋力奔向它们的时候，是那么震动观者的心……
坎大哈 سفر قندهار,绝望之地。把灵魂交于一个又一个陌生人，可怕！
坎大哈 سفر قندهار,拍小国家的片子单就满足猎奇这点来说也是可以的。只看自己喜欢的，太迁就自己了。。。。。。
坎大哈 سفر قندهار,我把我的灵魂投入到这旅程中，去走一些从未走过的路，只是为了给你一个活下去的理由。如今，我终于穿越了那一片布满罂粟与地雷的沙漠，给你带来了一千个活下去的理由——2001年因为书城杂志这样介绍迫切的看掉了本片
坎大哈 سفر قندهار,死者的戒指，假扮的医生，坚持给妻子假腿的男人，假腿赛跑。结尾落下的太阳。
坎大哈 سفر قندهار,仿纪录片风格，线索是一个从加拿大返回阿富汗的女记者的经历。不管是哪方视角，看了战争和动荡下人们的那种生活，很难无动于衷，尤其拄拐的那些人跑向空投的假腿时那组镜头，太心酸了。
坐在人生边上——杨绛,感情是很难控制的 人是很可怜的
坐在人生边上——杨绛,这是一位垂垂老者对生死的解读，对时过境迁的絮叨，对记忆当中的片段产生的印象。不管是镜中的自己亦或是自家保姆的丑态，让我唯一的感受就是，这是一个老知识分子的三观。都是人，都在面对生活……
坐在人生边上——杨绛,有一点云里雾里的感觉
坐在人生边上——杨绛,很好看哦，可惜看晚了，强烈推荐
坐在人生边上——杨绛,很好看哦，可惜看晚了，强烈推荐
坐在人生边上——杨绛,“钟书逃走了，我也想逃走，但我不能逃，我还得留下来打扫现场，尽自己的责任” 现在你也去了 世间再无“我们仨” 杨老先生，走好…
坐在人生边上——杨绛,凤凰卫视2011年出品，得见杨先生音容笑貌
坐在人生边上——杨绛,看看先生是怎么做学问的。惭愧。
坐在人生边上——杨绛,“我要写一个女儿，叫她陪着我。”
坐在人生边上——杨绛,这气质
坐在人生边上——杨绛,拍的一般，史料也有限。但仍觉得震动，追求真理带给人的力量超越世俗苦难生老病死。说通俗点，人一辈子能找到一件真正热爱的事还能创造价值，幸福不过如此。
坐在人生边上——杨绛,我断定那树下没有圆圆，只叫我更思切
坐在人生边上——杨绛,这是人生境界啊
坐在人生边上——杨绛,从听到先生的声音就一直哭，讲到阿瑗的时候简直泣不成声。精神独立的人承受着旁人承受不了的，然后更坚强地活着。我太敬畏杨绛先生了！
坐在人生边上——杨绛,https://v.qq.com/x/cover/1o7g8vos10ikqmu/v00208ds5la.html
坐在人生边上——杨绛,17年阅读的一本民间鬼故事集，看鬼神，谈生死
坐在人生边上——杨绛,人在生命末端的思考，很透彻的思考，但还是受制于年龄，有些观点不能完全认同。
坐在人生边上——杨绛,“钟书逃走了，我也想逃走，但我不能逃，我还得留下来打扫现场，尽自己的责任。”现在世间也再无“你们仨” 
坐在人生边上——杨绛,终于 又都在一起了！ 这个节目本身的剪辑并不好，也没有什么太多内容，5星给“他们仨”
坐在人生边上——杨绛,"其实是电视节目。但这么烂的制作，素材之好,还是看得哭出来。"
坐在人生边上——杨绛,杨绛先生的治学、做人都值得后辈们好好学习。
坐在人生边上——杨绛,感觉这部不论看过几遍都会哭得一塌糊涂呢…
坐在人生边上——杨绛,治学为人与感情都是典范。世间第一等好事还是读书。
坐在人生边上——杨绛,"全程噙着泪看完。心痛他们多舛的命运，敬佩他们为人处世的态度，臣服于他们的学识、谈吐。
杨先生的衣着、修养、气质……无不令人神往，难怪钱先生会得个“夸妻癖”的外号。"
坐在人生边上——杨绛,老先生的风骨与嚅嚅却利落的声音，太让人喜欢了。我们见过各种爱情，却没有谁不会羡慕钱钟书与杨绛。
坐在人生边上——杨绛,最賢的妻，最才的女。
坐在人生边上——杨绛,❤
坐在人生边上——杨绛,“乌云蔽天的岁月是不堪回首的，可是停留在我记忆里不易磨灭的，倒是那一道含蕴着光和热的金边。” ——杨绛
坐在人生边上——杨绛,钱钟书与杨绛，既是伉俪，又是情人，更是朋友。所谓大家，温文尔雅，勤恳治学，淡泊名利，回馈社会。
坐在人生边上——杨绛,走在人生的边上，其实是感受到了死亡的呼唤，走在了死亡的边缘。风风雨雨的一生即将度过，所思所想所感都是有关人生的哲思。恰好自己当时在病中，假想杨绛当时的处境和心境，再想倘若自己到了这个年纪，写的想的又是什么呢。看文风与内容，杨绛是大师风范，没有世俗的功利，有的是引经据典借鉴他人的思考，有的是经历风雨后平淡的讲述，文字平淡，也不具体，就是这种才包涵更广更深的含义，自己还需要几年，才能体会其中的深意吧。
坐在人生边上——杨绛,大接受过最好的传统文化教育 生于民国时期 成长于近现代 经历了这个国家从推翻帝制 到抗日战争 解放战争 新中国建立 以及特殊时期 到近现代 到二十一世纪 真的太了不起了 看到晚年2001年捐出所有稿费版税收入在清华建立好读书基金帮助贫困学生读书时 发言说话 缓慢而有力量 自信温和
坐在人生边上——杨绛,非凡的人生，不一样的境界。
坐在人生边上——杨绛,“我们不论在多么艰苦的境地 从不停顿的是读书和工作” 看到钱瑗那里就再也忍不住眼泪 杨先生承受了太多太多 “我要留在人世间 打扫现场” 能说出这样的话 心里的爱 该有多坚定多无悔 希望我也可以有一天做到淡定从容地面对生活的大起大落
坐在人生边上——杨绛,写好的评论退出去就没了，理解了杨绛先生在唐吉诃德的翻译因为文革搁置三四年以后，没办法接着写下去只能重新来过。写文章也是这样的，是一气呵成的，如果隔一天再来写是写不出来的。不同时间和地点不同的心境写出来的东西是不一样的，就像我写好一篇若是叫我重新回忆起来再写一次，我是不愿意的，一个是已经写过一次，一个是没有再写一次的欲望。
坐在人生边上——杨绛,暖～
坐在人生边上——杨绛,无言。
坐在人生边上——杨绛,哭着看完全程
坐在人生边上——杨绛,jsjsb
坐在人生边上——杨绛,"论学问，论品格，论性情。
如此眷侣，再难有二。"
坐在人生边上——杨绛,杨先生
坐在人生边上——杨绛,珍贵的音容相貌资料。get几个点：杨先生笔耕不辍、百岁还锻炼真的令人肃然起敬；全部稿费创建好读书基金会，没有以个人命名的大胸襟；钱先生书非借不能读也；516事件；钱瑗死后不要办仪式和留骨灰；钱先生的痴，其实是种专一，只要一个女儿，全部的爱；下放干校隔溪传情比一切都浪漫；清华古月堂是钱杨相遇之处；柏拉图的斐多篇，思想的共鸣。
坐在人生边上——杨绛,【2019042.】
坐在人生边上——杨绛,很温暖的一本书，像涓涓细水声，娓娓动听！好多次哽咽，为人生的不尽完美流泪！感动，为他们一家三口的相处和深情！往往回应书中那句话：世间好物不坚牢，彩云易散琉璃脆！
坐在人生边上——杨绛,钱钟书的学生有杨振宁和许渊冲，许渊冲的学生有俞敏洪……
坐在人生边上——杨绛,说不完的感动和羡慕，平生敬佩之人甚多，尤爱先生一家
坐在人生边上——杨绛,斯人已逝，长歌当哭。
坐在人生边上——杨绛,这样的爱情真的太美了
坐在人生边上——杨绛,『世间好物不坚牢，彩云易散琉璃脆』
坐在人生边上——杨绛,把忍受变为享受，是精神对于物质的最大胜利
坐在人生边上——杨绛,其中艰难，难以言表。潸然泪下，值得敬仰。
坐在人生边上——杨绛,"“好读书”奖学金，羡慕他们的伉俪情深，更敬仰其文学信仰和学问精神。
他发愿说：“从今以后，咱们只有死别，不再生离。”——钱钟书
如要锻炼一个能做大事的人，必定要叫他吃苦受累，百不称心，才能养成坚忍的性格。一个人经过不同程度的锻炼，就获得不同程度的修养，不同程度的效益。好比香料，捣得愈碎，磨得愈细，香得愈浓烈。——杨绛"
坐在人生边上——杨绛,哭倒，第二天精神还是恍惚
坐在人生边上——杨绛,我以为是个记录片，没想到是个电视采访栏目。可是依旧心生敬畏。
坐在人生边上——杨绛,人生智慧
坐在人生边上——杨绛,先生之风 山高水长 真真实实的感动
坐在人生边上——杨绛,风骨永存
坐在人生边上——杨绛,最好的爱情就是势均力敌。
坐在人生边上——杨绛,註釋還沒看
坐在人生边上——杨绛,最贤的妻，最才的女，我们仨，团圆了。
坐在人生边上——杨绛,“我们不论在多么艰苦的境地，从不停顿的是读书和工作，因为这也是我们的乐趣。”
坚强 Stronger,稀松平常，期待我吉捞个提名（还有比我吉更烂的公关了吗？没有了。）
坚强 Stronger,很弱很弱的冲奥系。
坚强 Stronger,电影充满了温暖的人性力量，是一部无惊无喜的半传记片，也完成了它想讲的故事。只是杰克老是这种咆哮式的表演，想出头怕是有难度。
坚强 Stronger,《恐袭波士顿》的另一面，聚焦遭遇不幸后非正常人的生活，其实这个角色发挥空间比较小，同题材的《荣归》、《闻香识女人》、《我的左脚》等都有着上佳的剧本加持，相比之下本片流水账式的记录则相形见绌，另外母亲和女友间的戏份也很诡异（甚至多余）。开车那段致敬了《闻香识女人》，算是一个小亮点。
坚强 Stronger,还是Patriots Day 题材
坚强 Stronger,四平八稳，中规中矩，所有情节走向你都见怪不怪，主演的表现也是恰如其分，看完想不到有什么特别出彩的地方，也不觉得哪里演崩了，所想表达的主题，也司空见惯，既不是非人式的宣传，也不是一味的沉沦，可能那些在生活里真的遇到挫折的朋友，会得到鼓励吧，而我们已经丧到觉得正常了。
坚强 Stronger,我亲爱的接客啊 你怎么就这样在冲奥之路上越跑越偏了 满分演绎也拯救不了清汤励志的无力感 俩小时的情绪积淀不如最后放出真人照片来的激烈。。。
坚强 Stronger,大卫·戈登·格林向主流圈靠拢的投机传记片，实在是乏善可陈。波士顿的观众看这电影的时候心里面定是五味陈杂。今年颁奖季老吉直接被无视，常使用笨办法表演的他，可能要走老李那种曲折的影帝之路。
坚强 Stronger,《恐袭波士顿》换一套切入口，再浑水摸鱼式的讲法，再次证明生活流质感和平庸电视电影质感是如此的一墙之隔、千里难追。这么耗下去杰克的冲奥路实在是太坎坷了。之前一直对大卫·戈登·格林印象很好，现在竟也拍起这种一捞一大把的片子。
坚强 Stronger,聚焦事件中幸存的个体境遇，按部就班的人物传记片。有比利林恩“他们表扬我这辈子最惨的一天”式个人苦痛被过度消费的现实批判，也有主人公沉沦不振激发家庭矛盾之后重获新生的剧情转折，但剧本、剪辑实在敷衍潦草且平(tao)庸(lu)得可怕，我吉也有挑片失手的一天啊。
坚强 Stronger,"《恐袭波士顿》已经将这个事件讲的足够清楚，而本片只是一个普通人的故事，整个事件被一笔带过，但再多纪实的影像都没有一个失去双腿的人嘶吼来得有力。他是家族的英雄、城市的愈合剂，但他受到的伤只能靠自己治愈，我们对此都无能为力。
Boston strong.
You stronger."
坚强 Stronger,冲着吉伦哈尔飙戏给3星不能再多
坚强 Stronger,中规中矩的平庸之作，节奏拖沓，也就吉伦哈尔的演技能拿出来说，我还持保留意见。俩小时还不如彼得博格《爱国者之日》里的5分钟拍的好，旁边大叔睡得可香了
坚强 Stronger,和Jake上一部（铁拳）一样，都算是好牌打坏那种，没拿到奥提也不意外啊，本身口碑就放这了，完全局限在了最无聊的传记片拍法上。
坚强 Stronger,各方面都平庸的传记片，浪费了一众卡司的出色演技，故事如流水账，叙事靠拼贴，节奏混乱，剪辑拙劣，“波士顿恐袭”的另类视角，没有对爆炸案过程有过多涉猎，全部聚焦主角事件后从身体到心灵的自我救赎，杰克细腻内敛的表演是诠释人物的不二人选，心理渐变的拿捏张弛有度，奥斯卡值得给他个人一个提名
坚强 Stronger,出众的演技，平庸的电影！
坚强 Stronger,"「I'm a hero for just standing there and getting my legs blown off?」「Now it's just about healing, getting better, and showin' the world I'm fine. I'm not gonna let this hold me down. And there's always gonna be pain, I think, but, I dunno, I just, wanna,  like... live.」"
坚强 Stronger,"“But, y'know, to be the banner captain and, like, wave the flag and shit. It's kind of like singin' the national anthem, but for people who suck at singing.” “Don't you think, shouldn't you be leaning on me?”"
坚强 Stronger,为了小吉看的，中规中矩。
坚强 Stronger,故事虽感人，但缺少惊喜，仍然是那类颁奖季命题作文般传记电影。杰克的表演还不错，今年影帝小年希望能捞个提名~
坚强 Stronger,吉伦哈尔演技在线
坚强 Stronger,《恐袭波士顿》的另一个角度，坚强的活下去，也是对反恐主题的另外一种坚持
坚强 Stronger,从恐袭波士顿的警匪主旋律 到这部从另一个角度出发遇难者的个人传记 相互串联体现出对于那次爆炸事件比较完整的画卷 一个不坚强的遇难者被迫成为坚强的符号 期间有迷失 有自暴自弃 直到被另一位失去更多的人点醒 建立自信 完成自我救赎的故事 拍的比较中规中矩 缺乏亮点
坚强 Stronger,当我们不能成为英雄的时候，我们需要一个英雄！
坚强 Stronger,恋爱分手复合结婚生子
坚强 Stronger,有人关注这样的人这样的事情把它拍成电影固然是好事，但是真的很无聊啊。
坚强 Stronger,整体剧情流水账 节奏很难把控 主线康复 辅线爱情 对于”hero”本人内心的纠结和自我质疑有一定探讨价值 对strong，大拇指的嘲讽。这方面的表达以及冰球赛的闪回拍法都类似比利林恩。表演还是比较细腻有说服力的。一个问题 为什么大英雄不是救人的牛仔帽而是断腿的废柴
坚强 Stronger,波士顿爆炸案的又一视角和后续
坚强 Stronger,casting director 居功至伟。
坚强 Stronger,真实可敬
坚强 Stronger,2017-10-01
坚强 Stronger,从别人眼中的坚强到自己内心真正的开始变得强大，杰夫经历了一次并不容易的蜕变。不过影片始终中规中矩，给吉伦哈尔角色的发挥性也过于局限，算是不温不火。
坚强 Stronger,没什么亮点
坚强 Stronger,2.5星。完完全全的美帝命题作文。经历灾难-尝试重生-信心打击-家人支持-重新站立-获得新生。波士顿马拉松事件这么好的主题，挖掘得居然这么套路。就整个思想性而言，还不如锈与骨来得动人。
坚强 Stronger,"男主他妈居然是Miranda Richardson; 基于负罪感和道德感的婚姻果然不长久, 男女主角现实原型今年离婚了; 感觉狐朋狗友天天在pub里喝酒好可怕; 母亲对孩子投入太多阻碍孩子独立; 男主为什么跟某人谈了一下就醒悟了, 电影这点给人的感觉好突兀; PTSD还是挺严重的问题"
坚强 Stronger,印象中杰克吉伦哈尔这种不好不坏的片子已经非常多了 片中男主 他是不幸的 他也是幸运的 boston strong
坚强 Stronger,一切都会好起来的
坚强 Stronger,过于寡淡 有点浪费了接客
坚强 Stronger,钝感力
坚强 Stronger,三星为了男女主演技，但对故事和主题real不感冒。当消费他人的不幸成为一种励志，塑造偶像来激发全民的正能量，大众的盲从与易煽动，依赖他人的认同实现自我满足，这恰恰是我无感的宣传方式😶
坚强 Stronger,老吉这几年的片子当中质量最差的一部，演得依然不错，但感觉Bauman这个人物本身就没什么值得去说的。
坚强 Stronger,如此平庸的故事真的浪费了吉伦哈尔的演技
坚强 Stronger,3.5，规规矩矩的美式励志片。
坚强 Stronger,爱国者日的另一面，但是剧本水准太差，老吉的奥斯卡又凉了，水平过于平庸，【60/100】
坚强 Stronger,中规中矩的人物传记片。
坚强 Stronger,看了这片子，有点明白trump为什么会赢了
坚强 Stronger,传记电影难免中规中矩，男主这样及其普通的人非常贴近生活，残疾之后遇到的困难也写实的让人难过。可惜Jack书生气太重，实在不像低学历傻小伙。
坚强 Stronger,前面纪实感很强，后面有点乱貌似剧情崩了
坚强 Stronger,二星半。手法一般，比较无趣，远不如爱国者之日。
坚强 Stronger,131/2017
坚强 Stronger,中规中矩，女主……太丑！
坚强 Stronger,没啥毛病，但找不到共鸣
坚强 Stronger,恐袭波士顿事件的微观视角 吉伦哈尔的演技一如既往的在线 把受创后的心理表现得很真实 可惜大部分的篇幅都放在了主人公 鸡毛蒜皮的家庭琐事应对上 所谓的坚强 是遇见了救命恩人之后才开始的 通篇没有什么闪光点
坚强 Stronger,不出彩，可能就是一部电影最大的败笔之一，实在是太平淡了
坚强 Stronger,没演透，还是《爱国者之日》好点
坚强 Stronger,寡淡
坚强 Stronger,吉伦哈尔表演也有些过火了。
坚强 Stronger,两个主角大爱啊～可惜故事虽然真人改编可是真的老套。。而且没有排出新的感觉。。
坚强 Stronger,想复制《依然爱丽丝》，但失败了。
坚强 Stronger,作为传记型电影侧重点没有把握好，家庭撕逼内容寡然无味，主角也没太多心路历程，不温不火
坚强的心 A Mighty Heart,"为什么我感觉剧情有点混乱呢... - -  jolie这次的表演仍然很精彩, 想到<换子疑云>中的母亲."
坚强的心 A Mighty Heart,美国人卖瓜，自卖自夸。做这样一个题材，创作者的角度很关键，一家之词只会失去公信力，客观写实的镜头，反应的却是主观意愿，真诚在哪。不过，朱莉的演技很棒，赞一句。
坚强的心 A Mighty Heart,我在想像这样的电影到底会有多少部分是完完全全真实的，到底他们带来的是希望多一点还是无奈多一点。世界太大，人太渺小，很多我们今生无法体会。
坚强的心 A Mighty Heart,julie演技很有张力，但情节看着有点乱，这样的设定太容易让人猜到结局了，所以难免不够投入！
坚强的心 A Mighty Heart,內個記者當年死的時候我似乎有印象
坚强的心 A Mighty Heart,很有纪录片的味道。“没有美国人的不可一世，也没有刻意妖魔化穆斯林国家，不纠缠于政治，不宣扬理念，只有真实。”——坚强的心。
坚强的心 A Mighty Heart,"You can get old and fat
and gray and grumpy. And curvy. But don't lose your smile."
坚强的心 A Mighty Heart,只听到一声声的danny danny danny，烦很。
坚强的心 A Mighty Heart,安吉丽娜·朱莉将坚强的女性角色塑造的很好，本片剧情平淡可看性不高
坚强的心 A Mighty Heart,陈述性电影 冲AngelinaJolie！！
坚强的心 A Mighty Heart,"挺好看的电影,安吉丽娜的表演自然流畅,印巴之间的复杂关系,巴基斯坦和美国的关系展现的也挺写实的,一个人的命运很多时候是很多复杂关系,很多不同立场人之间博弈的一枚棋子"
坚强的心 A Mighty Heart,既然选择了去战场，就必须有个战地记者的样子，这类事件只当稀松平常，意料之中，换作任何一个有新闻正义的记者都会赴这个未知的采访。
坚强的心 A Mighty Heart,值得的人，就算他死了也永远活在你心中，不值得的人，就算他活着也早已死去~
坚强的心 A Mighty Heart,"it's my first time hearing Angelina Jolie scream. ""no no no no no no no no~~!!"""
坚强的心 A Mighty Heart,很久以前看过了，那时还给了很低分。
坚强的心 A Mighty Heart,满嘴F**K CCTV6居然听之任之 还掩耳盗铃的在翻译字幕写 “该死”—— 唉……
坚强的心 A Mighty Heart,jolie还是不适合演这种细腻的角色
坚强的心 A Mighty Heart,我想说， 这种真实事件改编的电影很难拍好。
坚强的心 A Mighty Heart,每个电影都要有生孩子，龇牙咧嘴的
坚强的心 A Mighty Heart,好故事，但女一号让我审美疲劳
坚强的心 A Mighty Heart,jolie演得还是不错的 其他的就。。。
坚强的心 A Mighty Heart,失望。毫无新颖。安吉丽娜·朱莉很漂亮倒是。也欣赏她的歇斯底里。我很变态。
坚强的心 A Mighty Heart,可能是AngelinaJolie最文静最枯燥无聊的电影了！
坚强的心 A Mighty Heart,"正为做记者纠结，看完这个电影，更不敢做记者了。。。在我看，他是个政治牺牲品大于新闻牺牲
"
坚强的心 A Mighty Heart,It depends on a real story
坚强的心 A Mighty Heart,archie panjabi很漂亮。片尾曲也好听。
坚强的心 A Mighty Heart,说实话看得我蛋疼，但这居然是真实发生的事。Jolie的表演很到位，她素颜还是那么美呐~ 其实我觉得，导演可以换一种表现手法。这个实在太混乱了。
坚强的心 A Mighty Heart,看了没有太大的感觉，只是想像了一下如果我是她...
坚强的心 A Mighty Heart,我只是彻底彻底的为AJ着迷了，女神啊女神。严肃的宗教战争政治问题，导演的脉络还是清晰的，差错的剪辑很不赖，真实感倍增。可我还是庸俗的只顶着AJ。世界和平吧~
坚强的心 A Mighty Heart,i can't bored still ending
坚强的心 A Mighty Heart,这么好的题材，给拍成这个样子，故事连贯性做得太烂了，主题也不突出，虽然在对文化冲击和政治矛盾上的修饰很好。
坚强的心 A Mighty Heart,看到jolie的丈夫在临死前勇敢的说出自己的民族背景时，很敬佩~
坚强的心 A Mighty Heart,冤冤相报何时了~
坚强的心 A Mighty Heart,"You know nothing, American idiots."
坚强的心 A Mighty Heart,观影感受如同剧中人的心情一样——煎熬。
坚强的心 A Mighty Heart,朱莉的造型不堪入目。
坚强的心 A Mighty Heart,纪录片的样子。还可以。
坚强的心 A Mighty Heart,悲催哇！宗教冲突熟马的追无厘头了！
坚强的心 A Mighty Heart,unrealistic，记者就是上帝嘛。Belinda（the good wife）在，Angelina法国口音很奇怪。很悲伤的故事，形象上和真人相似度很大。睡着了好几次，塞舌尔看的电影之一。
坚强的心 A Mighty Heart,只看了一多半~今天继续看
坚强的心 A Mighty Heart,没想到朱莉还演过这样的女性呢，电影本身像杯凉白开，根据真实经历改编。原本跌宕惊心的故事为了体现出坚强显得过于平淡了，到了结尾才比较有力。
坚强的心 A Mighty Heart,只能用真实来评价了
坚强的心 A Mighty Heart,形如纪录片，发生在巴基斯坦的战地记者的真实事件。
坚强的心 A Mighty Heart,为了看AJ买的  Peace
坚强的心 A Mighty Heart,没有想象中闷
坚强的心 A Mighty Heart,09/08/05
坚强的心 A Mighty Heart,不是偶的类型。。。。
坚强的心 A Mighty Heart,总是容易跟朱莉另外一部《超越边界》搞混
坚强的心 A Mighty Heart,剪辑、茱莉的演技不错。情节是美国主导话语权的产物。故事比较老套。可能是看多了这样的新闻心感厌烦，就先入为主了。不适合边吃火锅边看。
坚强的心 A Mighty Heart,美国主旋律啊
坚强的心 A Mighty Heart,一个完整的绑架、拯救以及失败的过程
坚强的心 A Mighty Heart,纪实电影，流水账就是
坚强的心 A Mighty Heart,（2008.01.29）晃动的镜头，走纪录片路线。故事改编自《华盛顿邮报》战地记者丹尼尔·珀尔的妻子所写的回忆录，由朱莉主演。喜欢片尾曲《a manner of speaking-nouvelle vague》。 磨砺过后才知自己的心有多坚强；无论如何，生活还需继续。
坚强的心 A Mighty Heart,沉重的片子。。。
坚强的心 A Mighty Heart,朱莉在里面好瘦呀，都变形了
坚强的心 A Mighty Heart,"很像一部记录片而非电影...朱莉驾轻就熟.让我想到了前段时间看的一本书,<前生今世>.作者已自己的亲身经历描写一个女性在丈夫突然离世后的痛苦与坚强."
坚强的心 A Mighty Heart,不见性感....只见一个失去丈夫的妻子 三星半
坚强的心 A Mighty Heart,因为AngelinaJolie ，看了这部根据真实事件改编的电影。比起朱莉演的换子疑云，这部……。本可以拍得更好的，可惜了原著
坚强的心 A Mighty Heart,不死女特工找完儿子找丈夫
坚强的心 A Mighty Heart,"当时看过之后,觉得流于一般，于是就没再多写评论~"
埃贡·席勒：死神和少女 Egon Schiele: Tod und Mädchen,期待很久 大失所望 拘泥于艺术家的皮肉与放纵 但席勒的天才与灵敏却展现地寡淡 
埃贡·席勒：死神和少女 Egon Schiele: Tod und Mädchen,男主要比所有的女演员都好看
埃贡·席勒：死神和少女 Egon Schiele: Tod und Mädchen,可以和让叔的藤田嗣治搭配食用……陈坤+刘烨的席勒漂亮得有点儿花瓶，看在少女很好的份儿上3星吧，比foujita的法国人靠谱多了……
埃贡·席勒：死神和少女 Egon Schiele: Tod und Mädchen,段落切换好突兀，
埃贡·席勒：死神和少女 Egon Schiele: Tod und Mädchen,故事基本都在围绕席勒的女人缘与女性的身体上，对他创作本身着墨实在是好少，虽然光影挺漂亮，但导演平庸的视觉想象力与席勒的表现主义真的不相配，倒不如去拍卡拉瓦乔还合适点。男主英俊有余，但形象偏正，缺乏席勒那种鬼才的精神。整个故事的人物关系也叙述的随意而松散，感情如流水般浮光掠影
埃贡·席勒：死神和少女 Egon Schiele: Tod und Mädchen,男主角是真帅，电影有点浮，流水账似，没有把席勒这个天才画家的灵气拍出来
埃贡·席勒：死神和少女 Egon Schiele: Tod und Mädchen,摄影和音乐都好，男主是空心美貌，看剧照是一见倾心，在片子里乏味得很，给我的感觉特别像《不成问题的问题》里的张超……
埃贡·席勒：死神和少女 Egon Schiele: Tod und Mädchen,席勒纯粹靠着下半身才有创作的冲动？看上的女的大多不漂亮。一天不画画，没法过一天。并木有看出他强烈的艺术追求以及艺术主张。而是纠葛于多角关系中。为了过上好日子，娶了富家女。其实妹妹才是最大的亮点，16岁时已经为哥哥做裸模了，有着浓郁的恋哥情结。说实话，这个女主角很嫩，是00后吧。
埃贡·席勒：死神和少女 Egon Schiele: Tod und Mädchen,还行
埃贡·席勒：死神和少女 Egon Schiele: Tod und Mädchen,观赏性不佳。好平淡的电影。我又想画画了。 :)
埃贡·席勒：死神和少女 Egon Schiele: Tod und Mädchen,悲伤的故事，放到今天，一样会发生。男主太美…盖过了各位女主女配们…
埃贡·席勒：死神和少女 Egon Schiele: Tod und Mädchen,作为了解生平一些经历还不错，只是偏重在情感戏方面，对于画家的才华和特点的呈现好弱，而席勒的作品本身是非常有冲击力的。Wally这个角色诠释得很帅气，席勒则是长得过分好看😂Klimt家和Secession拍很美，期待去参观
埃贡·席勒：死神和少女 Egon Schiele: Tod und Mädchen,Naja…男主的颜值非常高。最喜欢Wally得知Egon要和别人结婚还邀请她每年幽会，在咖啡馆崩溃的一段。反正这种以艺术之名渣别人的故事都是相似的……
埃贡·席勒：死神和少女 Egon Schiele: Tod und Mädchen,着重点不在画家的艺术，更多的是表现席勒的情欲，对于社会与艺术的冲突描摹的不够有力量，还是觉得比较遗憾。但是摄影和配乐非常美，又有些悲伤的氛围。男主长得太漂亮了，可惜少了一些艺术家的锐气，演技也很一般，演Wally的女演员给人的印象倒是很深刻。
埃贡·席勒：死神和少女 Egon Schiele: Tod und Mädchen,...
埃贡·席勒：死神和少女 Egon Schiele: Tod und Mädchen,电影所展现的埃贡席勒，除了一张美丽的皮囊，一无是处，他的焦虑和偏执倒是看到了，但他的才华被影片大大弱化了；私以为，任何传记电影，不管主人公是何形象，他都应该要能和观众产生共情，而片中的埃贡，他除了让人愤怒😠，真的很难产生其他情绪，相较而言，瓦莉反倒更吸引人，她是鲜活的，不似埃贡那样片面化，符号化
埃贡·席勒：死神和少女 Egon Schiele: Tod und Mädchen,对我这种门外汉来说，除了美术课本上看过一副油画外，对人物生平一概未知，传记片拍的最多的是画家与众女人之间的过往，主题偏移之感
埃贡·席勒：死神和少女 Egon Schiele: Tod und Mädchen,记叙文
埃贡·席勒：死神和少女 Egon Schiele: Tod und Mädchen,《死神与少女》是席勒最重要作品之一，模特原型是他诸多女友之中的一位。此片就此讲述了一段画外历史。席勒在28岁死了，他最后几年的个人黑白照与画风极度吻合，看看都是极为病态的扭曲紧张。照片里他的脸是古怪的各种偏扭侧歪，打光也够诡异。很难想象，他的脸也确实曾经如所有中产家庭里的少年那样柔和生辉过。师从过克里姆特，可克里姆特恢宏歌咏般的装饰意味，到了他的画里，在助力和从属于他的情绪紧张感，却有种用力怪异又错乱的和谐。在这部片里，有他年轻时代放纵的艳情故事种种，没有对他画风生成的因果讲述。男演员实在帅的过份，也有户外色彩镜头的美貌。但就没有他迷样的风格养成解析，非常遗憾了。
埃贡·席勒：死神和少女 Egon Schiele: Tod und Mädchen,整体的色调很不错，构图上也下了很大功夫，就是演员的表演欠点火候了。
埃贡·席勒：死神和少女 Egon Schiele: Tod und Mädchen,太浅了，台词多次提到艺术家但电影展现出来的很少
埃贡·席勒：死神和少女 Egon Schiele: Tod und Mädchen,天哪Noah的颜值和身体让我可以完全不关注剧情了...
埃贡·席勒：死神和少女 Egon Schiele: Tod und Mädchen,他是艺术家啊，能怎么办呢（摊手）
埃贡·席勒：死神和少女 Egon Schiele: Tod und Mädchen,整个影片勾勒席勒短暂一生，以对他的名作《死神与少女》作出注释，然而力度和丰满度还是缺乏。另外，席勒的扮演者太帅，对影片来讲，其实是一种失败的技巧，偏离潜沉，导向虚表。
埃贡·席勒：死神和少女 Egon Schiele: Tod und Mädchen,可以无情的利用，也可以深情的拥吻。和印象中灵动的艺术家一样，感性与理性交织，情感丰富但脆弱。男主的颜值和少女的鲜嫩让人垂涎。等待片尾钢琴出现在网易云的那天
埃贡·席勒：死神和少女 Egon Schiele: Tod und Mädchen,女孩们的表现力反而盖过了席勒。妹妹美得好古典。
埃贡·席勒：死神和少女 Egon Schiele: Tod und Mädchen,浅薄的叙事没能支撑起埃贡的天才与敏感，小失望，克林姆特的戏份也不多，本来还蛮期待他的:<
埃贡·席勒：死神和少女 Egon Schiele: Tod und Mädchen,失望 除了男主的颜值和弥漫全面的淡淡苍凉敢还有点看头之外 席勒的横溢才华一点没表现 说拘泥于肉欲的 明明肉体也没拍好啊 这么好的题材 这么美丽的颜值拍成这样简直暴殄天物
埃贡·席勒：死神和少女 Egon Schiele: Tod und Mädchen,不还原艺术家本身，也只能是一部美丽的电影了。
埃贡·席勒：死神和少女 Egon Schiele: Tod und Mädchen,男主很帅，仅此而已。
埃贡·席勒：死神和少女 Egon Schiele: Tod und Mädchen,女主角 完全不惊艳美。太村。再多写两句 这个片子把席勒拍成狗屎。不应该是这样不应该是这个角度
埃贡·席勒：死神和少女 Egon Schiele: Tod und Mädchen,埃贡对艺术的追求已超越爱情与金钱，使用闪回的叙述形式也很好的呈现出埃一生所中对他艺术比较重要时刻，和对他艺术形式的变化
埃贡·席勒：死神和少女 Egon Schiele: Tod und Mädchen,还原了美少年席勒的情感生活，但没能丰富注释他的艺术追求。
埃贡·席勒：死神和少女 Egon Schiele: Tod und Mädchen,Roxy Kino Dortmund 
埃贡·席勒：死神和少女 Egon Schiele: Tod und Mädchen,死神与少女 抱住即将离你而去的人 不管是他觉得是他害死了少女还是他想跟少女一起死去 这点上还是蛮动人的 但是他画的画大概是我永远欣赏不来的领域吧
埃贡·席勒：死神和少女 Egon Schiele: Tod und Mädchen,男主好美好美好美，瓦莉好帅气，就是全是感情戏。。。
埃贡·席勒：死神和少女 Egon Schiele: Tod und Mädchen,想看男主的颜，就看了
埃贡·席勒：死神和少女 Egon Schiele: Tod und Mädchen,病态
埃贡·席勒：死神和少女 Egon Schiele: Tod und Mädchen,可以更好
埃贡·席勒：死神和少女 Egon Schiele: Tod und Mädchen,那个年代画家的故事  必然有裸体少女  必然有疯狂的爱情 
埃贡·席勒：死神和少女 Egon Schiele: Tod und Mädchen,看了不少艺术家传记，梵高的遭遇，莫迪里阿尼的遭遇，甚至席勒的一些遭遇。跟当代艺术在某些国家，当下的遭遇没区别。科技发展了有用吗？现在是21世纪了有用吗？依然是不了解，不关注，不学习，无知当光荣。一边缅怀着梵高们，一边做着跟梵高时代鄙视和嘲笑梵高的人一样的事。
埃贡·席勒：死神和少女 Egon Schiele: Tod und Mädchen,四个女人，短暂的一生，留下三百幅油画，超过两千幅素描和水彩画。生命燃烧得太过热烈，还未完全盛开就已化为灰烬。“艺术家必须离开舒适，寻找新观点”，“艺术家有责任捍卫艺术的自由，心胸狭隘的人才会嘲笑艺术的自由。”更喜欢古斯塔夫.克里姆特的画。
埃贡·席勒：死神和少女 Egon Schiele: Tod und Mädchen,我需要你，用来作画……真是顶级渣男与盛世美颜并存啊！
埃贡·席勒：死神和少女 Egon Schiele: Tod und Mädchen,值得肯定的是画面和音乐，演员们的颜值很够。但是整部电影没有太多抓住人心的剧情。最记忆深刻的不过是他说他要娶别人了，她痛哭流涕痛不欲生。这也有点突兀，转折辣么快，难道是我没仔细看(✪ω✪)他明明就是个很有故事的男青年啊。但整部剧就像流水账一样回忆完了他人生中比较重要的片段，平平淡
埃贡·席勒：死神和少女 Egon Schiele: Tod und Mädchen,艺术家 似乎都是在一个女人又一个女人的怀里印证着自己的孤独 然后创造出不朽的作品 叹…
埃贡·席勒：死神和少女 Egon Schiele: Tod und Mädchen,《埃贡.席勒 死神和少女(2016)》 （2019.9.22） 7
埃贡·席勒：死神和少女 Egon Schiele: Tod und Mädchen,裸体但不色情 
埃贡·席勒：死神和少女 Egon Schiele: Tod und Mädchen,尊重一切的人没立场的嘴脸很可笑！
埃贡·席勒：死神和少女 Egon Schiele: Tod und Mädchen,"1.后悔看到了下了鸡蛋的鸡，不能更渣的渣男。
2.情色的艺术非得依赖色情的生活获求灵感吗？
3.故事断断续续的，情节不连贯。摸了个腿就和edit搞上了？
3.所有女主角，都不过是画具。"
埃贡·席勒：死神和少女 Egon Schiele: Tod und Mädchen,中规中矩 男主真的帅的让人没法选择不原谅啊
埃贡·席勒：死神和少女 Egon Schiele: Tod und Mädchen,主角的感觉很太多演的痕迹，有点出戏。
埃贡·席勒：死神和少女 Egon Schiele: Tod und Mädchen,Noah这令人嫉妒的颜值，电影画面好，配乐也好，可就是看的不专心。
埃贡·席勒：死神和少女 Egon Schiele: Tod und Mädchen,和过去的exzesse对比而言，剧情流畅且商业化，里面描述的席勒更具烟火气，男主虽帅但是完全不像席勒且没有艺术家的狂热之感，至于女性角色，最喜欢Gerti，Wally和Edith都太丑，而且对为什么选择Edith完全没有讲清楚，完全一个长得丑不懂艺术没有风情的无趣女子，exzesse中的wally和edith的刻画更到位
埃贡·席勒：死神和少女 Egon Schiele: Tod und Mädchen,为什么感觉他渣渣的.....
埃贡·席勒：死神和少女 Egon Schiele: Tod und Mädchen,完全看的生肉，竟然也看得津津有味，或许艺术不需要语言吧，女主演技加分，蓝眼睛真漂亮！
埃贡·席勒：死神和少女 Egon Schiele: Tod und Mädchen,28岁就死了
埃贡·席勒：死神和少女 Egon Schiele: Tod und Mädchen,很一般 整个电影加起来给我的冲击力都不及片尾最后一句 席勒去世时年仅28岁 男主太美了 剩下的线都很散 完全没感受到天才的光芒
埃贡·席勒：死神和少女 Egon Schiele: Tod und Mädchen,讲得有点浅，看完觉得有点乱而且不食髓知味。男主真的很帅了，就这样的面孔又有才华，换我是那几个女人肯定死死倒贴了，Wally和他的感情因为现实而没办法继续看de稍稍动情。
埃贡·席勒：死神和少女 Egon Schiele: Tod und Mädchen,这只是拍个席勒的风骚篇吗？
埃贡·席勒：死神和少女 Egon Schiele: Tod und Mädchen,白天看展，画廊的姐姐推荐。剧情凌乱，光影处理美，重心放在了席勒的情感生活而不是艺术成就（「拘泥于艺术家的皮肉与放纵，席勒的天才与灵敏却展现得寡淡」）。出现了克里姆特惊喜啊，男主真好看。
堕落街 Christiane F. - Wir Kinder vom Bahnhof Zoo,"“白痴写实主义"" ..............德国拍这种题材真是有种""深仇大恨""苦难感hahahhah 总之观影过程很难受 主要是原故事有点白痴 （还有我想知道是谁在主演那里写的David Bowie 总共出现了5分钟好吗..........）"
堕落街 Christiane F. - Wir Kinder vom Bahnhof Zoo,1、很多原因让我们堕落，包括一些美好的情感；2、残酷也是初恋之美的一部分；3、提着塑料袋的堕落女孩
堕落街 Christiane F. - Wir Kinder vom Bahnhof Zoo,无论再怎么获奖无数，我的确是不喜欢这种风格和角度，当然客观来说还是可以的。小演员表演很无神。
堕落街 Christiane F. - Wir Kinder vom Bahnhof Zoo,常常觉得欧美七八十年代的年轻人都有成长上的“垮掉”倾向，但青春期其实对于每一人来说都是一个分水岭，这个时候的年轻人往往用无意识的堕落来显示自己的与众不同，可实际上显示出来却是无知和迷茫。谨以此片献给David Bowie。
堕落街 Christiane F. - Wir Kinder vom Bahnhof Zoo,把印着bowie字样的外套送给好朋友babsi 后者也是美到让人心碎的少女啊
堕落街 Christiane F. - Wir Kinder vom Bahnhof Zoo,翻译完的第二部电影。
堕落街 Christiane F. - Wir Kinder vom Bahnhof Zoo,听说比梦之安魂曲牛逼，看完之后差太远，
堕落街 Christiane F. - Wir Kinder vom Bahnhof Zoo,失足萝莉啊，应该作为远离毒品教育片。。我喜欢这些小演员们，真好看。
堕落街 Christiane F. - Wir Kinder vom Bahnhof Zoo,很写实的片子，毒瘾发作的场景拍得很是恐怖。。。
堕落街 Christiane F. - Wir Kinder vom Bahnhof Zoo,为了一句“i only want to konw what you feel”，由drug到shoot
堕落街 Christiane F. - Wir Kinder vom Bahnhof Zoo,我是来看David Bowie的。
堕落街 Christiane F. - Wir Kinder vom Bahnhof Zoo,风华颜值+嗜毒鸳鸯，这种片咋都是一个套路呢。就连David Bowie走的那个过场也就那样。但确实上世纪彩色片的画面质感整体上看起来舒服很多……
堕落街 Christiane F. - Wir Kinder vom Bahnhof Zoo,为了DB!!! …又一个优秀的戒毒宣传片，电影有些画面构图美，想要女主同款，颜控福利…据说女主因为这个被法斯宾德找去演电影了，话说导演生平和这个挺像的，相信故事一定真实存在过
堕落街 Christiane F. - Wir Kinder vom Bahnhof Zoo,男女主角都挺不错的。
堕落街 Christiane F. - Wir Kinder vom Bahnhof Zoo,木木的完全看不出感觉
堕落街 Christiane F. - Wir Kinder vom Bahnhof Zoo,吃饱了撑的
堕落街 Christiane F. - Wir Kinder vom Bahnhof Zoo,教育片，不过少女们都很美
堕落街 Christiane F. - Wir Kinder vom Bahnhof Zoo,因为有了猜火车。3.5
堕落街 Christiane F. - Wir Kinder vom Bahnhof Zoo,写实的片子总是会/就是要剧烈地强奸眼睛、耳朵和思想。然而这一部叙事太平淡，节奏、浓度都不够冲击，又并非真实写实。
堕落街 Christiane F. - Wir Kinder vom Bahnhof Zoo,因为大宝才找来看，堕落少女的偶像...
堕落街 Christiane F. - Wir Kinder vom Bahnhof Zoo,书好看、生动些，电影没有所说的残酷真实
堕落街 Christiane F. - Wir Kinder vom Bahnhof Zoo,有点闷
堕落街 Christiane F. - Wir Kinder vom Bahnhof Zoo,明艳的黑暗
堕落街 Christiane F. - Wir Kinder vom Bahnhof Zoo,唉。。。😪
堕落街 Christiane F. - Wir Kinder vom Bahnhof Zoo,sad
堕落街 Christiane F. - Wir Kinder vom Bahnhof Zoo,残酷
堕落街 Christiane F. - Wir Kinder vom Bahnhof Zoo,歌不错哦～
堕落街 Christiane F. - Wir Kinder vom Bahnhof Zoo,麻痹这女的蠢死了
堕落街 Christiane F. - Wir Kinder vom Bahnhof Zoo,德国人的电影特别认真
堕落街 Christiane F. - Wir Kinder vom Bahnhof Zoo,压抑
堕落街 Christiane F. - Wir Kinder vom Bahnhof Zoo,脏片 
堕落街 Christiane F. - Wir Kinder vom Bahnhof Zoo,以前看的
堕落街 Christiane F. - Wir Kinder vom Bahnhof Zoo,一般
堕落街 Christiane F. - Wir Kinder vom Bahnhof Zoo,难受 看不下去 难受
堕落街 Christiane F. - Wir Kinder vom Bahnhof Zoo,只是为宝爷来的，小李子的边缘日记跟这部挺像。
堕落街 Christiane F. - Wir Kinder vom Bahnhof Zoo,颜控
堕落街 Christiane F. - Wir Kinder vom Bahnhof Zoo,迷茫
堕落街 Christiane F. - Wir Kinder vom Bahnhof Zoo,多往网吧跑几趟也不会这样
堕落街 Christiane F. - Wir Kinder vom Bahnhof Zoo,还未来得及飞起，便已经坠入地狱。瘾君子是绝对信不过的。
堕落街 Christiane F. - Wir Kinder vom Bahnhof Zoo,画质感人 绝佳的反毒电影 有些东西就是不能碰
堕落街 Christiane F. - Wir Kinder vom Bahnhof Zoo,画质感人 绝佳的反毒电影 有些东西就是不能碰
堕落街 Christiane F. - Wir Kinder vom Bahnhof Zoo,不是每一个青春期的孩子都懂得什么叫悬崖勒马
堕落街 Christiane F. - Wir Kinder vom Bahnhof Zoo,意外被David Bowie吸引。拍得很写实，题材也很好。总觉着男主角放不开手脚，演戏畏手畏脚极不自在。部分感觉很莫名，忽而戒毒，忽而继续吸毒。
堕落街 Christiane F. - Wir Kinder vom Bahnhof Zoo,这片子的教育意义：夜店很乱，与磕药的做朋友不可能不染上毒瘾。毒潭下挣扎是生不如死乃致死的节奏，鲜活的生命就那样被毒品催残至枯萎。所以莫对毒品好奇，也莫和瘾君子做朋友。
堕落街 Christiane F. - Wir Kinder vom Bahnhof Zoo,引人深思
堕落街 Christiane F. - Wir Kinder vom Bahnhof Zoo,看完后就给我最大的印象就是服装风格，同时也让我更加了解这群人。
堕落街 Christiane F. - Wir Kinder vom Bahnhof Zoo,"Und wenn ich an Detlev denke, bekomme ich Angst. Ich denke oft an Detlev."
堕落街 Christiane F. - Wir Kinder vom Bahnhof Zoo,青春教育片，给我的感觉就像《魂不附体》和《东欧男雏妓残酷实录》一样灰暗
堕落街 Christiane F. - Wir Kinder vom Bahnhof Zoo,生理戒毒只需要7天，心里的瘾，一生如影随形
堕落街 Christiane F. - Wir Kinder vom Bahnhof Zoo, We Children from Bahnhof Zoo
堕落街 Christiane F. - Wir Kinder vom Bahnhof Zoo,"很久以前看的了，突然想起来了。
全篇画面灰暗，气氛压抑，混杂着恶臭。
影如其名。"
堕落街 Christiane F. - Wir Kinder vom Bahnhof Zoo,为作业来看，看完对动物园站抱有特殊的感情。
堕落街 Christiane F. - Wir Kinder vom Bahnhof Zoo,禁毒片😂
堕落街 Christiane F. - Wir Kinder vom Bahnhof Zoo,被毒品撕裂的青春。。。
堕落街 Christiane F. - Wir Kinder vom Bahnhof Zoo,持续低沉的迷幻没有尽头
堕落街 Christiane F. - Wir Kinder vom Bahnhof Zoo,老片子，一群颓废的少男少女们，剧情节奏略慢，偶尔快进不会跟不上剧情发展……反毒佳片
堕落街 Christiane F. - Wir Kinder vom Bahnhof Zoo,如果能怀着想要走向光明的愿望 任谁也不能让你滑入地狱
堕落街 Christiane F. - Wir Kinder vom Bahnhof Zoo,#我只想知道你是什么感觉                                 #你就是个没用的怪物 ，她说。                        他看着她，默默低下头，擦了下眼睛，把她搂入怀中，对不起，她说。
堕落街 Christiane F. - Wir Kinder vom Bahnhof Zoo,太压抑太压抑，父母、家庭教育对青年的影响大过一切
堕落街 Christiane F. - Wir Kinder vom Bahnhof Zoo,我吃出了百合。她追求那个男生，为了那个男生做出的一切，都不过是在追求自我满足的过程。心疼那个在live上出现的小美女，长得好看。
塞尔日·甘斯布：英雄人生 Gainsbourg (Vie héroïque),歌王其实挺帅的（看anna有感），这个男演员留起胡子来才开始令我入戏。演birkin太丑，身材也是，BB那个女孩演得很好，骨架固然大BB不止一个号，裹着床单在清晨跳舞倒真有九分BB的风骚
塞尔日·甘斯布：英雄人生 Gainsbourg (Vie héroïque),"艾迪特•皮雅芙笑醒了,赛尔吉•甘斯布正黑线中,,"
塞尔日·甘斯布：英雄人生 Gainsbourg (Vie héroïque),"連Claude Chabrol也來客串一角 ~! 這應該是先生的最後演出作品了 ~! 事後心想 , 如果這部片由你去執導 , 成績又會如何呢 ??"
塞尔日·甘斯布：英雄人生 Gainsbourg (Vie héroïque),形式主義音樂傳記片。影片對主人公思想外化的處理與《La science des rêves》有些相似，但後者表現出的異想天開有主人公情感表達作為鋪墊，而本片則顯得有些混亂。音樂作為影片中重要的一環，動聽度有所保證，但在敘事上未突出，這一點不如《La Môme》。
塞尔日·甘斯布：英雄人生 Gainsbourg (Vie héroïque),电影风格很随意很漫画。
塞尔日·甘斯布：英雄人生 Gainsbourg (Vie héroïque),动画非常有创意。
塞尔日·甘斯布：英雄人生 Gainsbourg (Vie héroïque),终场时又有人鼓掌了
塞尔日·甘斯布：英雄人生 Gainsbourg (Vie héroïque),嫂嫂看见我在看Birkin的影人界面就开始滔滔不绝地给我上爱马仕历史课。。。
塞尔日·甘斯布：英雄人生 Gainsbourg (Vie héroïque),如果你的父母喜欢你的工作 你的工作就是狗屎
塞尔日·甘斯布：英雄人生 Gainsbourg (Vie héroïque),赛让甘斯布是可以让你非理性爱上的家伙，Boris Vian就不行了。
塞尔日·甘斯布：英雄人生 Gainsbourg (Vie héroïque),法国一代歌王塞吉·甘斯布的传记片，有点特色。塞吉·甘斯布是六十年代法国歌王，可谓是歌坛卡萨诺瓦，他与那个时代法国许多美丽女明星都有瓜葛，包括当时的性感偶像碧姬·芭铎、英伦美女简·伯金等。目前人气很高的法国女演员夏洛特·甘斯布是他女儿。
塞尔日·甘斯布：英雄人生 Gainsbourg (Vie héroïque),"男主越来越像，但看到""Jane""就觉得整个是山寨。"
塞尔日·甘斯布：英雄人生 Gainsbourg (Vie héroïque),原来他是Gainsbourg的父亲～那她是犹太人喽。影片拍得很特别，只是我不喜好这种。。。简.伯金的演员很神似，Bardot我觉得没有其他人可以演出同样的感觉，那个模特演得出媚但没有Bardot眼里的寒气和霸气
塞尔日·甘斯布：英雄人生 Gainsbourg (Vie héroïque),还不够八啊。。。人偶做的真好
塞尔日·甘斯布：英雄人生 Gainsbourg (Vie héroïque),Philippe Katerine竟然客串了
塞尔日·甘斯布：英雄人生 Gainsbourg (Vie héroïque),夏洛特的骚老爹。除了演JaneBirkin的那个女的太难看以外，还都凑合吧。欢乐的就是好的。
塞尔日·甘斯布：英雄人生 Gainsbourg (Vie héroïque),非艺术，不人生。
塞尔日·甘斯布：英雄人生 Gainsbourg (Vie héroïque),倒真是特艺术。。
塞尔日·甘斯布：英雄人生 Gainsbourg (Vie héroïque),看到城島茂這麼會把妹不習慣 滿喜歡他幻想出來的兩個角色  真奇怪 看完電影竟然覺得法文很難聽....? 
塞尔日·甘斯布：英雄人生 Gainsbourg (Vie héroïque),太空，太表面化了。赛日BB简伯金都只有侧脸比较像，男主有时候看着吧挺像二缺的。。夏洛特很像，小男孩不错
塞尔日·甘斯布：英雄人生 Gainsbourg (Vie héroïque),所以说呢这家伙从小就是个疯子
塞尔日·甘斯布：英雄人生 Gainsbourg (Vie héroïque),2011-04 更加觉得没有胆量去爱一个艺术家
塞尔日·甘斯布：英雄人生 Gainsbourg (Vie héroïque),甘斯布长的真丑，睡过的妞儿却又多又漂亮
塞尔日·甘斯布：英雄人生 Gainsbourg (Vie héroïque),就那样吧
塞尔日·甘斯布：英雄人生 Gainsbourg (Vie héroïque),动画制作的很有创意，是这个片子的最大亮点了吧。音乐也不错的说。不过对这人不是很了解。难道艺术家都该这么糜烂？还是年少时比较干净。
塞尔日·甘斯布：英雄人生 Gainsbourg (Vie héroïque),Birkin的演员太平淡了~
塞尔日·甘斯布：英雄人生 Gainsbourg (Vie héroïque),夏洛特·甘斯布她老爸的故事。
塞尔日·甘斯布：英雄人生 Gainsbourg (Vie héroïque),把一个传奇人物拍得过于平淡，类似于皮亚拉的梵高。
塞尔日·甘斯布：英雄人生 Gainsbourg (Vie héroïque),三星给电影，半星给浪漫~
塞尔日·甘斯布：英雄人生 Gainsbourg (Vie héroïque),歌声不止 爱也不休
塞尔日·甘斯布：英雄人生 Gainsbourg (Vie héroïque),放下死忠歌迷的偏執，其實還不錯，值得一看。
塞尔日·甘斯布：英雄人生 Gainsbourg (Vie héroïque),叙事过于跳跃，但手法有趣，给不了解Serge Gainsbourg的影迷有了些亲近感和幻想，音乐好听极了
塞尔日·甘斯布：英雄人生 Gainsbourg (Vie héroïque),在当时的法国影艺界混保持关系还真不容易，什么芭铎啊，阿兰德隆啊，来来去去，太多诱惑了！影片本身3星半，后面有些拖沓。
塞尔日·甘斯布：英雄人生 Gainsbourg (Vie héroïque),更喜欢玖瑰人生
塞尔日·甘斯布：英雄人生 Gainsbourg (Vie héroïque),人也混乱，影也混乱。
塞尔日·甘斯布：英雄人生 Gainsbourg (Vie héroïque),没什么故事啊
塞尔日·甘斯布：英雄人生 Gainsbourg (Vie héroïque),边看电影边对着人物生平，才总算看个大概明白，这是拍给粉丝的电影啊。。。
塞尔日·甘斯布：英雄人生 Gainsbourg (Vie héroïque),法国猫王歌坛的卡萨诺瓦。大脸大鼻身边永远美女如云lady's man。人们是对他的私生活更有兴趣吧。漫画真人穿插还是有点创意的。但远不及La vie en rose那部。
塞尔日·甘斯布：英雄人生 Gainsbourg (Vie héroïque),"全程看着大鼻子耷嘴唇又喜感又蹩脚简直不能忍，传记片难为怎么拍都不像样。歌只有邦妮与克莱德，je t'aime，moi non plus,两首得听，碧吉巴铎的性感粗俗到家，金发白肤大齿缝难看的要命，只有最后几分钟出现的在酒吧狂歌乱舞的黑发亚裔姑娘非常赞。"
塞尔日·甘斯布：英雄人生 Gainsbourg (Vie héroïque),看得好痛苦好混乱。。。
塞尔日·甘斯布：英雄人生 Gainsbourg (Vie héroïque),片子本身可能有很多问题，但是瑕不掩瑜。
塞尔日·甘斯布：英雄人生 Gainsbourg (Vie héroïque),with Su.
塞尔日·甘斯布：英雄人生 Gainsbourg (Vie héroïque),对文艺片毫无鉴赏能力
塞尔日·甘斯布：英雄人生 Gainsbourg (Vie héroïque),性瘾艺术家
塞尔日·甘斯布：英雄人生 Gainsbourg (Vie héroïque),戏剧化的传记片~~法国60年代流行这种调调？艺术家的人生果然是普通人难以望项其背...
塞尔日·甘斯布：英雄人生 Gainsbourg (Vie héroïque),以前看了三分之一，这次补全。我不喜欢漫画人物的手法，看起来有趣却反而分散主角性格特色，削弱演技。Gainsbourg太瘦，JB太不像。不是我挑剔，只是觉得本应拍得更好。ps，粗浅地八卦一下，我还是更喜欢Birkin家的姑娘们
塞尔日·甘斯布：英雄人生 Gainsbourg (Vie héroïque),过于松散的传记片 不了解生平的人根本看不懂吧 jane太难看了
塞尔日·甘斯布：英雄人生 Gainsbourg (Vie héroïque),就好像黑衣人中说的那样 猫王他们这种人绝对是外星人 凭空出事 无论相貌如何 那种气质 那种磁场却是怎么也掩盖不了的 也不是凡夫俗子所能模仿的 他们是世界上独一无二的 这种人只有去膜拜 羡慕嫉妒恨都是多余的
塞尔日·甘斯布：英雄人生 Gainsbourg (Vie héroïque),我承认中间一度快进了，传记片嘛，不是最爱的类型。不太喜欢的法式神经质~
塞尔日·甘斯布：英雄人生 Gainsbourg (Vie héroïque),一般
塞尔日·甘斯布：英雄人生 Gainsbourg (Vie héroïque),男人有魅力有2種，不是有財就是有才。法國一代歌王的傳記，相貌醜陋卻女人無數，導演用漫畫幽默方法展現，卻仍跳不出沉悶緩慢的框框。唯全片配樂動聽的能讓人流淚~
塞尔日·甘斯布：英雄人生 Gainsbourg (Vie héroïque),"感觉浪费时间，开始1/3还好，后面太简单粗暴了
只怪老头操了好多名女人。"
塞尔日·甘斯布：英雄人生 Gainsbourg (Vie héroïque),这样的传记电影，第一要务是享受音乐，第二要务是普及知识，第三是看他怎么活成这么个样子！
塞尔日·甘斯布：英雄人生 Gainsbourg (Vie héroïque),法国猫王
塞尔日·甘斯布：英雄人生 Gainsbourg (Vie héroïque),女人最难抗拒的，就是这种有事没事就酷酷的、拽拽的、感情丰富的、懂得赞美的、嘴又酸又甜的、心又硬又软的、喝起酒来眼神在你身上迷离的、吸起烟来风情在他指尖飘散的男流氓，而且还是会吟诗、会唱歌、有文化、有才情、很挥霍、很浪荡的男流氓！塞尔日•甘斯布的英雄人生，可遇不可求的那些风流事儿
塞尔日·甘斯布：英雄人生 Gainsbourg (Vie héroïque),称作音乐电影比较贴切，喜欢里面的各种歌
塞尔日·甘斯布：英雄人生 Gainsbourg (Vie héroïque),其实除了人偶，别的都很中规中矩
塞尔日·甘斯布：英雄人生 Gainsbourg (Vie héroïque),"All fragments, vague, not coherent at all. It makes me dislike Serge. Er...maybe the stupid one is me...cannot understand the music of Serge"
塞尔日·甘斯布：英雄人生 Gainsbourg (Vie héroïque),all the best contemporary artists are major jerks. Very french
塞尔日·甘斯布：英雄人生 Gainsbourg (Vie héroïque),在法駐臺辦門口看到的海報，簽證沒辦成看了場天馬行空的電影。小包廂和充足冷氣倒是給於結多日的ESSAY帶來些許靈感，和印度一樣，我現在癡迷非洲，深深的。
塞尔玛 Selma,又一曲只会抬头45度角仰望伟人的脸谱化主旋律赞歌
塞尔玛 Selma,"每年金球奥斯卡都有这种主旋律八股文电影入选，当然也拍得不错，但按部就班四平八
稳的没什么特色。很多地方看得犯困。电影尽量煽情，马丁自己在上面讲得热血沸腾，
唾沫横飞的，但我希望更多地通过电影细节呈现，而不是煽情那些freedom民主people
之类的演讲口号，否则真是看得厌倦了。最后的歌曲Glor"
塞尔玛 Selma,2.5。1.诚意再好，没才华就是没才华；这种毫无邪性、平铺直叙的主旋律电影，真心没法让人有额外好感；再这样下去，恐怕美国独立电影的作者性底色都快被消耗完了。2.集体游行的历史时刻，是全片最大燃点；最后的黑白段落比前面赞太多。
塞尔玛 Selma,尽管全片对赛尔玛大游行的再现极其生动且感人，但仍然不能掩盖角色塑造的单薄乏力，为数不多的几个配乐场景的煽情用力过猛。三星半
塞尔玛 Selma,前半部分涣散了一点，后来一气呵成，很是精彩。不得不说，每次不公正待遇的破碎永远的激动人心，不管是否是政治正确，正确就是正确。
塞尔玛 Selma,在电影院里直接Déjà vu了，实在是太套路化的民权片啊，恍恍惚惚就像看过一样。 其实美国现在的种族问题也没改观啊，看弗格森骚乱的起因，和60年代有差吗？（烂番茄98%的“政治正确”真让人反感...）
塞尔玛 Selma,还可以吧，前面感觉略拖沓
塞尔玛 Selma,马丁路德金坚持的是黑人和白人之间的和平，他也不讨厌白人，而本片充斥着敌对，把白人都刻画成恶，我觉得这是不对的。加上，这整部电影，从表演到配乐等等都是如此的平庸，不过大卫·奥伊罗的MLK演的不错，演讲戏是唯一的看点。
塞尔玛 Selma,感觉应该不错，但是我不喜欢
塞尔玛 Selma,历史传记题材电影《塞尔玛》由阿娃·杜威内执导，蒂姆·罗斯、大卫·奥伊罗、小库珀·古丁、汤姆·威尔金森主演，影片聚焦美国民权斗士马丁·路德·金1965年组织的“由塞尔玛向蒙哥马利进军”行动
塞尔玛 Selma,政治正确电影
塞尔玛 Selma,其實這部是今年頒獎季我最期待的一部。有點過於煽情，也確實是『還原了King作為平凡人的一面』。生活裏的沉默和frustration和講壇上氣勢非凡的演講（主要靠排比），特別無力。政治拉扯和時代背景都沒有很強力地表現出來。Oprah Winfrey是亮點。快要離開阿拉巴馬之前能在電影院看這部戲，也算是個紀念。
塞尔玛 Selma,那段爆炸的慢镜，那些略显泛滥而不克制的配乐，都可以说是影响观感的处理。但考虑到他们在面对自己民族的这样一段沉重的历史时其中的情感起伏，真的可以理解。而用这样一个具体事件来描绘而不是全景全时间的铺开，更是值得称赞。
塞尔玛 Selma,观感上比较沉闷，情绪最高点反而是正片结束后的那首Glory，确实是首好歌！配乐同样赞，黑人的福音音乐是我不能抗拒的声音。影片成色一般，但David Oyelowo真的值得一个影帝提名。
塞尔玛 Selma,正剧观众们看得累，学院派们看得津津有味。
塞尔玛 Selma,正，但是太正了
塞尔玛 Selma,这种电影还是要有共鸣。气氛渲染的比较刻意，但还是满成功的
塞尔玛 Selma,★★★终于看完了最后一部今年的奥斯卡电影了，奥斯卡专制特定黑人影片入选，就影片质量来讲，中规中矩。
塞尔玛 Selma,对普及一下民权运动历史还是有用的，其他就没啥多谈的了。感觉得出马丁路德金从智慧的角度讲绝对是人类中的精英，更是黑人中的准救世主，没有他的积极行动，黑人的权利发展乃至美国的政治发展都会落后不知多少年。美国人的声音能直达总统，这倒是给人印象深刻，看来总统真的该是为人民服务的职业呀
塞尔玛 Selma,题材不错。拍的太平淡，镜头亦有瑕疵。演员表情太僵，剧情太散，演讲没有感染力。
塞尔玛 Selma,马丁路德金——梦想之路
塞尔玛 Selma,唯一一部没在87届奥斯卡颁奖前看的主要提名影片。总体来说这种四平八稳的主旋律电影一般每年都会提一两部。两个小时看下来多少觉得有些沉闷。但真的是被美国黑人追求权利向往民主自由的精神所打动。
塞尔玛 Selma,50年，一个国家会发生什么？一个肤色的人群，从几乎一无所有，一点一点争取到自己的权利，甚至可以当上总统，可是顷刻之间，一切又重新岌岌可危。电影本身只是美国央六片，无可褒贬，但无论有多少电影出现，历史总是轮回，有人创造它，有人阻碍它，却終无法毁灭它。（电影实在困，分两天才看完）
塞尔玛 Selma,无趣的传记片
塞尔玛 Selma,还行吧 可能是我期待值比较高？？
塞尔玛 Selma,以为怀念一下马丁路德金就可以把所有不相等看成是人为的不平等，大多数谋杀犯贩毒者枪杀凶手素质低教育低的是黑人也不是没有原因吧...再继续这样怀念几百年照样不会变。真是以为自己站在道德制高点上就是救世主就可以各种主旋律乱撒了。只提名了一个最佳影片的奥斯卡提名电影也是醉了。
塞尔玛 Selma,平淡
塞尔玛 Selma,去莫斯科飞机上看的，中规中矩
塞尔玛 Selma,【7.6】这类电影在颁奖季都是自带外挂的，不过还好去年捧了《为奴十二年》，今年可以无视一下了。音乐的运用算是个亮点吧，别的没什么好说，挺规矩的片子，看多了其实和变形金刚也差不多。
塞尔玛 Selma,前半部有些抗争场面拍得挺动人 到了后面演讲就只剩咆哮加刻意煽情了
塞尔玛 Selma,看过之后想起了《林肯》，相比之下这部电影里在人物刻画上太单薄了，会触动你的地方也就是不堪回首的史实而已。
塞尔玛 Selma,对峙镜头。
塞尔玛 Selma,黑人题材里的主旋律电影，三观正确，学院风十足，但也就如此了。三星。
塞尔玛 Selma,"拍攝效果、劇情、演員都不錯，可惜三觀不和。“演講的力量”“新媒體和非暴力策略”“黑人運動[Selma里的運動只是黑人運動]和越戰之關係”@Harper with Xie W & Chu F, Mar. 21st, 15"
塞尔玛 Selma,故事本身确实感人！但是提名最佳影片 唉今年真是电影小年啊...
塞尔玛 Selma,高潮太少了，但结尾真的很感动
塞尔玛 Selma,永远不要失去抗争的勇气
塞尔玛 Selma,比《为奴十二年》更完整，但也给人一种《建国大业》的既视感，这片除了一顺水地表达政治主题，塑造英雄之外，没有更多的东西，成了颁奖季的陪葬品。
塞尔玛 Selma,摄影太烂了。剧情并不从compassion入手，却也不过分强调力量，还比较客观所以能动容
塞尔玛 Selma,政治正确的片儿吗？各种脸谱化的任务，正能量的提现，联系到前段时间多名黑人被白人警察枪杀，资本主义险恶的嘴脸已经开始显露，人民矛盾需要这部影片来调和，不过《为奴十二载》已经用掉了你的名额，提名是你最大的努力了
塞尔玛 Selma,电影三星半吧，四平八稳，稍微动人
塞尔玛 Selma,平庸的片子，没有感动我，还不及第二遍的《王牌特工》万分之一。
塞尔玛 Selma,国情不同，我们对选举权根本不在乎。回到现今社会，我不是种族歧视者，但黑人们动辄就游行，美帝的政治似乎不针对他们，他们似乎有些过于敏感吧，敏感自己的肤色？
塞尔玛 Selma,外国主旋律，看得有点枯燥。
塞尔玛 Selma,美国人拍电影也爱跟风？别跟我说是市场导向，没多少人愿意掏钱去影院看这类型的电影。一部为奴十二年已经够了吧。
塞尔玛 Selma,配乐和场景都过于光鲜干净，流光溢彩的教堂彩绘玻璃、充满中产感的管弦配乐，使得历史重现的震撼沦为造神的煽情。
塞尔玛 Selma,当你坐在这里为别人的胜利欢呼，却忘了被蒙上的双眼外，是一个更狭窄的囚笼。
塞尔玛 Selma,虽然工整无特点，但是还是很感动的。
塞尔玛 Selma,然而对政治性民族性过强的片子并不买帐
塞尔玛 Selma,一个游行扯了那么多七七八八的没用东西，不是浪费时间么
塞尔玛 Selma,太不懂得收放了，很多场景消费苦难一般，观感很不好，一哭二闹三上吊的。
塞尔玛 Selma,重现如此具有代表意义的历史事件，电影给出了优秀的表现，表演和人物塑造鲜活动人，场景的再现充满了力量和仪式感。
塞尔玛 Selma,也许出发点很好，但内容还是显得沉闷松散。调侃两句自身收入不能瓦解主角的伟光正，脸谱反派的一根筋也让人难以理解。好在音乐确实不错，成为能坚持两小时为数不多的一个原因。另外影片色调调的太暗，黑阶下潜也糊成一片，本来就是黑人哥们的片子，这让俺咋看？
塞尔玛 Selma,三星半！我更喜欢那部马尔科姆X
塞尔玛 Selma,课程需要观看。脸谱化不怎么深入的传记电影。但普及知识则足以。
塞尔玛 Selma,还不错的传记电影 记录了马丁·路德·金的一个重大成功 个人来讲 可能因为没有这样的生活背景 对剧中人物没任何共鸣 感觉还不如一些励志或温情的传记片
塞尔玛 Selma,“森林里一棵树倒了，假如没有人听见，它是否真的发生过？”——看《塞尔玛》，一如五年前读《1968，撞击世界的年代》所揭示的：信息的传播改变了一切。
塞尔玛 Selma,非暴力游行路上的血泪 片尾的Glory
塞尔玛 Selma,不失不过的一部伟人传记片，如期待一样的美国主旋律片，没有惊喜。
塞尔玛 Selma,阅
声名狼藉 Infamous,听《冷血》的后半部，作者对Perry的感情很明显，特别是跟Dick的描写两下对比。矮小有力，遗弃的童年，孤独在热闹的人群，憎恨被轻视却始终以为社会未给予其天赋以相应的掌声。作者在其人物身上投射自我。所以选角真是不能再糟。佩佩太帅蛋妞太高而托比太丑（sorry)以至一切都成故事。
声名狼藉 Infamous,"about Truman Capote..""in cold blood"""
声名狼藉 Infamous,当时是冲着演“卡波特”的主角看的。
声名狼藉 Infamous,Infamous.2006.LiMiTED.DVDRip.XViD-ViTE
声名狼藉 Infamous,重点拍的有些意义不明，最后情绪渲染到位。老百姓都爱听明星的八卦轶事，DC片尾唱歌好听。
声名狼藉 Infamous,感人，对于需要去与一些人打交道的记者以及田野调查人员，都有值得借鉴的内容
声名狼藉 Infamous,墨墨推荐的，之前不知道还有一版卡波特。托比琼斯演起来更加不费劲一点。但丹尼尔克雷格，我惊了，这发型！这眉毛！还有那几乎大了一倍的眼睛！结尾完全剪成了个爱情故事嘛。
声名狼藉 Infamous,美式文艺片，另一种断背山。很想给4星，但看来我并不真正喜欢文艺片，虽然感受到其中的暗流汹涌，表演也算地道，剧本台词都不错，但还是嫌闷。
声名狼藉 Infamous,还是喜欢更冷静和节制的《卡波特》，而不是《声名狼藉》。
声名狼藉 Infamous,为了佩佩看的，又是明星多到闪瞎眼。故事都想讲到一个都没讲好……
声名狼藉 Infamous,两部都不怎么样
声名狼藉 Infamous,明星很多，但是不如波拉特
声名狼藉 Infamous,佩佩和丹叔是杀手。不过佩佩更酱油==还有为嘛每次酱油都要有床戏==。。下半段木有字幕不知道在看什么，但是好话唠，丹叔唱歌算有高潮么==
声名狼藉 Infamous,总觉得剧本写得对不起这一帮牛逼的演员……不过还是挺好看的
声名狼藉 Infamous,“若你矮小，就必须强壮。这世界对弱者从没好脸色。”别小看表面上的弱者，弱肉强食，能生存下来的没谁真的弱。其实我对那对罪犯蛮感兴趣的，可惜对迪克刻画过少（妈蛋我大佩！），按佩里孤傲的个性，怎会接受一个普通人做自己搭档？
声名狼藉 Infamous,Perry对卡波特大概是真爱，卡波特对Perry那可就复杂了。大概这也是为什么《冷血》之后卡波特再无小说作品的原因，他无法原谅自己背叛一个那么信任自己的朋友。这部比前一年的《卡波特》趣味性强一些，但剪辑，表演，节奏，氛围都略逊一筹，尤其是不断插入的配角们的受访是什么鬼。
声名狼藉 Infamous,我还是比较喜欢Hoffman演得卡波特（我就是爱Hoffman 没办法啊╮(╯_╰)╭） 但这部我觉得更加全面得讲述了《冷血》为何能如此出色以及它对卡波特内心的重塑
声名狼藉 Infamous,看完锅匠之后才看的，听见主角的声音还是很别扭，好像有点后期k上去的感觉，很奇怪的是看卡波特的时候，但是觉得主角的声音蛮自然的.....
声名狼藉 Infamous,拍得很细腻啊，但是感觉卡波特怎么这么矛盾，明明看见perry行刑时伤心地跑了出去，之后又神神叨叨地到处跟别人讲自己瞎编的perry的道歉。佩佩这个酱油打的啊，竟然还有船戏
声名狼藉 Infamous,这版的演员更大牌，但还是喜欢霍夫曼的《卡波特》。
声名狼藉 Infamous,写故事的碰到了一个惺惺相惜的故事里主角，把自己卖进去写出了惊世之作！
声名狼藉 Infamous,你永远无法预料自己会受到什么样的灵魂的碰撞啊~我居然一直没认出来哈珀·李是布洛克。。。卡司也是真强大
声名狼藉 Infamous,……想到之前劳德怎么GD上瑟大王那梗，看了这片应该明白的一件事是瑟大王用不着MI5的索大王和MI6的邦德先勾搭上，他们已经进了同一所监狱。以及还有小辣椒和各种配角的穿越，熟脸太多，穿越成筛子了。
声名狼藉 Infamous,about truman capote
声名狼藉 Infamous,很一般。唉，传记片就鲜有好的。完全不如另一部。
声名狼藉 Infamous,精彩的传记电影，无聊的新闻电影，一般的剧情电影。只为看桑德拉布洛克一眼，却意外发现内心戏挺精彩。
声名狼藉 Infamous,和卡波特一起食用，味道geng更佳
声名狼藉 Infamous,作为某人影视作品观光团成员，我只想说：李大佩演技爆表了，还有船戏哦（我太邪恶了==）
声名狼藉 Infamous,任何人在已知的死亡面前都会恐惧吧
声名狼藉 Infamous,克雷格最双鱼的一部电影。好忧郁又好冷漠的眼神。亲生老公！话说十年前的年代片怎么这么吓人！
声名狼藉 Infamous,就唱歌那有点触动
声名狼藉 Infamous,Life is painful.我佩演坏蛋不太像……
声名狼藉 Infamous,最后哈珀李的独白，是全片最佳。我无法喜欢一部“男主角如此让人讨厌”的电影。
声名狼藉 Infamous,有这么帅的强奸犯吗？！！ 选角导演什么逻辑！！！
声名狼藉 Infamous,觉得，没有《卡波特》好看和人性化。
声名狼藉 Infamous,跳着把克雷格的片段看完了
声名狼藉 Infamous,没看懂 两星给小骗子 一星给佩佩
声名狼藉 Infamous,托比·琼斯演的好
声名狼藉 Infamous,#Sandra 19#就真的…没太大感觉了，毕竟本来桑德拉也只是镜头多一些的配角，没有展现演技也没有任何惊喜…看完只有一个感觉，就是对《冷血》这本书很好奇，有时间会好好读一下，也许对这部电影也会有更深的感觉吧。
声名狼藉 Infamous,卡波特是绿茶婊，鉴定完毕！
声名狼藉 Infamous,两部一模一样的电影
声名狼藉 Infamous,这一部好闷！
声名狼藉 Infamous,竟然亲了/ 原来绞刑之前 都颤抖的
声名狼藉 Infamous,看得我老分神，不过结尾升华了
声名狼藉 Infamous,也许我看的是这部？
声名狼藉 Infamous,与另一部影片Capote相比就太好莱坞了
声名狼藉 Infamous,"把卡波特塑造的好狡猾。。。本片内容比   《卡波特》丰富，有点商业化了。。。好滑稽。但是对派里的性格表现比较真实，而《卡波特》里杀人犯显得太软弱了没有防备    我相信卡波特是费了好大风险才取得了派丽的信任。


"
声名狼藉 Infamous,来看李大佩
声名狼藉 Infamous,太高了吧。
声名狼藉 Infamous,无聊
声名狼藉 Infamous,佩佩真白嫩~（¯﹃¯）丹叔为什么没跟佩佩在一起不开森！！！ヽ(ｏ`皿′ｏ)ﾉ
声名狼藉 Infamous,托比的娘娘腔实在不如霍夫曼的
声名狼藉 Infamous,还是决定先看电影再看书。
声名狼藉 Infamous,For Lee……
声名狼藉 Infamous,关于作家，关于人性。
声名狼藉 Infamous,只是来看佩佩
声名狼藉 Infamous,三星
声名狼藉 Infamous,★★★
声名狼藉 Infamous,好奇怪
声名狼藉 Infamous,比较喜欢《卡波特》
复仇行动 Acts Of Vengeance,班德拉斯现在也是啥片子都接了！唉……
复仇行动 Acts Of Vengeance,近些年班德拉斯唯一的三星片 他都成了烂王了
复仇行动 Acts Of Vengeance,机上消遣，我觉得这部电影是在为《沉思录》做诠释，这可是一本可以堪比止血绑带的神作。电影分为六个部分，也是分别用书中的语录来作为中心句。#20181116
复仇行动 Acts Of Vengeance,电子游戏化的电影趋势
复仇行动 Acts Of Vengeance,复仇题材真是烂大街，还有那什么，卡尔厄本怎么那么胖了！
复仇行动 Acts Of Vengeance,除了武指Tim Man设计的一些摔角动作外，复仇戏码基本一般，就算有所谓的引经据典，分节叙事，也拯救不了这部电影平庸的现实。每次艾萨克拍动作片总是喜欢引入一些风格化的东西想让电影变得不一般，然而总是事与愿违。班德拉斯算是贡献出了今年打斗上还算可圈可点的电影，演技的存在与否倒是都无所谓了
复仇行动 Acts Of Vengeance,强烈建议改名《沉默的羔羊外传》
复仇行动 Acts Of Vengeance,"2018.05.20
情节比较简单，还有一些莫名其妙的支线，但很久没看到动作场面如此有技术性美感的电影了，午饭请给武指加个鸡腿，唔该。（引经据典的部分虽然被其他短评狂批，但那几句话其实真的蛮有道理的。）"
复仇行动 Acts Of Vengeance,很工整的一部片子，很平缓，动作很硬派
复仇行动 Acts Of Vengeance,眼睁睁地看着导演造不出逼格来
复仇行动 Acts Of Vengeance,中规中矩。如果是2007年拍出来可能评价会更好一些。现在关于为妻女复仇题材的电影越来越多，本片完全没有新意，就连唯一的反转都没能带来故事高潮，剧情大家都可以猜出来。唯一不同的是按照第一幕第二幕等等的形式展现出来，但没有看出有什么意义。幸好是和家人吐槽看完的。Ps.那条狗狗好萌！
复仇行动 Acts Of Vengeance,动作戏里用了很多电影里比较少见的摔角技巧 另外非常羡慕流浪汉达到10.0的视力
复仇行动 Acts Of Vengeance,流水线的量产动作片，《惩罚者》的复仇套路。片长短让影片节奏控制的较好，在无聊还没全面铺开之前就结束了。I LOVE YOU的正确姿势就是带着新欢和狗更好的生活下去……二星半
复仇行动 Acts Of Vengeance,差时症电影，睡的很香……
复仇行动 Acts Of Vengeance,比相像的要好，挺哲学意味。
复仇行动 Acts Of Vengeance,老了 曾经紧致的脖子松了
复仇行动 Acts Of Vengeance,可以看下。但没啥火爆的。结局有点讽刺吧，一般。
复仇行动 Acts Of Vengeance,稍显老套，哲学意味贯穿全片，但都是表面功夫。
复仇行动 Acts Of Vengeance,勉强一看的复仇片！故事牵强，画外音哆嗦！
复仇行动 Acts Of Vengeance,节奏还算明快
复仇行动 Acts Of Vengeance,那个警察深井冰啊！
复仇行动 Acts Of Vengeance,一般般~所谓的复仇不还是自己以前当律师的时候辩护的坏人放了出去杀掉警察的女儿，导致的警察复仇在先~天理循环，报应啊，可怜的女儿和妈妈，出场才几分钟就领盒饭了
复仇行动 Acts Of Vengeance,还行吧，老套路了
复仇行动 Acts Of Vengeance,比较传统的动作片。
复仇行动 Acts Of Vengeance,还行，有头有尾，合情合理。一个简陋但算完整的小故事。
复仇行动 Acts Of Vengeance,冤冤相报的故事，因为矛盾双方都只是爱妻儿的父亲，所以主角没有让人喜欢，反派也没能让人喜欢，其实我更宁愿看《飓风营救》那种明显的好人坏人，不必纠结。年少时看杀人三部曲并不喜欢主演，觉得他不够帅，现在还是这么觉得。
复仇行动 Acts Of Vengeance,人只有在自己利益受到侵害的时候才会有同理心
复仇行动 Acts Of Vengeance,动作设计有点拖泥带水
复仇行动 Acts Of Vengeance,仇恨的意念太过强大
复仇行动 Acts Of Vengeance,一言不发着实cool 剧情也是跌宕起伏 果然是这货当律师时候造的孽  最可爱的当属那条犬。。
复仇行动 Acts Of Vengeance,没有拖泥带水，周末爆米花剧场
复仇行动 Acts Of Vengeance,太平庸了，剧情也颇多漏洞，不说话的设定显得矫情，女主毫无存在必要
复仇行动 Acts Of Vengeance,没什么看点啊
复仇行动 Acts Of Vengeance,男主老成这样了啊，有点伤感
复仇行动 Acts Of Vengeance,道理我都懂，但是一个中年律师是如何做到短暂的训练就能干倒警察的。那么爱自己的老婆怎么那么快就和护士滚了床单？如果警察最后被判定无罪释放就讽刺多了
复仇行动 Acts Of Vengeance,普通而已。纪念安东尼奥老了。
复仇行动 Acts Of Vengeance,谁讲年纪大的人不能练格斗？
复仇行动 Acts Of Vengeance,复仇行动原来也是复仇行动
复仇行动 Acts Of Vengeance,三星确实不能再高了，完全没啥创意
复仇行动 Acts Of Vengeance,简单粗暴，通俗易懂，甚至早早猜出警察为何要杀他妻女。
复仇行动 Acts Of Vengeance,故事情节一般般，用第一人称独白掩饰情节的苍白，最后的动作戏太不实在
复仇行动 Acts Of Vengeance,这才几年我都快认不出帕斯维加了，整部戏依然是意料之中老套情节，我反而觉得旁白使得整部戏的复仇没有那么干净利落。
复仇行动 Acts Of Vengeance,卡尔·厄本演了反派，可能他还太年轻了。
复仇行动 Acts Of Vengeance,很多打斗动作都太假了。
复仇行动 Acts Of Vengeance,“最完美的复仇就是不要和你的敌人一样”
复仇行动 Acts Of Vengeance,故事有点老套，情感还是过关的
复仇行动 Acts Of Vengeance,只有五分吗？我觉得还行啊
复仇行动 Acts Of Vengeance,这封面弄得47似的，其实是两个粑粑干架。整个过程不痛不痒，没什么看点。
复仇行动 Acts Of Vengeance,大提琴杀手老了
复仇行动 Acts Of Vengeance,本片想说的，律师要凭良心干活，否则小心报应
复仇行动 Acts Of Vengeance,平平淡淡
复仇行动 Acts Of Vengeance,老派的复仇片。
复仇行动 Acts Of Vengeance,单纯的一条线电影，小成本。班德拉斯何时混成了这样。
复仇行动 Acts Of Vengeance,凌晨飞机上坚持到最后一个下飞机（捂脸
复仇行动 Acts Of Vengeance,故事一般，但《沉思录》是最大收货
复仇行动 Acts Of Vengeance,冤冤相报何时了 祸不及家人
复仇行动 Acts Of Vengeance,话有点多  剧情还行  
复仇行动 Acts Of Vengeance,一般般
复仇行动 Acts Of Vengeance,自己的质量一般，就不要强加个段落引经据典了。（呃是不是太刻薄了）
复仇行动 Acts Of Vengeance,很套路，
复制贝多芬 Copying Beethoven,我过去如此，现在未变，将来依然，未曾有过凡人识我、知我。
复制贝多芬 Copying Beethoven,原来真的只是scribe’s story。。。／／／
复制贝多芬 Copying Beethoven,曲解贝多芬实在不应该。我是来膜拜贝九的。
复制贝多芬 Copying Beethoven,贝九QAQ
复制贝多芬 Copying Beethoven,作为传记片，比嚎叫好很多。
复制贝多芬 Copying Beethoven,失聪的贝多芬，粗俗的傲慢掩盖不了天才的骄傲!
复制贝多芬 Copying Beethoven,比《莫扎特传》还要差，就当听音乐好了，贝9那段拍的还不错。
复制贝多芬 Copying Beethoven,最大的意义就是那十分钟的贝九首演，我再次被伟大的老贝折服，而影片中很多其他的东西却都没有印象了。
复制贝多芬 Copying Beethoven,只为命运交响曲。
复制贝多芬 Copying Beethoven,"电视里放的,因为女主角好看就看了,就是个贝多芬有点癫狂"
复制贝多芬 Copying Beethoven,拍的中规中矩，甚至可以说是平庸。但是演员的表演倒是可圈可点。
复制贝多芬 Copying Beethoven,觉得是一部啰啰嗦嗦的片子。
复制贝多芬 Copying Beethoven,一个女人的成功奋斗
复制贝多芬 Copying Beethoven,值班时看的。无聊
复制贝多芬 Copying Beethoven,拍的挺糟糕的，3星全部给演员
复制贝多芬 Copying Beethoven,看片儿名，还以为是另一个人的故事，结果主角还是贝多芬。欢乐颂听着真是让人激动啊，明显就觉着自己血管里的血液不像是在流动，而是像海浪一样在向前翻滚，奔腾~~
复制贝多芬 Copying Beethoven,没有开始 没有结束 
复制贝多芬 Copying Beethoven,就记得不停的咆哮了
复制贝多芬 Copying Beethoven,没什么亮点
复制贝多芬 Copying Beethoven,只留下演员的模糊印象徐徐追忆
复制贝多芬 Copying Beethoven,好多情节是虚构的吧，不过看最后贝九的再现的确让人动容。因为实习要讲所以看了很多贝多芬的东西，加深了了解，开始觉得贝多芬的交响乐其实是很棒的。
复制贝多芬 Copying Beethoven,男主表演中的狂气和粗糙正合适贝多芬的性格和音乐，摄影运镜不错，中间那段首演如诗如画，如台词所说你连接两块大陆，我的音乐连接人的心灵。（暂时忽略女主那种超励志少女的美式设定吧
复制贝多芬 Copying Beethoven,对电影本身无感，只是看完好想听交响乐！还记得一句戏里贝多芬的台词：“音乐是上帝的语言，上帝对凡人都轻声细语，却在我耳边狂啸，所以我的耳朵聋了！”然后我就爆笑了...
复制贝多芬 Copying Beethoven,贝九的音乐一响还是起了不少鸡皮疙瘩
复制贝多芬 Copying Beethoven,走进音乐大师的孤独世界
复制贝多芬 Copying Beethoven,喜欢开头贝多芬的音乐配上飞奔的马车那段！后面内容不怎么喜欢，尤其女人带他指挥那段～整个片子没有贝多芬的音乐该有的那么震撼人心
复制贝多芬 Copying Beethoven,场景很美
复制贝多芬 Copying Beethoven,如果爱好音乐的一定会很喜欢这电影，贝九首演那段不错
复制贝多芬 Copying Beethoven,大炮而粗鄙，哥心中隐忍的贝多芬可不是这样的啊~好在画面古典，安娜漂亮，唱诗班很有爆发力
复制贝多芬 Copying Beethoven,       音乐远胜于剧情
复制贝多芬 Copying Beethoven,"我觉得
真实的老贝应该更传奇些"
复制贝多芬 Copying Beethoven,对黛安克鲁格印象深刻，太美了
复制贝多芬 Copying Beethoven,疯狂的音乐家
复制贝多芬 Copying Beethoven,这爱中有崇敬和同情.
复制贝多芬 Copying Beethoven,''上帝是仁慈的吗？所有的人都能欣赏我的音乐，但我却被拒之门外
复制贝多芬 Copying Beethoven,贝多芬演得不像啊，不过第九交响曲出现还是很震撼
复制贝多芬 Copying Beethoven,似乎他们的天分是根错乱的神经，很难看到人味
复制贝多芬 Copying Beethoven,贝九真的很棒！
复制贝多芬 Copying Beethoven,看了莫扎特以后觉得贝多芬很正常。至少人家有钱生活，可以自由的创作，虽然失聪，但内心强大，好像没那么苦闷。苦难才让人深刻，即是如此。大概因为只展现了生命中失聪的一小段，感觉人物形象没那么完整。
复制贝多芬 Copying Beethoven,想来听听看贝九和大赋格
复制贝多芬 Copying Beethoven,不完整的传记电影。第九交响曲确实震撼。
复制贝多芬 Copying Beethoven,除了Beethoven 发怒时的样子，以及探到对音乐的理解比较有见地外，其它没有什么出彩的。而且，Beethoven看起来太年轻了。
复制贝多芬 Copying Beethoven,除了女主角真的很漂亮之外。我看不到更多的惊喜。
复制贝多芬 Copying Beethoven,第九的时候很感人，在飞机上落泪了。音乐和贝多芬的音乐思想传递得不错，其他一般。
复制贝多芬 Copying Beethoven,剧情基本已忘，只记得老贝脾气真的很差
复制贝多芬 Copying Beethoven,编剧和演员都一般，完全没有体现出贝多芬的艺术，反而把他演绎成一个坏脾气的飞扬跋扈的人。 但是中间那一段10分钟的命运交响曲和欢乐颂的结合配上演唱很赞，给3星。 2018.12.29. on line
复制贝多芬 Copying Beethoven,我仅是看黛安·克鲁格而已。
复制贝多芬 Copying Beethoven,1.这个译名误导了我很久，一直没看这电影因为我以为它不是科幻片就是打着贝多芬噱头的穿越片=.=；2.电影本身吧。。feels like copying Amadeus，又没copy到火候；3. 幸好我的偶像不是贝多芬，不然我大概会愤怒的。
复制贝多芬 Copying Beethoven,20090529
复制贝多芬 Copying Beethoven,其实整部电影更像是一部安娜的传记吧？！这才是导演真正的意图吧？？为此甚至有丑化贝多芬的嫌疑，光屁股那段真是毁我三观！
复制贝多芬 Copying Beethoven,昨晚央视电影台播出。毕竟是电影，我不知道当中史实的成份到底有多少，感觉跟我心目中的贝多芬大相迳庭，不过光聆听电影当中的音乐就已值回票价，呵呵。
复制贝多芬 Copying Beethoven,多一星给 贝五，只是音乐本身有感染力，跟电影无关
复制贝多芬 Copying Beethoven,音乐的创作居然是如此虚无，如此抽象。艺术家能学会自我信任！这句确实点穿。本作的缺陷在于就用了音乐会来覆盖正片。
复制贝多芬 Copying Beethoven,Beethoven晚年生活的如此苦逼。
复制贝多芬 Copying Beethoven,中间交响乐那部分震撼了 这就是音乐无国界的真正含义吧 就是好怕变成爱情狗血片 太好了莫有.
复制贝多芬 Copying Beethoven,只为声色，这故事。。
复制贝多芬 Copying Beethoven,名字我很喜欢，但是内容=（，有点点失望了
复制贝多芬 Copying Beethoven,天才在左，疯子在右
复制贝多芬 Copying Beethoven,首演里面随意的掐片段让我很不满
复制贝多芬 Copying Beethoven,贝多芬失聪以后的作曲的故事 最高潮的第九交响曲首演很是震撼
复活 Risen,"故事讲的是耶稣死于十字架之后的两次再现。
很多无神论者惯于以科学之名歧视批判抵触有宗教信仰之人，不过我觉得无论信与不信，尊重他人的选择恐怕是一个有知识有道德的人真正该做的。"
复活 Risen,罗马一方演技都不错，神情表现停顿都挺到位的。不过这么胖丑的耶稣实在是让人出戏
复活 Risen,沾包宗教的片子要么闹出争议和人命，要么就流向平庸地布道，这片就属于后者，主旋律式地布道，总的来说就是“哥们你就信我吧”。
复活 Risen,当初以为是动作片，原来是耶稣的故事。
复活 Risen,我的天呐，这么神奇吗？！
复活 Risen,拍得好真诚，也不好说什么
复活 Risen,电影里拍出来基督复活，人们就有理由相信的话，那么人们就更有理由否认基督，因为电影里对基督的否认更多。
复活 Risen,细腻且真实，The Passion of the Christ之后最好的基督教史诗。
复活 Risen,没基督信仰的就别看了！
复活 Risen,宗教的产生总有它的历史和根源，以及被需要的理由。爱他的人把最好的都献给了他，比如本片的音乐。动作很烂，冒险不算。类型里，应该添加“魔幻”。
复活 Risen,这是一部宗教片，作为无神论者，我是不信的，太玄乎了。或许耶稣有个双胞胎兄弟，或许是信徒宗教洗脑后的幻觉，或许是外星高科技生物，或许是平行世界来客，都是有可能的。但人还是要有点信仰和追求的，否则太空虚无聊或太狂妄无畏都会毁灭自己。
复活 Risen,看错主演而误看的电影……我要看优雅的英国病人啊，结果看了俩小时猥琐的布拉格人。基督教主题的电影一定都要拍的这么难看么？意外看到了马尔福。
复活 Risen,后补 不记得内容
复活 Risen,这个宗教片确实让我很想念耶稣。
复活 Risen,《复活》——讲的是耶稣受难复活的始末，无神论的可以看看了解一下，唯神论的看看加深下信仰。阿门。
复活 Risen,少一颗星是因为结局可以拍成：百夫长回到罗马总督面前讲述神迹，然后被当叛徒抓起来钉十字架，但他已经改变信仰了甚至在咽气时再次看见耶稣，死前他还向哈利波特的某个同学步道，后来那同学也信了。
复活 Risen,宗教电影，展现耶稣神迹，在我看来总有一种外星文明的解读。男主的态度还是蛮值得玩味的，即使看到了诸多不可思议的现象，依然无法彻底去相信。就故事而言，略显平淡，而对罗马的描写场面可观。全片最精髓的大概就是基督徒对神迹的狂热，罗马人的冷静质疑，不冲突又相对比
复活 Risen,教主们每年除了以巨资平息负面新闻和官司以外，还要支出更大的投资做广告，树立光辉形象。这回把耶稣复活的来龙去脉拍摄的极其真实，都可以当成史实来看了。特别是以男主站在对立的角度，以杀死耶稣为任务，最终成为追随者，非常具有说服力。可惜，28家媒体只给了51分，知识分子越来越不好忽悠。6分
复活 Risen,神情表现停顿都挺到位的
复活 Risen,复活 2017年3.17  信仰
复活 Risen,沾包宗教的片子要么闹出争议和人命，要么就流向平庸地布道，这片就属于后者，主旋律式地布道，总的来说就是“哥们你就信我吧”。
复活 Risen,不好说什么
复活 Risen,男主还挺好看的。其实就是我们自己寻找真理的故事吧，我们的追求的权力和财富，在这个世界的意义面前，就什么也不是了。我觉得这个皈依的过程还是拍得挺弱的，有点失望。以及，喂我怎么不记得门徒里有个傻小子……= =+
复活 Risen,两千年前的罪案电影，受害人是耶稣！多好的题材怎么拍得这么无聊？
复活 Risen,很牛逼的感觉
复活 Risen,但从讲故事角度讲给4星
复活 Risen,20160807 新耶稣不挂科，逢考必过。
复活 Risen,信不信由你，看不看由我
复活 Risen,此片真正片名 Christianity reboot: a tax free industry
复活 Risen,哪里不对劲的宗教剧>_<虽然我主的使徒们真是好欢乐
复活 Risen,有点无聊
复活 Risen,比较闷的片子！
复活 Risen,视角很特别，以一位罗马军官的视角出发，由不相信到有信念的过程容易让人有代入感。因为题材受限，内容自带争议性所以不做探讨。影片本身质量尚可，节奏把握到位，且几处摄影镜头拍得很美。
复活 Risen,和麻麻随意挑的片子。以为牵扯到罗马、战争、提督这种偏向直男取向的字眼我会觉得无聊，但意外地还不错，更没有想到是讲述耶稣的故事的。宗教的传说本来就是有争议的存在，信则虔诚，不信也要尊重。搞不懂短评里耻笑故事真实性的人，我信如何不信又如何呢？Ps.说耶稣扮演者胖丑的人我也无法理解。
复活 Risen,基督到底在哪儿？
复活 Risen,这个类型 远不如梅尔吉布森的那个版本 导演舍不得花钱制片抠门编剧太差 沦为宗教说教片
复活 Risen,"圣经故事的影像化，对我来说就是一部普通的电影，可我旁边的大叔看的泪流满面，他是真心相信那些神迹。It's good to know the story, and how emotional people will be about god."
复活 Risen,非常平淡的一部片。是耶稣基督光辉普照的传教故事，演员都不错，只是剧情毫无波澜。为了约瑟夫费因斯越来越漂亮的肌肉加颗星。
复活 Risen,同样题材的神话故事的不同角度的演绎 感觉和历史相结合的真实性比较强
复活 Risen,"yes,shu.我现在才发现你。"
复活 Risen,很偏的一个角度讲基督复活。信仰从哪里来？从复活的神迹开始，还是从无差别的爱开始？
复活 Risen,有好题材、好演员，可惜导演功力不够。
复活 Risen,就佩服演耶稣的演员和雕佛像的石匠
复活 Risen,还算凑合吧
复活 Risen,你听说过耶稣吗？
复活 Risen,已下载超清至蓝盘
复活 Risen,有点儿看不懂
复活 Risen,耶和华说，我在世界尽头等你们。世界尽头又在何处？
复活 Risen,拍的真不错，各种效果也很到位，只是看了这部以后，再让我感觉，这个耶稣更象是一个骗子了！
复活 Risen,耶稣复活记，基督教人的电影
复活 Risen,张力还可以 但这种题材不讨好
复活 Risen,前半段还算可以。后面平淡。
复活 Risen,科教片的感觉。基督教赞助播出。
复活 Risen,这个电影拍的，不知道怎么评价
复活 Risen,圣经小故事
复活 Risen,人物刻画，场景服装都很好，就是传教味道重点
复活 Risen,耶稣与十二门徒，中间审老太婆那个，老太太吓到我了。
复活 Risen,话说基督是真不应该让脸熟的演员来演，每一版新耶稣都应该找新面孔，否则完全进入不了欣赏状态啊。
复活 Risen,故事蠻感人的 但拍攝手法很不討我喜
复活 Risen,信教宣传片
夏加尔与马列维奇 Шагал-Малевич,导演的理解是夏加尔飞在天上，马列维奇扎在地上，也是走心啊
夏加尔与马列维奇 Шагал-Малевич,3.5 梦幻纯真，如夏加尔。
夏加尔与马列维奇 Шагал-Малевич,裸看无字幕。。大概猜出个什么故事。片子的色调很美，片尾曲也很好听。
夏加尔与马列维奇 Шагал-Малевич,拍这种题材的电影，还是应该多看看文献啊。感觉导演对两位画家的理解，基本没有超出常识的范畴……
夏加尔与马列维奇 Шагал-Малевич,表现得不错
夏加尔与马列维奇 Шагал-Малевич,2014.04.21@北京电影节。非常脸谱化的人物设定，非常明显的政治隐喻。情绪体验都靠童话色彩的特效镜头和滤镜处理，略显浅薄。反正我途中是睡了很多次。
夏加尔与马列维奇 Шагал-Малевич,夏加尔是我蛮喜欢的画家，但这电影拍得也太不上档次了吧
夏加尔与马列维奇 Шагал-Малевич,夏卡尔真的就像一个单纯天真的孩童，有着灿烂的幻想，浪漫的乐观主义者，用那些绚烂的色彩从苦难里画出爱和阳光，拉着贝拉慢慢地在空中徜徉...屋顶上的小提琴手……好几幕都太美好了 躺着麦田里看星星...
夏加尔与马列维奇 Шагал-Малевич,最爱的Chagall，连革命也梦幻
夏加尔与马列维奇 Шагал-Малевич,夏加尔的画面变成电影效果感觉很魔幻~~
夏加尔与马列维奇 Шагал-Малевич,五毛特效…演技尴尬…镜头尴尬… 作为传记类的剧情深度不够…油画式的场景和画面的写实加分…
夏加尔与马列维奇 Шагал-Малевич,一个人能飞翔，另一个人必须稳稳着地。所以，Malevich祝Chagall在他的天空里过得快乐，Chagall在空中祝Malevich好运。
夏加尔与马列维奇 Шагал-Малевич,有些杜撰过头了。。还是要读艺术史啊！
夏加尔与马列维奇 Шагал-Малевич,時而魔幻
夏加尔与马列维奇 Шагал-Малевич,想想我可能只是被煽情手法和艺术政治化的结果吓哭了，这种狂热和无理似曾相识。夸张的表达、粗糙感、对于时间的切换处理以及颜色滤镜的使用都有一种舞台感。
夏加尔与马列维奇 Шагал-Малевич,地面太过拥挤，天上就是自由。
夏加尔与马列维奇 Шагал-Малевич,"“我的天空有很多房间” 为了马列维奇看的 原来夏加尔这么可爱：）
超级市场有句歌词是 我想和你躺着飞 可能就是夏加尔这种吧"
夏加尔与马列维奇 Шагал-Малевич,影片以1917-1918年夏加尔从巴黎返回故乡暂住在维特伯斯克期间为背景，用类似民间传说和歌谣的体裁，夏加尔和马列维奇的画作与他们之间的恩怨情仇通过电影屏幕在幻想与现实之间戏剧化呈现出来。
夏加尔与马列维奇 Шагал-Малевич,把马列维奇拍成一个偏执愚蠢的小丑，一开口说些早已是常识的艺术观念，就引来全场哄笑。我觉得导演本意也并非如此，只不过他典型人物典型冲突的老套手法，加上中国观众们本来对现代艺术家的前理解，让这场电影造成了对夏加尔和马列维奇最庸俗的理解和最谬以千里的交流
夏加尔与马列维奇 Шагал-Малевич,导演是霍建起+滕文骥，并见识了一对团结紧张、认认真真来屏摄的男女。
夏加尔与马列维奇 Шагал-Малевич,唉。
夏加尔与马列维奇 Шагал-Малевич,看不懂 然后太多鸡了 恶心
夏加尔与马列维奇 Шагал-Малевич,俄罗斯电影完美复制中国烂片的套路，也是神奇
夏加尔与马列维奇 Шагал-Малевич,确实挺无聊的
夏加尔与马列维奇 Шагал-Малевич,不一样的美男+男生学院自习室级别的演技和剪辑，像一出毛子脸文革舞台剧。剧中有好多场景是夏加尔画作的演绎，这点上来说还是蛮有诚意的。
夏加尔与马列维奇 Шагал-Малевич,完全歪曲了这些探索中的艺术家，流于八卦叙事
夏加尔与马列维奇 Шагал-Малевич,严重歪曲事实+各种丑化，不一一列举了，最后那副红军攻打白匪的作品并不是马列维奇所画，而是李西斯基，可能当时李西斯基也在，但是电影里没有具体说。时间倒是对的，1919年。电影中的学校不知道和在莫斯科的Vkhutemas（弗胡捷马斯）有什么关系
夏加尔与马列维奇 Шагал-Малевич,重点不是文艺vs现实/超现实vs至上，而是一群有癖/痴的人怎样在洪流中守护心中的净土。说到底，对alive的love是想象、创造的源泉，是上天遁地的隐形衣。马洛维奇拥抱无限，夏加尔带走故乡，从此宇宙都给你，天空任我飞。偶听邻座说是不是自杀了？哈哈，魔幻没白费，某种意义上就是死亡，往后都是来生。
夏加尔与马列维奇 Шагал-Малевич,#釜山国际电影节# 81岁的俄罗斯大导Alexander Mitta时隔多年后的新作。故事以夏加尔从巴黎返回故乡的十月革命期间为背景，超现实主义和最近超红的马列维奇的先锋派至上主义间的冲突也有涉及。结尾是超现实的。
夏加尔与马列维奇 Шагал-Малевич,161225.。油画质感的画面很美 童话般的蒙太奇效果也妙 两位传奇画家 一个天上的天使心 一个地上的帝王气 --两个人间的艺术标本 而 俄国片尾曲也柔轻的美丽!:)。。
夏加尔与马列维奇 Шагал-Малевич,Шагал-Малевич（俄罗斯，2013）：无可避免的历史，政治的相互残杀呈现出的是人性的黑暗。全片画面抒情，充满诗意，将画家夏加尔和马列维奇的生活与画作富于想象力地交织融合。影片色调极美，配乐也很赞。特效制作非常精彩。俄罗斯画家之一~超现实主义梦幻风格.夏加尔
夏加尔与马列维奇 Шагал-Малевич,影片的结尾真是美好得令我似在梦中，虽然电影的风格很抽离，但现实与历史与夏加尔与马列维奇的画都结合在一起的时候，就像漫步在立体的美术馆里，这感觉真是不可说。
夏加尔与马列维奇 Шагал-Малевич,偏心的四星，影片的色彩运用太有趣了，与夏加尔、马列维奇两人的画作珠璧交辉，色彩饱和度和色相也随剧情的悲喜而随时转换，彩虹般的甜美色彩虽容易削弱俄国社会动荡的背景，但艺术家的天真与坚守仍不失为独特的视角；俩画家的理念与交情看片名理当认为是重点，实际上三角关系却着墨过多，是为不足
夏加尔与马列维奇 Шагал-Малевич,现实超现实 浪漫超浪漫 战争毁艺术 但造艺术家
夏加尔与马列维奇 Шагал-Малевич,每个场景都像油画，我的俄罗斯情结哟。夏加尔的浪漫轻灵，马列维奇的大胆独特，都体现的很好。
夏加尔与马列维奇 Шагал-Малевич,最讽刺的一幕是马列维奇和学生们制作革命海报的第二天上午，他们的作品被长官首肯之时，内心所涌动的那种悲哀。艺术明明是自成一体的，仅仅被艺术自身所证明的世界，却需要去获得政治的认可，像饿狗一样乞怜。抽象艺术明明具有先锋性，却恰恰可以去共鸣一种战争的热血，从而触发其具有的广告效应的机关，被长官所认可。夏加尔发小的爱情明明也是诚挚了，这种不被接纳的爱情最后却化作伤及画家与军官自己的一把利刃，一颗子弹。一座被艺术所改造与保护的村庄居民，又轻易被流言所煽动，去毁灭艺术。艺术内部的派系风格之争，同样将一所艺术学校的创办者，推向艺术的断头台，艺术所应做的份内之事，却掺和了血腥与残暴。电影是真的美，却真的是一部讽刺之诗，让人不得不去反省，艺术永远不是抬举太高了，永远是太不被关照了。
夏加尔与马列维奇 Шагал-Малевич,很不错阿
夏加尔与马列维奇 Шагал-Малевич,好美 ！艺术的价值在于本身的自由  博物馆和监狱没什么两样。
夏加尔与马列维奇 Шагал-Малевич,一个天使心，一个帝王气
夏加尔与马列维奇 Шагал-Малевич,色彩niubisi'le
夏加尔与马列维奇 Шагал-Малевич,每次飞起来的场景都很美好
夏加尔与马列维奇 Шагал-Малевич,太美了，色调音乐还有超现实的画面与情节处理。身处一战后的时代洪流里，无论受到怎样的冲刷，夏加尔的绘画都是爱的艺术、快乐的艺术。
夏加尔与马列维奇 Шагал-Малевич,爱
夏加尔与马列维奇 Шагал-Малевич,我觉得拍的太好了，好久没有看电影看到有这种情绪
夏加尔与马列维奇 Шагал-Малевич,A380上原来昏昏欲睡的我来了精神。人们问他为何画里的人都是飞起来的，他说只有开心的人才会飞。他说，如果你仔细看，白天也能看到星星。然后他老婆更妙，她说，如果一个人想要飞，另一个人必须在地上牢牢站住。
夏加尔与马列维奇 Шагал-Малевич,永远无法讨厌俄罗斯人←限定文艺领域，天真狂热神性魔性的混合物无限近似于对人类童年心思沉重而绝对理想化的构想，标题两位的塑造稍嫌符号化，其他角色反而人性充沛；无数次想截屏；做艺术家的媳妇真的太不容易了，请每一个艺术家务必珍惜你的配偶，没找到的也要提高自我修养莫要太作。
夏加尔与马列维奇 Шагал-Малевич,想要了解夏加尔的话，是个很好的入口。
夏加尔与马列维奇 Шагал-Малевич,再没有比俄国人更深情的了……
夏加尔与马列维奇 Шагал-Малевич,主要讲夏加尔。一个是天，一个是地，终于天比地轻盈，地比天富饶，委婉表达夏加尔与马列维奇之间的决裂。难以独立的艺术，不主要因由政治镇压，而是人何其有限。超现实的部分非常惊艳，内心的完美投射。女主雷雷的，相比于常见的少女嬉戏的美，少年浴室斗殴好像更香艳。三星半。
夏加尔与马列维奇 Шагал-Малевич,宇宙是虚无的，我们要用艺术填满它。
夏加尔与马列维奇 Шагал-Малевич,不够极致，但尽管不如《弗里达》，仍有很多看点。作为传记片爱好者，哪怕是《海明威与盖尔霍恩》《篇篇情意劫》这种粗浅八卦片都看得津津有味。大概因可以暂时活在另外一些时代，而只要不活在这个时代，就离快乐近一些。ps，还是喜欢夏加尔早期的作品
夏加尔与马列维奇 Шагал-Малевич,我信了
夏加尔与马列维奇 Шагал-Малевич,爱夏加尔的画，看了电影明白了正是这样热情善良坚定的他画出了它们，明白了是怎样美丽从容的女子跟他在画中的天空飞翔。艺术与政治的狭路相逢、不同流派艺术的碰撞、艺术对生活对灵魂的救赎，主题丰富，正如影片色彩的波澜，美好的片子。
夏加尔与马列维奇 Шагал-Малевич,喜欢画面色彩的处理，随便一截图都美如画～夏加尔在天上马列维奇在地下，夏加尔开朗马列维奇阴暗，谁离开谁都不行。
夏加尔与马列维奇 Шагал-Малевич,维捷布斯克真美
夏加尔与马列维奇 Шагал-Малевич,画面音乐很美，对两位画家的理解也比较到位~马列维奇很可爱~····另外···这种强行CP的感觉是怎么回事？
夏加尔与马列维奇 Шагал-Малевич,意想不到的表现手法。貌似很脱实，却意外的好看，幸福的夏加尔，幸福的画
夏加尔与马列维奇 Шагал-Малевич,我怎么这么不争气。听到“世界本是虚无，我们要用艺术去填充它”这种话，都能哭成狗。
夏加尔与马列维奇 Шагал-Малевич,世界是空无的，所以我们必须用艺术填充它…结尾满分
夏加尔与马列维奇 Шагал-Малевич,因为偏爱
多甫拉托夫 Довлатов,我是真的很希望自己懂一点俄语，好能从语言的细节里分辨出哪些是宣言式的权力话语，哪些是刺人也刺己的苦涩讽刺，哪些是真实的情感释放。不过我猜小日耳曼的风格确是在取消这些细微的区别。带着柔光效果的长镜头滑过一个又一个场景，好像是在发梦，又像是在带着感伤而缅怀。这和多甫拉托夫真实生活里的艰难大相径庭。不得志的艺术家哪里都有，可影片如此寡淡如此间离的处理方式让他的挣扎既不像西西弗斯般富有存在主义色彩，也没有抗争式的愤怒，只剩下一些磨平了的苦涩感，放在嘴里如同嚼蜡。说不定这就是勃列日涅夫时期苏联的时代精神：一种麻痹了的宿醉感。
多甫拉托夫 Довлатов,主要是我对题材和形式都没有什么感想。3.5
多甫拉托夫 Довлатов,把句句爆笑的黑色幽默作家传记片拍成了性冷淡风的列宁格勒雾中风景片。虽然有了主角和主线剧情，但大家还是像在《电子云层下》一样做着布朗运动，轻声嘀咕些费解的话。唯一一段有点传主气场的台词：“来点Keşkül吗？”“我是亚美尼亚人，不太喜欢奥斯曼的东西。”“那你犹太人的那一半怎么看？”“我犹太人的那一半很尊重亚美尼亚的那一半，团结。”PS，拍多甫拉托夫找了个塞尔维亚人，拍崔找了个韩国人，老大帝国似乎已经无力表现自己过去的那种多元化了。
多甫拉托夫 Довлатов,对七十年代苏俄政治高压的社会景观呈现十分迷人：白芒、肃静、工业建筑。浅焦镜头让人物站在莫名空旷的画框之中。浮光掠影地记录文人插科打诨的日常琐碎，自以为英雄气的个体反抗多是徒劳。不过问题就是太过琐碎，缺乏某种凝聚的轴心，耗尽了观众的震撼感。
多甫拉托夫 Довлатов,沉浸在理想光晕下的《多甫拉托夫》无法从宏大命运里看见自身的存在价值。生活在上世纪70年代苏联严冬时期的艰难以及渺小个体的无力感被镜头放大拉长塑造成了一种永恒式的时代精神，男主角就这样做梦般的游荡在整个柔和而又苦涩的世界里。这或许是作者私人的感受，他想要观众更多地缅怀而非认识那些终生不得志的艺术家。
多甫拉托夫 Довлатов,真是冗长乏味啊，摄影优秀却不带语感，说来说去就说一个东西，前苏联对艺术创作自由的迫害
多甫拉托夫 Довлатов,太沉闷了，作家诗人艺术家的困境，他们是生活的旁观者，而这部电影却以旁观者的视角描绘这群旁观者，没有辩解宣泄心理独白，懂得人自然会懂，不懂的人只会觉得平淡无聊。籍籍无名之人，还要坚持做自己，也许会更难。
多甫拉托夫 Довлатов,影1951：没有多深刻，简短地反映了一点当时的历史。犹太籍的多甫拉托夫可比半个世纪前的伊萨克·巴别尔幸运得多。镜头下当时的文艺沙龙生活还是很有趣的，求存的作家为了加入作家协会能发表文章做了一些抗争，也有死去的画家。布罗茨基逃离，《日瓦戈医生》的鲍里斯·帕斯捷尔纳克离群索居。——“我们终究是存在的，生活清贫，偶尔才华横溢，我们曾经存在，以后亦将存在，无论发生什么，无论遭遇什么，唯一的诚实之路，必定伴随着错误、失望与希望。”
多甫拉托夫 Довлатов,「在我们这个时代，思考本身就是一种英雄主义。」「生活清贫，偶尔才华横溢。我们曾经存在，以后亦将存在。无论发生什么，无论遭遇什么。我也在想，唯一的诚实之路。必定伴随着错误、失望与希望。」
多甫拉托夫 Довлатов,D＋ / 最耐人寻味的还是零碎声音的梦呓感和影像空间中人物被淹没被遮挡被放逐的运动状态，创造了一种迟滞迂回的时间流动，并隐约传递了某种顾影自怜的矛盾意识。但是整体的文艺观是不是太传统知识分子了，很遗憾一直没办法看进去……
多甫拉托夫 Довлатов,这部片也太挑观众了，要弄明白还得懂一点俄国历史和相关文学知识，不然的话较难能感受到个中力量。单就电影层面来看，出色的地方也会有不少，踏实稳重的叙事节奏，群戏调度的优秀，以及相当高的摄影水准，这些通俗易懂的电影元素都有着很好的质量水平。三星半。
多甫拉托夫 Довлатов,有个还算比较有趣的开头，然后就又回复到日耳曼父子熟悉的情景之中了。如果早知是小阿列克谢的影片，也许我就选择不看了，当然，这部影片我也确实没有看完。可惜了这样的题材。
多甫拉托夫 Довлатов,他把那个时代沉闷不作为，郁郁不得志的文人肖像通过日记型的稍带流水账的方式呈现了出来，看的过程中时间很慢，然而这就是导演要表达的意思。11月很少下雪，这一代文人被白色恐怖埋没了。
多甫拉托夫 Довлатов,这就是俄人认真拍的电影，可惜我完全看不出所以然。对多普拉托夫之前毫无了解，故事情节也基本没有，听也只能听个大概齐。太文学太知识分子了。能掌握到的无非是当时的一点点时代风气，无法出书的作家，心不在焉的新闻记者，不太表露悲喜不太合群又不向其他人妥协。据他本人的自白，书不能得以出版是因为他不是苏联作协成员，也因为他写的故事存在于现实世界却不存在于国家允许出版的世界。最后，一周就这样过去了，很多悲苦少许欣慰，不管怎样，现实和我们就是这样，也会一直这样下去。可以想见，唯一的诚实之路将永远伴随着错误、失望和希望。对一般人来说还是别看了吧，所以是WOT
多甫拉托夫 Довлатов,又一位不合时宜的人。单调的场面调度和浅白的政治意图都使观影过程极度枯燥乏味。连梦幻片段都难以带来轻盈。奇怪的是，影片结束后的沉默里，却感到一丝灰蒙蒙的温柔沁入心房。
多甫拉托夫 Довлатов,对男主无感，感受不到应有的魅力，觉得若是对作家全无了解的观众，看过电影大概也不会想看他的书了。但那些作品真的很棒啊，笑着笑着就哭出来那种。九点半早场全无意料的上座率，买到楼座末排仅存的两个座位之一。
多甫拉托夫 Довлатов,感觉有些难以进入
多甫拉托夫 Довлатов,"空间和人物的塑造相互牵制，车祸一场戏的视角变化与结尾的“后记”都是跳脱的。
醉翁之意不在酒，历史环境如云雾和积雪般淹没了人物原型，70年代苏联和多甫拉托夫，谁才是主角？"
多甫拉托夫 Довлатов,#HKIFF# 3.5星。贯穿始终的琐碎、零散，仿佛一直找不到落点。结尾的台词强行拔高主题，稍显生硬。男主演长了一张不像大文豪的脸，有些钝，更像个没才华没大志的普通孩子她爸。抛开这些不谈，影片的画面很美，色调很舒服。清高的文人向来不得志，而朋友亲人的信任、不相弃，就显得格外动人。
多甫拉托夫 Довлатов,俄国电影的声音系统总是需要充分的形式感予以支撑。因此本片一方面有着肃穆中旁白的通畅感，另一方面却立不起任何一个落到实处的室内多人物对话场景的听觉空间，倒不如更个体中心些。索科洛夫/塔氏都有此觉悟，而能做群像的那几位，实际上听觉系统已经部分好莱坞化了
多甫拉托夫 Довлатов,室内戏调度当然很漂亮，视觉空间呈现也极佳，但更多的还是疑问，比如全片基本统一的视点为何选择在那场戏分离？人物游离的状态从一而终不是问题，但那片白似乎并没有真正把人物困在其中，而只是反复不断用相似重复的情节来确认这种困境。最好的似乎还是超出现实的那两场戏。
多甫拉托夫 Довлатов,6/10。小日耳曼塔建起的政治讽韵和时代珞印布满大大小小的角落，游荡过街景的士兵和载着宣传画的拖车，还有最荒谎的一笔是暗示波兰团结运动的船厂拍摄场地，扮演托尔斯泰、普希金等文学巨匠的群演，参与采访满口积极工作的刻板回答，这个荒无且气候现象永远是云、雾和风的创作土壤，与当局要求撰写美化社会、塑造革命英雄的报道形成鲜明讽刺，多甫拉托失的生活比普通人的日常更加被无趣和黑色幽默所包围，例如把一个爱情幻灭写不出诗的石油工人拉到化妆舞会，或者送酒讨好一个误认为是作协大人物的尿道医生，时不时假装秘密警察让不醒酒的小贩纪录买禁书的人员名单，他常驻足出门框外，象征无法融入的距离感，从中汲取惰懒的虚无主义思考，漫步于一个不为钱和名誉只为传递真相的文人黄金时代。
多甫拉托夫 Довлатов,摄影不错，影调真好。但这种知识分子的受迫害叙事实在打动不了我。
多甫拉托夫 Довлатов,3.5 喜欢这种流逝终归恬然的调调 加缪说 我们反抗 所以我们存在 作为反抗者的旁观者 依然有效
多甫拉托夫 Довлатов,"C+,感觉还是闷了一点，非常丧，人生到最后其实终归是一场虚无。遍其一生我们其实都在追寻，但往往是一无所获，也许真正重要的就是我们都存在过。人生会有无数个严冬，寂寞沙洲冷、寒蝉凄切，哪怕是哀鸿遍野也要挺直身姿，倔强的逆着光飞行。"
多甫拉托夫 Довлатов,因为学长的评论想看这个电影，一个失意苏联作家的生活片段，敏感的历史时期，只准在报刊上发表歌功颂德文章和正能量，与当下某国何其相似；影片的叙事和镜头语言始终处于一种飘荡的焦躁之中，淡淡的雪景背后所有的景物都是带灰的素色调，多普拉托夫让我想起鸟人，而文学现在已经离我有些遥远了
多甫拉托夫 Довлатов,翻第二部分的字幕，想起BR里的台词：“我梦见你变成了哑巴。你有好多话想要告诉我，却没有声音。”
多甫拉托夫 Довлатов,传记电影，四日谈；大家都不会存在太久，而文字永恒。
多甫拉托夫 Довлатов,没有赤裸裸的卖惨这点很好，但需要用文字交代结局的手法还是有些作弊，很像是文青粉丝向电影
多甫拉托夫 Довлатов,审美上让我极舒服，派对上的室内长镜头，复古的昏黄色调，雪中的列宁格勒让我转天就梦到白色覆盖的圣彼得堡，主角身处其中又同时旁观的状态，冷冷的幽默里透出深深的无奈。
多甫拉托夫 Довлатов,★★★☆
多甫拉托夫 Довлатов,人如果卑躬屈膝 就会失去一部分自我。有醉乡民谣的味道
多甫拉托夫 Довлатов,B+:过于平白的故事呈现使得整部片子缺少了叙事的魅力。
多甫拉托夫 Довлатов,郁郁不得志
多甫拉托夫 Довлатов,3.5。
多甫拉托夫 Довлатов,电影是一种“结合”的艺术，有的电影里一些单项都没问题甚至或许是优质的，但是结合不起来。
多甫拉托夫 Довлатов,-Ты пьёшь? -Да.-Отойди отсюда.-Хорошо.
多甫拉托夫 Довлатов,抱歉，实在 难以进入…
多甫拉托夫 Довлатов,笔直的剧情，细微的共情。3星。
多甫拉托夫 Довлатов,感覺影片主題比較沉重，看著比較壓抑
多甫拉托夫 Довлатов,对七十年代苏俄政治高压的社会景观呈现十分迷人：白芒、肃静、工业建筑。浅焦镜头让人物站在莫名空旷的画框之中
多甫拉托夫 Довлатов,喜欢形式部分，颜色和镜头都像一副沉稳的画，导演的功底一下清清楚楚。题材很不讨好，导致基调很疏远。讲文人的电影注定如此，很难感同身受。
多甫拉托夫 Довлатов,男主选得有点太喜感，出戏。今天的中国文艺圈看到这个片子大概会分分钟觉得膝盖中箭吧。
多甫拉托夫 Довлатов,“什么审查？我们根本就没有审查制度” - 好嘲讽的一句，太魔幻现实了。
多甫拉托夫 Довлатов,"俄国作家谢尔盖（Dovlatov）在1971年时的四天生活。当时，Dovlatov 已经相当积极地在写小说了, 但却没有在任何苏联杂志上出版。在这四天里, 主人公最终卷入了各种事件"
多甫拉托夫 Довлатов,音乐真好听。
多甫拉托夫 Довлатов,不了解这个作家的话，看着电影是费劲。
多甫拉托夫 Довлатов,讲述了俄国作家谢尔盖在1971年时的四天生活
多甫拉托夫 Довлатов,一般。
多甫拉托夫 Довлатов,对男主无感，感受不到应有的魅力，觉得若是对作家全无了解的观众，看过电影大概也不会想看他的书了
多甫拉托夫 Довлатов,剧情没有太多惊喜，但是看的时候笑点泪点都很低，最后看到Sergei笑着坐到车顶上和朋友们慢慢离开的时候还是觉得心口一热
多甫拉托夫 Довлатов,还可以
多甫拉托夫 Довлатов,外国电影好多都看个大概，我都分不清里面谁是谁。大致我还是明白了电影讲述的作家这个职业的艰难之处，他们最难能可贵的地方之处在于被全世界否定的时候，在穷得都不能为女儿买一个娃娃的时候，还能坚持自己。这份自信和气节。
多甫拉托夫 Довлатов,"《多甫拉托夫》不仅是一部传记电影, 也是一个时代的写照。"
多甫拉托夫 Довлатов,"18.12.07“这一周结束了 烦恼很多 快乐很少 我坐在车顶 想着 我们终究是存在的 穿着破旧的大衣和鞋子 喝酒 不断争吵 生活清贫 偶尔才华横溢 我们曾经存在 以后亦将存在 无论发生什么 无论遭遇什么 我也在想 唯一的诚实之路 必定伴随着错误 失望 与希望 ”
最近观看传记篇也不下四五 相对而言 简单朴实 古往今来文人生前失意死后闻名也是数不胜数 故事都是这三三两两 毫无新意 如果没有最后一段自白升华 可能会打两分 我实在是吃了文盲的亏 不懂欣赏这作家的才华"
多甫拉托夫 Довлатов,没看懂，我是个伪文艺青年。
多甫拉托夫 Довлатов,非常差。拍的不是多甫拉托夫，而是导演yy下的一个极权体制下的异见作家的四天。而且关于苏联基本的一些服化道都搞错。imdb第一条影评说的很好，多甫拉托夫不是索尔仁尼琴，他没有跟体制作斗争，他安安稳稳地活在体制里面，通过合法的手段移民美国。但是我觉得他的作品比索尔仁尼琴一更有力量，更humane。我觉得这才是多弗拉托夫的魅力所在。不抗争且说实话的气质。这种气质非常sutle，没有生活中极权体制下的人很难理解，但即使在极权体制下生活过的人也不是全都能理解。不带有任何预设立场地真实的描述人的生活与极权的关系，需要天赋和勇气。不是所有人都欣赏得了这份天赋和勇气的。
多甫拉托夫 Довлатов,受不了知识分子电影
多甫拉托夫 Довлатов,批判很多，无处安放，看不到他们投身一个大时代下，内心的针扎，只有，自我，自我，自我！可惜了那么好的色调和配乐！
多甫拉托夫 Довлатов,很难将男主角的憨脸与悲伤忧郁联系在一起，不断出戏，各色人物又以舞台剧的肢体动作和面目表情挤入画内，再长镜头也承载不住这般臃肿
多米诺 Domino,视觉上很炫 但是托尼完全不知道怎么讲故事，而且也没有什么重点。
多米诺 Domino,风格强烈，有看点，内容可忽略不计
多米诺 Domino,情节很不连贯，情节与情节之间互相串联起来非但没有让人恍然大悟之感，而是更加让人一头雾水。导演的叙事技巧相当不成熟，画面上下跳动，通篇只有一个字：乱。
多米诺 Domino,domino 真人赞到疯掉。keira真的很无趣。一点都没有domino的神韵。但是mickey好帅呢。。。❤一个
多米诺 Domino,光看电影，你也许不会相信这个女主角却有其人，但在我们乏味的生活之中冷不丁的就会冒出这样的有着传奇经历的超猛女强人，而且她的名字也很怪异，“多米诺”。在斯科特mtv似的剪辑与配乐中，一个彪悍而又美丽的女子脱颖而出，也许电影本身并不尽如人意，但能知道这世上曾经有过这样的奇女子，足够了
多米诺 Domino,讲故事太差。但是剪辑音乐so cool~像个mv~还有米基洛克！！！真男人啊！！！！
多米诺 Domino,"哇哇, 和昆丁一起看Domino，当然还有其他100人"
多米诺 Domino,平心而論凱拉奈特莉也沒有那么好那么孤傲
多米诺 Domino,这片子可以完全不要情节么，光耍酷就行了
多米诺 Domino,凯拉奈特利、米基洛克、枪战和悬疑、对生活的思考、令人癫痫的剪辑、出色的配乐，竟然还是based on a true story。可惜主题是赏金猎人，把我对以上元素全部的热爱都抹掉了……
多米诺 Domino,反转色的画面切来晃去了两个多小时 头都晕 这老头拍的电影不少 但总缺点慢节奏
多米诺 Domino,其实是觉得一般。画面跳跃感太强，情节显得破碎，大概以我的智商适应不了。画面的色彩处理比较好。
多米诺 Domino,看过，没印象了。。。貌似最后一个镜头多米诺本人出镜了。。。
多米诺 Domino,2012.11.20 19:04
多米诺 Domino,就冲着Keira Knightley...
多米诺 Domino,导演原想玩儿把深沉，结果没玩儿好
多米诺 Domino,女主角很漂亮 五官精致 气场强大 演技派啊 角色塑造不错
多米诺 Domino,ROCK味MV，凯拉帅毙了。
多米诺 Domino,没事露什么两点...
多米诺 Domino,KeiraKnightley还是比较适合这类片子。。虽然我实在不晓得影片究竟想要表达怎样的情感。。DOMINO本人不漂亮。但是莫名其妙的让你很惊艳。
多米诺 Domino,过度风格化 柯达正片颜色炸裂
多米诺 Domino,视觉冲击大于内容太多
多米诺 Domino,女主角很性感，一付玩世不恭却又胆大心细的样子。剧情穿插了过多的回忆使故事情节不太连贯。男主很俊朗，可惜死了。结尾具有戏剧性，阿富汗人还有点杀富济贫的壮举。特别是剧中穿插的歌曲很好听。此剧来源于真实故事？呵呵。。。
多米诺 Domino,漂亮，歌很棒
多米诺 Domino,故事比较乱，看了两遍还有点不太懂。中间又有点闷，看的有点要瞌睡了。但是对老tony的剪辑和镜头很上瘾，但内容的平淡再怎么剪还能剪出花来？这片老导演玩出了一片虚火。记忆中结尾的多方大混战连这次貌似用了三次了吧。
多米诺 Domino,那男的不错，凯拉很酷
多米诺 Domino,周Sir暂时没有评论什么。
多米诺 Domino,眼花缭乱
多米诺 Domino,真人传记貌似
多米诺 Domino,凯拉奈特莉，喜欢你的短发造型
多米诺 Domino,看到奈特莉表演的另一面。
多米诺 Domino,喜欢凯拉
多米诺 Domino,读完shaviro的post-cinema看这电影的眼光都不一样了。要以前我肯定会说这是个烂片，现在看来，很好的诠释了affective labor（赏金猎人的日常工作被live拍成电视节目 明星效应带来粉丝以及日后可能由名气带来的收入 工作即生活 生活即工作）以及电视节目通过赏金猎人的表现调整广告策略体现post fordism的just in time production/Deleuz的control society/以及chaos cinema（in an abstractive form/期待更多新发现
多米诺 Domino,Bounty Hunter
多米诺 Domino,很小的时候看的一部电影   但是对于当时的我来说  实在是太酷了
多米诺 Domino,画面好，耐特莉演的。。。
多米诺 Domino,要不是真人改编真个是烂
多米诺 Domino,有些UK电影的诡异之处
多米诺 Domino,我这个智商，第一遍差点没看懂....
多米诺 Domino,片子还行，只是看的眼睛很累
多米诺 Domino,my destiny is life
多米诺 Domino,看过一个影评很好，一个崇拜多米诺的女孩子写的。摇滚感觉的电影，情节有点儿莫名其妙。不过金币那段不是很好么？凯拉烟熏扮相不错。
多米诺 Domino,看不懂
多米诺 Domino,我只是觉得凯拉的造型好看
多米诺 Domino,帅凯拉
多米诺 Domino,故事可以，但是托尼斯科特的MV风格喜欢不来，包括《怒火救援》
多米诺 Domino,只能说凯拉奈特莉太帅
多米诺 Domino,喜欢Domino 这个名字.. 
多米诺 Domino,只是卡拉很酷帅
多米诺 Domino,怪怪的影片，不明白要表达什么
多米诺 Domino,视觉效果不错，就是感觉故事讲的不好
多米诺 Domino,粗+暴
多米诺 Domino,什么鬼，满眼只有奈特莉
多米诺 Domino,感觉电影的色彩挺好的。
多米诺 Domino,混乱的镜头
多米诺 Domino,mv既视感
多米诺 Domino,影像的调色有点过，奈特莉的演技有点过，让人看着很不爽，
多米诺 Domino,没看懂
多米诺 Domino,很酷
多米诺 Domino,挺一般滴
夜巡 Nightwatching,3.5 这导演把戏剧化的艺术玩的很讨巧，所以觉得缺了点什么，要不是有Freeman撑台谁能忍受一部2个多小时的N多贵族大联欢。
夜巡 Nightwatching,受不了
夜巡 Nightwatching,导演风格依旧，但是不太好看。
夜巡 Nightwatching,20091007 jtl
夜巡 Nightwatching,关于夜巡的阴谋论和伦勃朗画风的影像再现。
夜巡 Nightwatching,舞台剧式电影，看的我头昏眼花
夜巡 Nightwatching,影片本身就像一场话剧，比较夸张，充斥着大量的台词，看着有些累。
夜巡 Nightwatching,除了这海报，还真对这电影没什么感觉！
夜巡 Nightwatching,侧面全裸啊，背面全裸啊小自由你个卖萌处女男其实很闷骚的好么！！剧情太拖杳了，有些场景处理得那么舞台化其实是没有必要的，调调么一直都是那么得格林纳威吧。
夜巡 Nightwatching,酱油色
夜巡 Nightwatching,其实就是舞台剧穿插了些胶片，不是很喜欢。
夜巡 Nightwatching,因为是夜巡，所以是黑夜，黑夜人少，比较好巡。自然光线，长期黑熏，误称夜巡。
夜巡 Nightwatching,中规中距。亮点是从头到尾的舞台感和油画的触感。
夜巡 Nightwatching,昏昏欲睡，也不知道是这片的原因还是我本来就觉得很困的原因……近代以来的“上流社会”真是纯扯淡。
夜巡 Nightwatching,相似的情形，克里姆特倒是上位了。
夜巡 Nightwatching,很室内剧。。。
夜巡 Nightwatching,一部片子两个豆瓣条目。。。。。。
夜巡 Nightwatching,潮爷!
夜巡 Nightwatching,"看睡着了3次,还是没看完,也不准备再看了，放几年再说吧~"
夜巡 Nightwatching,两个小时的长度，画面很艺术，但是整个片子流于表面。
夜巡 Nightwatching,很像舞台剧。
夜巡 Nightwatching,看得我几次昏迷
夜巡 Nightwatching,有字幕再看一遍~反而更出戏了~当面独白这方式太诡异了~无顾忌当面吐槽太惊悚~当然肉肉又露鸟的归返不知时的肥版潮爷依旧大萌
夜巡 Nightwatching,……好吧我的文艺水平还没高到能让我看懂这样的……高深电影。虽然我努力过了，可是张口闭口都是Fxxk的阿花神马的…………/__\
夜巡 Nightwatching,超级无敌长！在他电影里我估计永远只能对 cinematography 有正面评价吧……完全无感啊，老师为毛线我要对着他写解析啊啊啊啊啊啊
夜巡 Nightwatching,看的版本不高清，惭愧
夜巡 Nightwatching,如果真的很无聊可以看看
夜巡 Nightwatching,光影极美
夜巡 Nightwatching,怎么就成了学绘画必看的了？
夜巡 Nightwatching,好吧，我品味太低俗了，没法看出到底牛逼在哪里……
夜巡 Nightwatching,三星半，剧本好，导演和部分演员要换
夜巡 Nightwatching,Unfortunately Greenaway's compelling visual identity and unapologetic aesthetics are substantially weakened by the storytelling. Wlodzimierz Pawlik's score is truly a marvel.
夜巡 Nightwatching,"我只想说说电影配乐，从头到尾来回来去都是意大利作曲家Giovanni Soliima为两个大提琴和弦乐作的violoncelles, vibrez! 我个人非常喜欢Sollima的作品，不过一个电影就靠这么一个作品撑着，也真是说不出什么。。。"
夜巡 Nightwatching,妈呀。。。伦勃朗和梵高。。。恩我知道时间上差了几年但这看起来真有点前世今生的赶脚好嘛。为嘛潮爷依旧很萌但还是看不下去= =
夜巡 Nightwatching,其实《夜巡》这幅画，是一个讽刺的故事 当时作画时是太阳正午 画家想表现的是一群军官整装视察的情形，晚年伦勃朗潦倒失意 无心保护画作，所谓夜巡就是画质久未善存而发生变质之后的效果 白天的视察就是变成了夜巡了 哈哈 有意者可以翻阅西方美术史 伦勃朗篇 
夜巡 Nightwatching,"我已经可以猜出导演是《The Cook, the Thief, His Wife & Her Lover》的作者。风格非常的明显，就是舞台剧的固定机位跟光线。但那一部就吸引人，这一部就很无趣。"
夜巡 Nightwatching,"伦勃朗

一群傻瓜和一个自以为是的导演。
"
夜巡 Nightwatching,形式感太强，灯光可真是究级啊～还不如做成图片故事板来的直接
夜巡 Nightwatching,没看下去。
夜巡 Nightwatching,好戲劇化的傳記片 就和rambran的畫一樣 黑暗中的戲謔
夜巡 Nightwatching,看了一周才看完，完全是因为伦勃朗，灰常喜欢光线弄出伦勃朗作品的风格
夜巡 Nightwatching,我群新年第一次面基
夜巡 Nightwatching,太drama，大师又矮又胖，果体比比皆是
夜巡 Nightwatching,没看懂……
夜巡 Nightwatching,就是一乱搞佣人的挫逼富二代，不过打光都跟油画似的，值得学习。教学片
夜巡 Nightwatching,导演手法非常Greenaway，场景设定和灯光又很Rembrandt，就是偶对画家不甚了解，无法感同身受。
夜巡 Nightwatching,倫勃朗是我最喜歡的畫家之一（我是因為他才去荷蘭讀書的...哦拜託別鬧了...），他的很多作品我都反復臨摹過。電影的佈光很有倫勃朗的調調，這點很讓我心儀。可惜其他內容並不出彩。
夜巡 Nightwatching,色彩还行。然而仅仅色彩是不够的。
夜巡 Nightwatching,惊叹格林纳威已变得如此温顺，远逊于迈克·李 《透纳》。
夜巡 Nightwatching,听说格林纳威自称“主流导演”。。
夜巡 Nightwatching,舞台剧一般的布景和念白，打光师不在线。潮缺荷兰画家universe已达成√
夜巡 Nightwatching,从余秋雨的笔下知道这幅画和画家本人，没想到还有传记电影。巧的是另一幅名画《戴珍珠耳环的少女》也被搬上银幕拍过类似的传记片，甚至片子的风格都很相近，导演都还叫Peter，不过夜巡没有它好看。
夜巡 Nightwatching,大师喜欢丰满女人
夜巡 Nightwatching,纳威我好失望啊
夜巡 Nightwatching,看不下去。
夜巡 Nightwatching,看点一：马丁正面全裸；看点二：格林的试验性场景调度；
夜巡 Nightwatching,说实话，对光线偏暗的片子我始终有种内心的抵触……
夜巡 Nightwatching,可怕可怕。舞台剧形式。darkness and light.
夜巡 Nightwatching,2018第一片！也不知是片子本身时间线乱七八糟，还是资料馆拷贝顺序放错了，总之资料馆好几次放映真是太不走心了！什么都用豆瓣的数据资料，自己都不检查一下的嘛？！所以导致《夜巡》这幅画给伦勃朗带来的人生带来的转折在影片中没有什么体现了。资料馆1号厅，约五成满。没开空调吧小风儿嗖嗖的！
夜巡 Nightwatching,迎面飘来一股舞台范😂 人世实沧桑，人情实冷暖～
大人物 Someone Great,Death by a Thousand Cuts 
大人物 Someone Great,"失恋治愈系。回忆有多甜，眼泪就有多咸，可你只愿回忆甜蜜的部分，想着“what if it’s supposed to be us”，忽视你们其实早已分开的事实。“when something breaks, if the pieces are large enough, you can fix it. Unfortunately, sometimes things don’t break, they shatter. But when you let the light in, shattered glass will glitter.”"
大人物 Someone Great,Second round of the coming of age；泰勒丝太会吸收了，爆炸性bridge又再内化出一句Paper cut stains from our paper-thin plans，绝
大人物 Someone Great,歌单不错
大人物 Someone Great,"-Me:why dose""i love you""mean so much to Americans?
-""Bcuz they have issues with commitment.""
其实男女主真的可以再试试的，如果这么痛苦的话。"
大人物 Someone Great,法海的moon river配上Nate鼻涕眼泪的忏悔 我也希望ending停在这一刻…… #不解编剧的风情
大人物 Someone Great,light n cute
大人物 Someone Great,音乐好听，分手后谁不是做梦都会梦到could we at least try呢
大人物 Someone Great,九年感情，一部电影哪里够怀念。
大人物 Someone Great,场景脱口秀一样的爱情剧，年轻化爱情戏结构或者趋势！
大人物 Someone Great,有些痛的喜剧片，歌不错。
大人物 Someone Great,一夜的時間裡 濃縮進整個失戀之後的過程 有時候一個人無法消化的情緒 朋友真的可以幫你
大人物 Someone Great,不喜欢女主设定，咋咋唬唬做作又自私还不知好歹，你失恋了就要全世界同情你吗，两个朋友陪你玩还不知道感激，这种傻屌玩意是怎么有这种好闺蜜的
大人物 Someone Great,girls movie 182
大人物 Someone Great,歌单不错
大人物 Someone Great,anyway~提到lady brid的电影都可以看看
大人物 Someone Great,还是有一点点触动到的 but there's way too much drug use in this movie lmao
大人物 Someone Great,爆米花电影
大人物 Someone Great,美国版失恋3天吧，挺有趣的，最后女主对男主分手的话留白有点意思
大人物 Someone Great,唯一记住的就是dreaming of you
大人物 Someone Great,taylor应该写出这部电影的精华了吧，对我而言，结局不是最痛苦的，而是整个过程中a thousand cuts
大人物 Someone Great,death by a thousand cuts 粉碎的过去遇见阳光 我会记住它的美丽 那是我们 那是有魔力的 forever！ ~
大人物 Someone Great,分手之后的冲动恍惚都拍出来了 但是太话唠了 女主间歇性亢奋 有点受不了 剧情偏无聊 不断走神 三星吧
大人物 Someone Great,一般，合格线
大人物 Someone Great,算是歌舞剧吧，一般般
大人物 Someone Great,"kute joint. (anything lakeith, em in)"
大人物 Someone Great,歌单不错~
大人物 Someone Great,脱口秀一样的爱情剧，真实生活
大人物 Someone Great,辣鸡丝为什么这么甜
大人物 Someone Great,不是我的菜
大人物 Someone Great,外国版的“大人物”，还挺搞笑的。
大人物 Someone Great,据说霉霉的Death by a thousand cuts的创作灵感是来自这首歌。不过作为影视作品也太自说自话了，90分钟没让我感到一分钟的心碎，不如去听All too well。
大人物 Someone Great,虽然真的很一般，但是看看哭哭很解压。那个真的在一起最久的人，也许真的很难忘吧。不管身边的朋友是结婚了还是什么，哪一个人还不都是有从不提起的过去。
大人物 Someone Great,女主咋咋唬唬做作又自私不知好歹，失恋很了不起吗
大人物 Someone Great,Gina Rodriguez 比想象的会演戏，很灵动的啊。
大人物 Someone Great,美式生话电影总离不开飞叶子。这样的友谊怎样温暖失恋的心，中美温差大，Get不到。
大人物 Someone Great,居然在女主做梦那里看哭
大人物 Someone Great,看哭了
大人物 Someone Great,“我快三十岁了，我快要死了。”也许十年后再看会有不一样的心境...
大人物 Someone Great,"6.5
从钢的琴开始关注王千源，太平轮，吾先生，破局，龙虾刑警，忘忧村，影有热血的，有深刻的，有诙谐的没让我失望过，好评！"
大人物 Someone Great,我好爱，我要存着失恋看
大人物 Someone Great,难道没有人吐槽豆瓣的这个简介吗？
大人物 Someone Great,越来越厌烦这种美式话痨型影片了，关键是情节和台词都抓不住人，耐心看了半个小时还是那操行，直接快进了。
大人物 Someone Great,有点厌倦了这种大龄女青年还在找寻自我的电影 小妞电影越来越不如从前
大人物 Someone Great,比预期强，歌单加分
大人物 Someone Great,分手之后的刻入日常缝隙的苦
大人物 Someone Great,1.75
大人物 Someone Great,闺蜜叨叨片。勒凯斯·斯坦菲尔德自从《逃出绝命镇》后演什么都像神经兮兮蛮恐怖的。
大人物 Someone Great,还好，能看下去
大人物 Someone Great,"几位“大龄”女青年在一天之内成长的故事。稍有夸张，但到了最后也让人会心一笑。

有关drug weed sex，有关告别，有关失恋，有关与不再合适的人分手，有关走出过去、拥抱现在。到了人生的某个阶段，就会突然发现许多事情都在变化。你努力原地踏步，想留住那些美好。当然，不见得是过去有多好，而是恐惧那个你即将进入的成年人的未知世界。但似乎总有一些挫折会让我们在一夜之间长大：天亮的时候，擦干眼泪，然后独自前行。
Sometimes things didnt break. They shattered, which you cannot fix them."
大人物 Someone Great,还行吧
大人物 Someone Great,你霉在艾伦秀上说她最近看的电影 所以跟风来打个卡 总体感觉一般 不过后面在地铁里的那段独白好评 最后在歌单的加持下勉强3星
大人物 Someone Great,闺蜜比男朋友靠谱多了
大人物 Someone Great,现在才能切身体会到 我很爱你 但是这段恋爱就是不能work 不得不分手 不得不离开 以及after party是在 house of yes 诶 哈哈哈啊
大人物 Someone Great,完全的千刀万剐的电影版。
大人物 Someone Great,我愿意和你完成每一件事，每件事都能在一起做一次，然后再多一次再多一次累积一辈子，活着告别对两个人来说是至此失联分手，对一个人来说是等待遗忘和康复呢
大人物 Someone Great,闺蜜 never last long
大人物 Someone Great,damn
大人物 Someone Great,还行吧
大人物 Someone Great,不知该说些什么，整个故事跟我的青春隔得太远，几乎没有共鸣，女主人设不太好，但也算真实，毕竟现实中几乎没有不作的（可能长大后懂事了，但青春期时很少有人不折腾点事，尤其跟父母）。但是这种爱情也不算刻骨铭心，与闺蜜也没有更深的刻画，不知道拍成电影的意义在哪？疼痛文学吗？
大创业家 The Founder,你知道，合同就像是心脏，就是为了心碎那天而存在
大创业家 The Founder,这么流氓黑化的故事拍简单了，好像主旋律鸡汤。不过，看完还是想先吃一餐大汉堡
大创业家 The Founder,兄弟俩决定了麦当劳的下限，而Ray则给这家汉堡店一个极高的上限；商界犹如战场，对错永远难分，商业价值才是唯一的衡量标准。影片在展示人物关系方面还是十分到位的，但细节方面却简单粗糙，很多东西也只是一笔带过；贯穿全片的坚持就是一个伪主题，强行给影片添上励志性，实在没必要。三星半。
大创业家 The Founder,成功的必需素质：野心，所谓“既然做梦就做个大的”，以及孤注一掷的勇气、坐言起行的执行力，或者还有。。。不要脸？
大创业家 The Founder,这是一部有着工整流畅的叙事、优秀的表演以及良好工业水准的美国传记电影，它围绕着，但却永远都没有触碰到这个题材内里的丰富内涵以及其中极具讽刺性的主题，这部电影就像当今麦当劳的汉堡，有着不是很诱人但也可以滥竽充数的外表假象，但其内在不过是味同嚼蜡的无意义填充。
大创业家 The Founder,"客氣版的The Social Network。Hancock還是比較適合拍溫馨電影。影片就像是麥當勞起家的""過程介紹""，建立SOP流程，改變消費型態，走加盟體系，最後以地產稱霸等。但敘事角度不夠犀利，不深入，還有略略洗白。處理爭議主題力道輕，還是有講，但打在棉花上似的，中間也有些拖沓"
大创业家 The Founder,导演选择了让主角踩着看似轻快的步伐一路向前来讲述这个故事，所有的难关和冲突都在出现后不久便迎刃而解。关于题材背景的商业性讽刺内核本可深挖，而在如此基调的包装之下整部电影更像是一碗浓浓的厚黑学鸡血汤。
大创业家 The Founder,工整但了无新意的一将功成万骨枯式传记片，基顿的表演保持了近几年的水准但也没有什么突破
大创业家 The Founder,电影前中后风格都有些小小的差异，连贯性欠妥，观影感受也不十分顺畅。最突出的基顿叔的表演，导演对于风格转换的把控缺少润滑，使电影在轻巧和愚蠢之间摇摆。整体算不上优秀。
大创业家 The Founder,汉考克真是个刻板到近乎笨拙的导演
大创业家 The Founder,冷酷肮脏。
大创业家 The Founder,前半段会让人以为说励志美国梦，后半段才戳醒——疯狗打滚甩一身泥╮(╯▽╰)╭//话说，昨天才去的麦记。。。
大创业家 The Founder,看时一直在想近期看过哪部电影比这部更好莱坞，结果竟然想不出来。有很多深入挖掘人物的机会，然而怎样都觉得还是浮于表面。全片最后一个镜头主角的复杂表情最可圈可点。看完出来反而不想吃麦当劳了。以及豆瓣放过这位导演吧，前作给人家译名《大梦想家》，这部《大创业家》，还能更俗？
大创业家 The Founder,潦草。顺带说一下麦当劳如今是妥妥的垃圾食品了～这辈子都不想吃。
大创业家 The Founder,这才是正儿八经的“美国梦”吧。电影不但一门心思的把故事讲好了，避免了不必要的支线故事的干扰；而且还呈现了Michael Keaton的不错表演，没有在颁奖季崭露锋芒，着实有点可惜了。看完了好想吃巨无霸!
大创业家 The Founder,[3.5/5.0] 麥當勞是麥當勞兄弟創立，麥當勞集團的 founder 是Ray Kroc，旗下以房地產事業協助餐飲事業獲利。Linda Cardellini 是史酷比的 Velma (眼鏡)。https://en.wikipedia.org/wiki/Richard_and_Maurice_McDonald
大创业家 The Founder,该说的故事说了，该讲得节奏放准了，该出彩的表演也到位了，该起承转合的地方差不多分毫不差。工整匠气了无新意：最该出彩的角色表演无可挑剔，但剧本的故事的确味同嚼蜡 #讲故事是个老天爷赏饭的手艺，没这个金刚钻，再用心的瓷器活都难免磕磕绊绊#
大创业家 The Founder,试图在鸡汤与美国梦中加入客观，用看起来中性的态度展现Ray的前后期，他是一个相信自己充满热情与坚持不懈的能人，也是一个鸠占鹊巢心狠手辣的商人。温吞但叙事并不弱。总之，让人想吃麦当劳。
大创业家 The Founder,所谓赢家，就是吞噬掉别人的成果再建立自己的帝国吧
大创业家 The Founder,很没个性的传记片，看完又想叫个巨无霸吃。
大创业家 The Founder,故事剧情拍的过于简单，就像一碗毒鸡汤
大创业家 The Founder,6.5 把流氓的起家拍的这么欢乐
大创业家 The Founder,基顿的表演保持了近几年的水准
大创业家 The Founder,流水帐传记片～没有多少亮点～导演的态度也有点游离～
大创业家 The Founder,第一幕节奏剪辑非常好 但中后段危机转变情感的处理都特别草率甚至是没有 没沉淀没过度一种赶着拍完的感觉 好在看着不累
大创业家 The Founder,美国梦，碎人心
大创业家 The Founder,一个让人喜欢的角色都没塑造出来，两兄弟的表演gaygay的。后半截社交网络即视感
大创业家 The Founder,中间一度乱得让人心烦
大创业家 The Founder,看完再咬下一口吉士汉堡 意味深长
大创业家 The Founder,男主演得真好，讲故事自然有立场，但能看的人感同身受，甚至有些瞬间热血沸腾，作为一部讲创业的电影就成功了。真的，麦当劳兄弟没有足够理解这个名字对他们的意义。全世界都在靠房地产赚钱。从小员工成为CEO的小桥段很窝心。
大创业家 The Founder,平淡无奇，算小小科普了一下吧。
大创业家 The Founder,平铺直叙。
大创业家 The Founder,男人太有野心就会变得不像个人，正所谓商业。
大创业家 The Founder,没太认真看，一般般的命题作文
大创业家 The Founder,男主不错，麦当劳兄弟不错，剧情和节奏问题挺大，故事讲得不太吸引人
大创业家 The Founder,6/10。满是道德瑕疵的创业经历是近年传记片最爱的人物素材，抵押房产、抛弃结发妻子、用冒牌奶昔粉节省成本最后夺取品牌，诡计多端的野心家战胜了坚持理念的老实人；球场上画图演练设计厨房布局的点子神似[狗镇]，双方挂电话表现信誉与利益的冲突有趣，把分店交给劳动人民而非富豪管理也算积了一点德。
大创业家 The Founder,大坏蛋！我再也不想吃麦当劳了！！！！
大创业家 The Founder,不觉得是鸡汤，更是个真实的美国故事，连我这个觉得结果导向重要的人都觉得其中很多事儿不太对，但这就是商业，没有对错。做人方面的下限不评价，从口味上来说自从吃过汉堡王之后就真的再也不想吃麦当劳了，并且汉堡王这个名字明显不符合电影里的起名标准哈哈。
大创业家 The Founder,华尔街之狼
大创业家 The Founder,想说的没说，还可以再猛一点
大创业家 The Founder,这是战场。——20170501
大创业家 The Founder,我麦的创业之路居然是这般“流氓”，吓得我赶快去吃了一份双吉套餐。
大创业家 The Founder,中规中矩的纪录电影
大创业家 The Founder,金拱门之殇
大创业家 The Founder,看完后不知为何我对麦当劳没那么喜爱了
大创业家 The Founder,所以说，要么成为一个成功的生意人，要么成为一个好人，两者毫无交集。
大创业家 The Founder,一段不错的发家史，但是结尾有些浅薄了。创始人问他，我给你技术带你参观，你大可以直接去做为什么要加盟呢？他说：因为我觉得只有这个名字才能成功。 #麦当劳现已加入起名业务#
大创业家 The Founder,A good business case
大创业家 The Founder,麦当劳不是迟于KFC和汉堡王么
大创业家 The Founder,三星半 感觉拍简单了
大创业家 The Founder,看完不想去麦当劳吃东西了，为了利益不折手段
大创业家 The Founder,还可以
大创业家 The Founder,可以黑化的片子，教人做人的片子，拍得略微普通带点鸡汤，有点遗憾啊。另外台版翻译《速食游戏》真的蛮好的。
大创业家 The Founder,别人的名字、别人的创意、别人的老婆、别人的演讲词、最后全部为己所用做大创业家。传统、套路但和那张被精致灌录、精心保存、再小心翼翼被播放的黑胶唱片一样，还是有一丝激动人心的能量的。
大创业家 The Founder,"The contract is like a card, made to be broken."
大创业家 The Founder,看完片除了“哦。”说不出来其它的。
大创业家 The Founder,其实是挺会拍的，我只知道麦当劳以地产闻名，不知道底下这么多故事…男主人公一开始就表现出的野心与自私也算是成就他的一项要素吧
大创业家 The Founder,主旋律。无功无过。
大创业家 The Founder,不黑不吹，也意犹未尽，期待各大知名品牌系列
大创业家 The Founder,当企业还在如日中天的时候，你很难对当初企业创立产生的罪恶做深度挖掘。这导致配角们纸片化，两兄弟一直一副搞不清楚状况的样子，而前妻那丧气模样，我看到第一眼就想离婚了。
神探伽利略 ガリレオ,"第一集是唐泽寿明 
　　第二集是老牌演员小市慢太郎 
　　第三集是广末凉子 
　　第四集里有香取慎吾 苍井空 
　　第五集是大后寿寿花 水野美纪 
　　第六集是堀北真希 
　　第七集是深田恭子 
　　第八集是释由美子 
　　第九和十集是老牌演员久米宏 
　　还有其他的知名配角北村一辉，樱井千寿等等"
神探伽利略 ガリレオ,每次要找东西往上写还真难为他了....
神探伽利略 ガリレオ,日本的男人们果然要看动的
神探伽利略 ガリレオ,090711 写刑侦科学剧日本人总显得小家子气。福山君近40岁仍是亭亭玉立。
神探伽利略 ガリレオ,技术性推理，主角也不咋悦目；自称是物理学家，对超自然现象兴趣盎然又不盲目迷信的数学家+材料学家差不多
神探伽利略 ガリレオ,福山大叔还是很帅呀!
神探伽利略 ガリレオ,推理狗血，柴崎凶相
神探伽利略 ガリレオ,改编自东野圭吾怎么可能会好看
神探伽利略 ガリレオ,不是很精彩
神探伽利略 ガリレオ,觉得很一般
神探伽利略 ガリレオ,只能说一般啦。。就是不停的算算算。。。
神探伽利略 ガリレオ,物理真有意思
神探伽利略 ガリレオ,叙事温吞，削弱了一部侦探片应有的张力。剧情过于套路化。每集更换的明星是亮点。
神探伽利略 ガリレオ,冲着“堀北真希”才下下来看的
神探伽利略 ガリレオ,福山人还是长得不错的，就是每次都要算，不知道算能算出什么来啊。
神探伽利略 ガリレオ,推理实在不能服人。福山大叔帅的可以服人。奶奶的。我是多久才看完这一部啊。
神探伽利略 ガリレオ,耍帅男和卖萌女的最佳组合。
神探伽利略 ガリレオ,还好后面每集都有美女
神探伽利略 ガリレオ,这哪里是物理学家，各种学科融会贯通也真为难他们要想出这么多花招。。。
神探伽利略 ガリレオ,原作还不是这样的! 这女人是谁!!!
神探伽利略 ガリレオ,全明星配角阵容
神探伽利略 ガリレオ,冲叔补的老剧，和福尔摩斯及数字缉凶一样，若是没有华丽丽的公式大招，好好分析，就完美了。
神探伽利略 ガリレオ,一味套路就么意思了撒....
神探伽利略 ガリレオ,一部偶像剧
神探伽利略 ガリレオ,太假了，还有很白痴的奋笔疾书推理状...这是给物理和电脑小白看的推理片吧？
神探伽利略 ガリレオ,我主要是来看曾经的男神和本剧的客串的。。。尽管有男神，每集案情的侦破过程还真是雷同又无趣啊
神探伽利略 ガリレオ,把东野圭吾拍的太浅薄了
神探伽利略 ガリレオ,拿着国家经费给警察妹子作科普，这才是副教授的浪漫
神探伽利略 ガリレオ,福山大叔真是萌，女主牙齿不好看啊
神探伽利略 ガリレオ,无聊第三颗星给cast
神探伽利略 ガリレオ,无聊看看挺好，最后一集居然让我产生重学数学的念头……电视害死人啊~
神探伽利略 ガリレオ,"第七集开始准备弃柴崎幸了，女主太弱智又呱噪，推理过程俗套和公式化，唯一能看的就是每集大牌的客串和魅力大叔
"
神探伽利略 ガリレオ,好看在哪。。。
神探伽利略 ガリレオ,Christmas gift.
神探伽利略 ガリレオ,就没见过如此没有西皮感的侦探剧男女主，案件真的很一般，为什么会这么火
神探伽利略 ガリレオ,连续剧有点普通..
神探伽利略 ガリレオ,华丽丽的配角们啊 叔们  景胜 柴崎幸 你一点都不大妈 没气场
神探伽利略 ガリレオ,其实编剧还马马虎虎，但每集都走套路就有点烦了。
神探伽利略 ガリレオ,冲着圭野东吾看的就两感觉一个是推理剧情有些简单失去了对剧情的悬念另一个没好好学理科荒费了光阴
神探伽利略 ガリレオ,福山雅治还真是娃娃脸啊~~~~沉了多少年的片儿，才看完。东野圭吾还真是海陆空的整 啊~~还有，深田恭子怎么嫩么年轻呢，太牛了。
神探伽利略 ガリレオ,完全是因为配角才看这部戏的么...
神探伽利略 ガリレオ,一集弃。
神探伽利略 ガリレオ,大叔你是来耍帅的么
神探伽利略 ガリレオ,男人很好。
神探伽利略 ガリレオ,帅叔叔
神探伽利略 ガリレオ,我觉得拍成电影会比较精彩吧  这样有点略屌烦
神探伽利略 ガリレオ,大学时的一门选修课上老师放的，最后和老校在寝室看完的。情结一般，福山雅治也老了
神探伽利略 ガリレオ,因为在我记忆里的某人，那么的像柴崎幸，所以，多给一星。
神探伽利略 ガリレオ,很很一般，男的长的还不错。
神探伽利略 ガリレオ,理科天才的世界在文科生眼里果然跟天书一样啊
神探伽利略 ガリレオ,满好看的!每件都s高智能案件
神探伽利略 ガリレオ,弃之
神探伽利略 ガリレオ,东野圭吾的推理其实完全不严谨，常常理性不足扯淡有余，但是看多了也没觉得腻歪，很神奇的魅力。。。福山大叔需要胶原蛋白啦，还有扶眼镜那个动作一定是故意搞笑。。
神探伽利略 ガリレオ,有这两个人在 还能拍成这样， 太TM有才了
神探伽利略 ガリレオ,柴崎幸。。。。。
神探伽利略 ガリレオ,如果没烂尾就能四星了
神探伽利略 ガリレオ,还……好吧
神探伽利略 ガリレオ,物理学破案值得欣赏，汤川教授套路般的书写公式有种画蛇添足叫嚣的味道意思大概是你们这些俗物快点不明觉厉啊你们看不懂吧哈哈哈哈。柴崎大姐除了把大眼睛瞪出眼眶还有什么萌点？好在案件挺有吸引力吧。
神探伽利略 ガリレオ,web
神探伽利略 ガリレオ,龙套还是可以的
大太监李莲英,他是演过大太监的姜文，他是想演程蝶衣的姜文，他也是你们口中男性荷尔蒙爆棚的姜文。
大太监李莲英,国内最爷们的演员演了个非常娘的角色，可见演技。除了这个，本片还真是方方面面的无聊
大太监李莲英,这片子没了节奏就发闷，姜文最后那死相也太假了吧！
大太监李莲英,演员出彩～
大太监李莲英,这部片子，还真是不好找！
大太监李莲英,姜文披头散发闷骚劲儿堪称美景……
大太监李莲英,这时候的姜文全无霸气，有霸气的是刘晓庆。。。
大太监李莲英,姜文真行啊
大太监李莲英,"姜文,田壮壮.其他都是陪衬."
大太监李莲英,这两天陪着冰姑娘净是看这些老电影。感慨一下，为毛八九十年代的电影都这么直接。。。好无力
大太监李莲英,這個清宮戲真的是田壯壯拍的？！柏林提名這個東西，純粹是因為沒聽說過太監這種國粹！
大太监李莲英,汉子把太监演好了，就是牛逼。“田壮壮不当老师专心拍片得出多少经典啊”，对于这句话我表示很怀疑，还是继续教书吧，现在教书待遇好，特别是教电影儿的
大太监李莲英,小李子，再背我一会儿吧
大太监李莲英,一直当恐怖片看！~
大太监李莲英,姜文实在是适合演爷们的
大太监李莲英,2011 配乐和导演本人一样苦逼
大太监李莲英,田大导演号称挣钱糊口的片子，也可以获奖 呃/海报上的姜文，很像郭达 囧/一直怀疑光绪和慈禧的死有着必然的联系
大太监李莲英,有些段落太冗长了
大太监李莲英,讲述慈禧与李莲英之间的感情，身份是主仆，亲如母子，还是同甘共苦的知己。虽然对史料有一定的改动，但处理得很人性化，更令人感慨。姜文和刘晓庆都演得很好。
大太监李莲英,来看姜文的，刘晓庆大他8岁呢，居然相恋了8年，可惜没在一起。徐帆的戏好少。那时候的影片都黑黢黢的吗，好多画面都还不清楚，黑咕隆咚。
大太监李莲英,太监不过是皇家的奴才，姜文演的李莲英非常到位
大太监李莲英,稀松平常
大太监李莲英,根都没了，自然就为了别人而活；忠中带着愚
大太监李莲英,姜文没想到演起太监来也不错/刘晓庆从年轻到老年的表情和肢体语言都演的十分到位。
大太监李莲英,苦命人啊。
大太监李莲英,还是很见老一辈电影人功力的，是亲人啊。慈禧之死拍得好。
大太监李莲英,就是讲的李莲英，没别的
大太监李莲英,还行
大太监李莲英,命啊是注定的，谁也逃不了
大太监李莲英,主人公放置于真实历史事件中的刻画略显单薄甚至虚无 有点缺乏强烈主观意志的体现 仅仅是顺着时代流淌 无褒无贬 或许导演想传达的便是这般一场空的唏嘘
大太监李莲英,总感觉皇帝叫那个女的亲爸爸
大太监李莲英,3.5。姜文确实戏精
大太监李莲英,国内演员里最纯种直男姜文演起晚清大太监李莲英这种极端阴柔角色也是如此如鱼得水 信手拈来，实力之可怕令人叹为观止。田壮壮展现的清宫如此朴实无华，就连婉蓉被投井也没有描绘的多恐怖可见导演对两位晚清名人拨乱反正态度。当然在整体水准上与末代皇帝比还是差了不止一点。
大太监李莲英,都给姜大爷的星星
大太监李莲英,等鄂老师上菜时和牛牛一起瞎看的
大太监李莲英,快速扫了一遍，兴趣不大
大太监李莲英,没我想象的有意思。。。。。
大太监李莲英,姜文那把小声音简直销魂爆了哈哈哈【【听得人骨头酥啊我去！！！
大太监李莲英,剧情太平淡了，大家都知道这段历史，所以有点索然无味，只是场景和布景很贴近历史，这点好。
大太监李莲英,姜文和刘晓庆演的非常棒，特别是姜文，很喜欢，但是故事段落衔接不够好
大太监李莲英,黑乎乎的，费眼
大太监李莲英,演技弥补了剧本的不足。
大太监李莲英,姜文是亮点
大太监李莲英,。
大太监李莲英,刘晓庆到底演过多少个慈禧
大太监李莲英,流水账
大太监李莲英,应该是中国最最有名的太监了。
大太监李莲英,李莲英的一生！
大太监李莲英,中规中矩
大太监李莲英,因为看《宫女谈往录》想了解一下李莲英，翻出了这个篇子。惊讶的是，竟然是刘晓庆与姜文的对手戏，明明才刚看完《芙蓉镇》。没想到还有朱旭与徐帆。有意思的是，剧本基本参照了《宫女谈往录》所述，可见这本书的历史价值，不过没看过那书，看着电影真心看得懂？大丈夫？
大太监李莲英,看完才发现田壮壮是导演，很多感情已经无法界定清楚，有本书叫第三种爱情，其实这世界上的感情又岂止三种五种呢，整个片子就让人觉得悲凉，但是没有凉彻底，是一种温温的凉。
大太监李莲英,完全有别于姜文以往的角色，
大太监李莲英,9 1 ~~~~102~~~~~泽！！
大太监李莲英,么看完，不是特好看吧。
大太监李莲英,哈哈
大太监李莲英,老电影艺术手法平铺直叙场景转换无甚有趣  但还是可以看的
大太监李莲英,非线性叙事手法在这部电影中看得有些难受
大太监李莲英,整部戏全靠姜文一人撑着，不然看不下去了
大太监李莲英,演过皇帝的姜文，也演过太监
大太监李莲英,七颗星也行
大宅门,好久的电视剧了。不过经典不会过时，斯琴高娃老师和陈宝国老师的演技大赞，有空再看一遍！
大宅门,一流的演员二流的编剧三流的导演
大宅门,不错，有故事
大宅门,跟着我妈看的，看完觉得还不错
大宅门,好看，以前看过，半知半解，后来再看，才得晓完全。
大宅门,看了8集，弃了，斯琴高娃演得太过太不自然，是我放弃的主要原因。
大宅门,无甚特别感觉
大宅门,wo jiu shi tao yan chen bao guo .!
大宅门,没什么可说
大宅门,最喜欢演员们一口纯正的京片子话！
大宅门,管你，只记得老妈疯狂的看。去看电影版喽。
大宅门,没有看完，做不了评论
大宅门,封建！
大宅门,小时候特别爱看的剧，经典
大宅门,陪老年人看的
大宅门,大宅门
大宅门,有些人演戏就像生活~
大宅门,白景琪这一生总算活了个轰轰烈烈。总体来看 他的缺点过错造就了他鲜活的人生。功过相抵 人生如果不能让自己高兴 还不如死了算了。/再看一遍 只是一直在感叹老七的爷们儿 还有那种世人皆醉我独醒的气势。20170213
大宅门,女人啊~~你何苦如此能干~
大宅门,喜欢二奶奶·
大宅门,胡总管的一百两被骗走了
大宅门,何赛飞太美了呜呜呜呜呜
大宅门,什么真性情，这人就是一混球。没有白家，早死了八百回了。还真以为自己一泡屎能当两千两银子....
大宅门,喜欢斯琴高娃的那股劲儿
大宅门,一直没看全
大宅门,前十五集真好看，从第二十集开始讨厌了……黄春多好看T^T
大宅门,这分数虚高了吧，卡司五颗星，但剧情就两颗星，实在不懂一个闯祸闯出格的人渣，老婆送走就追窑姐，一坨屎骗贷号称自己不求人……确定主角是正面形象？！距离走向共和、红楼梦十万八百条街的东西
大宅门,看到陈宝国出来莫名其妙就追不下去了
大宅门,有点印象
大宅门,女子太过痴情不是什么好事！女子太过有情有义也不是什么好事！身为下贱心比天高终究落不得好下场！
大宅门,好看吗？不觉得……
大宅门,前段还好 后段就乏了 光打得太硬了
大宅门,演技不错，可惜剧情有些慢，看到24集。
大宅门,姓李的抱狗贱货真是应了狗仗人势，狐假虎威，看着白景琦他妈不待见杨九红后也有样学样的处处挤兑她。 可她又算个什么东西，跟杨九红有什么冲突纠葛？看见有她基本上都快进了，抱狗贱货才是真婊子
大宅门,陈宝国没出来之前，这剧挺好看的。
大宅门,把中国人待人处事的特点刻画得淋漓尽致。
大宅门,最后这遗嘱可是败笔。
大宅门,看前方黑洞洞，定是那贼巢穴，待俺杀上前去，杀他个干干净净！
大宅门,听过这个名
大宅门,大宅门里是非多！
大宅门,不知道为什么，后面越拍越糟心。～感觉豆瓣分高了。～
大宅门,据说是代表中国电视剧制作水准的一部电视剧，仅仅从故事的现实意义来说，我觉得意义不是很大，无非就是让你明白做买卖一定要诚信，40集啊，看得太捉急了，虽然整部剧不拖沓，但是还是觉得节奏慢了点，可能是11集的日剧看多的缘故吧。
大宅门,越看到后面越不行
大宅门,仔细看其实是很难立得住的价值观
大宅门,一般般吧，不是我喜欢的类型
大宅门,发自内心地不喜欢那种时代的北方大爷戏
大宅门,当年也算群星闪耀了
大宅门,"除了陈宝国，一切都挺好。
原谅我吧，我就是不喜欢陈宝国，虽然他演的是挺好。。。"
大宅门,没有那么神again
大宅门,讨厌白景琦
大宅门,斯琴高娃气场超强大
大宅门,看到第9集
大宅门,白景琦和他的媳妇还有孩子们的故事
大宅门,"2.5星吧,还是值得一看"
大宅门,这个当年应该都看过
大宅门,不错，越往后看越是渐入佳境。准四星。
大宅门,也就是演技好，剧情什么我无法理解。
大宅门,又是一个家族一个时代。
大宅门,小时候
大宅门,第一眼看陈宝国演十几岁的小景琦真有弃剧的冲动
大梦想家 Saving Mr. Banks,我可以说我都没有耐心看下去了好吗。。从一开始就知道故事的结尾了。。不要跟我说过程很重要。。因为过程也没有拍得让我很享受。。女主角這麼mean的角色必須是英國人好嗎，，真的是个好horrible的女人啊。。嗯
大梦想家 Saving Mr. Banks,每个人心中都有无法放手的过去和阴影，无法原谅与和解的梦魇。感谢有文学和电影，我们得以在这些文艺作品里无数次回味和改写，保存住写些温存的马上奔腾的瞬间，也可以用欢声笑语将结局放上天空。2013年最后一天，也是今年看电影哭得最离谱的一次。几乎每个角色的表演都深入人心。
大梦想家 Saving Mr. Banks,剧本A线的现实部分是哪位编剧写的，实在是太棒了，这是我今年看过的最有才华最工整的写作，每一场戏都有聪明的写作技巧，但是B线的回忆部分却写的平庸到家了，就像一道城市的地平线，像一口平底锅。如果没有B线，这片子会成为经典，这个该死的败笔是为了对照【欢乐满人间】里的卡通角色吗？★★★☆
大梦想家 Saving Mr. Banks,把情感核心集中在父爱上是很聪明的切入点，至少我被煽到了，艾玛·汤普森最后一段表演非常催泪。
大梦想家 Saving Mr. Banks,呃，给电影工业的“纯爱洗白作”？感觉故事和人物性格什么的都比较老套，外加让人分分钟出戏的科林法瑞尔？！。。。不过最后电影欢乐满人间出来之后的确是很煽情的，迪士尼的电影尤其歌舞片的感染力一流，艾玛汤普森真是个骨灰级演员啊...
大梦想家 Saving Mr. Banks,这仍是一部非常迪士尼的电影，以爱与亲情的主题，去缓慢感化女主角的内心。影片通过特拉弗斯经历与《欢乐满人间》情节的勾连，去传递迪士尼一贯的真善美。艾玛·汤普森的角色很讨巧，完成的也很棒。
大梦想家 Saving Mr. Banks,能让这么简单的故事变得情感丰沛，动人有趣实在也不容易。有关梦想的部分都是捎带着让影片看起来更阳光更迪士尼，但最后还是主打了十拿九稳的亲情牌。终归，不管是人物还是故事都更适合在一则花絮中讲出，很多东西都被弗洛伊德的童年人格发展理论简化了。
大梦想家 Saving Mr. Banks,长达两小时的迪士尼公司宣传片。
大梦想家 Saving Mr. Banks,艺术总是涉及到回忆的问题。有人问犹太裔作家梅勒在文学上最好的训练是什么，回答是“一个不愉快的童年”。父亲曾给予金蒂无尽的宽容与爱，那些甜蜜与忧伤的日子成为她日后创作的珍贵尘土，可父亲崩溃的声誉和生命却成她不可磨灭之痛，一个高傲无礼、挑剔固执的毒舌女作家就这样渐渐养成了。
大梦想家 Saving Mr. Banks,首映时挽着米奇进场那幕挺有意思，很梦幻，米奇用友善的举动去抚慰女主的紧张害怕，就像女主用自己创造的小说角色去修复不幸家庭带来的心灵创伤。生活上总有些东西能让人产生生活充满希望的错觉
大梦想家 Saving Mr. Banks,平庸
大梦想家 Saving Mr. Banks,Emma和Hanks都很好，故事也不错，旧日时光太过残酷且不着重点是唯一的缺憾。
大梦想家 Saving Mr. Banks,里面面充斥着迪斯尼元素，呵呵
大梦想家 Saving Mr. Banks,切入点选得好：爱是消解心结的法宝，既温情又幽默，却也显得刻意了，艾玛·汤普森演得确实棒，结局挺煽人的；不过看了些资料，这片子确实是有点为沃尔特·迪士尼洗白的意思啊。
大梦想家 Saving Mr. Banks,和《国王的演讲》一样，有足够强大的卡司和获奖号召力；但就电影本身而言，故事原本就不够有趣，拍得又没有张力，三星半都只能是演员分。
大梦想家 Saving Mr. Banks,"我知道很治愈 但是故事进入的真的很慢而且也真的好累。
睡着了快一半的电影。所以不好评论 总之意义非凡、"
大梦想家 Saving Mr. Banks,This is Disney
大梦想家 Saving Mr. Banks,只有老汉和老太的电影
大梦想家 Saving Mr. Banks,还是那句，一切性格问题的根源都是家庭和童年。回忆线的剧作水准差好远，肯定不是同一个编剧写的。
大梦想家 Saving Mr. Banks,个人觉得又是一个人撑起一部戏，奥斯卡影后Emma Thompson凭借此片提了八个主流电影节的影后，可见演技绝对不是吹的。一个外表尖酸刻薄但内心却有着不可碰触脆弱之处的英国女人被她演的入木三分。故事本身并没有太大看点，但演员和配乐绝对是一流水平。
大梦想家 Saving Mr. Banks,电影一般，姨太好看了
大梦想家 Saving Mr. Banks,样板戏，演技，无感。
大梦想家 Saving Mr. Banks,睡的真香啊我
大梦想家 Saving Mr. Banks,没看过《欢乐满人间》大概就是我这个观影者最大的败笔，这使得这部电影对于我来说过于平庸了。anyway父女感情和过去创伤的重新修复还是较为真挚的。
大梦想家 Saving Mr. Banks,奥斯卡为什么没给“弃疗”阿姨 艾玛汤普森提名！！！
大梦想家 Saving Mr. Banks,叙事很平缓，平行蒙太奇，现实和童年穿插，女主演技赞，演八婆演得很到位，女主在首映式上，黑暗中难以自抑地哭泣还是触动了一下我的小心肝。
大梦想家 Saving Mr. Banks,。
大梦想家 Saving Mr. Banks,两个故事一直没看到太大联系ps：多次拍到女主角的脚，难道摄影师恋足？刚刚看短评好像说女主是个拉拉，好吧，有点乱
大梦想家 Saving Mr. Banks,没有想象中好看...是不是因为没有看过Mary Poppins?
大梦想家 Saving Mr. Banks,讲述了迪斯尼在制作【欢乐满人间】时，与原作者间发生的故事，让人对迪斯尼有了全新认识。片中迪斯尼不是在创造能大卖的商品，而是贩卖没有文化和年龄限制的欢乐与理想。可惜影片对现实与回忆的关联太牵强，回忆部分让人瞌睡，算不上佳作但值得一看
大梦想家 Saving Mr. Banks,一装英国腔的澳洲神经质老太
大梦想家 Saving Mr. Banks,把老姑娘的悲伤往事改编成音乐剧，要我也觉得不灵，最后貌似电影里没什么细节是遵从了老姑娘的指示的。| 《欢乐满人间》里的卡通企鹅真是蠢到家了，可那时候的人就吃这套，歌舞喜剧 | Colin Farrell倒是把一个让人又爱又恨的酒鬼老爸演的不错
大梦想家 Saving Mr. Banks,前半部分很有趣，后半部分太过煽情反而落入俗套
大梦想家 Saving Mr. Banks,男女主角演技太赞。简单的故事讲的很好
大梦想家 Saving Mr. Banks,有点无聊，所以扣两星吧。
大梦想家 Saving Mr. Banks,技术上处理得还算细腻 但真的是最无聊的一部迪斯尼作品
大梦想家 Saving Mr. Banks,♪Let's go fly a kite♪ ←Jason弹琴时小眉毛一跳一跳可爱得像小老鼠
大梦想家 Saving Mr. Banks,2013/12/19 基调还是诙谐中带着感动的，尤其是一场伴琴起舞，一场机场道别。但是思父心结以及那场促膝长谈缺乏感情，又太用力塑造Emma Thompson刁钻刻薄中年妇女的形象，让人看着欢乐有余感动不多。
大梦想家 Saving Mr. Banks,Thompson角色性格＂极致且略带神经质的行为／意识－勾划出＂闪回戏幕～她与父亲间的遗憾缺失．．(在关于她和迪斯尼之间的创作张力；诙谐／精彩；好些令人感知*童年的味道；回忆的情绪中却另一番滋味～#对比显现人的成长轨迹，可以有多么妙不可言#－丝缕联系！万物必有其意义！渗透，感悟，升华－创作
大梦想家 Saving Mr. Banks,挺感人的小故事，挺迪斯尼的
大梦想家 Saving Mr. Banks,作为回溯主人翁精神分析童年经历的B故事并不如A故事一般精彩。不过导演在衔接两段时空时花了不少精力以连接得自然和连贯。比如相近原则和同一事件在两段时空的平行剪辑。不喜欢科林法瑞尔饰演的像《美丽人生》类型的幻想性父亲形象，永远给孩子童话般的虚幻世界。一个作者和自己作品的暧昧关系值得回味
大梦想家 Saving Mr. Banks,………………虽然很喜欢艾玛但是这个电影到底哪儿优秀了……
大梦想家 Saving Mr. Banks,迪士尼太看得起自己了吧，跟你们争吵妥协着弄一个剧本就被你们治愈了，放下过去的包袱了？不否认庸俗的企鹅跳舞具有它的价值，但不过是一片止疼药，没有真实的重建秩序的能力。这点虚伪性女作家不是早就看穿了么……
大梦想家 Saving Mr. Banks,不是适合所有人看的呐
大梦想家 Saving Mr. Banks,闪现的过去交待女主为何刻薄待人，遇到司机和华特尔先生让女主得以释然
大梦想家 Saving Mr. Banks,这部电影给我最大的感动反而是沃特迪斯尼的坚持。
大梦想家 Saving Mr. Banks,一般 不是很喜欢
大梦想家 Saving Mr. Banks,#影像碎片# 原来玛丽波平阿姨的故事后面是作者这么悲伤的故事。然后迪斯尼改编这部电影还花了20年时间来和作者争取改编权。以前的大家都这么有原则，这么爱自己的著作和人物……现在估计……
大梦想家 Saving Mr. Banks,汤姆·汉克斯制片的水准一贯稳定！
大梦想家 Saving Mr. Banks,我喜欢这个故事，女主通过记忆闪回娓娓道来她的童年，故事简单平淡，却真实而饱含深情，会情不自禁地被打动而热泪盈眶，固执倔强、高傲刻薄的她用童年的不快和对父亲沉痛的思念囚禁自己，当《欢乐满人间》被搬上大荧幕，她泪流满面，是一种释放，也是用另一种方式来纪念对父亲的爱。两大主演演技精湛。
大梦想家 Saving Mr. Banks,对我来说实在是乏善可陈~
大梦想家 Saving Mr. Banks,真实故事改编，主题传播真善美，片名带有迷惑性，比较一般~
大梦想家 Saving Mr. Banks,剧本毁了Thompson－－再充沛的演技也填不了关键情节点无说服力的坑。
大梦想家 Saving Mr. Banks,"punch line-crank
影响=dictate
infant=neonate
jump=cavort
i am perfectly capable of ~~
perfect stranger 完全陌生人
my imagination caught on fire
"
大梦想家 Saving Mr. Banks,中文译名实在太牵强了吧
大梦想家 Saving Mr. Banks,屌丝家庭，屌丝成长环境，屌丝心态，屌丝人生……
大梦想家 Saving Mr. Banks,结尾录音是亮点
大梦想家 Saving Mr. Banks,真不知道这样的父亲如果不是在童年的时候就死去的好呢，还是继续活着的好。也许故事的版本会天翻地覆。童年家长能给孩子造成的阴影实在是太大了。
大梦想家 Saving Mr. Banks,好做作
大梦想家 Saving Mr. Banks,以这两位大汤咖的地位，这部片子也就只能算中规中矩了。
大毒枭 Blow,当妈的是真不像个妈，德普有一个时期的发型挺美，佩内洛普那时还不好看
大毒枭 Blow,咦他明年就可以出狱了~~ 2001年Rachel Griffiths 这边要禁止JD吸毒，另一边她却在“Six Feet Under ”里放荡不羁为所欲为，帅。
大毒枭 Blow,又一部看过但不太记得的影片，约翰尼·德普扮演一个大毒枭，字幕有些差，不过还看得明白。演德普小女儿的演员看着很面熟，看演员表才知道是是大嘴罗伯茨的侄女艾玛·罗伯茨，小姑娘现在已经长大了，最近刚看过她主演的《四三二一》，演技一般，但挺漂亮的。
大毒枭 Blow,传纪类电影，影片主人公荣格把美国的可卡因泛滥提前了最少10年。让我感触颇深的是，美国真的是个契约社会，连婚姻都是如此。男女双方结婚就如同签订了合同，男人负责赚钱，女人负责生小孩和花钱。当男方失去经济来源时，那么合同就自动终止了。PS：德普，你身材还敢再差点吗？
大毒枭 Blow,May the wind always be at your back and the sun upon your face. 祝你春风得意前程似锦May the winds of destiny carry you aloft to dance with the stars.
大毒枭 Blow,十多年的德普哥还是诠释了不少各种小大人物私密内化的角色 因为他我给四星 一反传统大枭雄步步为营机关算尽的模式 一开始就被最简单与真实背叛 最后电影里所有的人都背叛了他 而上一秒他还耿直的为对方着想 克鲁兹就露脸那个镜头还让我惊艳了哈 其他都是让人提不起劲啊 毁灭啊
大毒枭 Blow,she could party like a man and love like a woman，cruz 太美了，女儿去看看爸爸就好了
大毒枭 Blow,他风光，反复入狱，家人抛弃他，挚爱的女友癌症死，抢朋友女友。他和女儿做约定 女儿说我不信你 他说我以我生命发誓 女儿说用我的生命发誓。但我们都知道悲剧主角一决定开始新生活 结局也就快到了。42岁他终于理解父亲所说 金钱都是不真实的 他失去一生最爱的宝 女儿一次也没探监 他的刑期到2015年。
大毒枭 Blow,加州漂亮姑娘都是空姐，德普还不像现在那么神经，但太学斯科塞斯了，却拍得有点白开水。
大毒枭 Blow,Deep演的很垃圾 Cruz瘦的吓了我一跳 Rachel Griffiths跟定罪里的Lewis有一拼 看Liotta和Deep搭父子戏非常奇怪 不过Liotta演的很不错 George最后是毁在他妻子手里了 那些孩子们的演技太让人蛋疼了
大毒枭 Blow,一个家庭毁了另一个家庭的故事。推荐Because of you的mv
大毒枭 Blow,"真事改变
属于传记类的吧~
人物没有什么灵魂
男猪脚可以说成也女人败也女人吧。。。
DEPP有很多即兴演出"
大毒枭 Blow,"第一任wife很惊艳，Franka Potente,罗拉快跑女主角。

Jonney Depp的老爸是good fellas里的毒贩。"
大毒枭 Blow,"Anyway,may the wind always be at your back,and sun always upon your face,and the winds of destiny to carry you aloft to dance with the stars."
大毒枭 Blow,为什么德普的片子总是喜欢不起来= =
大毒枭 Blow,太可惜了~影片缺少作为一部黑帮史诗的那种张力，呈现出平铺直叙的味道。可怜的johnny
大毒枭 Blow,就那样吧 没什么出彩的剧情太薄弱 emma小时候好萌 depp真不适合金发 cruz那时候好瘦
大毒枭 Blow,看之前不知道是根据真人真事的改编的，看到他被朋友出卖时，一直猜想他会绝地反扑，然后杀了朋友自己再翻身，一直看到他放在银行的钱全部洗白那儿都还是深信不疑，觉得接下来一定有什么复仇者归来之类的戏码，最后看到他在监狱被关到老时有种被坑了的感觉
大毒枭 Blow,(可以给三星半么)1.片长过长，想说的太多，重点不明 2.谁选的演员!? 3.化妆太烂 4.台词生硬 5.结尾的真人照片吓死我了。亮点:Diego的演员和George他妈的演员;结尾处的情节。封面绝对是封面党!
大毒枭 Blow,出来混，迟早都要还
大毒枭 Blow,近来在研究毒枭。嗯，纯粹研究。
大毒枭 Blow,德普的黄长发真的有够膈应人的…就是看完好像没什么印象了…
大毒枭 Blow,德普其实也被定型了，要不船长要不毒枭，虽说他可能适合这个角色，但是演出来的效果真的差强人意！
大毒枭 Blow,传记电影嘛 也就记流水账了 没什么重点 德普叔晚年的时候演的有点别扭 那个假肚子 您好歹屁股也垫垫吧
大毒枭 Blow,"1、Depp+Cruz，很怪异的组合。Depp 撑起了悲剧的基调，Cruz则展现了惊人的性感和爆发力
2、乔治每次说Perfect时，总有一些事情发生……
3、在跌宕起伏的人生中，无法磨灭的是亲情。父亲至死也未抛弃儿子，儿子之所以要再运一次毒品，也是为了让女儿过上稍有保障的生活"
大毒枭 Blow,德普 科鲁兹 OMG 不过还是缺点味道
大毒枭 Blow,去掉中间人—我知道我的野心远远超过我的能力，我跟前再没有声色犬马。
大毒枭 Blow,佩内洛普很美。我家Depp加星。
大毒枭 Blow,两个主演都是我认为最消魂的男女演员，可惜这却不是一个让人消魂的电影。男主角悲剧的一生源于母亲的自私自利。
大毒枭 Blow,"总觉得德普接的传记类影片的故事结构都有些欠缺。但是这部还是要好过公众之敌，无论是情节还是情感。
快到结尾处对父亲的告别以及对女儿的思念，让我第一次泪滴到手背上了才知道自己在哭。
好的演技大概就是这么润物细无声。"
大毒枭 Blow,感觉比战争之王差远了，比飞行家也稍逊一筹。
大毒枭 Blow,只记得结局挺悲的。Depp好像还有另一部传记片，是演银行劫匪的，这货长这么帅老给坏蛋代言太不科学了！
大毒枭 Blow,感觉就是平铺直叙，主角除了贩毒，似乎也没什么理想，整部片也看不出什么深度，就是看一个屡教不改的人如何活该。
大毒枭 Blow,看完《毒枭》后看此片，前者是供应方，后者是市场推广方，果然看到了关联的情节。本片很平庸，主题没把准，造成高潮和情绪始终起不来，但是看着一个ex-con几番沉浮难以回归社会还是颇能引人思考。最后想问一句，加州海滩上那些追求自由的人们在吞云吐雾的时候，想到过自己的行为与南美毒枭的关系吗？
大毒枭 Blow,虽然是depp的电影 不过呢 很一般
大毒枭 Blow,中年后的德普那个假肚子好可爱，哈哈。
大毒枭 Blow, Penelope Cruz 够泼辣
大毒枭 Blow,整个剧情 我很想笑 一而再再而三的被抓  德普子也很绝望阿 哈哈哈哈哈哈哈哈哈哈哈  佩内洛普也跟个疯婆子一样
大毒枭 Blow,你为有这样的爸爸感到耻辱吗，我说不，你同意吗~
大毒枭 Blow,他爸爸是亮点，伟大的父爱
大毒枭 Blow,感觉不如迈阿密风云……
大毒枭 Blow,实在不像一个毒枭，作为一个贩毒大佬，连个小弟都没有，被枪击被痛殴被背叛，能赚几千万是因为下海早？
大毒枭 Blow,妆换的够勤的
大毒枭 Blow,男主的冷森就是一个不断被出卖的故事。
大毒枭 Blow,德普表现的不错，但是这电影节奏缓慢，没耐心看下去。
大毒枭 Blow,本来是冲emma去看的，后来发现还有船长先生，哈哈，还行吧
大毒枭 Blow,挺平庸的，结尾加分。不够心狠手辣的毒枭不是个好毒枭。
大毒枭 Blow,平常无趣
大毒枭 Blow,我不是的depp的粉丝，所以没有主演加分，不过确实演的很好！片子拍的并没有那么深刻，一个青年年少轻狂追逐金钱与权力试图征服毒品世界，最后被朋友出卖。此类可以有更好的片子
大毒枭 Blow,德普在剧中的长发很范儿
大毒枭 Blow,一个屡次贩毒屡次被抓最后被老婆坑了的苦逼独白史，钱真的不真实吗？那是没得到的人的意淫，睡在钱堆里我想比谁都真实。ps人真的有可能重蹈父母的覆辙。
大毒枭 Blow,"- 以后凡是""based on a true story""的电影，都不要看了
- 没那么难看啦，帅哥"
大毒枭 Blow,老实说，不给力的翻译把我看的快睡着了
大毒枭 Blow,寡淡死了，剧情都没有高潮，跟个纪录片一样，果然是只有男生才会喜欢的电影类型么？哼哼
大毒枭 Blow,70分。所以，明年就可以出狱了哟o(｀ω´ )o
大毒枭 Blow,令人非常奇怪的是这么有看点的题材到了这几个人手里怎么会变的如此乏味，连那部美剧毒枭也是，应该会拍的很紧张刺激啊，怎么连绝命毒师都不如，而且还是各方面都不靠谱。无聊的观影
大毒枭 Blow,三星吧，depp加半星。
大毒枭 Blow,佩内洛普克鲁兹长得跟猴儿似的
大毒枭 Blow,德普這打扮也太難看了
大毒枭 Blow,还是挺帅的 女人坏事啊。。。妈怎么都是这样
大牌明星 Il divo: La spettacolare vita di Giulio Andreotti,总感觉在看江core演戏！Sorrentino并不想把这个人物说清楚，而是在一次次夜晚漫步中继续将其神秘化。某些篇章特别像政治小报上的轶闻，然而面对如此厚重的幕墙这种不恭的犬儒调戏无可指摘。请务必消费政治，至死。
大牌明星 Il divo: La spettacolare vita di Giulio Andreotti,别把普通观众都当成意大利政治史学家，这样随便你怎么玩漂亮的镜头
大牌明星 Il divo: La spettacolare vita di Giulio Andreotti,20140221jtl意大利的政治片，太多人物，太多台词，太少剧情，基本上就是关于意大利总统朱利奥•安德烈奥蒂与黑手党是否存在关系的电影，而且直到结尾也为给出答案，据说这位总理还很好的活着。由于不懂背景，看的寡淡无味，虽然摄影很棒，制作也很精良。主演还真是演政客的料，自始至终一个表情。
大牌明星 Il divo: La spettacolare vita di Giulio Andreotti,一群精彩的活人雕塑展示。剪辑太花哨构成主义的过了头了。
大牌明星 Il divo: La spettacolare vita di Giulio Andreotti,抛却形式与内容，这位政坛传奇大佬实在神似江core。不同的是，意大利如今铲除了黑手党，并且实现了民主。
大牌明星 Il divo: La spettacolare vita di Giulio Andreotti,摄影玩得像MV一样，剧情和政治挂钩，较枯燥。
大牌明星 Il divo: La spettacolare vita di Giulio Andreotti,sorrentino个人风格还是很明显。“我知道我个子不高但是… 在我身边我没看到巨人”
大牌明星 Il divo: La spettacolare vita di Giulio Andreotti,虽然看的意大利语，又是法文字幕。。。好难懂。。。
大牌明星 Il divo: La spettacolare vita di Giulio Andreotti,看得出剪得很苦，记忆的线索挺复杂的。或许剪辑的劲使大了。
大牌明星 Il divo: La spettacolare vita di Giulio Andreotti,强烈的MTV流行风，将安德烈奥蒂的个人政治传记娱乐化。安德烈奥蒂仿佛「卡通人物」+全场模仿「教父」，将意大利政坛影射为「黑帮」和「庸民集市」，镜头语言+艺术设计是最大特点，却也喧宾夺主。
大牌明星 Il divo: La spettacolare vita di Giulio Andreotti,"
怎么办？冲本片摄影的功力，可以给四星，但也只是前30分钟惊艳～"
大牌明星 Il divo: La spettacolare vita di Giulio Andreotti,看完了。它那故弄玄虚的节奏是要怎样？！
大牌明星 Il divo: La spettacolare vita di Giulio Andreotti,不了解意大利政治，看不明白，而且人名太多了。。。
大牌明星 Il divo: La spettacolare vita di Giulio Andreotti,这个索伦蒂诺很牛啊，费里尼一脉的华丽技法，摄影美术甚至化妆表演都调教得很好，赏心悦目的戏剧仪式感。可惜对这种主题一目了然的电影缺乏耐心。只能感叹意大利真是个奇葩地方，现代政治笑话的集散地，那里的电影人因此得到了直接的源源不断的灵感。
大牌明星 Il divo: La spettacolare vita di Giulio Andreotti,由于叙事背景的缺乏和表现手法的跳脱，套用一句台词来描述该片就是：“情况有点复杂。”好在风格上非常现代，反讽又不落窠臼。
大牌明星 Il divo: La spettacolare vita di Giulio Andreotti,"政治家嘛手段跟嘴脸都差不多,越杰出越丑恶基本是一定的. 丑恶是他们的通行证/升迁电梯以及生存之道.想找出一个干净的政治家简直比找只白乌鸦还不切实际.所以每每看着某宝饭感觉有点恶."
大牌明星 Il divo: La spettacolare vita di Giulio Andreotti,3.5 教科书级的人物塑造，非常失败的过度配乐。
大牌明星 Il divo: La spettacolare vita di Giulio Andreotti,背景不清，没看明白
大牌明星 Il divo: La spettacolare vita di Giulio Andreotti,权力、冷酷、孤独
大牌明星 Il divo: La spettacolare vita di Giulio Andreotti,我居然有在看宫廷片的感觉.音乐恰到好处.
大牌明星 Il divo: La spettacolare vita di Giulio Andreotti,对此片背景一无所知，像在看没字幕的，但配乐实在是棒
大牌明星 Il divo: La spettacolare vita di Giulio Andreotti,看了感觉政治好黑暗，拍摄场景就特别黑暗。那个七任意大利总理完全面无表情像是僵尸一样
大牌明星 Il divo: La spettacolare vita di Giulio Andreotti,#SIFF2019# 2019.06.21 18:30 衡山一厅 十分硬核的意大利政治传记片，靠花哨的运镜和剪辑才挽回一些趣味。
大牌明星 Il divo: La spettacolare vita di Giulio Andreotti,特别的处理手法
大牌明星 Il divo: La spettacolare vita di Giulio Andreotti,始终吃不住政治类
大牌明星 Il divo: La spettacolare vita di Giulio Andreotti,很幽默的呈现
大牌明星 Il divo: La spettacolare vita di Giulio Andreotti,看这类人物传记的片子，没有对当时社会背景的认识，看起来会很累，也会很困。因为通篇全是意大利语，多么痛苦的观影过程可以想象了。这个被称为当代凯撒的前意大利总理现在还活着。
大牌明星 Il divo: La spettacolare vita di Giulio Andreotti,太深的历史背景，没看明白
大牌明星 Il divo: La spettacolare vita di Giulio Andreotti,优点是特别电影化，不过好像也就这样了，看完这部觉着Sorrentino也属于过誉系列的。
大牌明星 Il divo: La spettacolare vita di Giulio Andreotti,3.5星。人物众多，台词密集，历史凝重。导演的技法华丽，配乐也各种出其不意的绝妙，但真的是… 缺乏故事性。大量面部特写镜头在LUXE巨幕厅的观影感受一言难尽。
大牌明星 Il divo: La spettacolare vita di Giulio Andreotti,炫技帝又来了...
大牌明星 Il divo: La spettacolare vita di Giulio Andreotti,加长版广告大片
大牌明星 Il divo: La spettacolare vita di Giulio Andreotti,三星半 整部电影给人的感觉其实挺不错的，形式上、音乐上有点儿意思，只是内容太政治了，太多不清楚……
大牌明星 Il divo: La spettacolare vita di Giulio Andreotti,跟后面的绝美之城和年轻气盛相比，这部早期作品真的太平庸了，中规中矩。
大牌明星 Il divo: La spettacolare vita di Giulio Andreotti,很疑惑翻译是不是有问题，许多地方没看懂，电影是不是旨在表现主人公的性格特点？
大牌明星 Il divo: La spettacolare vita di Giulio Andreotti,"满屏老狐狸精最厉害的是僵尸脸那个,TS要演成精了。有教父般的黑手党火拼暗杀，也有不时冷幽默的政治讽刺，最终走向惯常的人物传记就不很振奋了。"
大牌明星 Il divo: La spettacolare vita di Giulio Andreotti,不结合事件背景看不懂。
大牌明星 Il divo: La spettacolare vita di Giulio Andreotti,又是老男人的危机感。女人缺席，零度表演，制作精致。
大牌明星 Il divo: La spettacolare vita di Giulio Andreotti,好高的观影门槛，信息量太大一头雾水。大段的对话让人头疼，每次镜头运动起来就犹如一道强心针。看起来是群像描摹，到头来还是完全的主观视角。
大牌明星 Il divo: La spettacolare vita di Giulio Andreotti,这个意大利人看应该更合适。。
大牌明星 Il divo: La spettacolare vita di Giulio Andreotti,或许需要太多背景吧，不过演员和调度都是一流的。
大牌明星 Il divo: La spettacolare vita di Giulio Andreotti,政治片很过瘾，也很精致，就是人名太多没太懂
大牌明星 Il divo: La spettacolare vita di Giulio Andreotti,沉闷，看不懂，昏昏欲睡
大牌明星 Il divo: La spettacolare vita di Giulio Andreotti,索伦蒂诺不玩动作片也是可惜，花里胡哨的剪辑与游走其中的配乐，各式人名大轰炸，对本来就不挨政治的我只得哎呀呀了。
大牌明星 Il divo: La spettacolare vita di Giulio Andreotti,7.0/10。索伦蒂诺黑色冷幽默+炫酷文艺腔，可惜这种风格的话痨片即便有神来之笔看久了后也会觉得无聊。
大牌明星 Il divo: La spettacolare vita di Giulio Andreotti,意大利政治人的成熟程度真是可见一斑！国朝官员为止汗颜。
大牌明星 Il divo: La spettacolare vita di Giulio Andreotti,对政治背景不了解看起来很吃力的。
大牌明星 Il divo: La spettacolare vita di Giulio Andreotti,对文化、政治以及社会背景的不熟悉影响了对片子的理解，但仍觉得是部不错的片子。玩儿镜头的方式极好地表达了讽刺的意味。联想起意大利足球和贝卢斯科尼同志，感受奇妙……
大牌明星 Il divo: La spettacolare vita di Giulio Andreotti,这种政治题材的电影，拍出来就是一种胜利！看来意大利的政治果然够黑幕啊，就像教父里说的，政治和犯罪是一回事。由安德烈奥蒂又想到我大天朝，算了不说了……
大牌明星 Il divo: La spettacolare vita di Giulio Andreotti,我看的版本翻译很差，不知所云
大牌明星 Il divo: La spettacolare vita di Giulio Andreotti,摄影完美，特效字幕完美，虽然完全看不懂剧情
大牌明星 Il divo: La spettacolare vita di Giulio Andreotti,不懂意大利政治历史，不能一边翻着维基百科，还是在电影院看着英文字幕，我表示看的一知半解很吃力
大牌明星 Il divo: La spettacolare vita di Giulio Andreotti,　影片讲述了七任意大利总统朱利奥·安德烈奥蒂(Giulio Andreotti)的故事，他被控与黑手党有联系，但是他最终被判无罪，因为审判涉及行为已超出追诉期限。
大牌明星 Il divo: La spettacolare vita di Giulio Andreotti,估计是为了让观众更清楚来龙去脉 前半段拍的拖沓了点
大牌明星 Il divo: La spettacolare vita di Giulio Andreotti,看完绝美之城来的，人物关系太复杂，看的很累，镜头语言一如既往。
大牌明星 Il divo: La spettacolare vita di Giulio Andreotti,我承认我快进了
大牌明星 Il divo: La spettacolare vita di Giulio Andreotti,保罗索伦蒂诺是真的爱意大利，就像王家卫是真的爱过去的香港，贾木许是真的爱美国南部一样。
大牌明星 Il divo: La spettacolare vita di Giulio Andreotti,还是没看完....对不住这种历史片
大牌明星 Il divo: La spettacolare vita di Giulio Andreotti,我觉得这是一个MV。
大牌明星 Il divo: La spettacolare vita di Giulio Andreotti,索伦蒂诺往后也常用的技巧。他真的很爱用音乐烘托，但是这部用的有点过滥。
大眼睛 Big Eyes,女性主义议题被放置在一个“被压抑者逆袭”的框架下讲，最后真相大白自然大快人心，但中间的起承转合对人物，尤其是女性的心理刻画实在粗糙。尽管服装布景精致，但整部电影就好像“大眼睛”本身一样，透露着机械复制时代艺术品的廉价感。AA演技还是不行，Waltz太过火。还有，旁白那条线太多余。
大眼睛 Big Eyes,3.0。1.把眼睛画那么大，只是想看到更多的世界，哪怕多一点点。2.这次，蒂姆·波顿抛开暗黑系，玩起鲜亮艳丽风，可惜故事之外的追求太少。3.超市大眼睛幻想是全片最动人一幕。
大眼睛 Big Eyes,女画家被丈夫冒名多年最后对簿公堂，结果故事就在女主走出法庭的那一刻老老实实地结束了，so what?作为传记片仅仅是及格，有情节没情怀。倒是势利虚伪的art world让人呵呵了一把。PS大眼睛画作太平庸了。
大眼睛 Big Eyes,这位男主演可以毁掉所有戏。
大眼睛 Big Eyes,充满女性主义风格的传记片，色彩明艳，女主角的演出饱满动人。男主角的演出则是用力过度，故事讲述也太过平淡。
大眼睛 Big Eyes,Waltz叔没了胡子后还真不敢相认，说好的女权觉醒呢？每幅画都画那么大眼睛也是蛮丧病的呀～～～
大眼睛 Big Eyes,影片后面渐渐变得没有活力，看着大眼孩子的绘画有点不舒服(ノдヽ)
大眼睛 Big Eyes,拍成纪录片，分数就飙上去了
大眼睛 Big Eyes,好喜欢主题歌现在脑子一空就开始big eyes~~big eyes ~~被彻底迷倒，还有AA。打雷姐唱主题歌的片就我所看的几部一般都是些金玉其外败絮其中的电影。/5.7/
大眼睛 Big Eyes,不像伯顿的伯顿电影
大眼睛 Big Eyes,故事完全可以是暗黑童話的款，但被拍得特別無趣，不能和愛德華比啊~趕腳導演重點都是給兩位主角秀演技的，但法庭那場還是太誇張到譁衆取寵的地步。不過真心對真實人物和故事感興趣。
大眼睛 Big Eyes,女权
大眼睛 Big Eyes,Tim Burton离婚后失败的另开生面，导演的特色就是把片子拍得很童话。一切都十分平淡无奇，walt叔的渣男真是让我无法入眼。打雷的主题曲也不好听。算是女权觉醒的部分看着比较舒服
大眼睛 Big Eyes,波頓這次挑戰的題材，是被反社會人格配偶綁架的畫家。全片高度飽和的色彩配上卡通化的劇情，淺顯易懂，顯得旁白多餘。
大眼睛 Big Eyes,略带柔光感的色彩设计就已带有相当的绘画质感，略微减绿的粉蓝感主色调设计也是蒂姆波顿偏爱的个人色彩风格。不过故事方面显得比较平铺直叙，对人物心理探讨的深度不够，女画家为何长期隐忍抄袭且不愿见人的性格根源缺乏较有说服力的点睛情节。到尾声丈夫在法庭上的自毁长城更像一出过于丑角化的闹剧
大眼睛 Big Eyes,蒂姆伯顿真是拍什么都有暗黑童话气质，感觉穿着60年代蓬蓬裙点女性角色随时会掏刀子。
大眼睛 Big Eyes,三星半。
大眼睛 Big Eyes,"这样一个一句话讲清楚、十句话能细节化的故事靠Waltz浮夸的表演和Amy看不懂路数的表演硬拉了100分钟，也是不大容易。我当然喜欢Amy, 也有一定女性主义价值，但真的就乏善可陈。拉拉打雷歌不错，一贯的丧。"
大眼睛 Big Eyes,明朗艳丽的风景讲述一个爱画画的女人自强不息的故事，沃尔兹真的全身都是戏呀。可惜，开始坚定的主题到后面有点闪烁不定，结尾更是太过潦草
大眼睛 Big Eyes,故事不错 但是说不清楚 一般好看
大眼睛 Big Eyes,6.1 最动人的地方是超市里面的“大眼睛”，沃尔茨的简直是灾难级的表现。
大眼睛 Big Eyes,迷人的色彩，明媚而鲜艳，犹如万花筒一般，细腻而迷人。情感的铺垫显得太过薄弱，人物也略显单薄，故事转折也缺乏铺垫，谎言所编织出来的幸福，犹如空中楼阁，却一点一点被贪婪和野心所吞噬，真正的艺术是发自内心，无法欺骗。AA出彩，Waltz过头，感觉不在一个频率上。
大眼睛 Big Eyes,冲着波顿来的，但其实非常不波顿，蛮平淡的
大眼睛 Big Eyes,可以从女性地位的角度来解读，也可以单纯从一个知识产权案件的角度来看，是个意义大于剧情的片子，但确实令人失望的是对于女主心态的转变刻画太粗糙，对于Tim Burton而已是其一个平庸之作。
大眼睛 Big Eyes,這是波頓的電影裏我最喜歡的，感覺他以前總是飄在天上，這一次終於落地了。騙子的行跡有說服力，兩個演員表演無可挑剔。
大眼睛 Big Eyes,无论如何，故事还是挺好看的。
大眼睛 Big Eyes,就算有女神分分钟提神，但不觉得故事笔笔直的通到结局有点意犹未尽嘛
大眼睛 Big Eyes,鲜亮明快的色调，特别不像波顿风格，从压抑到反抗，女权主义的胜利。
大眼睛 Big Eyes,故事流暢但不動人，男主角演得極之出色。
大眼睛 Big Eyes,Waltz演什么像什么
大眼睛 Big Eyes,女主角出彩，有些桥段没懂，也是靠丈夫的成名，相煎何太急
大眼睛 Big Eyes,KK演的有些过于拘谨了，完全不像tim的风格，拍纪录片有点违和
大眼睛 Big Eyes,Art is personal.
大眼睛 Big Eyes,蒂姆伯顿不诡异就得个标准分。
大眼睛 Big Eyes,因为一副真人真事的既定框架，伯顿有些暴露出叙事的空洞与流质。用讲述童话故事的口吻铺展历史事件，再把过往的重锤集中落至女性命运，他极力压抑的魔幻色彩与哥特风格，还是能在一些细微处亮出头角，这也是我最喜欢的地方。鲜亮有余，回响不足。艾米还是很美，恰合文艺佳人的气质。
大眼睛 Big Eyes,JL856
大眼睛 Big Eyes,基于真实事件。艾米亚当斯蓝眼睛配金头发实在太美了。耐人寻味的是赎罪小屋里的教父跟玛格丽特说的是，男人是一家之主你要配合他的谎言，而后来跟玛格丽特传教的两位女士以及她们的教会支持她站出来起诉丈夫。两拨人是不同的性别，也代表了她心境的不同时期。胜利的前提，是女性自身意识的觉醒。
大眼睛 Big Eyes,電影院
大眼睛 Big Eyes,又一个关于画画的故事。
大眼睛 Big Eyes,比较平淡。
大眼睛 Big Eyes,题材很好，开头也不错，可惜蒂姆却给了个糟糕的结尾。
大眼睛 Big Eyes,看到母女握手的三幕，突然感触好大，可怜之人必有可恨之处。
大眼睛 Big Eyes,真不敢相信这么淡而无味的电影是蒂姆·波顿拍出来的。
大眼睛 Big Eyes,暗黑系图画正好配上蒂姆波顿，Waltz的无赖淋漓尽致。沉默的艺术家和天才推销员，故事很简单。
大眼睛 Big Eyes,只想说没有Walter，谁能知道大眼睛呢？真画家与假画家，幕后作画与投机销售天才。克里斯托弗·沃尔兹从头至尾的入戏和滑稽表演。蒂姆伯顿在这样喜剧非魔幻的故事中，还是加上了一个眼睛与锁扣的惊悚镜头。整个故事太偏娱乐，尤其是法庭戏，瓦尔兹演疯了。人物塑造不丰富，Walter至尾的扁平化滑稽小丑。
大眼睛 Big Eyes,6.5/10.看完倍感唏嘘，好像蒂姆波顿的伎俩只剩下艺术指导一样。电影的中心——婚姻关系反倒是电影表达得最弱最差强人意的地方，两人的关系变化因两位脸谱式的演技也显得格外单薄且粗糙.AA的角色对她来说难了一点，瓦叔不太适合这张外放式的角色，还是内敛式表演能表现他的演技。总体还是略失望的。
大眼睛 Big Eyes,my雷的插曲真是恰到好处
大眼睛 Big Eyes,跳着看的。
大眼睛 Big Eyes,不再是伯顿的风格，just so so
大眼睛 Big Eyes,艾米要夸赞
大眼睛 Big Eyes,我很喜欢大眼睛画作啊
大眼睛 Big Eyes,"马戏团婊说他房间也挂着大眼睛的海报, 所以睡觉前先赶紧看一下这个."
大眼睛 Big Eyes,蒂姆波顿的片子，路线不太一样嘛。
大眼睛 Big Eyes,男女主角表现都非常好，故事本身真实但缺乏故事性，整体感觉很一般
大眼睛 Big Eyes,我只想看美美的旧金山
大眼睛 Big Eyes,waltz这个角色也忒搞笑了...作为真实事件还蛮传奇的
大眼睛 Big Eyes,如果男主人公真实的存在这世界上，我看早改进神经病院了，波顿毫无自我风格的一部电影，这样的剧本能让人看下去很平庸，想表达某种女权，为什么非要找一个在丈夫下面控制了十年最后离家出走的角色。
大眼睛 Big Eyes,Amy Adams 演技超级棒。剧情嘛，总之就是cliched。不如其他的Tim Burton. 哈哈。
大眼睛 Big Eyes,普通得令人发指。
大眼睛 Big Eyes,挺一般的，男主演技浮夸啊这次，不像导演雨原来风格了
大而不倒 Too Big to Fail,鲍尔森负责忽悠，伯南克负责恐吓，盖特纳负责扯皮条
大而不倒 Too Big to Fail,前半段边看边wiki，后半段想起在法国的最后时间，金融危机对我这类小平民的影响。群星演绎非常精彩，但有给鲍尔森洗脱嫌疑，不知老鲍有没有投钱，四星降一。
大而不倒 Too Big to Fail,金融超级英雄主旋律电影。
大而不倒 Too Big to Fail, 光看字幕也有点晕。。需要研究下
大而不倒 Too Big to Fail,★★★了解09年那场经济危机本质的最好电影。气氛营造很到位。
大而不倒 Too Big to Fail,"too Big to fail? shame on you, all of you!"
大而不倒 Too Big to Fail,7/10。这也许是一部仅供金融业内人士讨论的电影，因为它绝不好看，很少观众会忍受一堆人念叨自己一窍不通的专业术语，没能理解人物的性格和利益关系，跟不上剧情的悬念和重要桥段，不知道主角的想法，就进不了他们的心理困境。不过节奏沉稳气氛浓重，这类题材高潮不是群戏撕逼怒哄实为难得，太高冷了。
大而不倒 Too Big to Fail,"可惜不懂金融, 全看热闹了. "
大而不倒 Too Big to Fail,次贷危机和监守自盗属一类。美国人实在太狂了泡沫经济了都还来个too big to fail。华尔街的大亨都是主宰世界风云者啊。没细看对该题材不是很感兴趣。
大而不倒 Too Big to Fail,我不是很懂那些专业知识，但是看着这种疯狂的节奏和他们崩溃的行为还是很过瘾
大而不倒 Too Big to Fail,对白太多了，字幕闪地眼都花了，比 inside job 难看懂些，得全神贯注地看。
大而不倒 Too Big to Fail,这就是同名新闻报道的影视配套版，难以独立成片。
大而不倒 Too Big to Fail,这是给汉克·保尔森洗白吗？感觉不像纪录片，更像故事片。片子开头的时候信息量太大，金融白痴表示头晕眼花。
大而不倒 Too Big to Fail,以假乱真的剧情片，揭示金融危机内幕以及纷乱的利益关系，剧作沉稳扎实。不过对于财经门外汉来讲还是指向性太强了点，专业术语太多消化有碍啊。
大而不倒 Too Big to Fail,恰巧是在雷曼兄弟破产5周年纪念日看这部，只能说上帝安排的。
大而不倒 Too Big to Fail,在“占领华尔街”抗议活动进行得如火如荼的时候，看此片感觉更为莫测难懂。仅仅几个人就决定了全美金融市场，甚至是全球金融市场的命运，更让人觉得大众的无奈。哦，Monk的龙套哦~
大而不倒 Too Big to Fail,金融界的滑铁卢
大而不倒 Too Big to Fail,看这么多词汇实在有些啃不动。从财政部长个人视角出发的想法不错，尾声的回应不够强烈。故事片中的纪录片。
大而不倒 Too Big to Fail,"半紀錄片, 不過當年美國財長真是如此? 是否美化了美國政府的處理方法? "
大而不倒 Too Big to Fail,要是09年或者10年能看到这个片，我肯定会热血沸腾的喊牛片；可是这一年看着Wall Street的扯皮我都烦了......伯南克气场就那么弱么......那些负责人们就都这么帅啊......
大而不倒 Too Big to Fail,拖垮世界的方法很多，但拖垮世界的人都只是为了自身利益这种烂理想
大而不倒 Too Big to Fail,一个个西装革履
大而不倒 Too Big to Fail,快逃往美帝吧
大而不倒 Too Big to Fail,with sky
大而不倒 Too Big to Fail,催眠。
大而不倒 Too Big to Fail,not my type
大而不倒 Too Big to Fail,相比《利益风暴》《大空头》，本片显得略微松散，且看起来像美国监管的诉苦和公关。另外伯南克被黑好惨。
大而不倒 Too Big to Fail,看得似懂非懂，挺可悲的~
大而不倒 Too Big to Fail,既然金融危机最终解决方案是财政给民营银行注资，那对于国有控股的中国金融体系来说，什么才是真正的金融危机？
大而不倒 Too Big to Fail,影片很跳跃，看过书才知道来龙去脉
大而不倒 Too Big to Fail,先看的原著，再看电影，体会到了改编之难。电影和原著要当独立的两个作品来看。如果一定要比较，我觉得原著比电影好看。电影还是仓促了，来不及层层铺垫。
大而不倒 Too Big to Fail,可以作为一部科普片，可惜受电影时限的影响，片子只是像流水帐一样讲了一下过程而已。
大而不倒 Too Big to Fail,主旋律纪录片。。。无聊
大而不倒 Too Big to Fail,对这类片子很难入戏，能看完也不容易，但是越到后面越容易看进去
大而不倒 Too Big to Fail,看得稀里糊涂
大而不倒 Too Big to Fail,暂时看不懂
大而不倒 Too Big to Fail,练练金融英语还是不错的
大而不倒 Too Big to Fail,团队作战被拍成了个人英雄主义，果然很有美国特色。盖特纳好帅呀，我要变迷妹啦。幸好伯南克没看本片，不然要被气死。嗯，还是喝燕麦粥吧。
大而不倒 Too Big to Fail,还是挺drama的虽然改自非虚构类原著……对paulson的确美化……
大而不倒 Too Big to Fail,其实没有纪录片那么讲得明白
大而不倒 Too Big to Fail,剧本本身不错。但电影本身一般。
大而不倒 Too Big to Fail,"经济学无力… …高密度的专业术语连续轰炸和飙台词in a high fucking speed让我都惊奇自己竟然能忍着看完……倒是人物心理刻画很独到,气场真有种too big to fail的感觉~"
大而不倒 Too Big to Fail,专业术语密集，情节跌宕~~~评论一下跑龙套的巴菲特扮演者好了，真人没那么显胖显老吧
大而不倒 Too Big to Fail,不明觉厉，米兰达可爱。
大而不倒 Too Big to Fail,果真如此吗？
大而不倒 Too Big to Fail,大而不倒，大而不能倒；没有一劳永逸的终极真理，只有不断调整，让失衡不至倾覆。读原著小说前先看电影打个底。
大而不倒 Too Big to Fail,感觉看不懂
大而不倒 Too Big to Fail,美林釜底抽薪，AIG too big to fail，雷曼就是个倒霉蛋
大而不倒 Too Big to Fail,所有人都在扯皮天啊
大而不倒 Too Big to Fail,虽不够专业，但是剧情编排没话说。 问题讲的明白
大而不倒 Too Big to Fail,和书比，电影剧情太简单
大而不倒 Too Big to Fail,还能这样拍。。。
大而不倒 Too Big to Fail,在A股崩盘后回顾了2008年的那场金融浩劫。
大而不倒 Too Big to Fail,　看完了，其实什么都没说，认识了一圈wallstreet大佬，普及了次贷，讨好了共和党，也没开罪paulson。【ZZ 神评论。】
大而不倒 Too Big to Fail,雷曼的CEO竟然叫Dick？
大而不倒 Too Big to Fail,"我不是学金融的，有很多唬人概念，比如驻美大使向美财长吹风苏俄想和偶们联手桶你丫菊花，揣万亿P民血汗的大圈老总在华尔街头志明与春娇啊
蒙克有爱啊，扮演巴菲特的像天林叔啊～果断是美政金界神一样的存在啊
当纪录片留着，可以有，至少比百度百科强啊"
大而不倒 Too Big to Fail,老实说，这类题材不太适合拍成大众观看的剧情片，除非拍成本片这样：「鲍尔森拯救世界」。
大而不倒 Too Big to Fail,充分突出了美财长，美联储主席，在金融危机发生后，为了维护美帝资本主义政权稳定，为了陷入水深火热人民，殚精竭虑，四处奔走，不被理解，为万民而一跪的高大形象。。。
大而不倒 Too Big to Fail,这不算纪录片，就像《三国演义》不能算史实。不过至少导演讲清楚了他眼中的金融危机是怎样发生的。
大而不倒 Too Big to Fail,尔虞我诈，老奸巨猾，都不是什么好鸟
大门 The Doors,有点失望，传记果然还是不好拍，要不就是被琐碎的片段组乱叙事，要不就是难以抓住人物内心
大门 The Doors,他是命里赴死的人，平常人妳为何也随他而去了。妳说妳爱生活但你难道不也憧憬黑暗？疯癫与文明。骨肉皮和其他西方世界摇滚乐毒品酒精性爱狂乱的头昏昏追随者。他恨他的父亲，电影却没指明原因，多少显得不自然和矫情。电影拍的不错，音乐不错，可惜我不嗑药我觉得可笑。你的诗性，让我每每内心发笑。
大门 The Doors,满怀期待的打开这部大门的传记片，但是看完后大失所望，剧情太过着重乐队有争议的一面，整个过程似乎就是吉姆的自我毁灭过程。奥利弗斯通把吉姆莫里森塑造成一个自负、愤怒、敏感、反政府、蔑视一切的二逼不说，对于几场演唱会的再现也没有任何积极的画面，看完之后唯有那曲light my fire萦绕耳边。
大门 The Doors,熟脸太多真不好，看着梅姨和Hodge大叔，情绪怎么也放不进去。歌是歌，人是人。吸毒酗酒乱性伴随摇滚乐任何乐手演员showbiz乃至整个人类，60年代的“飞”建立在毒品和各种异教上，大事件太多，年轻人嗨了疯了傻了操操操，各种混乱各种放纵各种浪费各种心理不健全，反正操死自己就完事了
大门 The Doors,这片儿虽然拍得傻了吧唧的，但是基本上和Morrison相似，更何况导演加分，MichaelMadson加分，Meg Ryan更加分……
大门 The Doors,除了OST和年轻的val Kimmer以外，剩下的完全不能融入，拍的太散了。。。是不是传记片都拍成这样才牛逼，那个bob dylan的I am not there也是这种特别晕乎的结构。。。不过Val的演技真不是一般的好啊！您快回来吧~
大门 The Doors,看了快3个月了。。。。能看下去，是因为Morrison是当初爱过的男人。。。。
大门 The Doors,说实话我根本没看完，因为实在没办法把那个演员想成Jim Morrison，所以看了一半实在进入不了状况，跑去听the Doors的唱片了。等我有那个耐性了再看吧……
大门 The Doors,68/100。只有表面没有内在，想通过此片了解一下Jim Morrison的内心世界基本没戏。全是支离破碎和片段，没有人物内心的变化。最后死得太突兀了吧。
大门 The Doors,每次看摇滚传记片都是一段自我毁灭之路。当然原声都是超赞的！
大门 The Doors,本质就是一MV电影....可惜因为电波不合....每一首歌的响起对我来说都是一种折磨....唯独三十路版的Kathleen Quinlan是萌点.....唉呦呦....无论过去与现在..甚至是未来.....这女人怎么就能这么美呢.....捶地啊......
大门 The Doors,全程摇滚迷幻风格MV，人物塑造什么的统统位居次席。多次出现的印第安人为何意，代表原始和不羁？
大门 The Doors,一个摇滚歌手的经历，从大红大紫到酒醉金迷，迷失了自己，走向死亡，也许这影片对摇滚乐迷来说不一般
大门 The Doors,作为Jim & Pam的迷妹这部电影有些让我失望.....对于Jim的描写太过潦草和负面化。方基默演得很浮夸，梅根也不符合我心中Pam的形象。听到熟悉的音乐想到那些美好的记忆，唉说多了都是泪。
大门 The Doors,大爱大门，OliverStone 演得凑合...
大门 The Doors,一直在下雨，从rider on the storm开始。
大门 The Doors,Val Kilmer ~海报很cool~
大门 The Doors,"是心情不配合的原因也是网路太慢的原因
暂停播放暂停播放花了两天把他看完
所以没有太多感想
只是男主角应该演的不错也很相像"
大门 The Doors,简直是杂乱的Cosplay啊！NICO有那么俗吗？RAY有那么傻吗？
大门 The Doors,相对于The Doors和Jim Morrison的传奇本身，电影太苍白了。
大门 The Doors,C+
大门 The Doors,...
大门 The Doors,快进 sorry
大门 The Doors,很大门，不电影。
大门 The Doors,天才都是神经病
大门 The Doors,传记不好拍，尤其拍一个天才的传记，所有的解析都显得苍白。这个我六年级的时候因为那张像狮子般的照片而喜欢上的吉姆莫里森，摇滚天才，疯子，瘾君子，27岁选择以死亡结束传奇，他更希望大家称他为诗人。
大门 The Doors,相当不喜欢
大门 The Doors,一代音乐天才的成功和失败
大门 The Doors,真实~
大门 The Doors,电影语言有点意思，可以拉一下
大门 The Doors,Jim Morrison的自我毁灭。
大门 The Doors,这片如果不了解大门乐队那么只有方金墨还能看。。
大门 The Doors,魔幻色彩
大门 The Doors,看起来有点小尴尬呢
大门 The Doors,好吧，迷幻......
大门 The Doors,失望，看在把场景还原得还挺好的份儿上给三星
大门 The Doors,充满伤心的回忆
大门 The Doors,我得承认吉姆和他的故事确实让我略感不适，但无论如何每个人都有权利选择他想要的生活
大门 The Doors,木有逻辑啊啊啊....
大门 The Doors,不喜欢奥利弗斯通 嗯
大门 The Doors,大门的音乐成了推动剧情的唯一动力？？
大门 The Doors,本片讲述了1960年代美国迷幻摇滚代表乐队——大门乐队的灵魂主唱吉姆·莫里森从成名到自我毁灭的一生。
大门 The Doors,喜欢迷幻的可以看看
大门 The Doors,假
大门 The Doors,歌不错 其他一般
大门 The Doors,也许在观看任何一部传记片之前首先要做的就是忘掉真实。
大门 The Doors,当时不很明白
大门 The Doors,作为电影，比较失败
大门 The Doors,我爱的是William Blake
大门 The Doors,我是来听歌的
大门 The Doors,那就疯吧
大门 The Doors,他的世界我不懂……
大门 The Doors,30%的满分是给斯通的还是给jim的？？
大门 The Doors,压抑到不行。。。
大门 The Doors,无字幕版的，英语渣渣竟然看懂了。
大门 The Doors,Meg真是甜心
大门 The Doors,3.5
大门 The Doors,有点失望，与其说片名叫大门，不如叫吉姆·莫里森。
大门 The Doors,音乐真的很恰如其分的体现，不过迷幻摇滚么离不开嗑药
大门 The Doors,在书店
天与地,1.刘德华在这部电影很拼命，俞飞鸿很美，刘松仁把坏人演得很出色；2.充满悲剧色彩的年代，无论是火车上的殒命还是戏院里的大屠杀，如此黯然，令人神伤。
天与地,视频网站里有个视频的标题为《刘德华的这部电影没火，但是两首歌却红遍大江南北》讲得还是挺有道理，剧情之间过度得太快，导致情感渲染得也不是很到位。
天与地,"“对不起。你生不逢时。”
天地虽大，竟容不下一个理想主义者。为仍遭人嫉恨的华仔和他曾经的梦想之舟天幕电影公司难过。"
天与地,陈少霞出道第一部片，演刘德华老婆，在旋转门被打死后老刘抱着她边哭边跑那段印象还挺深刻。那首歌叫《纠缠》。
天与地,他的朋友搭檔妻子，一個個全部死去。我以為犧牲了這麼多人，最後至少換回他存活的機會，誰知連這個機會都沒有。
天与地,这部电影最出人意料的还是结尾，张一鹏铲除了上海的贩毒势力，却死在了自己人手里，火车上他睁大的双眼，意外的表情，成为了一个定格，最悲怆的不是他，而是那个时代。“对不起，你生不逢时”，我依然记得这句台词。
天与地,76/100：理想被社会碾碎后还要被社会补上一刀的悲剧。
天与地,除了主角外，演得都不错。很多bug，补刀美
天与地,生不逢时？谁又生而逢时了呢？
天与地,从主角角度出发的话，感觉就像是《黑金》民国版，不过拍得差多了，尤其是少了梁家辉李立群那样有分量的角色来镇住全片。
天与地,90年代的片子有些拍得好悲情啊，不过很适合那个时代，女人都惨死了，生不逢时的英雄最后也死了，是个非常残酷的结局啊！剧院杀人有点夸张，三人灭毒窝也有点夸张，孤胆英雄，俞飞鸿用筷子插耳朵也可以自杀，刘德华年轻时真帅，有魅力，演警察一绝。乱世英雄死光光啊！没有希望
天与地,2017年7月15日19:15:30，偶尔也听过一些影评里提到这个片子，却原来是民国时期上海滩扫毒的故事，那种年代，乌烟瘴气之下一身正气的做这种事情，确实孤胆英雄，令人唏嘘。然而人活一世，也许是真需要点这种追求。陈少霞还是笑傲江湖里小师妹的感觉，笑的很真诚，很亲切
天与地,天幕电影公司亏损的开始，其实影片还是不错的，可能是故事不够吸引观众，如果放在如今，只要大肆宣传，找点噱头，再加上大阵容，什么烂片都可以糊弄大家去看的。。。
天与地,枪战中坏人死掉无数个 英雄总能奇葩的站起来 没有最后那一分钟最多只能两颗星
天与地,★★★ 歌曲一流，电影一般
天与地,结尾的枪战太扯淡了。
天与地,有日月朝暮悬，有鬼神掌着生死权。天地也只合把清浊分辨，可怎生糊突了盗跖颜渊：为善的受贫穷更命短，造恶的享富贵又寿延。天地也，做得个怕硬欺软，却元来也这般顺水推船。地也，你不分好歹何为地。天也，你错勘贤愚枉做天！哎，只落得两泪涟涟。3.5
天与地,"看 义胆雄心 The Untouchables二十多分钟 
突然发现原来这部天与地竟然是翻拍它的"
天与地,曾经年少爱追梦，一心只想往前飞，结果不死也是残废。太黑暗了，几个人的力量是改变不了体制和权威的，敢于与恶势力作斗争的朋友们全都生不逢时，然而这个“时”永远不会来。
天与地,"曾经年少爱追梦,一心只想往前飞.可惜生不逢时"
天与地,剧情太惨了。。。
天与地,生不逢时。
天与地,这种时代背景的普遍不喜欢
天与地,典型的港式电影结尾。
天与地,我就记得他们死的都好惨啊
天与地,片子挺没意思的
天与地,对不起，你生不逢时
天与地,生不逢时，适者生存，人间正道，沧海桑田
天与地,看的国语版，配音和配乐可真够迷的...
天与地,是讽刺社会。
天与地,对不起，你生不逢时
天与地,最后的结局，社会！
天与地,没看完，没太大耐心了，书生意气。
天与地,又是调查局探员……
天与地,很悲情的一部电影，诚意之作。
天与地,永远的生不逢时，那何时是逢时呢？
天与地,对不起，你生不逢时……
天与地,壮志未酬
天与地,吴倩莲真好看
天与地,结尾不错
天与地,60
天与地,正面人物有勇无谋+高大全，减三星。一个人的正义最终无力改变大环境的现实感，加一星。
天与地,时代。
天与地,华仔千偏一律的脸看不烦吗？
天与地,？？？
天与地,英雄主义的电影，拍得有些流水账了。很喜欢俞飞鸿。
天与地,3.0
天与地,比较幼稚！
天与地,刘德华颜值巅峰，不过俞飞鸿更惊艳。
天与地,还行
天与地,麻麻地
天与地,忘情水～
天与地,当时的俞飞鸿真是漂亮
天与地,结局好评
天与地,怀疑女主角是个喜欢编造过往的骗子
天与地,腐败土壤开不了理想之花
天与地,怀旧，幼稚的电影
天与地,伤感
天与地,好看
天与地,"看過很久仍舊印象深刻的片子。他的朋友搭檔妻子，一個個全部死去。我以為犧牲了這麼多人，最後至少換回他存活的機會，誰知連這個機會都沒有。 
"
天使与我同桌 An Angel at My Table,拍的不错的流水账。对应的自传有台版译本《島國天使》《伏案天使》《鏡幻天使》，从摘抄看文笔确实很诗意，倒不如直接看书
天使与我同桌 An Angel at My Table,细密绵长，困苦疼痛，女作家传记，简·坎皮恩的女性诗情。那一头火红的蓬松短发。
天使与我同桌 An Angel at My Table,没字幕，权当练听力了，谢谢ex
天使与我同桌 An Angel at My Table,作家，这世上最为独孤的职业之一。女主角敏感脆弱。158分钟叙述她平凡而孤独的一生却让人很压抑。
天使与我同桌 An Angel at My Table,简·坎皮恩第二部长片，画面依旧出色，还是偏个人化偏文艺。影片讲述了一个女作家的成长过程，脆弱敏感的内心，大量内心独白，很安静的电影，三个女演员分别饰演三个时期的女主角，诠释到位，感觉剪辑有些问题，导致影片的节奏很“跳”，摇臂拍摄收尾...
天使与我同桌 An Angel at My Table,三星半。悲剧。暗色调。
天使与我同桌 An Angel at My Table,文艺女青年成长史
天使与我同桌 An Angel at My Table,介于半疯半清醒状态 故事有点冗长 精神病院算是高潮吗？
天使与我同桌 An Angel at My Table,很美的流水账，Jane Campion对于镜头和女性感触细腻的捕捉能力惊人，然而还是太长，如果能够取舍一下的话多好。那些诗和文字很动人，那些她没法用话语或者表情表达的动人。看到后来才知道开头的Seacliff有多么恐怖。
天使与我同桌 An Angel at My Table,影像非常好。叙事、表演、剪辑都很一般。导演更多的还是在组织情绪，对片子的整体把握很弱。
天使与我同桌 An Angel at My Table,太沉闷
天使与我同桌 An Angel at My Table,橙色的大球晃呀晃呀~~~
天使与我同桌 An Angel at My Table,对文字敏感的人反而有比常人更易紧张的神经。生命只在纸上起舞璀璨。
天使与我同桌 An Angel at My Table,非常轻盈，单场戏绝不拖泥带水。最后穿上父亲的鞋，漂亮。
天使与我同桌 An Angel at My Table,原来是传记。沉闷有理。
天使与我同桌 An Angel at My Table,长大后的叙事弱了点
天使与我同桌 An Angel at My Table,ʕ•̫͡•ʕ*̫͡*ʕ•͓͡•ʔ-̫͡-ʕ•̫͡•ʔ*̫͡*ʔ-̫͡-ʔ，打卡。
天使与我同桌 An Angel at My Table,很碎片化，感觉就是女主一小段一小段的记忆吧。很长的流水账…之前对这个作家没什么了解，总体就是很阴郁的感觉。或许作家的养成就是比常人更多、更深刻的痛苦吧。
天使与我同桌 An Angel at My Table,一如既往的色彩运用和细腻的内心表现。抓住我的片段有：她向往的微笑的特写，Part2结束时大海的空镜头，保罗离开时的音乐和脚步声。
天使与我同桌 An Angel at My Table,三个篇章，这个红发发胖的小姑娘在大片大片绿色的原野上肆意的放开，对于各种境遇的迷思。
天使与我同桌 An Angel at My Table,我对这类心理或性格有缺陷的天才莫名排斥（心灵捕手、美丽心灵），因为半点代入感也没有。好在摄影与造型上还不错
天使与我同桌 An Angel at My Table,原来是传记...
天使与我同桌 An Angel at My Table,有动人的地方。更多的是尴尬。
天使与我同桌 An Angel at My Table,在<Piano>和<Bright Star>之后看的第三部坎皮恩的电影，拍摄手法维持一贯的细腻安静。Janet Frame is a true inspiration.
天使与我同桌 An Angel at My Table,三星半，孤独的女作者，传奇的人生，有些地方不甚明朗，可以更好。
天使与我同桌 An Angel at My Table,女主角的脸真让人感到紧张= =
天使与我同桌 An Angel at My Table,人生变幻无常，如同大海，刹那风平浪静、刹那惊涛骇浪，无法揣度，让人心生敬畏之意。 人生就是如此起落无常，得意与失意之间只差一个正负号。
天使与我同桌 An Angel at My Table,还是有些地方没懂，引起共鸣的是那些孤独与向往，恐惧与欲望。
天使与我同桌 An Angel at My Table,女主畏畏缩缩的样子让人看了很不爽。声音也不好听。但片子还可以。对那句，看XX化妆是一种犯罪很有印象。哈哈。
天使与我同桌 An Angel at My Table,就这样终老一生
天使与我同桌 An Angel at My Table,生活看似痛苦，其实在将天使背负；我看似孤独，其实在与天使倾诉。3.5
天使与我同桌 An Angel at My Table,棒棒的剪辑，舒缓的呈现，可惜了较弱的剧本。文字才是贯穿了她一生的信仰，却感觉不到文字的力量。初来爱情的甜蜜，也只是流水账的带过。女主角从始至终的表情让人略乏味，即便到了她人生中最艰难的时候，以及最后逐渐光明化的结尾，我都不见她情绪的起伏与表演的层次。
天使与我同桌 An Angel at My Table,片长太长了～成名作家相关的电影大多命运凄苦～要是拍村上这种自律节制相当健康的人生大家一定都觉得很无聊吧？
天使与我同桌 An Angel at My Table,一直很寂寞
天使与我同桌 An Angel at My Table,羞涩，紧张，敏感，压抑，她咋老那么郁闷.....
天使与我同桌 An Angel at My Table,　她用文字怀念失去的亲人，孤独的写作成为了她的精神狂欢。终于，作品发表后她得到了很多人梦寐以求的成名，也遇见了一段短暂燃烧的爱情，然而，乱哄哄的命运过后，珍妮特回归凄清的人生，重返故土继续寂寞的写作。
天使与我同桌 An Angel at My Table,3星半
天使与我同桌 An Angel at My Table,珍妮特的一生真波折。。。
天使与我同桌 An Angel at My Table,文字给了命运坎坷的珍妮慰藉和救赎。就算上帝已将我抛弃，天使也和我同桌。
天使与我同桌 An Angel at My Table,很不错的传记片
天使与我同桌 An Angel at My Table,只看了一半实在没办法看下去，弃
天使与我同桌 An Angel at My Table,这是拍给她的粉丝看的吧
天使与我同桌 An Angel at My Table,异常的压抑沉闷
天使与我同桌 An Angel at My Table,如果有书看起来应该会比电影有感触
天使与我同桌 An Angel at My Table,不懂
天使与我同桌 An Angel at My Table,音乐好听，风景美。
天使与我同桌 An Angel at My Table,福祸相倚……
天使与我同桌 An Angel at My Table,女主角小时候胖胖的样子很可爱，长大之后一开始那一口烂牙很恶心，女主角对社交和人群的恐惧与逃避让我想起了自己曾经某刻的一种状态。
天使与我同桌 An Angel at My Table,我以为讲的是天使和我的同桌他们俩之间的故事，然而…
天使与我同桌 An Angel at My Table,沉闷啊，，
天使与我同桌 An Angel at My Table,没有期待的共鸣。
天使与我同桌 An Angel at My Table,又臭又长，谢谢！
天使与我同桌 An Angel at My Table,可以在电影里找到比我们凄惨得多的人生～这和同桌毛关系没有呀？！
天使与我同桌 An Angel at My Table,如此孤独的局外人，始终以热切的目光注视着无力融入的世界，渴望与痛苦燃烧成文字与诗章，那是宣泄的出口，唯一的浪漫
天使与我同桌 An Angel at My Table,格调有些阴暗，心情不好时审看。
天使与我同桌 An Angel at My Table,蓬蓬头
天使与我同桌 An Angel at My Table,★★★☆
天使与我同桌 An Angel at My Table,看不懂啊
天使与我同桌 An Angel at My Table,传记片？有点沉闷，没看完
天使与我同桌 An Angel at My Table,还行吧
天地明察,飞机上看的，还可以~
天地明察,天文题材太苦手了，果然aoi还是最适合和服，一直这么少女是怎么做到的><
天地明察,头开得不错，后面的叙事反而越来越没有新意
天地明察,好拖，中间一大段无谓的情节其实都可以省去。从冷面教官堂上突然转型到健气少年算哲乍看还真让人接受不了。第一次发觉宫崎葵挺可爱的
天地明察,把原作小说改编的太多了，一些关键点都去掉了，还乱增加剧情。。。
天地明察,三体前传
天地明察,有大白加一颗
天地明察,既有天文又有人情
天地明察,3.0。1.守得云开终见日食。2.染谷将太小客串。
天地明察,★★★
天地明察,日本人是可以把任何题材都做成热血加狗血剧的。
天地明察,"完全是博大精深的中華文化宣傳片嘛~日本只是通過觀測確定了授時曆的準確性然後挪了下位置直接用了..俺們可是從無到有地創造出來了啊!!好可怕!!自豪感動得要哭了!!
最後轉折也太假了,再怎麽差大統曆也不可能預測不出這麽明顯的日食好嗎!哪怕在日本!差評!"
天地明察,描写了江户时代的棋手安井算哲欲与天争雄，誓要修订中华历法于霓虹的故事。泷田证明了《入殓师》不是偶然的神来之笔，如此冷僻而又陌生的天文学家传记题材居然拍出了时代片经年不见的大气魄与真性情，虽然冗长的毛病还是好明显。
天地明察,即使泷田是拿过奥斯卡的导演也不能否认，这片子真的是超乎想象的长了。即使日本江户，战国时代题材的电影对我有着致命的吸引力我也得说，你能不能剪成110分钟。
天地明察,围棋看着好别扭。宫崎葵真是好看。
天地明察,题材不错，选角一般，男主这是混血脸啊
天地明察,下一秒会发生啥都能猜出来的片。对卡司没特别偏爱的就当科教片看吧…
天地明察,日本棋院关西分部君在推特推了好久今天终于看了，内容还是很有趣的
天地明察,冷门而高深的天文学加之本就是高难度的传记真心不好讲，天文仪器的运用只能当是满足观众好奇，跌宕起伏的人生片段选择也颇为头疼。只能说平常不出彩。
天地明察,還行，就是太長
天地明察,也就是泷田洋二郎的水准之作，片子拍的太过工整，两个半小时的片长流水账一般将“天文学之父”的艰辛和毅力叙述了一遍，让人挑不出毛病，也凉白开一样使人留不下什么印象。《入殓师》的辉煌过后，导演回归正常。
天地明察,武藤敬司!!!
天地明察,@SIFF 题材很有趣味，很有意思啊。不过仅限于此。
天地明察,"其实简单讲就是霓虹人折腾了数十年算出了东京和北京的时差... 不过拍得很有气势~ 我看的时候倒是不断觉得我们祖先真厉害, 作为中国人真自豪!! 但我们为什么基本不拍这类型的片啊... 我觉得我国天文地理好多都有超好的题材来发挥一下啊..."
天地明察,卡司很赞，喜欢宫崎葵和冈田准一，久石让的配乐一如既往的好，就是有点长，有点过于煽情，小遗憾
天地明察,围棋部分好少好不争气啊，叹息，为什么没有人肯拍棋手生涯啊？本身已经那么精彩，连剧本大纲都现成的，原封不动的拍都能感动的人刷刷流泪了。
天地明察,宣明历、授时历、大统历……大和历
天地明察,僧侣头套的不良感
天地明察,传记电影该怎么拍
天地明察,中井贵一part非常赞
天地明察,其实我就觉得前40分钟比较好玩，数学天文呆萌怪人扎堆~
天地明察,一部讲天文学家的电影能拍成这样，没让我睡着，也算是合格吧？换了天朝拍部《张衡》试试看？貌似是奥斯卡导演泷田洋二郎在《入殓师》之后的最新作品，所以吸引了无数大牌加盟，连市川染五郎与真田广之都演了，不过我还真没看到两人演的谁？
天地明察,基本不知道演了什么 主要为了看葵准、
天地明察,略无趣。。
天地明察,觀測天象加有愛的夫婦檔。本來對此類題材無愛，好在畫面感不錯，劇情嘛無功無過。只是每當YOKO出現的時候，我總是很想笑……
天地明察,"2013.10.12 - 10.19 
@ Clarence Gardens, London"
天地明察,三星半 这是我第二次在电影院里跟一群脑残粉一起看电影 开头不习惯 后来觉得蛮欢乐的 个人觉得这个电影对演技没啥要求 虽然故事有点大 音乐也配合得很大（嗯910让老爷子） 还行还行 三星半 我就是为了看昭和时期的日本风情而看的
天地明察,本身题材就不算有趣，可影片还是能基本上做到引人入胜。最可贵的本片少有其他日本影视剧中演员歇斯底里的怪叫演绎..难能可贵...三星半。
天地明察,二世安井——也算长见识了。。。 霓虹人围棋落子时候的手势 帅气啊。。。本因坊秀策（虎次郎）想到了棋魂 淡淡滴忧桑啊。。。 不过找了横山裕这样来演个这样的秀策。。。OHNO 好出戏啊
天地明察,大白光头太有喜感啦``
天地明察,我也想把星星月亮团成一个球都抱在怀里啊~
天地明察,内容很燃，但时代剧什么的台词僵硬表演过于用力是硬伤。剧本要是整理得更加清楚，开头更加好一点就好了
天地明察,指着天上的一颗星星说，这是我送给你的，然后这颗星星从此就叫了你的名字。还有什么比这更帅气的呢！P.S.看的时候总会想到小葵和冈田戏外的花边新闻>< P.P.S.觉得小说一定很不错
天地明察,题材不对胃口 冲着卡司看下去的。
天地明察,太冗长了啊，太严肃了啊。要不是冲着卡司，绝对看不下去。
天地明察,快进2.0看完……
天地明察,你确定这个不是大河剧？太长了。。。
天地明察,《入殓师》导演泷田洋二郎新作，太中规中矩了，全片几无亮点，让人失望啊
天地明察,前半部分还挺好看的
天地明察,1、告诉我们男主角花了很久很久很久的时间验证了我朝三大历法之后得出授时历是最正确的。2、然后男主角又花了很久很久很久的时间发现了授时历不完全适用于岛国是因为他发现了有！时！差！3、然后男主角就凭借调整过时差后的授时历成为了岛国天文第一人。
天地明察,谁说造福世人就一定要牺牲个人幸福的？坚决打倒这种歪理邪说，支持事业妹子两手抓...哎 不过这剧情也太主旋律了吧
天地明察,能把这么冷门的题材拍得有血肉已实属不易
天地明察,2013-4-23 讲述一个爱好算数的棋手后来变成了天文学家，经历过风风雨雨，生离死别，最后差点儿堵上性命，让政府认同了他的研究。最后和妻子一同离开人世。2个半小时，无比漫长。
天地明察,还能有比历法这题材再无聊点的么。。。加上围棋、天文、数学当配菜。。。实在太难有感了~
天地明察,不功不过吧。。。。但是卡司太耀眼，aoi，大白和市川染五郎都美得很，美得很。。。（搓手
天地明察,太冗长了。总感觉泷田洋二郎拍的电影都太正统，说教意味浓厚，趣味太少，匠气太浓，缺少灵气。这部也是一样，节奏到后面已经乱掉了。其实很好的题材，却完全没拍出天体宇宙之美。冈田准一老的明显，演技却丝毫没进步，在中井贵一面前完全被淹没。日本人自大心理这回又出现了，我国伟大天文家们会笑吧。
天地明察,名将如云。冈田淮一演得好，而且风格和大部分日本演员都不太一样。中井贵一也是，进退自如的感觉。不过剧情太平淡，跟想象中差太远。
天地明察,后段不行，构成太现代，前段如棋手的内容还是很吸引人的，日本电影总觉得已经没什么大师级的作品了，拍出来也就这种格局
天地明察,略冗长。。还有点交代不清
天地明察,道策和尚仔怎么长那么漂亮……
天才闪光 Flash of Genius,正义是需要被伸张的。。但是却没什么新意了。。
天才闪光 Flash of Genius,中规中矩
天才闪光 Flash of Genius,执着的追求名誉 
天才闪光 Flash of Genius,总是看到类似题材的影片 -  - 审美疲劳了。。。
天才闪光 Flash of Genius,Robert他拿回應得的一切，十二年。
天才闪光 Flash of Genius,最后爷不好说是不是成功了！
天才闪光 Flash of Genius,从雨刷到facebook，这就是看谁会骗啊。不过这官司打得不过瘾。
天才闪光 Flash of Genius,估计是福特的对手赞助的
天才闪光 Flash of Genius,这种故事的结局一定要成功  正义的闪现
天才闪光 Flash of Genius,6.5分。真人真事改编，一名发明家，却以打官司最终获得承认，这的确让人觉得可惜。专利保护这东西吧，不能不搞，但怎么搞法的确是一门大学问。电影前1/3的推销和后1/3的辩论都不错，可惜中段太无聊，看得人昏昏欲睡。。。
天才闪光 Flash of Genius,你愿不愿意为正义付出这样的代价
天才闪光 Flash of Genius,美国版 秋菊打官司
天才闪光 Flash of Genius,后面一度好感动！
天才闪光 Flash of Genius,故事本身应该很好吧，但是电影拍俗了，而且法庭辩论根本不给力啊，怎么会胜诉呢。
天才闪光 Flash of Genius,太執著了_(:3」∠)_
天才闪光 Flash of Genius,打动我的是这个故事 这段历史
天才闪光 Flash of Genius,题材很好啊，可以挖掘更多东西的，可惜了。
天才闪光 Flash of Genius,Flash of Genius (2008)
天才闪光 Flash of Genius,轴
天才闪光 Flash of Genius,電影中的執著見過太多，總是有代價的，因為不是人人都可以承受這份執著。我只能說：還好，他們有法律。
天才闪光 Flash of Genius,正义的胜利
天才闪光 Flash of Genius,真实改编。
天才闪光 Flash of Genius,美国大丛林！
天才闪光 Flash of Genius,故事挺好的，电影拍得一般，有些落俗。
天才闪光 Flash of Genius,如果没有赢……会怎样……
天才闪光 Flash of Genius,天天吹捧公知的人可以看看，哪个国家不是这样过来的？人家上访十几年总算有结果了
天才闪光 Flash of Genius,这坚持令人动容，但片拍得太沉闷了点。
天才闪光 Flash of Genius,真实 令人敬畏
天才闪光 Flash of Genius,眨眼雨刷。对家庭，罗伯特没有存在感，对妻子，罗伯特没有呵护感，对6个孩子，罗伯特没有责任感。父亲，丈夫这两个重要的角色，他都没有扮演好，再加上逝去的12年时光，我反而不赞成普通人拥有这样类似咱们“越级上访”的心。每天重复的就是和强硬的对手过招，却不知道最终能否赢，人生不该如此。
天才闪光 Flash of Genius,草根的坚持
天才闪光 Flash of Genius,虽然并非每个人都能像罗伯特·卡恩斯那么幸运，最后凭借法律取回被剽窃的汽车间歇式雨刮器发明，姑且勿论牺牲家庭的完整性去追求正义是否难逃责任感的谴责，但这样的维权意识和坚守，尤其是商业化在道德底线边缘疯狂试探的今天，是值得敬佩的。
天才闪光 Flash of Genius,是的，人很难被改变，坚持你所坚持的，当然也会失去……发明家的做法没错，只是跟大象搏斗，代价太大——十二年/二十年（没搞清楚）和自己爱的女人。那么多年的时光，他错过了孩子的成长和其它许多。Anyway，人总有选择自己人生的权利。
天才闪光 Flash of Genius,剧情介绍已经剧透，看起来就没味。
天才闪光 Flash of Genius,_(: 」∠)_
天才闪光 Flash of Genius,我以为是一个发明家发明的故事，结果是发明家打官司的故事
天才闪光 Flash of Genius,又是一个人通过法律武器对抗一个庞大公司的励志故事，对抗双方永远力量对比悬殊，而渺小的一方又总是性格倔强、执拗、不撞南墙不回头，永远有家庭的纠结、妻子的不解、朋友的背叛，历经一切，最终精神、物质双丰收。最重要的是，在这个过程中还多番拒绝高额的和解金。
天才闪光 Flash of Genius,为了SAT作文例子才看。
天才闪光 Flash of Genius,2018.4.19 第一剧场
天才闪光 Flash of Genius,没想到故事跨度会这么长，感觉有点太赶了。在有限的119分钟里要包含那么久的故事。
天才闪光 Flash of Genius,维权的路在美国尚且如此艰难……
天才闪光 Flash of Genius,发明家就像一个母亲，永远也不会让别人轻易夺走自己的孩子
天才闪光 Flash of Genius,这片挺好的，怎么都没人看。。
天才闪光 Flash of Genius,可惜了好题材
天才闪光 Flash of Genius,因为觉得后者抄袭了他的雨刷专利。该法律诉讼持续了许多年，罗伯特的坚持使他的家庭成员备受困扰，这场寻求正义之旅走的太过艰辛.
天才闪光 Flash of Genius,天才就会闪光的。
天才闪光 Flash of Genius,因为觉得后者抄袭了他的雨刷专利。该法律诉讼持续了许多年，罗伯特的坚持使他的家庭成员备受困扰，这场寻求正义之旅走的太过艰辛.
天才闪光 Flash of Genius,自己represent自己很厉害了，法庭戏太轻了显得力量不足
天才闪光 Flash of Genius,一边是香槟，一边是前妻
天才闪光 Flash of Genius,第83。2018-03-24 ford福特原来干过这么不要脸的事情 盗窃间歇性雨刷的发明 原来是一个叫罗伯特的大学教授发明 理工男很牛 坚持打官司 终于赢了！
天才闪光 Flash of Genius,觉得有点过于执着了，好在美好的结局。
天才闪光 Flash of Genius,真实的结局不会完美
天才闪光 Flash of Genius,人还是需要点精神力的，不是每个人都可以这么坚定，但天才总该有些韧性。
天才闪光 Flash of Genius,权利意识的主旋律影片。名与利VS家庭和光阴，就从个体角度而言，得了还是失了其实很难说，而且也只是个例。
天才闪光 Flash of Genius,电影背后的这个真实故事才是最打动我的。Lone Ranger题材在好莱坞电影里并不少，精彩与否，就得看导演和演员的功力了。
天才闪光 Flash of Genius,是丁蟹本人没错了
天才闪光 Flash of Genius,电影本身没啥特别，主要是资本主义母公司的一段黑历史
天才闪光 Flash of Genius,太慢了太慢了，把冲突都淡化了，人物的性格不太鲜明，男主演的表演不到位没有很明显看到人物内心的挣扎。视听上没有很出彩的地方。故事采用线性叙事结构，然而在同类型的影片中，《社交网络》的叙事结构已经把观众的惯坏了。这部片子相比之下就非常逊色
天才闪光 Flash of Genius,"取材的真实故事挺好的，挺有现实意义的
但这片是在说不上多好看哎
确实是把知识产权这块法律知识做了点科普
也感受到了发明家的维权不易
但片子还有挺大的提升空间的"
天才闪光 Flash of Genius,IBC课上的。但这一开始就知道结局的片，很没意思。
天才闪光 Flash of Genius,6.8分。2017.5.8观看。天才加坚持，成功者的必要条件。
失控,用一句话来形容富人总觉得钱是最容易赚的，但穷人往往由于没有钱而走上了犯罪的道路，这句话用在这部作品真是恰如其分的合适
失控,立意不错，对人性的探讨，他们都被生活绑架了。就是背景格局太小，翻来覆去就那么几个人。
失控,其实这个故事不错，乌龙绑匪，没想到被萝莉人质反客为主，生活化细节和角色刻画有板有眼，典型的黑色幽默，有点科恩兄弟的feel，但总感觉这是个电影剧本，放置在电视剧里，虽然前半段角色众多足够情节足够饱满，但10多集之后就有些乱了，假如浓缩一下拍成电影还是不错的。《大江大河》里那个小萝莉表现抢眼
失控,再多的理由也不能犯法，不能让自己的人生失控。
失控,很不错，仿佛又看到了另一部无证之罪，在全程的紧张和恐怖之余，时不时的又让观众爆笑一下，这一点又和《无名之辈》很像，编剧大大，了不起
失控,后半段就真的有点失控了……
失控,这垃圾孩子应该早点撕票啊。。
失控,真的失控了
失控,竟然是好看的！这俩笨贼笑喷我 看到第10集以后剧情有点重蹈覆辙 减了1星
失控,3.5比较对，确实前面惊艳后面有点hold不住了
失控,"本以为是国产高分神作，看完还是有点失望的，剧情前半段抢戏，后面就感觉写的大了有点收不回来。不过宁理宁叔这老戏骨，用眼神杀人也能让人""失控""吧..."
失控,冲着宁理老师来看。前八集环环相扣还比较精彩，主人公倒霉程度类似《走到尽头》，后面慢慢俗套了，本可以更精致的。
失控,哈哈哈哈哈哈哈当喜剧看可以，这部应该叫《两个智障绑匪如何被自己耍得团团转》
失控,一个电影的容量，硬✂到了24集电视剧
失控,看到600万变1000万时，就略微有些疲惫了。果真，还是要政治正确的结局才能被播出，过于真实的就很难上荧幕。
失控,挺好看的 搞笑又丧 连环偶然又是必然
失控,高开低走，严重失控
失控,回想了一下剧情，明明可以直接做成电影，更紧凑会更好看
失控,六哥有意思。对不起中间加俩字最让人心酸。后面反转来反转去的太累了
失控,片头值4.5🌟。正片就2.0🌟。
失控,看了几集一般般吧，小女孩的演技有待锤炼
失控,"这导演拍什么都是一个套路，和之前的我是好人一个套路，靠无休止的误会和巧合撑起剧情，初看还行，看多了就让人觉得心烦和着急。小女孩这熊孩子人设也够讨厌的。
六哥贪得无厌也是醉了。无脑加赎金就成了强行反转了。"
失控,看了六集了，咋还没找到感觉。
失控,题材真的很牛逼 但个人不大喜欢这种节奏 至少前8集少了点悬疑剧的刺激感 像普通的剧情剧一样 很沉闷 令人缺少探索欲 感觉增加一些倒叙也许效果会更好 演员没得说 最小的赵蕴卓演技都能撑起一部剧
失控,前面很好看，越到后面越觉得人为的堆砌太过了，为了反转而反转，反而让人觉得做作
失控,确实失控了
失控,导演编剧绝逼是盖里奇死粉，摄影在电视剧算中上游了
失控,一环又一环，看的我都疲惫了，智商捉急，整体还行，较同类型国产剧
失控,千万不敢烂尾，虽然看到现在已经开始无聊了|烂尾！！
失控,压缩一半的集数 可以达到4星
失控,看到后面就有点烦了 来来回回的
失控,没看完，不看了。现在的编剧，都靠角色没脑子凑剧情。
失控,前面还觉得编剧不错给5星 到15级开始简直就是鬼扯了 为了反转强行反转，把观众都当傻子了。收控都不知道 怪不得分数越来越低  3星结束
失控,"开头好看,后面就。。。
国产的给3星
要是外国剧给2星"
失控,评五星给多少钱
失控,作为网剧，的确还不错，但后面确实又有点拖沓。六哥说话总是出其不意，整个人自带笑点。尤其是在“对不起”中间加俩字儿，变成最悲伤的话——“对三，要不起！”——简直了，只能说，没文化，真可怕，路子太野，猝不及防。两个小演员都漂亮又可爱。另，今日出发去丽江。
失控,越看到后面，我越失控
失控,拖沓，而且总是用“失口”推动剧情。
失控,前面8集是真的精彩，各种反转，中间节奏太慢了，但没弃，2倍速看下去的，结局还是挺中规中矩的，为了弘扬正能量，不然过不了审查吧，本来想给四星的，但后面节奏实在拖沓，给三星算了
失控,反转反转反转再反转……少两次反转或许我会更喜欢一点…以及我国医患矛盾真的已经到这个地步了吗…李李仁演技真的很棒
失控,这就是一部喜剧……
失控,算好看，黑色幽默
失控,前面的剧情还是不错，后面陷入老梗重复的状态，为了注水而注水，国产剧就不能高开高走吗
失控,主演又是台湾人，怎么那么喜欢用台湾人阿。个人对台湾人吃鸡排外，人前一套背后一套非常不爽。
失控,厉害
失控,什么鬼 看得我尴尬症
失控,+
失控,云通关还愿时太出戏啦
失控,一桩极其折腾的案中案中案。小女孩的精湛演技是最大亮点，黑社会大哥的浮夸演技是最大槽点；最终boss、刑满释放人员的心路转变尤为生硬，令人费解，“女儿”被绑、茶饭不思、夜不能寐，却仍能保持精致妆容的“母亲”虽极具观赏性，却缺乏可信性。
失控,还不错，现在看到第十集，有悬疑有搞笑。看到后面了，反转太多了，差了点火候。
失控,本来就是沙雕剧乐呵乐呵就完了，但是看到15集真服了编剧了。。黑社会老大逻辑感人再要400万，强行没有困难制造困难。。编剧现在这么好当的吗？
失控,就是个螳螂捕蝉黄雀在后的故事。挺喜欢男主的，李玉田没亮点，小女孩也不太喜欢，最最讨厌，最最出戏的是医生老婆，这都整成啥了。
失控,人有时候就是一念天堂，一念地狱。生活所迫下，发展出来的案件，有点黑色幽默。全程包袱不断，你能想象吗，一部包袱不断的国产犯罪网剧！一环扣一环，每个人都扮演者受害者和被害者，可惜结尾略有些俗套。减一星。
失控,1000万欠条的出现一下子坚定了我弃剧的决心……瞎JB扯蛋，结巴六就是SB中的战斗机……
失控,"这是个好故事，可惜了。
虽然每集很短，掐头去尾20分钟，但推进得十分缓慢，若是有些剧情节奏快点，配乐激昂，有些剧情可以磨叽一下煽个情，配乐舒缓，剪辑功力不够。我二倍速看到13集，可以猜出来绑架他女儿的人一定是跟他有过节，他是个医生，那肯定是医疗事故。因为我看刑侦推理类的故事，剧集太多了，所以我猜出故事走向并不能妨碍我继续看这个剧。可惜 这剪辑，导致节奏太墨迹了，如果能控制在一个电影的时间，或者减少1/3的剧集时间，那末这剧就很精彩。13集看完我直接去看24集，却没有觉得我错过了很多东西。"
失控,搞笑加犯罪
失控,这为什么可以这么尬
失控,24集就烂尾预告。剧荒看看
失控,从电视剧技术角度来看，摄影，灯光，演员演技，镜头语言，整体剪辑节奏，都可圈可点。其创意是最值得称道的，绑架题材在国产影视剧中不多见，多线剧情共同交织，也是该片特色。但，情节上的漏洞，与现实的脱离感，是绝对硬伤。
失控,强行反转剧情多了就有些尴尬。小姑娘倒是长的不错…
失控的布朗森 Bronson,舞台风，导演提供了一个机会让汤姆·哈迪可以尽情的秀演技。
失控的布朗森 Bronson,"半纪录半自传的片子。主角很暴力。但是想不明白他为什么。
很多全裸的镜头...小弟弟好小..."
失控的布朗森 Bronson,把一个囚犯的一生拍得非常行为艺术，暴力男眼中闪烁的是单纯、狂热、躁狂的光芒。。。只可惜在电影本身的内在层次上欠缺了很多东西
失控的布朗森 Bronson,怪胎，以及实力派汤甜心的小鸟。
失控的布朗森 Bronson,Tom长点头发 长点胡子吧
失控的布朗森 Bronson,其實我覺得Tom Hardy這造型有夠像Buck Angel的（掩面
失控的布朗森 Bronson,"很诡异,很戏剧.不知如何评价.要么是天才,要么是瞎扯."
失控的布朗森 Bronson,故事不错，可以拍的更好。
失控的布朗森 Bronson,想法不错，可是结构不好。配乐蛮嗲的，尤其是Pet shop boys的那首歌真是用的巧
失控的布朗森 Bronson,55555我悲催的叔叔
失控的布朗森 Bronson,行为艺术
失控的布朗森 Bronson,挺好的风格，可惜太玄，不够刺激
失控的布朗森 Bronson,想要变成大胸妹然后在尼古拉斯·温丁·雷弗恩的电影里演个背景的心愿越来越强烈哈哈哈哈！
失控的布朗森 Bronson,原声乐要好得多
失控的布朗森 Bronson,3星全给Tom Hardy
失控的布朗森 Bronson,真实故事改编的，可我真心不懂Tom Hardy哥的内心世界。只是他全身上下，我倒是看得非常透彻。我不得不说有些肌肉男露露脸就好，不要太过暴露的好。比如，Tom哥去做做手术吧，BP太长了！
失控的布朗森 Bronson,为了哈迪的正面全裸和一身横肉……
失控的布朗森 Bronson,一般
失控的布朗森 Bronson,原来这是文艺片！
失控的布朗森 Bronson,这个导演名字我还没记全，片倒是快看完了
失控的布朗森 Bronson,太暴力，看过的最无法接受的暴力电影
失控的布朗森 Bronson,"看了豆瓣影評才知道布朗森其人做過的事遠比電影戲劇化 而且更豐富有趣富有人性 如果電影能把這些細節一一拍進去我想觀眾會對他的""人性""有更深入的瞭解 總之這是個傳奇 另外各種導演們還真的是蠻喜歡讓甜心全身暴露在鏡頭之下啊=v="
失控的布朗森 Bronson,汤老师演技真心好
失控的布朗森 Bronson,在天朝这么作 活不过一个月 躲猫猫开水分分钟教你做人
失控的布朗森 Bronson,看了一半没有看下去。。。我汤老师演这种非本色的传记虽说自己过了瘾，但可看性并不高，带口音的英音又各种被排斥。爱内卫还是喜欢帅了吧唧的他
失控的布朗森 Bronson,导演加汤老湿，都太自恋了
失控的布朗森 Bronson,意外的不难看，得益于音乐和汤老师炸裂的演技
失控的布朗森 Bronson,片段式的结构
失控的布朗森 Bronson,Tom Hardy的个人秀，第一次感觉到特萌的大蓝眼睛，感觉剧本没写好，没到震撼的感觉。
失控的布朗森 Bronson,无聊
失控的布朗森 Bronson,暴力狂
失控的布朗森 Bronson,完全就是为了去看Tom Hardy的肉体的。
失控的布朗森 Bronson,天生的一个魔鬼和怪胎，一个Freak的世界。Tom Hardy 真是个人才。
失控的布朗森 Bronson,臭名昭著的罪犯他的动机并不让我觉得信服，也许这样做他会觉得快乐，但是当最后被禁锢在无法伸展躯体的笼子里的时候，恐怕他再也快乐不起来。
失控的布朗森 Bronson,很艺术的片子。视觉张力很强，老电影的颗粒感质感十足，主角的演技到位。但是过于突出艺术感反而少了这个原型的韵味。
失控的布朗森 Bronson,刚开始不太能理解，回味起来似乎是在讲反抗专制、反抗社会体制，好像还有点意思。
失控的布朗森 Bronson,Tom hardy还是不要凶凶的好
失控的布朗森 Bronson,真的不懂
失控的布朗森 Bronson,艺术性与无聊并行
失控的布朗森 Bronson,★★★
失控的布朗森 Bronson,其实故事蛮好的 叙事方式也蛮有趣 就是有种看不下去的感觉。。。
失控的布朗森 Bronson,画面很赞  艺术感很强  布朗森的眼神很瘆人
失控的布朗森 Bronson,只为汤老师看啊。佩服他的健身和演技。片子本身没意思。
失控的布朗森 Bronson,哈迪狂暴的丁丁
失控的布朗森 Bronson,史上最有个性的男主角之一
失控的布朗森 Bronson,也只有屌英国佬才会拍这么奇怪的电影吧。。。。 小胡子挺性感
失控的布朗森 Bronson,看了人物原型的故事 简直是个反差矛盾体。。
失控的布朗森 Bronson,NWR作品中比较无感的一部，汤老湿全裸打架真拼啊
失控的布朗森 Bronson,"全给汤老湿演技外加全裸~至于影片本身嘛,get不到point."
失控的布朗森 Bronson,是先知道这位传奇罪犯后才找到此片看的。如果不是真有其人，还真没耐心看下去，片子除了再现人生几个典型场景，就是大片独白，好像一位话剧演员在台上深情剖析自己内心深处，却还是不清楚自己到底想要什么，只是变成汤姆·哈迪演技大爆发的明证。作为别国最有名的监狱反抗者，看着热闹还可以玩哲学思考
失控的布朗森 Bronson,沉闷监狱题材，如此传奇人物的故事讲述的却很乏味。基本看出天生暴力倾向不可治愈只能终身与牢狱为伴。犯罪没关系，只要有个性，囚犯也能吸引关注甚至赢得好感。另外暴露了英国执法体系的缺陷，对暴力犯罪的手段就是各种监禁，既不能教化犯人也无法降低犯罪。布朗森的存在是对英国警察和监狱的极大嘲讽
失控的布朗森 Bronson,NWR个人风格，汤老师愤怒的小鸟 ^_^
失控的布朗森 Bronson,三星全给汤老师。剧本太烂了。#65分钟我看到了什么。。。
失控的布朗森 Bronson,补。
失控的布朗森 Bronson,这风格顶多看半个小时就够了 
失控的布朗森 Bronson,开场很不错，后面就有点难理解了，可能他就是这样难以定义吧，奇葩啊
失控的布朗森 Bronson,一个反社会人物的故事，影片全凭汤老师的演技撑着了
失控的布朗森 Bronson,完了完了汤老师疯了
失控的布朗森 Bronson,人格分裂，把两次想帮他的人都杀害了，对利用他的人却掏心掏肺，照理说家庭不错不应该酱紫阿，我家汤妞演技真棒
失控的布朗森 Bronson,除了剧情都蛮好
失落的王子 The Lost Prince,不是很喜欢
失落的王子 The Lost Prince,喜欢小johnie的演员
失落的王子 The Lost Prince,actually i was to see this little prince
失落的王子 The Lost Prince,我是标题＆海报控
失落的王子 The Lost Prince,"真实，赤裸裸的真相常常是那么的不堪
真相往往令人无法面对和接受，虚伪使人们不断的去掩盖真相"
失落的王子 The Lost Prince,小王子并没有失落也没有失乐，他很快乐，尽管有着怪病，尽管他的身体是不健全的，但他活得比很多人都要充实快活，皇室虽然地位显赫，拥有很多老百姓一辈子都无法拥有的东西，但相反它失去的感情就越多
失落的王子 The Lost Prince,有些感动的片子 喜欢那个孩子
失落的王子 The Lost Prince,他是我们当中唯一可以做自己的人。
失落的王子 The Lost Prince,他是我们当中唯一能做自己的人~
失落的王子 The Lost Prince,看完这个小正太演的我就没心思下第二集了。。。呜呜
失落的王子 The Lost Prince,不是一般的闷
失落的王子 The Lost Prince,不了解那段历史 所以觉得有些看不下去3个小时的电影 
失落的王子 The Lost Prince,比想象的漫长啊，但是我喜欢这种长见识的。。。
失落的王子 The Lost Prince,not  confined 
失落的王子 The Lost Prince,世界都是他们家的。
失落的王子 The Lost Prince,"有点沉闷.最后他离开了那场风暴,回到了自己的宁静花园."
失落的王子 The Lost Prince,对prince johnnie好有爱
失落的王子 The Lost Prince,已经不太记得了，找个机会可以再看一遍。淡淡的忧伤，淡淡的欣慰。
失落的王子 The Lost Prince,历史与战争，生存与流亡，荣誉、无奈、自由，还有一个人被遗忘的执着而纯真的一生。 
失落的王子 The Lost Prince,觉得导演很会把握些淡雅忧伤的东西，没落的王室家族，沙皇一家被杀
失落的王子 The Lost Prince,没什么好失落的，起码还有两个那么爱他的人。
失落的王子 The Lost Prince,这个乔治大概就是传说中最后一个门当户对婚姻和最帅气的王子吧。
失落的王子 The Lost Prince,本片角度奇怪，态度暧昧，是披着人性外衣的保王党。本片中的乔治——也就是现任女王的爹亲——不仅口齿伶俐，还充满了爱与无畏的圣人光辉；本片中的爱德华——也就是传说中风流潇洒的爱德华八世——几乎等同于空气，立场之偏颇令人瞠目。
失落的王子 The Lost Prince,6/10。“无丝竹之乱耳，无案牍之劳形”，兄弟健康却被迫隐藏爱好，残疾的小王子可以厌倦课堂，敞开心属自然一面。缓沉的叙述从层面体现出王室压力与沉默的爱，欧洲贵族的团结到战后流亡的惨景，增加了故事背景的广度；日常生活去政治化的题材众多，影片视角独特而各方面都循规蹈矩，倒是很应这个主题。
失落的王子 The Lost Prince,王子生在平民之家会更幸福吧，爸妈不仅是孩子的爸妈，还是国家的爸妈。不过王室从头到尾都是做面子工程啊，主要国家事务首相为主，改姓也是。另外这么多皇室被废除居然英国皇室还survive了好不容易
失落的王子 The Lost Prince,依然很容易成为笑柄，甚至是全世界的笑柄……
失落的王子 The Lost Prince,第二集没字幕……
失落的王子 The Lost Prince,上帝关了一扇门，总会开一扇窗。被隔离皇室，但也自在乐活。
失落的王子 The Lost Prince,太他妈深奥了。
失落的王子 The Lost Prince,一星给精灵小孩
失落的王子 The Lost Prince,长大了的王子和小时候萌嘟嘟的样子咋差了一大截儿呐~有时候被遗忘也是一种幸运。
失落的王子 The Lost Prince,看到他妈要拿走他的唱片机时很难过，虽然知道这是编造的剧情……
失落的王子 The Lost Prince,白痴王子什么的最萌了。
失落的王子 The Lost Prince,10分钟，放弃
失落的王子 The Lost Prince,好故事 拍的不算太吸引
失落的王子 The Lost Prince,当英国皇室中，出现了一个失落的孩子。一个不被人关注，不被父母爱戴，被其他兄弟嘲笑，只有一个兄弟愿意真心相待。这种感受，痛苦。生在皇室，到底是其幸运还是不幸。最后，本片真的是有点沉闷。
失落的王子 The Lost Prince,王子正太
失落的王子 The Lost Prince,not my style
失落的王子 The Lost Prince,看得不是很懂，导演只是打算记录一件事吗？我完全看不来有什么深意。 
失落的王子 The Lost Prince,(George died in 1942)
失落的王子 The Lost Prince,the two princes
失落的王子 The Lost Prince,没能坚持看完，感觉有点沉闷，也许是因为对这段历史不了解~
失落的王子 The Lost Prince,"前面比较压抑，只是在最后jonny的一段演奏才到达高潮~
"
失落的王子 The Lost Prince,小王子好可怜，小时候那么萌
失落的王子 The Lost Prince,才知道乔治五世有这么一个不见光的儿子，只活到了13 岁。Epilepsy.
失落的王子 The Lost Prince,小时候的Johnnie好萌
失落的王子 The Lost Prince,第四星给童年王子，太可爱了
失落的王子 The Lost Prince,让人想起《尘埃落定》。
失落的王子 The Lost Prince,我十一岁时候看的，那时我以为这孩子是天才，后来又看一遍，发现是傻子，最后看了一遍，他不过是个正常人
失落的王子 The Lost Prince,两颗星为英音，正太。与其说是电影，不如说是单纯的BBC纪录片。但是BBC的纪录片拍的还是可圈可点的，所以再加一颗。
失落的王子 The Lost Prince,在那个年代患这种病却生在皇家，是不幸中的万幸
失落的王子 The Lost Prince,王子长大了太丑。。花园也没有很好看啊。。他才不是智障 只是诚实
失落的王子 The Lost Prince,...忘记剧情说什么就记得Bill爷演了个很适合他的管家
失落的王子 The Lost Prince,音乐挺好。其他没留太深印象。始终不太适合看这样的片子。只是冲着Bill叔去看的而已，虽然出场不多但气场V5。
失落的王子 The Lost Prince,原来连王子都不幸福。依旧是BBC的特色，英式的闷闷基调。原以为会有Matthew James Thomas，但整整看了180分钟，米有么，被忽悠了
失落的王子 The Lost Prince,欧~对不起。坚持看了一个半小时。实在是乏善可陈。原谅我没有耐心看完。
失落的王子 The Lost Prince,白痴任性，被侮辱与被损害的，严谨理性
失落的王子 The Lost Prince,这孩子眼袋太煞风景了，节奏慢的要人命啊，我居然还是买了碟的，大悲催
失落的王子 The Lost Prince,不是片不好，是我不好！节奏让我抓狂~
失落的王子 The Lost Prince,看不下去，心里揣摩力太差了我，最近比较肤浅
头号公敌 L'instinct de mort,卡索的独戏.
头号公敌 L'instinct de mort,前面比较流水账……劫狱那一段很不错……
头号公敌 L'instinct de mort,期待值过高 ＝ ＝
头号公敌 L'instinct de mort,挺有味道！！不错！
头号公敌 L'instinct de mort,前段帮派扶摇直上有像[好家伙]，中间雌雄大盗则是[邦妮和克莱德]，魁北克万岁活脱脱[天生杀人狂]第二，后面越狱不由联想[肖申克的救赎]。梅林设定为对现状不满的无政府主义者，可缘起一笔带过，变化的过程又缺乏细腻的内心戏去描摹。人物层次感欠奉，最终仅仅是个人履历流水账而已。（镜头调度可圈可点
头号公敌 L'instinct de mort,反正我是没兴趣看下了，把一个传奇人物描写成一个有勇无谋、混蛋无耻的类型。他应该是个英雄。
头号公敌 L'instinct de mort,自由或者死亡。
头号公敌 L'instinct de mort,吃了火药一样
头号公敌 L'instinct de mort,卡索个人秀。
头号公敌 L'instinct de mort,"法国影片，一个无政府主义者，向往自由的罪犯。这种对自由的向往已经伤害到很多人，这种不折手段的追求自由的人是为人不耻的
"
头号公敌 L'instinct de mort,前一分钟，他与妻子浪漫香吻；后一分钟，他已经将枪管低进妻子嘴中。
头号公敌 L'instinct de mort,人物立不住，内容避重就轻
头号公敌 L'instinct de mort,噢。除了犯罪还是犯罪。他就没有一个厌倦的时刻？
头号公敌 L'instinct de mort,"那个年代的人都不动脑的？？？

这片竟然能拿奖？？？ "
头号公敌 L'instinct de mort,我是来看卡索尔的
头号公敌 L'instinct de mort,这个恶棍就是不停的找女人，然后惹是生非，最后杀人。认识新的女人，惹事杀人 ...在反映人物内心方面做得不好。
头号公敌 L'instinct de mort,bonnie & clyde!
头号公敌 L'instinct de mort,亡命徒。
头号公敌 L'instinct de mort,死亡或者自由。性感的小胡子。。。
头号公敌 L'instinct de mort,6.8，平淡而无重点，下部不知道是否会好些
头号公敌 L'instinct de mort,渐入佳境
头号公敌 L'instinct de mort,最浪费题材的抢劫和杀人。
头号公敌 L'instinct de mort,人物刻画不明显，像流水账。但画面节奏音乐不错
头号公敌 L'instinct de mort,7.0/10 分。
头号公敌 L'instinct de mort,完全按顺序拍摄的话，前半部分稍显冗长，不那么吸引人
头号公敌 L'instinct de mort,略嘬。
头号公敌 L'instinct de mort,平淡真实 我只能这么说~
头号公敌 L'instinct de mort,想看下部，只好连上部一起看了。Cécile 也是个不错的妞。
头号公敌 L'instinct de mort,法国电影里总有一半的角色是蠢货，我认为这不是文化差异的原因。凑合，但没兴趣看第二部。
头号公敌 L'instinct de mort,死亡或者自由。
头号公敌 L'instinct de mort,罪犯塑造得有血有肉！
头号公敌 L'instinct de mort,什么都的那种大片，男人很帅，比较简单 
头号公敌 L'instinct de mort,一个疯狂的人，一个不为了钱而抢钱的人，为了什么，谁也不知道，他自己也不知道吧。
头号公敌 L'instinct de mort,1－18
头号公敌 L'instinct de mort,以本能的名义打劫...
头号公敌 L'instinct de mort,当抢劫犯有了政治抱负。。。
头号公敌 L'instinct de mort,此人简直就一无脑流氓，抛妻弃子不知所谓，演这样一个单纯的笨蛋也可以拿影帝？应该难度不大吧
头号公敌 L'instinct de mort,有点流水账。。。
头号公敌 L'instinct de mort,三星与四星间徘徊
头号公敌 L'instinct de mort,居然真的有下集，太吊人胃口了哼哼。。。
头号公敌 L'instinct de mort,那个时候的黑帮技术含量好低。。
头号公敌 L'instinct de mort,再好的传记片大概都没真实故事本身好看
头号公敌 L'instinct de mort,由“一个无政府主义者的意外死亡”开始倒序，展开一个江洋大盗的前世今生，上部主要讲的是悍匪由男孩到男人的蜕变过程。采用片段式的传记叙事法，只突出代表性事件，对背后的因果关联却却着墨寥寥，因此会有很强的断裂感，特别是表现情感的时候。高潮戏是梅哥第一次越狱，很精彩。 
头号公敌 L'instinct de mort,这他妈才叫人生！不过和张子强相比还弱了点。2013.11.25
头号公敌 L'instinct de mort,无法无天了这家伙
头号公敌 L'instinct de mort,"影片表達了當時社會的形態,通過雅克這個人物的表現表達了當時人們的現實面."
头号公敌 L'instinct de mort,片子是拍得可以的。但是想讲什么？梅林前传？一个任性的无赖怎样变成一个疯子？
头号公敌 L'instinct de mort,真TMD无恶不作
头号公敌 L'instinct de mort,这么牛逼的人物拍得这么无聊也是实力啊
头号公敌 L'instinct de mort,做完这部片，已经觉得这家伙太猖狂太厉害！BUT他妈个仔，还有更精彩的下半场！！
头号公敌 L'instinct de mort,有情有义有人性
头号公敌 L'instinct de mort,越狱一段不错~
头号公敌 L'instinct de mort,一个恶贯满盈而且命大无比的恶棍，确实没有任何正能量的电影，唯一算是比较好的，是人物刻画得很好。
头号公敌 L'instinct de mort,在美国呆的已然无法欣赏法国人的电影艺术
头号公敌 L'instinct de mort,不错的娱乐片，三星半，劫狱热血加狗血，我喜欢
头号公敌 L'instinct de mort,Vincent帅
头号公敌 L'instinct de mort,为毛分数这么高。是我不懂欣赏。
头号公敌 L'instinct de mort,流浪者万岁～～
头号公敌 L'instinct de mort,"确实血腥,如此反政府,危害社会公共安全也确实罪该万死了...  等待下集"
头号公敌 L'instinct de mort,就当纪录片看好了
头号公敌续集 L'ennemi public n°1,三星半。因为拍的是人物成熟后的故事，相比上一部人物的心理变化就少了很多，也没有能做出太多文章。就像他朋友曾说的，这就是一个恶性循环，直到他死。算是法国拍的好看的犯罪片，不论从节奏还是整体的把握，但上部留了那么华丽的尾巴，怎么也会期待更高。
头号公敌续集 L'ennemi public n°1,逐渐变成天生杀人狂的套路
头号公敌续集 L'ennemi public n°1,不如第一部分。★★★
头号公敌续集 L'ennemi public n°1,癫狂的、善于利用媒体作秀的、藐视一切强权的劫匪。时代造就的产物。
头号公敌续集 L'ennemi public n°1,这海报像《耶稣受难记》
头号公敌续集 L'ennemi public n°1,有点奇怪，一方面把梅林塑造成英雄式人物，另一面又没有完成观影者对梅林性格的绝对认同。
头号公敌续集 L'ennemi public n°1,下部怎么就。。。这样了。。。
头号公敌续集 L'ennemi public n°1,看样子，法国只有喜剧片才能真正吸引住我
头号公敌续集 L'ennemi public n°1,么有第一集好看~~
头号公敌续集 L'ennemi public n°1,跪求第一部....好有魅力的侠盗...
头号公敌续集 L'ennemi public n°1,看得快睡着了。
头号公敌续集 L'ennemi public n°1,跟上部一个毛病，不过稍微好一点，但节奏又拖沓了
头号公敌续集 L'ennemi public n°1,我是来看卡索尔的
头号公敌续集 L'ennemi public n°1,"跟Carlos一个样，漫长的流水账。
"
头号公敌续集 L'ennemi public n°1,有时，制造传奇亦是一种癔症的表现。
头号公敌续集 L'ennemi public n°1,流水账啊流水账
头号公敌续集 L'ennemi public n°1,自我毁灭
头号公敌续集 L'ennemi public n°1,法国人是不是全世界最热爱政治的？
头号公敌续集 L'ennemi public n°1,"续集比第一集要显得夸张和虚构很多！
我不想辛辛苦苦像狗一样一辈子之后，望着华丽的橱窗，我一无所有……"
头号公敌续集 L'ennemi public n°1,7.0/10 分。
头号公敌续集 L'ennemi public n°1,Ludivine Sagnier出场的镜头美到爆，不枉我为她而看。
头号公敌续集 L'ennemi public n°1,细节还是不够
头号公敌续集 L'ennemi public n°1,一个人渣的编年史
头号公敌续集 L'ennemi public n°1,妈的，坏人啊，坏人的一生。。警察都那么笨么？？越狱又越狱，逃跑再逃跑，抢劫再抢劫。。最后打死他都那么大费周折。。看得很不爽
头号公敌续集 L'ennemi public n°1,比第一部好不少
头号公敌续集 L'ennemi public n°1,拍得不够传奇。。。
头号公敌续集 L'ennemi public n°1,1－18
头号公敌续集 L'ennemi public n°1,法国片就是粗糙
头号公敌续集 L'ennemi public n°1,我不想当剥削者也不想被剥削，要钱？那就抢银行啊！反正也是剥削者的钱。所谓的司法公正在哪里？在我手中的钥匙里吗？还是在那些屡屡被收买的狱警上？我对政治不感兴趣，我的计划很多，我要炸掉监狱，救出那里的弟兄们！我要消灭这个系统，重建一个系统！
头号公敌续集 L'ennemi public n°1,镜头切换太快了吧！
头号公敌续集 L'ennemi public n°1,我只能说法国警察实在太弱了
头号公敌续集 L'ennemi public n°1,没有上部赞
头号公敌续集 L'ennemi public n°1,"What a character, only died in a rubbish wig!"
头号公敌续集 L'ennemi public n°1,没有上集好，而且我也没觉得梅林有什么浪漫。
头号公敌续集 L'ennemi public n°1,越拍越像纪录片了~
头号公敌续集 L'ennemi public n°1,无法无天
头号公敌续集 L'ennemi public n°1,没第一部好，太长，拍到后来乱了，要不是有女神撑场面。
头号公敌续集 L'ennemi public n°1,产自法国和加拿大，好有混合风的FEEL。个人几强大猖狂都玩不过玩政治的
头号公敌续集 L'ennemi public n°1,无政府主义，对现实的反抗~
头号公敌续集 L'ennemi public n°1,我怎么就是看不过他大腹便便的样子 ... = =
头号公敌续集 L'ennemi public n°1,不喜欢
头号公敌续集 L'ennemi public n°1,最后想拖着看完，但是已经疲劳了。
头号公敌续集 L'ennemi public n°1,最后镜头居然像基督受难。英雄化了很多，从硬罪犯变成全能了：会写书还会演讲辩论，越狱也终于高级了一点，还牛到冒充检察官去警察局，冒充警察去赌场了。马修的加入让卡司又提升了。接受采访，观念表达…欲望膨胀，对抗国家，，，相比上集，这里的叙事更直接
头号公敌续集 L'ennemi public n°1,有点平铺直叙的感觉，没有第一部来的震撼。他的死拍的很好。
头号公敌续集 L'ennemi public n°1,法国垃圾
头号公敌续集 L'ennemi public n°1,其实可以两集合成一部。。7.0
头号公敌续集 L'ennemi public n°1,大牌云集啊，配角都是法国顶级演员
头号公敌续集 L'ennemi public n°1,这个大盗比较牛！
头号公敌续集 L'ennemi public n°1,感觉没啥可看的
头号公敌续集 L'ennemi public n°1,三星。比上集要差
头号公敌续集 L'ennemi public n°1,比第一部有内容 三星半 看到片中犯罪分子自己的解脱之词  觉得可笑
头号公敌续集 L'ennemi public n°1,相比上部更有了一些深层的东西，于是过瘾的程度也相对下降。两部一定要一起看，悍匪编年史。近些年少见的法国罪案大片，相比吕克贝松监制的那些浅薄的大片，这个则要厚重很多。PS：这个海报总给人耶稣受难的错觉。
头号公敌续集 L'ennemi public n°1,死的好莫名
头号公敌续集 L'ennemi public n°1,一样，流水账，在我眼里，类似于这种抢劫犯的电影真的很难把它拍成英雄传奇片。
头号公敌续集 L'ennemi public n°1,"20180726想看
电影还可以，演技在线，但是剧情太散，导演的用力不太对，中心没有突出。尤其是对雅克梅林的思想刻画上，不完整。三星吧。
PS：法国女人好美啊！！！  刘烨真幸福，这电影1、2里面的女人都好美啊。"
头号公敌续集 L'ennemi public n°1,没看懂赞扬还是抨击
头号公敌续集 L'ennemi public n°1,没什么意思
头号公敌续集 L'ennemi public n°1,无法想象，法国警察就这样笨吗、、看的很迷惑的电影，，，
头号公敌续集 L'ennemi public n°1,法国张子强的故事。剪辑和摄影都不错，节奏就和其他的欧洲电影一样看不习惯。整部片其实也不错，但就觉得给不了四星。结局有种宿命感，有点像邦妮和克莱德。
头号公敌续集 L'ennemi public n°1,就那样吧。有传记性质，不怎么喜欢这类电影。
奥利最开心的一天 Hymyilevä mies,你不用为别人对你的幻想负责
奥利最开心的一天 Hymyilevä mies,站板凳拍照，脱短裤称重，奥利就像挂在树枝上的风筝，被人牵着飞到高处；也是躲在人后暗自叹息的美人鱼，被人投球击落水底。黑白粗砺胶片搭配裸身冲澡搏击的力量，质感十足。留到最后看字幕走完，在演员表里惊奇发现片尾那错身而过的老夫妻就是真实的奥利和妻子本人。不做世界冠军，只想和你陷入爱情。
奥利最开心的一天 Hymyilevä mies,第一次在电影院里看到“应政策要求的删减部分”……
奥利最开心的一天 Hymyilevä mies,也无槽点也无亮点，甚至也没有任何看点。处女味十足，破处之后对导演之后的作品意兴阑珊。平淡生活，平淡爱情。
奥利最开心的一天 Hymyilevä mies,放飞一只风筝和赢得一场比赛，哪个更能让人快乐？爱情和拳击，哪个更能让人感到活着？粗犷的16mm黑白影像难掩一颗寂寥的心脏，轻叙事，重情绪的叙事手段颇具匠心。
奥利最开心的一天 Hymyilevä mies,1.黑白粗粒胶片+手持拍法，很契合故事背景。2.决战戏估计是拳击片史上最短平快的了。3.个人愿景与集体意志、爱情与事业的鸿沟冲突，你不用为别人对你的幻想负责。4.放风筝打水漂的感染力都不及40年前[洛奇]的溜冰场段落细腻动人。两条线都浮于表面，同样没赢得决赛，很明显[洛奇]完胜之。（7.5/10）
奥利最开心的一天 Hymyilevä mies,对比度强烈的黑白影像，似乎故意在消退拳击运动的魅力，也抹去了类型片常见的胜负决定。“怎么结束得这么快”，打一开始，你就很容易会猜到，奥利会失败。所以，这也是一部“失败者”电影，但，做人最要紧的是开心。放放风筝打打水漂压压马路。
奥利最开心的一天 Hymyilevä mies,浴室群裸未删减版；黑白感觉很舒服，让这个电影有了点童话爱情故事的味道。
奥利最开心的一天 Hymyilevä mies,当你找到真正让你开心的事，别的得失也就不那么重要了。就是让你在一片嘈杂中，想要安静下来的事。
奥利最开心的一天 Hymyilevä mies,让人心情平静的一场竞技的失败，毫不功利，十分可爱。
奥利最开心的一天 Hymyilevä mies,不要去工作，去爱就好。
奥利最开心的一天 Hymyilevä mies,有爱情，比赛还算什么啊，看过的最“不务正业”的体育片
奥利最开心的一天 Hymyilevä mies,好学生电影，中国就应该从这种电影拍起。女友越过人群，远远看着自己男友那场景真好；还有奥利抓苍蝇，旁边孩子说“吃了它”，然后绕道后台，和女友共度浪漫，空间利用的真好
奥利最开心的一天 Hymyilevä mies,#柒捌捌〇看电影#1、黑白色；2、浴室里男人们的嬉戏；3、手摇镜。平淡如水。
奥利最开心的一天 Hymyilevä mies,真可爱 想起男孩超级白
奥利最开心的一天 Hymyilevä mies,#资料馆#
奥利最开心的一天 Hymyilevä mies,★★★☆ 2016年，被人庆祝人生中最糟糕一天的还有比利林恩，倒在搏击场上起不来的还有斋藤一子，永远无法与过去的自己和解的还有李钱德勒。大不了就是个放逐人生吧，“你不用为别人对你的幻想负责”，只要你能过心中“活着不是赢家就是输家你敢输掉吗”这一关。
奥利最开心的一天 Hymyilevä mies,爱既是软肋，又是铠甲。
奥利最开心的一天 Hymyilevä mies,平凡最浪漫
奥利最开心的一天 Hymyilevä mies,独处最开心
奥利最开心的一天 Hymyilevä mies,教练在生活的压力下真的是越缺少钱就越虚荣的金钱衡量价值者啊，并把自己这种虚荣以对你好的名义以社交和施压的形式强加到奥利身上啊。“别人对你期望的过高，说明他们在抱有幻想，而你不必对他人的幻想负责。”女主这么爱笑呢笑起来可真甜。那个时代的节目啊海报啊言辞啊明显带有女性是附庸是观赏物的视角。摘下假发的镜头很意味深长啊，奥利那一瞬间会不会觉得，自己和那位女性一样，都是在取悦别人消解自我呢。
奥利最开心的一天 Hymyilevä mies,3.5/5。陷入一场六零年代炒作局，录纪录片拍宣传册拉赞助商进社交圈，在成为符号前先成了圈钱的工具，然而，面包师还是面包师，牵手爱人和平走过失利的喧嚣，黑白成像无疑是放大了这种久违的平静。
奥利最开心的一天 Hymyilevä mies,“失望的人，只是因为他们自己愚蠢的幻想，你不必为他们负责”
奥利最开心的一天 Hymyilevä mies,不同于以往那种为了荣耀、金钱或名誉而战的拳击题材电影，另辟蹊径，但是也平平淡淡，平淡到我根本区分不出来奥利哪天最开心。
奥利最开心的一天 Hymyilevä mies,爱情来的时候，除了她一切都会失焦吧！
奥利最开心的一天 Hymyilevä mies,好想抱抱奥利
奥利最开心的一天 Hymyilevä mies,奥利最开心的日子 就是他和赖亚在一起的日子
奥利最开心的一天 Hymyilevä mies,本片主题是爱情，但没有过度渲染，全篇洋溢着微小的幸福感直到最后的结局，克制是好事，却会让人有点无聊。
奥利最开心的一天 Hymyilevä mies,2016欧盟影展第一场打卡，遥远的奥体CGV，讨厌的情侣。
奥利最开心的一天 Hymyilevä mies,"""教练我比赛可能没法集中精神，我好像恋爱了""哈哈哈哈"
奥利最开心的一天 Hymyilevä mies,爱情的力量是最伟大的，没有之一。
奥利最开心的一天 Hymyilevä mies,还行╮(￣▽￣)╭
奥利最开心的一天 Hymyilevä mies,那年被爱情撞了下腰 于是在商业体育的世界里回旋挣扎 赫尔辛基在变的和任何一座西方城市一样 人们说英语 职业化大行其道 芬兰林间湖岸边 才有一丝依偎和安宁
奥利最开心的一天 Hymyilevä mies,2016年出产的黑白电影 北欧人真是可爱又执着啊～赢了爱情输了比赛又有什么关系～
奥利最开心的一天 Hymyilevä mies,全片都在暗示最终的失败，索然无味。最终的结局固然凸显了爱情的美妙，但是这前面留下的那么多沉重的话题呢，承诺呢，生计呢，利益呢，别人的幻想可以不必理会，但只关注小情小爱的胜利未免过于浪漫和轻浮。
奥利最开心的一天 Hymyilevä mies,平实简单。
奥利最开心的一天 Hymyilevä mies,名利和安静之间，我选择安静。 黑白摄影加分。
奥利最开心的一天 Hymyilevä mies,黑白片，所以以为是老片子……画质有点粗糙，也没什么剧情。不是文青，对这类文艺片还是不太感冒，还是喜欢“剑气纵横三万里，一剑光寒十九州”那种粗糙。
奥利最开心的一天 Hymyilevä mies,没看，不想看了，昨天才看的麦克法兰。这种体育题材的电影，不请个鲜肉花瓶来演，真的不知道这种无聊的鸡汤谁会来看诶，谢谢。
奥利最开心的一天 Hymyilevä mies,黑白画面很美，可惜故事简单了一点，下笔也有点轻。相比去年纪录片课上看的《千锤百炼》，它不够残忍。
奥利最开心的一天 Hymyilevä mies,最后也没赢的拳击
奥利最开心的一天 Hymyilevä mies,你不用为别人愚蠢的幻想负责。
奥利最开心的一天 Hymyilevä mies,平淡生活，平淡爱情
奥利最开心的一天 Hymyilevä mies,挺简单干净的传记片。已阅。
奥利最开心的一天 Hymyilevä mies,体重梗～
奥利最开心的一天 Hymyilevä mies,失败的人收获爱情。趣味点：打水漂，骑车带人，风筝。20/11-2016
奥利最开心的一天 Hymyilevä mies,#西天看电影# 打开前没想到是部拳击片，但它也确实不是拳击片。比起世界拳王争霸赛来说，谈恋爱和打水漂才是正经事，不得不说欧洲人真是随性啊……日常和情绪描写很细腻，黑白片质感很好地增加了时代感，剧作和节奏是典型欧洲文艺电影的调调。还有真tm随性的主人公
奥利最开心的一天 Hymyilevä mies,粗犷的16mm黑白影像难掩一颗寂寥的心脏，轻叙事，重情绪的叙事手段颇具匠心。
奥利最开心的一天 Hymyilevä mies,黑白影还是很有质感的
奥利最开心的一天 Hymyilevä mies,可能是我对体育片完全无感吧...导演想要表达的很多东西早就已经被美国人拍滥了
奥利最开心的一天 Hymyilevä mies,‘你不用为别人对你的幻想负责’
奥利最开心的一天 Hymyilevä mies,“不太好，我想我爱上她了。”“他们失望要怪他们对你愚蠢的幻想，而不是你呀。”最后一镜太美。
奥利最开心的一天 Hymyilevä mies,戏剧冲突流于表面，缺乏感染力，不知怎么赢下了《比海更深》。纪实性黑白影像，摄影给个赞
奥利最开心的一天 Hymyilevä mies,看的版本音视频不同步，难受死了，开头就来一排字幕：澳门，比基尼荷官，金瓶梅游戏……CNDY，先认真把D版做好了再说广告不迟……
奥利最开心的一天 Hymyilevä mies,需要获得别人的认同么，不需要么，需要么
奥利最开心的一天 Hymyilevä mies,嗯就…特别平淡😂
奥利最开心的一天 Hymyilevä mies,为自己而简单活。
奥利最开心的一天 Hymyilevä mies,3.5 美学风格的不统一是个大问题，想要像达内兄弟一样冷酷，毕竟还是拳击电影，导演有的地方没有冷静下来，原则抓不住。不过这个在动作中部发生的跳切很有意思，压缩使得节奏很快。想法是好的，这个平静地输掉比赛，消费时代的恶意，跟《无医可靠》那时候的赢法很像。可惜了，本来能更好。
奥利最开心的一天 Hymyilevä mies,很好
奥利最开心的一天 Hymyilevä mies,關於運動員商品化這部分寫得好。
奥德赛 The Odyssey,这个故事告诉我们：男人要有勇气，有智慧，有恒心；女人要经得住诱惑，耐得住寂寞，守得住空闺。
奥德赛 The Odyssey,唉这片子中文一配音就感觉坑爹的要死……忠实于原著貌似在当代已经算是败笔了……现在是编剧们的世界了……
奥德赛 The Odyssey,54
奥德赛 The Odyssey,西方神话故事改编，我可能错过了最佳赏片年纪，没能坚持看完。
奥德赛 The Odyssey,史诗
奥德赛 The Odyssey,ICS
奥德赛 The Odyssey,中规中矩。失望之处有二：Alkinoos国王那一段处理得不能更草率，而这一段如果作为的故事的开端，然后用倒叙手法让Odysseus讲故事，会造就很精彩的叙事结构，而且也更忠实原著；Odysseus是不是对爱情忠贞，这一点在原作里是可疑的，而在电影里Odysseus和Penelope的忠诚的爱情却成为了不容置疑的主角。
奥德赛 The Odyssey,回家的男人
奥德赛 The Odyssey,10——5分。要是此片是1977年制作的就给个10分。
奥德赛 The Odyssey,toshiba……
奥德赛 The Odyssey,帕拉斯·雅典娜，你是喜欢奥德修斯的智慧呢，还是干脆就看上他了……
奥德赛 The Odyssey,荷马史诗第二部，关于回家的主题。男主角长得不够哎
奥德赛 The Odyssey,太史诗了
奥德赛 The Odyssey,为了作业才看
奥德赛 The Odyssey,胜利回归的旅途艰险，希腊神话一直那么迷人
奥德赛 The Odyssey,奥德赛，特洛伊，独眼巨人，雅典娜
奥德赛 The Odyssey,在数字频道和CCTV都看过，觉得拍摄的还好，小投资影片吧！
奥德赛 The Odyssey,用现在眼光看来也许有些乏善可陈，可在当年还是未成年人的我看来本片简直是想象力破表啊；细想也觉得合情理，毕竟是古希腊史诗的改编作品嘛，而且值得一提的是本片还是欧洲诸国的合拍片，跟好莱坞没啥关系。
奥德赛 The Odyssey,就记得当时一进那个教室就困，放电影都阻止不了我睡觉，可惜了魅力老师的课了，好后悔TOT
奥德赛 The Odyssey,快點回家吧
奥德赛 The Odyssey,真JB长啊  剧情其实还不错的  但是拍的太像舞台剧了 技术方面有点寒碜 不像是97年的 像是77年的。。
奥德赛 The Odyssey,学文孩纸桑不起~
奥德赛 The Odyssey,估计要是有成人版本的话，会更美😄因为这个版本直男尴尬症一波接一波啊。。。
奥德赛 The Odyssey,超级长啊！总结就是，过分自大的男人回不了家。
奥德赛 The Odyssey,英语课上看的 我居然没睡着 不错不错
奥德赛 The Odyssey,俄狄修斯父子射杀求婚者的那场戏，有希腊悲剧的影子。
奥德赛 The Odyssey,弹指
奥德赛 The Odyssey,感觉还可以 虽然不是我主动选择看的 当初也不怎么的选了个欧洲古典文学(我记不清是不是这个名字了)……外聘的老师很BT……愣是从1：00上到6：30 还拖堂没课间休息……
奥德赛 The Odyssey,回家路上的艳遇
奥德赛 The Odyssey,6/10。比较关注里面的父权意识：妻子只是财产的管理者，奥德赛有多个床伴而妻子见求婚者也得头戴面纱，奥德赛宁愿信任家奴告知复仇大计也瞒着苦等思念的妻子，导演用追寻家园的执念弱化了政治错误的父权思想；献祭牛羊和抓着大白鹅的老鹰，各种妖魔鬼怪、冥界巡游等文化奇观有特效重新诠释的翻拍价值。
奥德赛 The Odyssey,电影课上看了好多电影呀，就这片子让我对希腊神话产生了浓厚兴趣。
奥德赛 The Odyssey,电影本身还是像部童话一样，但众神中的女神都这么饥渴吗？整天淫乱趴开着，智慧的奥德修斯请问你的智慧就是造个木马吗？最后屠杀求婚者让我三观崩塌，自己几十年不在位，还不允许有人继承，这是朝鲜吗？
奥德赛 The Odyssey,荷马史诗值得一看
奥德赛 The Odyssey,因为是作业，所以真的爱不起来
奥德赛 The Odyssey,时间是够长，不过感觉讲故事不太有重点，几乎没有让人印象深刻的地方
奥德赛 The Odyssey,又一本原著没读完忍不住先看电影的。话说奥德赛应该发现老婆完全忘记了他，然后跟其他男人生了一堆孩子，比跟自己在一起时要快乐，这样才能够更加凸显回家之路的艰辛和命运被神意玩弄的坎坷。雅典娜跟他眉来眼去的，真怀疑他们之间有一腿啊！
奥德赛 The Odyssey,#大英视听说考试电影。合格的改编，但是为什么感觉史诗感和精致感觉不如五十年代的作品。奥德修斯爬山时出现的信使很搞笑啊。
奥德赛 The Odyssey,"为了追Paloma Baeza小公主而看的。正好在56上看到汉化版。小公主在这里只是演了个佩内洛普身边的小丫头，没多大的出彩。
剧本比较忠于原著。有些地方略显粗糙了点，总体上还算过得去。喜欢希腊神话的人都应该会喜欢看看的。比近些年那点所谓史诗大片更值得花时间。"
奥德赛 The Odyssey,三小时的影片勉强将史诗中来龙去脉平铺直叙完毕，现在看97年的场面总觉不过瘾，哎。。
奥德赛 The Odyssey,偶然一次在电视上看到的~~~希腊神话很有意思~~
奥德赛 The Odyssey,看得真是辛苦！！
奥德赛 The Odyssey,影片是要告诉我们，天神都不是好惹的！凡人，不应自大，不必自卑么。。。
奥德赛 The Odyssey,小时候看的 蛮喜欢的
奥德赛 The Odyssey,外国文学课上看的，神的心灵复归。
奥德赛 The Odyssey,希罗课看的
奥德赛 The Odyssey,终于尼玛看完了
奥德赛 The Odyssey,回家的诱惑
奥德赛 The Odyssey,神话 蛮好看的
奥德赛 The Odyssey,让我看看看这部电影的多少不是出于自愿？😂九十多页实在看不完了
奥德赛 The Odyssey,虽然有些冗长，但还是能撑住场子，比想象的要好些
奥德赛 The Odyssey,特别喜欢的老师在特别喜欢的希腊神话课上放的！
奥德赛 The Odyssey,太过于血腥
奥德赛 The Odyssey,《小忒勒玛科斯找爸爸》
奥德赛 The Odyssey,历史二十年，奥德修斯终于回到了波涅罗珀的身边。
奥德赛 The Odyssey,不要只看到目的，只想着回家，当下的历练也是人生的一部分。一味追求目的只会迷失当下~
奥德赛 The Odyssey,DVD压制https://pan .baidu. com/s/1M5wzoi5IFE7LUvbYOWx_Jw密码:i428
奥德赛 The Odyssey,当时的技术当时的神话。
奥德赛 The Odyssey,Odysseus是不是对爱情忠贞，这一点在原作里是可疑的，而在电影里Odysseus和Penelope的忠诚的爱情却成为了不容置疑的主角
奥德赛 The Odyssey,一块钱的特效也是有了喜剧片的效果，不过故事还算忠于原著
奥德赛 The Odyssey,"基本符合原著，还行人物把握的比较到位，最大的嘈点就是服装和场景，虽说是1997吧，但也太简陋了吧。
人物，不错，奥德修斯精明能干，勇猛，都演绎地很到位，几个神也不错。"
"奥菲斯的遗嘱 Le testament d'Orphée, ou ne me demandez pas pourquoi!",太抽象了，不喜欢。他好像知道这点，在末尾说，如果你不喜欢，我会伤心的。老了都还这么会撒娇，可怕的孩子！
"奥菲斯的遗嘱 Le testament d'Orphée, ou ne me demandez pas pourquoi!",看过，仅此而已
"奥菲斯的遗嘱 Le testament d'Orphée, ou ne me demandez pas pourquoi!",如科克多一贯风格，不知所云
"奥菲斯的遗嘱 Le testament d'Orphée, ou ne me demandez pas pourquoi!",「這裡（冥府）沒有電影，這裡也沒有『這裡』。」死神道。然而，沒有『這裡』即處處都是『這裡』，沒有當下即永恆都是當下，這不就是電影的本質嗎？是的，冥府這個場域就是一個不存在電影的電影，故當死神還搞不懂奧菲斯，奧菲斯便已經搞懂了死神與死的真義。
"奥菲斯的遗嘱 Le testament d'Orphée, ou ne me demandez pas pourquoi!",谷克多是标签收集者们的最爱。
"奥菲斯的遗嘱 Le testament d'Orphée, ou ne me demandez pas pourquoi!",晦涩的情节和神话原型
"奥菲斯的遗嘱 Le testament d'Orphée, ou ne me demandez pas pourquoi!","""Vous passez votre temps à vous poser d'être, et ça vous empêche de vivre."" 1995"
"奥菲斯的遗嘱 Le testament d'Orphée, ou ne me demandez pas pourquoi!","对不起先生,我对未来的记性很差。对不起科克托，我受不了你这一套。"
"奥菲斯的遗嘱 Le testament d'Orphée, ou ne me demandez pas pourquoi!",我对充满自恋情结的陈述总是产生排斥作用。他有想象力，他有对技术的混搭使用，可是他试图说明的东西太多了，与其如此，电影并非最好载体，电影能揭示的超越表象的真相总是如此有限。
"奥菲斯的遗嘱 Le testament d'Orphée, ou ne me demandez pas pourquoi!","倒着放映的片段，把一朵撕开的花拼好。在电影里讨论电影。藐视规则，创新精神。诗一样的电影难懂。烟消云散。
"
"奥菲斯的遗嘱 Le testament d'Orphée, ou ne me demandez pas pourquoi!",电影是诗歌极好的表达方式，而诗歌是什么呢？就在那朵花的创造过程之中。
"奥菲斯的遗嘱 Le testament d'Orphée, ou ne me demandez pas pourquoi!",完全无视情节，太过晦涩与先锋
"奥菲斯的遗嘱 Le testament d'Orphée, ou ne me demandez pas pourquoi!",电影的意识流作品啊，我等寻常人看着很是晦涩难懂，失去了看电影的趣味。
"奥菲斯的遗嘱 Le testament d'Orphée, ou ne me demandez pas pourquoi!",3.5
"奥菲斯的遗嘱 Le testament d'Orphée, ou ne me demandez pas pourquoi!",CC收藏第69部，三部曲终结篇。相对于让·谷克多设计的穿越桥段，令人印象最深刻的是各种回放，当成特效来衔接剧情，制造出神乎其神的效果。这在当年看起来，一定会吓死几位信徒吧。这位伟大的艺术家在电影中表现出魔术师的天分。6.8分
"奥菲斯的遗嘱 Le testament d'Orphée, ou ne me demandez pas pourquoi!",作为三部曲的尾曲和诗人一生的总结，这部电影包含了太多智慧。
"奥菲斯的遗嘱 Le testament d'Orphée, ou ne me demandez pas pourquoi!",很多倒放，假的有点搞笑
"奥菲斯的遗嘱 Le testament d'Orphée, ou ne me demandez pas pourquoi!",魔幻色彩十足，但内容不怎么好理解
"奥菲斯的遗嘱 Le testament d'Orphée, ou ne me demandez pas pourquoi!",一头雾水，看不懂
"奥菲斯的遗嘱 Le testament d'Orphée, ou ne me demandez pas pourquoi!",影片如同梦游，非影痴级的观众很难跟得上。整体风格介于低调的嘲讽和悲观之间。
"奥菲斯的遗嘱 Le testament d'Orphée, ou ne me demandez pas pourquoi!",看到了马男波杰克的真人版。诗人的电影不为了你懂。
"奥菲斯的遗嘱 Le testament d'Orphée, ou ne me demandez pas pourquoi!",果然跟本儿诗集一样... 下午喝茶的时候在旁边当背景的那种片子
"奥菲斯的遗嘱 Le testament d'Orphée, ou ne me demandez pas pourquoi!",3.5.电影是石化的思想的喷泉、艺术家与艺术品的关系、自动化的艺术生产机器等等。谷克多的遗嘱，其人关于艺术的种种思考。
"奥菲斯的遗嘱 Le testament d'Orphée, ou ne me demandez pas pourquoi!",如果把这部片子想成一件一件的艺术品会更好
"奥菲斯的遗嘱 Le testament d'Orphée, ou ne me demandez pas pourquoi!",电影比较抽象，不适合多数人看。
"奥菲斯的遗嘱 Le testament d'Orphée, ou ne me demandez pas pourquoi!",伤脑筋
"奥菲斯的遗嘱 Le testament d'Orphée, ou ne me demandez pas pourquoi!","三部曲讲完死亡、爱和时间，但这一部并不好看，作为自传性电影，冗长台词太多，节奏太慢。

突然觉得这就是《四个四重奏》的内容啊！"
"奥菲斯的遗嘱 Le testament d'Orphée, ou ne me demandez pas pourquoi!",导演遗嘱，冷艳的探讨生死，片尾不好太过自负
"奥菲斯的遗嘱 Le testament d'Orphée, ou ne me demandez pas pourquoi!",看过，仅此而已
"奥菲斯的遗嘱 Le testament d'Orphée, ou ne me demandez pas pourquoi!",太抽象实验了 看的我紧张。他是想说艺术指引灵魂吗？翻译也不好
"奥菲斯的遗嘱 Le testament d'Orphée, ou ne me demandez pas pourquoi!","导演是一部电影的上帝，
用一种魔鬼的语言；
电影是一种认真的消遣，
用一朵花开的时间。"
"奥菲斯的遗嘱 Le testament d'Orphée, ou ne me demandez pas pourquoi!",满篇隐喻、道理与暗示
"奥菲斯的遗嘱 Le testament d'Orphée, ou ne me demandez pas pourquoi!",诗人的电影太不按常理出牌了，像是异世界来的
"奥菲斯的遗嘱 Le testament d'Orphée, ou ne me demandez pas pourquoi!",没看懂。。。
"奥菲斯的遗嘱 Le testament d'Orphée, ou ne me demandez pas pourquoi!",太抽象了~~
"奥菲斯的遗嘱 Le testament d'Orphée, ou ne me demandez pas pourquoi!",让.谷克多遗作。“电影独特的魅力，在于可以使许多人一起拥有共同的梦想，并让我们觉得电影就是现实。简言之，电影是诗极好的表达方式。我的电影就如脱衣舞，渐渐剥离我的身体，露出裸露的灵魂，因为大批的观众渴望超越现实的现实，这种现实必将变成我们时代的标志。……电影是石化了的思想的喷泉。”
"奥菲斯的遗嘱 Le testament d'Orphée, ou ne me demandez pas pourquoi!",21/1/2006 7:30pm HKFA
"奥菲斯的遗嘱 Le testament d'Orphée, ou ne me demandez pas pourquoi!","“你永远都不可能画出花来，因为所有的艺术家都只会画他自己。” 
像艺术品一样难懂"
"奥菲斯的遗嘱 Le testament d'Orphée, ou ne me demandez pas pourquoi!","不停炫技的詩人電影完結篇，居然還有尚皮耶李奧,碧姬芭杜,尤伯連納和畢卡索的客串演出呢。"
"奥菲斯的遗嘱 Le testament d'Orphée, ou ne me demandez pas pourquoi!",完全没有感觉。导演使劲自恋，可是，谁会在乎呢？唯一的亮点是，玩鲜花复活时那段配乐，是俺n年前的手机铃声，着实惊奇了一把。
"奥菲斯的遗嘱 Le testament d'Orphée, ou ne me demandez pas pourquoi!",年少轻狂时完全不知道这货在演啥 事到如今 也没有了知道的兴致 噢耶！
"奥菲斯的遗嘱 Le testament d'Orphée, ou ne me demandez pas pourquoi!",好古怪的电影......装着有多牛逼的样子，其实就是大量采用了镜头倒放，科学家的子弹并没有让诗人到达什么未来，只是让他换了套衣服而已啊！还有那朵用诗人的血做的破花，公爵夫人的马头男宠......什么玩意儿！
"奥菲斯的遗嘱 Le testament d'Orphée, ou ne me demandez pas pourquoi!",希腊神话真拙计
"奥菲斯的遗嘱 Le testament d'Orphée, ou ne me demandez pas pourquoi!",谷克多一如既往向死而生地作死，俄狄浦斯和斯芬克斯的悲剧也被拿出来遛了一遛，雅典娜的知性也被置若罔闻，搭上毕加索就为了你的自负买单，只有吐纸机器在理。同样是死亡的永恒命题，还是帕拉杰诺夫《被遗忘祖先的阴影》更让我着迷。
"奥菲斯的遗嘱 Le testament d'Orphée, ou ne me demandez pas pourquoi!",这要中国导演不被骂死才怪。棚拍舞台感十足。奥菲斯的遗言：电影独特的魅力，在于可以使许多人一起拥有共同的梦想，并让我们觉得电影就是现实，简言之电影是诗极好的表达形式，我的电影就如脱衣舞，渐渐剥离我的身体，露出裸露的灵魂，因为大批观众渴望超越现实的现实。这种现实必将成为我们时代的标志
"奥菲斯的遗嘱 Le testament d'Orphée, ou ne me demandez pas pourquoi!",很好看哦，可惜看晚了，强烈推荐
"奥菲斯的遗嘱 Le testament d'Orphée, ou ne me demandez pas pourquoi!",我的电影就像是一场脱衣秀，将我的躯壳一件件脱去，如此才能展现我赤裸裸的灵魂，因为在黑暗中，存在着数量可观的观众，他们对超越表象的真实求知若渴，而这真实，早晚会成为我们时代的表征。PS：毕加索客串+1。死生兰花+1。
"奥菲斯的遗嘱 Le testament d'Orphée, ou ne me demandez pas pourquoi!",一部随心所欲的神话式电影告诉人们不要做一个随心所欲的人
"奥菲斯的遗嘱 Le testament d'Orphée, ou ne me demandez pas pourquoi!","D9三部曲全包含.怪不得這是最貴...那馬頭,那花朵,真是很神奇"
"奥菲斯的遗嘱 Le testament d'Orphée, ou ne me demandez pas pourquoi!",法国新浪潮才刚起步，Jean Cocteau玩先锋已经30个年头了。作为三部曲的尾曲和诗人一生的总结，这部电影包含了太多智慧。
"奥菲斯的遗嘱 Le testament d'Orphée, ou ne me demandez pas pourquoi!",作为电影，它并不完美，整体风格介于低调的嘲讽和悲观之间，如同梦游。作为以电影写就的遗嘱，它是伟大的，独一无二的。可惜看不进去。
"奥菲斯的遗嘱 Le testament d'Orphée, ou ne me demandez pas pourquoi!",考克多真心已经把超现实玩到头了，并且他不是用一种猎奇的想要让人惊奇的态度在拍，而是把一切都变得理所当然而又高贵无比，穿越时间质疑命运重塑神话，甚至可以在电影介质本身的内外相互转化，考克多是诗人，而且是那种透彻了生命的预言者。
"奥菲斯的遗嘱 Le testament d'Orphée, ou ne me demandez pas pourquoi!",谷克多留给人间最后亦是最美的一首诗歌。（题外话，谷克多的左手真像周总理，难道也曾摔伤过？为何一直弯曲放在腰部前方？连走路也不例外）
"奥菲斯的遗嘱 Le testament d'Orphée, ou ne me demandez pas pourquoi!",先锋派里少有的可以接受的作品。三部曲完结，大师遗作
"奥菲斯的遗嘱 Le testament d'Orphée, ou ne me demandez pas pourquoi!",让·考克多的银幕绝唱，可视为他私人日记的公开，展现了艺术家、艺术创作以及艺术梦想之间的互相作用，是他向电影艺术的道别。一位18世纪的诗人通过时间隧道到了一个神秘的地方，他遇到了许多让他死亡又让他重生的事物。可是他还是必须面对死亡的洗礼，他还有什么心愿未了吗？
"奥菲斯的遗嘱 Le testament d'Orphée, ou ne me demandez pas pourquoi!",比诗人的血丰满阿
"奥菲斯的遗嘱 Le testament d'Orphée, ou ne me demandez pas pourquoi!",Jean Cocteau
"奥菲斯的遗嘱 Le testament d'Orphée, ou ne me demandez pas pourquoi!",艺术家的情绪和情趣。
"奥菲斯的遗嘱 Le testament d'Orphée, ou ne me demandez pas pourquoi!",三部曲的最后一部，考克多遗作，把自己的一生拍成了这部诗一样又晦涩又深奥又高贵的传记片，穿越时间质疑命运重塑神话，考克多真是把超现实主义玩到了极致。
"奥菲斯的遗嘱 Le testament d'Orphée, ou ne me demandez pas pourquoi!",天才的绝唱，美好的诗人电影。实与虚的界限被彻底打破，艺术家在自己的作品中出入，与自己的人物交谈时间和永恒，追问艺术表达的边界。视觉在片中＂退化＂成了一种辅助，回到语言这一诗人的基本工具。这是一部神奇且动人的电影。
奥黛丽·赫本的故事 The Audrey Hepburn Story,诚然她很爱赫本，但抱歉，她缺乏神韵
奥黛丽·赫本的故事 The Audrey Hepburn Story,加菲猫主人的女朋友
奥黛丽·赫本的故事 The Audrey Hepburn Story,谁找的女演员？赫本形象幻灭了，气质哪去了？
奥黛丽·赫本的故事 The Audrey Hepburn Story,她演得不好看
奥黛丽·赫本的故事 The Audrey Hepburn Story,原来老外眼中的赫本与亚洲人理解的不同，我们都以为赫本是优雅善良高贵的天使，原来他们认为赫本只是一个性感尤物，可以在无数优秀男人中穿梭自如。本片唯一可取之处是在亲情的表达上十分感人。
奥黛丽·赫本的故事 The Audrey Hepburn Story,一开始看到剧照时，感觉Jennifer Love Hewitt与Hepburn实在相去甚远，后来看了电影，Jennifer有几分神似，同样透着些灵气，只是气质难以模仿，Hepburn已矣，虽万人何赎。明星演明星绝对不容易，除了片中的赫本、杜鲁门·卡波特外，派克、鲍嘉等人实在不像。
奥黛丽·赫本的故事 The Audrey Hepburn Story,"和 Audrey Hepburn比,差远了"
奥黛丽·赫本的故事 The Audrey Hepburn Story,"200.08.10 @ Office
Jennifer同学 over啦..."
奥黛丽·赫本的故事 The Audrey Hepburn Story,洛芙很漂亮，但不够美，跟赫本比起来，毫无气质
奥黛丽·赫本的故事 The Audrey Hepburn Story,很久以前看的，演赫本的女演员就是个土鳖
奥黛丽·赫本的故事 The Audrey Hepburn Story,选角是大失败。又能有谁演绎她呢。
奥黛丽·赫本的故事 The Audrey Hepburn Story,有关奥黛丽·赫本生平的美国传记片。要想表达出奥黛丽·赫本清新隽永、纯洁可爱的风采，本片主角还差很多呢，汗~~
奥黛丽·赫本的故事 The Audrey Hepburn Story,还好 但是不太像
奥黛丽·赫本的故事 The Audrey Hepburn Story,这个女演员没有Audrey Hepburn的那股灵气
奥黛丽·赫本的故事 The Audrey Hepburn Story,曾经电视上的中文配音版 好多台都播过 午夜场什么的
奥黛丽·赫本的故事 The Audrey Hepburn Story,赫本是坠入人间的天使。不怨詹妮弗的演技，只是任何人都无法复刻她的气质她的美，她是无法替代的独一无二。
奥黛丽·赫本的故事 The Audrey Hepburn Story,平铺直叙
奥黛丽·赫本的故事 The Audrey Hepburn Story,好平淡啊！！！
奥黛丽·赫本的故事 The Audrey Hepburn Story,这不是奥黛丽赫本。
奥黛丽·赫本的故事 The Audrey Hepburn Story,演员的嘴角是下歪的。
奥黛丽·赫本的故事 The Audrey Hepburn Story,演员还是缺少赫本的神韵，不过可以通过电影了解赫本的生活
奥黛丽·赫本的故事 The Audrey Hepburn Story,蛮喜欢赫本的，但这片子看完后，就只记得她和几个男人的爱情故事了，而且拍得让人觉得很轻浮，咋就次次嘎快就FALL IN LOVE了呢。。女主其实蛮漂亮的，但实在是找不到赫本的气质啊，形有点似，神全无啊。。
奥黛丽·赫本的故事 The Audrey Hepburn Story,== 女主长得像翁虹
奥黛丽·赫本的故事 The Audrey Hepburn Story,Everything's gonna be all right tomorrow！ 赫本是个善良的女孩，女孩要学会善良~
奥黛丽·赫本的故事 The Audrey Hepburn Story,我挺喜欢Jen 的，但是，她真的不适合演赫本。。。。。。
奥黛丽·赫本的故事 The Audrey Hepburn Story,不像赫本
奥黛丽·赫本的故事 The Audrey Hepburn Story,只能用还行来形容了。除了背影有点像. 而扮演派克的男演员简直太恐怖了
奥黛丽·赫本的故事 The Audrey Hepburn Story,头重脚轻
奥黛丽·赫本的故事 The Audrey Hepburn Story,2015，第43部。画面和场景美到没话说，可惜演员和奥黛丽女神毫无相似度，就算化了妆也没有五成相似度。
奥黛丽·赫本的故事 The Audrey Hepburn Story,着重在励志了。个人对赫本很痴迷，所以对她的故事也比较了解，她的故事在这部电影里面体现的比较片面。不过每个人写故事的角度和想表达的东西也不同，所以还是不错的。演员的话，个人觉得神韵是有几分赫本味，但还是差之千里啊。
奥黛丽·赫本的故事 The Audrey Hepburn Story,哎，谁都演不来我的奥黛丽赫本。。。。
奥黛丽·赫本的故事 The Audrey Hepburn Story,女主挺漂亮的，就是不像奥黛丽的感觉
奥黛丽·赫本的故事 The Audrey Hepburn Story,缺少神韵和气场
奥黛丽·赫本的故事 The Audrey Hepburn Story,只有前半生，只展示了三部电影的制作过程，说内容不够丰富不为过吧。女主角是我看过的传记电影中最出名、最漂亮的了，剧情决定她发挥空间不大，表现还行
奥黛丽·赫本的故事 The Audrey Hepburn Story,我觉得应该模仿阮玲玉，也放一段赫本地片花，此女的罗马假日真让我汗颜呐。而且感觉这里的赫本那么。嗯，放荡。演的不像，但背影相似。
奥黛丽·赫本的故事 The Audrey Hepburn Story,女神不可复制，妹儿啊，你还是一直戴着墨镜演吧，一摘下来幻觉消失美感全无……女主角真是要气质没气质要样貌没样貌连个形似都没有，看来女神真心只有唯一。
奥黛丽·赫本的故事 The Audrey Hepburn Story,演员太矫揉造作了
奥黛丽·赫本的故事 The Audrey Hepburn Story,形不似也无神，全当看故事了。
奥黛丽·赫本的故事 The Audrey Hepburn Story,规矩得不行。
奥黛丽·赫本的故事 The Audrey Hepburn Story,我想，赫本范儿应该比她正得多吧。
奥黛丽·赫本的故事 The Audrey Hepburn Story,毁了赫本啊
奥黛丽·赫本的故事 The Audrey Hepburn Story,Audrey Hepburn实在是太美了
奥黛丽·赫本的故事 The Audrey Hepburn Story,最后的奥黛莉本人影像让人觉得，女演员怎么这么失败
奥黛丽·赫本的故事 The Audrey Hepburn Story,该片分成上下两部，以纪实的视角着重刻画了奥黛丽赫本的前半生。故事采用倒叙方式，从奥黛丽（Jennifer Love Hewitt饰）拍摄《蒂凡尼的早餐》时开始叙述，在片场中她看见追捧的人们，恍然回到童年时期——那时候家庭富足，有一个疼爱她的父亲，慈爱的母亲。随着二战爆发，她与母亲居住在荷兰的舅舅家，
奥黛丽·赫本的故事 The Audrey Hepburn Story,奥黛丽的生活没有我想想好，只是一个星而已
奥黛丽·赫本的故事 The Audrey Hepburn Story,与原本想象的差别好大。。。
奥黛丽·赫本的故事 The Audrey Hepburn Story,"样子实在不像
唉
但是看到那一双大眼睛
我们会忘记样子
再次沉醉于纪梵希的那袭白纱礼服
内衬是桃红色
唉
这就是西方的石榴裙"
奥黛丽·赫本的故事 The Audrey Hepburn Story,神似吧。。但无法超越。。
奥黛丽·赫本的故事 The Audrey Hepburn Story,女主角漂亮，但是沒有奥黛丽的味道
奥黛丽·赫本的故事 The Audrey Hepburn Story,电影叙述表现很一般，女主演的也一般，没演出赫本的神韵。
奥黛丽·赫本的故事 The Audrey Hepburn Story,她真是瘦的和赫本一个档了。。。
奥黛丽·赫本的故事 The Audrey Hepburn Story,Jennifer Love Hewitt其实与Audrey形象相差十万八千里...Well，至少两者都喜欢，不过 Emmy Rossum 那贱女人就算了
奥黛丽·赫本的故事 The Audrey Hepburn Story,一般。。
奥黛丽·赫本的故事 The Audrey Hepburn Story,"天使的人生远比此精彩
"
奥黛丽·赫本的故事 The Audrey Hepburn Story,很多東西就只有一次，過了就過了…替代品永遠代替不了真的…
奥黛丽·赫本的故事 The Audrey Hepburn Story,我觉得一点都不像。
奥黛丽·赫本的故事 The Audrey Hepburn Story,jennifer love hewitt演得还不错~~~ 
奥黛丽·赫本的故事 The Audrey Hepburn Story,外形 有了 身形 有了 气质 差强人意 气场 约摸为零 好吧 其实换谁都不成
奥黛丽·赫本的故事 The Audrey Hepburn Story,传记片基本都在看故事，但剧情设置以及角色把握决定观众的审美。
奥黛丽·赫本的故事 The Audrey Hepburn Story,没有中文字幕真痛苦...
女先行者 Woman Walks Ahead,一看又是劳模姐会演的片，无功无过。
女先行者 Woman Walks Ahead,难得看一部劳模姐不用低胸露乳装的电影了（虽然还是停换衣服）。电影本身张力不够，风光摄影一般，没有波涛其他的果然很平。
女先行者 Woman Walks Ahead,坐牛戴上头冠 好帅啊。可是，他们在白人面前，只能被屠杀，他们是弱势，家园终究被抢走。
女先行者 Woman Walks Ahead,中规中矩，导演想用克制的方式展现印第安保留地的悲剧，但出来效果却只有保守平淡和畏手畏脚，这个故事本可以有更凌厉的呈现。我劳模姐的镜头很美，坐牛透着一种广袤土地质感的性感，下颚微昂地说出“live more”是全片最帅，印第安原住民与美国白人间的火花意外地不违和，给两位演员点赞。
女先行者 Woman Walks Ahead,劳模姐永远追求并恪尽职守的女权观与作为片子主线的印第安人的斗争合起来威力不会小，做到对历史事实的记录和再现就可以功德圆满了。有挺诗意的开头，虽然中途不知道劳模姐到底在干什么，影片也好像一直在试探着节奏，怕中爱情的蛊，可惜啊情感共鸣不起来只落个深明大义的壳，就拿出来讲不是什么大事。
女先行者 Woman Walks Ahead,Bill Camp 演坏人挺没说服力的，那么多的单向箭头是怎么回事？
女先行者 Woman Walks Ahead,比起结尾残酷的史实，影片显得克制多了。配乐缓和入心。移民北美大陆的白种人对本地土著的灭绝行为有多丧失人性，卡罗琳这样的人就有多勇敢。
女先行者 Woman Walks Ahead,劳模姐，就和慰安妇和南京大屠杀一样，屠杀印第安人也是美国最不愿被外界提起的历史事件。
女先行者 Woman Walks Ahead,比想象的好看，重点刻画坐牛，网络斗士们whitewash你麻痹。整体还是太逼逼洗，导演太差了，但我多加一星给各类爷爷，他把坐牛对文明世界的好奇心以及对自己血脉myth的自豪感微妙融合在一起，让观众产生最多的同理心。Live more那场戏太迷人了，骑马戴冠也超级英武。BILL CAMP戏少且slay，爱上了。3.5
女先行者 Woman Walks Ahead,冲突那场戏还是太平了。这要得亏劳模姐在，要不然估计更没多少关注。
女先行者 Woman Walks Ahead,中规中矩的女性传记片 杰西卡 查斯坦 处理这种角色早已游刃有余 甚至程序 我担心她的形象从此就被固定 不过话说回来 片子里的几个镜头还算考究7.3
女先行者 Woman Walks Ahead,讲述白人是如何一步步以暴力屠杀（有时候是灭族屠杀）掠夺印第安人土地，以及一位白人女性印第安人权先行者卡洛琳.威尔登的故事；19世纪白人的另一面就是瘟疫，到哪里就一片掠夺、疯抢和屠杀，而且往往以上帝名义；在于印第安人的战争中，彼此屠戮（老幼不免），结果如今就是土著成了自己土地的陌生人
女先行者 Woman Walks Ahead,雀丝坦接的本子都程式化了，努力总会有收获，迟早的奥后。
女先行者 Woman Walks Ahead,美国政府历来就是这样的卑鄙和无耻
女先行者 Woman Walks Ahead,他们从行处来到了穷途，终于肯回头望上一望自己的吃相。
女先行者 Woman Walks Ahead,——山上的积雪终年不化吗？——那不是雪，是水牛的骨。
女先行者 Woman Walks Ahead,剧情节奏不好，土著族的演员演技非常好，劳模姐平常，故事没有太多高潮，有点沉闷。
女先行者 Woman Walks Ahead,劳模姐演劳模
女先行者 Woman Walks Ahead,劳模姐又被揍了 心疼
女先行者 Woman Walks Ahead,就是……很工整很传统很平庸～没有什么明显的优点，也没有扎眼的不足，平淡寡味，故事设定本可以玩得考究+深刻，只能说导演能力有限，没能将人类难以启齿的黑历史拍出与之匹配的力道。
女先行者 Woman Walks Ahead,live more
女先行者 Woman Walks Ahead,一直没敢看，找到了心情一口气看完。“历史偏爱传奇胜过平凡，偏爱高尚胜过残暴”。还是挺感人的。
女先行者 Woman Walks Ahead,劳模姐特供片。
女先行者 Woman Walks Ahead,文艺女寡妇只身进藏，为了给酋长画画，日夜相守，连洗澡都在旁边画，你和我说这是纯情？？
女先行者 Woman Walks Ahead,欠的总要还的。。。
女先行者 Woman Walks Ahead,20180707 kj会后的早晨 担心0709
女先行者 Woman Walks Ahead,一般
女先行者 Woman Walks Ahead,过于平铺，连戏份都是，可惜了这风光和演员。。。坐牛好帅啊啊啊
女先行者 Woman Walks Ahead,电影选取的风景很美  很广阔  一些镜头很有艺术感  配乐很舒缓  故事或者说这段历史很惨痛很伤感  又是一部杰西卡查斯坦的可以一看但是没啥惊喜的传记类电影
女先行者 Woman Walks Ahead,求求劳模少拍点这种类女强人的角色吧！大明湖畔的The Help你还记得吗
女先行者 Woman Walks Ahead,（5/10）传记片就两种风格，就这还跑偏了。
女先行者 Woman Walks Ahead,2018-10-2  算是为印第安种族主义站台的片子，中规中矩！
女先行者 Woman Walks Ahead,剧情较平，所以看过的人那么少？
女先行者 Woman Walks Ahead,题材不错，缺火后。
女先行者 Woman Walks Ahead,勇敢的女性故事 
女先行者 Woman Walks Ahead,看预告我就知道又要糊，但为了吸查女士和山老师的美颜还是耐心的看了一遍。画面很美查女士很美山老师很帅，但全片最出彩的是sitting bull。说的是woman walks ahead，可编剧在中后期没怎么刻画出一位女先行者该有的样子吧。倒是配角的Sam老师贡献了精彩的表演。
女先行者 Woman Walks Ahead,为了劳模姐看的，剧情太平淡了，片名是女先行者大部分情节都在讲坐牛，没有太刻画出她怎么帮助印第安人做斗争，有一大段甚至以为要和坐牛来一场恋爱还好克制住了。
女先行者 Woman Walks Ahead,劳模真是阿姨脑残粉，最后一定是自以为很像《天堂之门》吧。
女先行者 Woman Walks Ahead,非常劳模。过于劳模。
女先行者 Woman Walks Ahead,重点好像不在女先行者上
女先行者 Woman Walks Ahead,看上去本该是个如歌如泣荡气回肠的故事，结果洋洋洒洒整部电影下来只剩索然无味，基本可以和贝尔那部《敌对分子》放在一块儿看，当下好莱坞的几种拍片趋势估计用不着多久就得让观众感到审美疲劳。即使是不二人选劳模姐也没贡献多少亮点，徒留几段夕阳下的剪影所营造的荒凉感为羸弱的剧作挽回些许颜面。
女先行者 Woman Walks Ahead,电影始终在剧情的推进和节奏的金进退间试探，却始终未曾迈进一步。这倒和劳模姐身先士卒的态度不同，像劳模姐这么会演戏的演员，都要成女权专家了，一直在演这样的角色，势要为全球女性带盐。
女先行者 Woman Walks Ahead,反应的问题也许是美国历史上种族矛盾重重的一段尖锐对立，但影片的形式上还是容易让人昏昏欲睡。
女先行者 Woman Walks Ahead,题材不错，导演才华不够。
女先行者 Woman Walks Ahead,很好，5分钟就看睡着
女先行者 Woman Walks Ahead,仅仅是对时代的匆匆一瞥。肤浅，无趣，剪辑松散，配乐让人昏昏欲睡，风光摄影不知所云，剧情和角色也模糊非常。好在人美心善的劳模姐对这类剧本情有独钟，没了她，这电影也就只剩下西部景色和印第安文化（如果导演真的曾打算刻画过的话）的胡乱拼贴了。
女先行者 Woman Walks Ahead,审美疲劳
女先行者 Woman Walks Ahead,好无聊啊....
女先行者 Woman Walks Ahead,只能说导演编剧太平庸了，卡司阵容无敌，表现也很好，可是整个前半部分就是抓不到人的敏感点
女先行者 Woman Walks Ahead,"一个不错的女性故事 几个在夕阳下的镜头特别有艺术感 关于walk的rule behind,side by side, ahead电影里都有提到 最后Katherine真的是一个walk ahead的女人 不管是对原住民的理解 还是那个时代一个女人有勇气跑到钱那么远的地方去追寻梦想"
女先行者 Woman Walks Ahead,一部娓娓道来的文艺片，剧情起伏不大，景色美丽，劳模姐的表演还不错，但画家的特性和气质表现不足。印第安人的悲剧令人嗟叹，白人的残暴和阴险可见一斑。
女先行者 Woman Walks Ahead,男女主表演無懈可擊。
女先行者 Woman Walks Ahead,很不错的电影。反映了美国对印地安人的残酷的迫害💔，印地安人热爱土地，热爱自由。但是最终被侵略者迫害，历史不会遗忘这一段血腥。我觉得女主人公真是勇敢而伟大，是一位值得尊敬的女士。对被压迫人民充满同情与帮助。最后坐牛还是死在了美国人的枪下，痛心。
女先行者 Woman Walks Ahead,7.0
女先行者 Woman Walks Ahead,西部旷野拍得像油画那样美。一脸凶相的上校其实有颗仁慈之心，暗示以地换命。女画家天真而正直，酋长困兽而待毙。唉，狂野西部的尾声。伤感。
女先行者 Woman Walks Ahead,挺不错的历史电影！评分居然才6.6？
女先行者 Woman Walks Ahead,其实整体还好，但是真心希望劳模姐不要执着于girl power了，typecast会让人审美疲劳的。还是喜欢Eleanor Rigby
女先行者 Woman Walks Ahead,拓荒人
女先行者 Woman Walks Ahead,印第安人真的很好看，和藏族人相似。有的男人留长发也可以很俊美，和男性气质融合得毫不违和。“你们的社会太看重一个人拥有多少，而我们却看着他付出了多少。”“我们在第一次见陌生人时不会马上说好，因为语言是一种障碍。”
女先行者 Woman Walks Ahead,天命注定末路英雄村长寡妇白马唐僧这绝配啊😭
好心先生 Mr. Nice,终于耐着性子看完了，这种英国爱尔兰毒品题材的片子可真不适合我，当初真是下错了，还以为是好好先生呢，卢平教授好亮点，片子也就复古的感觉很不错，音乐也挺好听！
好心先生 Mr. Nice,mr lovegood+professor lupin 只是容颜已老，潇洒依旧。果然是英岛国演员人人都来演HP吧！大毒枭的传记片，有些平淡
好心先生 Mr. Nice,全凭演员个人魅力 没个轻重缓急 流水账~
好心先生 Mr. Nice,一边看吴敏霞何姿的比赛一边看了这电影...平淡的传记片~不过为毒贩立传 倒还真是我泱泱大国不会有的事情...Howard Marks在wiki上面还颇有篇幅 毕竟大毒贩不是谁都能做的...
好心先生 Mr. Nice,男主太苍老了，音乐很赞。
好心先生 Mr. Nice,呵呵 因为前阵子梦见Mr. Nice所以找来看的 微失望呢 音乐还不错
好心先生 Mr. Nice,同样是最牛毒贩，可是和《美国毒枭》一比真是弱爆了。。。伊凡斯和德普一比也弱爆了。。。还是喜欢诺丁山里的他。。
好心先生 Mr. Nice,基于英国史上最牛毒贩霍华德·马克思的真实经历改编的英国传记片，散发着浓浓的英式风味。
好心先生 Mr. Nice,"Every time I crossed the border, I'd get a religious flesh and a asexual orgasm."
好心先生 Mr. Nice,口音很萌。RI和LG有80%相像。Oxford出人才啊。OST。
好心先生 Mr. Nice,一直在梦游
好心先生 Mr. Nice,no subtitles and they all speak irish...= =he looks like LG so much!!!!!!!!!
好心先生 Mr. Nice,Chloë Sevigny is surprisingly hot (okay maybe just don't focus on her face).
好心先生 Mr. Nice,原型人物是个英雄，说的是个还凑合的故事，电影是部不好看的电影。不及《大毒枭》。唯一的发现是ChloeSevigny非常美好。
好心先生 Mr. Nice,题材不错，里面有些英式幽默也不错。凭着英国最大大麻贩毒头头的卖点吸引我来看，结果总觉差了许多。如果让其他导演来，比如海盗电台的导演，应该就很好看！！
好心先生 Mr. Nice,看着不惊险刺激啊，而且，男主角面相太老，从十八岁演到四十多岁，看着真别扭啊。爱尔兰人还是挺猛的。。。
好心先生 Mr. Nice,说实话，这个带有传记色彩的电影，让人真的没有看出他有多牛，难道我真的已经老了。。。。
好心先生 Mr. Nice,片子不怎麼樣，但真正的MR.Nice實在是不得了。這真的不是犯罪。
好心先生 Mr. Nice,毒枭的一辈子，瑞斯·伊凡斯刚还是胡克船长，马上又变身毒贩子，真奇葩……
好心先生 Mr. Nice,有点水，剧情太平淡啦
好心先生 Mr. Nice,事实证明牛津也出会贩毒的好学生！
好心先生 Mr. Nice,味道平淡，剧情几乎全靠旁白推进。
好心先生 Mr. Nice,竟然还有跟军情六处搭界的毒贩
好心先生 Mr. Nice,想拍出毒品的感觉，哈哈
好心先生 Mr. Nice,"Don't bogart that joint,my friend!"
好心先生 Mr. Nice,还是对毒贩没有兴趣
好心先生 Mr. Nice,大麻合法化。。。2012.1.14
好心先生 Mr. Nice,迷幻跟情色。别的没有印象。
好心先生 Mr. Nice,在<那些年>之后看的，打分三颗星是因为这部的确不够四星标准，但真他妈后悔给<那些年>打了三颗星，那货顶多值两星半。
好心先生 Mr. Nice,头重脚轻，交待的不明白
好心先生 Mr. Nice,WX-D9 一般
好心先生 Mr. Nice,前后差距好大...
好心先生 Mr. Nice,我们的生活就是娱乐！
好心先生 Mr. Nice,昨天下班一个人去电影院看的 威尔士口音听的不是太懂 看了一半睡着了 不是特别有意思的电影 不适合独自在电影院观看。。。。
好心先生 Mr. Nice,429508
好心先生 Mr. Nice,平淡的英国味，没看完都。开始挑电影看将从这部开始
好心先生 Mr. Nice,锤嫂好美哦，RI演个毒贩，尺度有点大。
好心先生 Mr. Nice,重口味。。男主角好有味道！
好心先生 Mr. Nice,太失望了，那么好的故事给拍的如此平淡无奇。
好心先生 Mr. Nice,"同样说一毒贩，还真比不上Johnny deep的美国毒枭
"
好心先生 Mr. Nice,当年也只能贩贩大麻而已
好心先生 Mr. Nice,音乐好 Philip Glass
好心先生 Mr. Nice,又很平淡
好心先生 Mr. Nice,被电影海报和预告片吸引去看的，结果今天周五公映远没有周三公映的《华尔街2》观众多。影片本身没什么特别出彩的地方。
好心先生 Mr. Nice,故事不错，但感觉影片在节奏上的安排有些问题，前面有点累赘，看下来像个纪录片
好心先生 Mr. Nice,看不懂的电影，性，毒品，犯罪？？
好心先生 Mr. Nice,"没仔细看=,= 貌似不是我喜欢的类型..."
好心先生 Mr. Nice,一个传奇的经历，但拍得太平淡而且很多关键点没有介绍，转折太突兀了，比预言者差不少。 -2012.2.28
好心先生 Mr. Nice,Mr.Nice
好心先生 Mr. Nice,这种风格似曾相识
好心先生 Mr. Nice,真人真事，牛津大学毕业的英国最大的毒贩。这么号的题材可惜剧情铺陈太平了，无高潮无亮点
好心先生 Mr. Nice,这么高智商的罪犯。
好心先生 Mr. Nice,看好莱坞长大的人看不来英国佬拍的传奇人生
好心先生 Mr. Nice,原来人生也可以这样，惊叹
好心先生 Mr. Nice,影像超赞，我也能感觉这个电影真的不错，只是，我是快进看完的...
好心先生 Mr. Nice,为什么英国现代电影都有点毒品元素还有神叨叨的
好心先生 Mr. Nice,英范儿足，音乐棒。
好心先生 Mr. Nice,Juma KHan
好心先生 Mr. Nice,因此片对大麻产生无限向往
好心先生 Mr. Nice,差点没看下去。但是演得很不错
好莱坞庄园 Hollywoodland,本阿弗莱克凭借本片获得威尼斯影帝。。无力吐槽。。
好莱坞庄园 Hollywoodland,冲着Adrien Brody看的。
好莱坞庄园 Hollywoodland,小ben不是主角但表现还成
好莱坞庄园 Hollywoodland,借传记/悬疑的外壳讲阿德里安·布罗迪修复家庭关系的故事，本阿弗莱克的表演尚好，但是居然能在威尼斯封帝也太扯了。其他方面泛善可陈，尤其是在故事重心完全不放在乔治·里夫斯的自杀这件事本身的时候。
好莱坞庄园 Hollywoodland,看过没有感觉，而且还晕晕乎乎的...Ben还是很帅的...
好莱坞庄园 Hollywoodland,还真是无比“三星”啊
好莱坞庄园 Hollywoodland,还是不知道”超人”到底是怎么死的？自杀？！
好莱坞庄园 Hollywoodland,演员是制片公司老板手中挥之则去的棋子，在好莱坞这个声色犬马之地，要寻求真相和正义无异于引火自焚。本片告诉我们男演员末路，女演员迟暮，最是人间残酷。朋友问这片讲了什么。我说讲的是警方说一个演员的死因是自杀，侦探不信并找出很多他杀证据，但折腾好久证明还是自杀的故事。她说好无聊。
好莱坞庄园 Hollywoodland,侦探故事里不可少的人物类型：警察 助手兼女友 big boss 
好莱坞庄园 Hollywoodland,没有结局的案子
好莱坞庄园 Hollywoodland,一般了，ben同学的表现更抢眼些
好莱坞庄园 Hollywoodland,名利场的心态失衡导致的悲哀
好莱坞庄园 Hollywoodland,Ben依靠这部电影获得了威尼斯电影节影帝。带着好奇心去看了这部电影，本来以为看后会是“嗯嗯”，没想到看后却是“嗯，还不错。”
好莱坞庄园 Hollywoodland,冲人不冲影
好莱坞庄园 Hollywoodland,水城影帝 影史奇迹
好莱坞庄园 Hollywoodland,怪怪的……有钱的老女人和充满野心的少男的恋爱故事～
好莱坞庄园 Hollywoodland,迷迷糊糊
好莱坞庄园 Hollywoodland,还不错，结局的处理手法很好，给3星是因为觉得太长了。。。。。呵呵
好莱坞庄园 Hollywoodland,双线故事未能做到融合，开放式的结局也挺让人气馁的。不过，影片表现的好莱坞黄金年代浮华之下的黑暗还是挺让人震撼的。
好莱坞庄园 Hollywoodland,So glam!
好莱坞庄园 Hollywoodland,本阿弗莱克的表演尚好
好莱坞庄园 Hollywoodland,看了一半四星胚，接下去就不行了，影片试图也以多线条来描绘好莱坞这个风光无限血肉模糊的名利场，却归于流俗不见本质
好莱坞庄园 Hollywoodland,1
好莱坞庄园 Hollywoodland,原来是根据真人真事改编
好莱坞庄园 Hollywoodland,这片子。。。真心。。。挺烂的。。。
好莱坞庄园 Hollywoodland,浅浅的人生选择，不影响好演员的耐看
好莱坞庄园 Hollywoodland,"不得不说，有阿弗莱克的电影，都会觉得演技上""厄""一下……不过整体编排还行，尽管离高斯福特庄园的水准有点遥远"
好莱坞庄园 Hollywoodland,看看四五十年代的洛杉矶风情
好莱坞庄园 Hollywoodland,没什么意思，拖沓又无趣，唯一的印象就一个场景，我的点很奇怪
好莱坞庄园 Hollywoodland,emmmmmm……这部我爱的地方很多但不喜欢的地方也很多……AB这部中规中矩，本老师……虽然说是金狮影帝但……………
好莱坞庄园 Hollywoodland,味道太淡，说不上差，但是死活看不出好，布隆迪演个侦探让我感觉有些不合时宜的喜感。
好莱坞庄园 Hollywoodland,影帝的惊悚作品。根据史实改编而成。貌似演绎超人的演员已经不止一次交厄运了。再说说阿德里安·布劳迪，自《钢琴家》一具称帝后，他一直缺少重量级作品。无论是《金刚》还是这部《好莱坞庄园》。
好莱坞庄园 Hollywoodland,小本这片演得是好啊！Brody的角色太一眼望得到结尾，也是给这个黑色的现实好莱坞故事强行来了个好莱坞式的收尾。
好莱坞庄园 Hollywoodland,说实话，这电影是吓到我了~
好莱坞庄园 Hollywoodland,“超人”之死，真相究竟是什么？或许是永远的迷！
好莱坞庄园 Hollywoodland,置身事外亦如坠雾中
好莱坞庄园 Hollywoodland,我是不大明白……
好莱坞庄园 Hollywoodland,无序式交代剧情 悬案一宗
好莱坞庄园 Hollywoodland,我相信他是自杀的。
好莱坞庄园 Hollywoodland,2007.03.28 [Unfinished]
好莱坞庄园 Hollywoodland,3 stars only for the cast.
好莱坞庄园 Hollywoodland,"我本是Ben Affleck迷,看了这个电影后基本拔草了.还是Adrien Brody棒"
好莱坞庄园 Hollywoodland,悬疑 
好莱坞庄园 Hollywoodland,2007 2 23
好莱坞庄园 Hollywoodland,有些沉闷
好莱坞庄园 Hollywoodland,本 阿弗莱克演的太差了！这片全毁他手里了真的，谁那么不开眼还给他提名最佳男主的... 还是去编个小剧本自导自演个街头小弟什么的吧...
好莱坞庄园 Hollywoodland,不大懂。
好莱坞庄园 Hollywoodland,puzzle unresolved.
好莱坞庄园 Hollywoodland,你想要什么？
好莱坞庄园 Hollywoodland,早看过，怎么忘了标了？60分吧
好莱坞庄园 Hollywoodland,悲催的小本
好莱坞庄园 Hollywoodland,"看的睡着了
"
好莱坞庄园 Hollywoodland,"美剧导演的第一部电影长片貌似，那就很厉害了~演员们整体很出色
~如Zodiac一般悬疑到底，没有标准答案，一切皆有可能，很耐看
~而且此片告诉我们，“潜规则”应该也是出自好莱坞的...
"
好莱坞庄园 Hollywoodland,看看男主演而已
好莱坞庄园 Hollywoodland,今天被这两片耗掉一整天时间，片源极罕下得极慢，看得也慢。本片流于拖沓，情节简单但还可以：一个小白脸翅膀硬了要挣脱恩婆，被关爱她的夫君做掉。男猪死得不可惜，自视不明又处事无方；枉恩婆专房倾宠。画面回顾与侦破互错，幸是男主生前死后还看得明白。最后仍没找出死因，神烦开放结局。演技都好。
好莱坞庄园 Hollywoodland,韩剧的节奏，美剧的人物，日剧的情节
好莱坞庄园 Hollywoodland,是我没看懂还是这故事真的很烂。。。影帝的演技完全没派上用场。。。
好莱坞庄园 Hollywoodland,没好好看
好莱坞庄园 Hollywoodland,小本胖了更吸引人呢。唠唠叨叨一盘散沙，挤出水分回味其实挺好。好爱黄金年代的私家侦探配爵士调子，太迷人，尤其小本一首接一首唱古巴歌曲。《黑色大丽花》侦探看大丽花录像然后就yy跟她滚床单，那么大鼻子侦探看小本想什么呢XD…里斯本棒，居然有这样一面。现在才知道也是根据真实事件改编的！
好莱坞庄园 Hollywoodland,试图营造《罗拉快跑》一样的多重可能性，结果却是线索紊乱。
妇女参政论者 Suffragette,Carey Mulligan脱胎换骨...
妇女参政论者 Suffragette,话题很重要，演员很卖力，电影却一般，有些可惜。为什么不把笔墨着重放在按道理更有感染力的历史真实人物上呢？第一次看本卫肖演直男癌...😳
妇女参政论者 Suffragette,冲着cast看看。拍的不咋的
妇女参政论者 Suffragette,说话不会有人听，做事不会有人看，人们在无视你，忽略你，将所有挣扎视作无聊或是痴心妄想，只有死在国王——一个男权的领导者面前，才能引起这个世界的一点恻隐之心。过去也就一百年，然而现在也还有那么多人觉得女性已经获得了太多不该获得的权力。奴隶升作通房丫头，主妇们就开始心生警惕。
妇女参政论者 Suffragette,记录这段历史的意义远超本片的艺术价值。以一个顺从的妻子/女工的视角带观众一窥那时的妇女参政论者，主角的觉醒便是观众的成长，但群戏写的不够好，总体还是温吞了些。
妇女参政论者 Suffragette,靠讲道理得到什么真的很难
妇女参政论者 Suffragette,No.12 梅阿姨打得一手好醬油，導演恐怕是想用感情來描述這場女性的戰爭，可戰爭就是戰爭，和性別無關的，只是在親情裡面兜兜轉轉，其力自然就弱了。
妇女参政论者 Suffragette,第一次不讨厌凯瑞穆丽根。顺便说片尾显示2015年沙特才准许女性投票，但没有说的是也是在同年男性首次被准许投票。
妇女参政论者 Suffragette,应该是很感人的故事，怎么拍得如此乏味！导演烂、剧本弱、摄影只知道特写、手持吗？！唯一有力的画面是最后的纪录片。Natalie Press终于是演了个Emily了。
妇女参政论者 Suffragette,被预告片坑害太多，本以为会激荡万千妇女及妇女之友的心，但没想到相当平静地把故事讲完了。但也可能是我的偏见了，女权运动至今为止也尚未结束，这并不是一场轰轰烈烈的革命，而是整个社会意识成长的漫长之旅。
妇女参政论者 Suffragette,虽然聚焦的是20世纪初的激进运动，但表现方式过于subtle，甚至沉闷，缺乏高潮。女性运动横跨的时间太长，故事只能讲一小部分。作为抗争运动电影仍然很有意义，讨论了为何激进，短暂触及了运动的分化。卡司很扎实，Desplat的配乐。
妇女参政论者 Suffragette,"""You have a lot to lose. Life is dangerous. You don’t have to necessarily go to war for certain days of our lives to feel completely treacherous."" Sarah Treem 说过的这句话，对女性来说尤为准确。女性太容易就被剥夺了一切。"
妇女参政论者 Suffragette,2.5 明星标签贴到手软，讲真我觉得只有Helena Bonham Carter和Brendan Gleeson演得还算样；Carey Mulligan只有和孩子分别的那个地方演得顺当。
妇女参政论者 Suffragette,理想甚佳，招來許多大咖，但為區隔古裝大片，暗色調、手持攝影機看了好累。Abi Morgan還是適合電視劇，電影許多故事線嘎然而止，且為啥搞平民史觀用虛構角色當女主，而非Emily？片末各國婦女有參政權時間中國寫1949是錯的，1946制憲國民大會即有女性代表，1947行憲更確保女性名額！
妇女参政论者 Suffragette,忍耐不是美德，遇到不公，你一定要发出自己的声音，“战争是男人唯一能聆听的语言”。
妇女参政论者 Suffragette,一个女性的觉醒。无数历史告诉我们，没有不流血的斗争，因为每次你争取的权益是在侵犯那些既得利益者，人家凭什么拱手让给你。我们现在享有的很多权力不是天降的，都是前人流血换来的，现在帮着开倒车的女性你们对得起这些人哟
妇女参政论者 Suffragette,拍得略普通。
妇女参政论者 Suffragette,Brendan Gleeson角色的口音是?
妇女参政论者 Suffragette,什么重点也没有，群戏人物一个都没刻画好，梅姨是来干嘛的？只有本猫厉害了，身为基佬，却成功演了一个直男癌。
妇女参政论者 Suffragette,女性争取权利的故事，题材很符合当今好莱坞的热议话题。但是电影对其中标志性的事件描绘的太平淡，缺乏冲击力。穆里根的表演很卖力，安玛莉杜芙在颁奖季被无视很可惜~
妇女参政论者 Suffragette,凯瑞穆丽根演得很好，几乎就是她一人撑起来这部电影，对女权意识自我觉醒的过程也很精彩，几处感情戏也比较感人。但整部电影过于平整，格局也显得小了些，并没有将世人改变的态度深刻展现出来，有点可惜。
妇女参政论者 Suffragette,穆里根终于没在演绿茶婊。。。
妇女参政论者 Suffragette,新西兰竟然是第一个承认妇女享有投票权的国家，可那个时候还是英属殖民地耶
妇女参政论者 Suffragette,Nothing comes from nothing...
妇女参政论者 Suffragette,3.5豆瓣高分全靠“女权”撑起
妇女参政论者 Suffragette,"不得不使用魏宁格蜀黍攻击一下.并且,闪瞎的卡司也绝对不能再凑一块了."
妇女参政论者 Suffragette,太浅
妇女参政论者 Suffragette,女性群戏
妇女参政论者 Suffragette,英国女权运动的传记片，相比纪实性更将艺术性感染力的刻画与描绘更增加了深刻的印象。每一场关于权力的运动无不付出血和汗，最后的纪实影像比较深刻。片子结束的色彩散发着女性的柔美气息，每一种色彩都将得到尊重。
妇女参政论者 Suffragette,比较沉重...
妇女参政论者 Suffragette,演员都很尽职，但题材太闷。
妇女参政论者 Suffragette,试图在制度上改变不公就已那么难，我们又怎可希望观念上的不公和不平等能够说变就能变？电影里最触目惊心的不是那些话语权者对女权份子的打压，而是制度帮凶。在观念上，你会发现男人不太敢主动宣称什么，大部分情况下，都是帮凶们在指责和打压。这些帮凶，通常也都是女人。#女性主义是一种人道主义#
妇女参政论者 Suffragette,是的。意义大于形式。好多个场景让我想到罪恶之家。哪怕今天，顽疾一般的父权主义思想仍然普遍且顽固的存在于我们身边，平权之路任重道远。
妇女参政论者 Suffragette,刚好在看《女权主义简史》看到这一段，就电影本身来说拍的真的不算太好，演员倒是都相当惊艳，女神聚集一堂，但这样的历史无论怎么拍都必须支持，100年都不到，女性和黑人的被奴役，有色人种的被忽视，我们从未脱离愚昧，我们离平等还很远。
妇女参政论者 Suffragette,"中规中矩 想起考哥在罪恶新娘里面讲的“They are right, and we are wrong."""
妇女参政论者 Suffragette,剧情弱，很闷，直到撞马那一幕才有一点高潮
妇女参政论者 Suffragette,沉重的故事题材和引人关注的视角，只可惜前中段的冲突和转折的把控力度实在太孱弱了…… 让表演都如泥牛入海无处发力，直到跑马场的那一招“螳臂当车”，影片才像如梦初醒一般找到了发声的正确方式。
妇女参政论者 Suffragette,"父亲把孩子送人 母亲连说话的权利都没有，女童被性骚扰 妻子被家暴 不敢发声，女人工作时间更长工资只有男人的1/3。太沉重了 一百年前的这些勇敢的女性 她们一步一步被打倒再站起来反抗 才有今天。凯瑞穆丽根 可以的 “I thought we might have another way to live the life"""
妇女参政论者 Suffragette,不痛不痒，卫肖男配也出彩
妇女参政论者 Suffragette,重要历史时刻的群像画，但以主人公视角展开的情节有些缓慢，第一主角的心理建设铺垫过长。
妇女参政论者 Suffragette,英国人的片子总是这么沉闷
妇女参政论者 Suffragette,典型的英国式温吞内敛理智隐忍剧情片。片子本身拍的一般，反倒是题材很抓人眼球，英国妇女为了争取选举权而不懈斗争的故事在如今看来不可思议，可每个文明进步的社会一定都有愚昧落后的曾经，重要的是有人站出来不惜流血牺牲的为不平等呐喊。而打着进步旗号却不给人争取权利空间的社会注定死路一条。
妇女参政论者 Suffragette,有些历史真让人难受。
妇女参政论者 Suffragette,电影差点意思...
妇女参政论者 Suffragette,撞马那里看得我眼泪一飙（捂脸）btw，梅姨原来只跑了个龙套：( 而且打灯师真的没人吐槽吗
妇女参政论者 Suffragette,有点怪
妇女参政论者 Suffragette,抛开任何政治立场不提仅从电影的角度谈，故事以一个普通女工的思想转变作为切入点是对的，却在后半段明显迷失了方向结尾也是草草了事；穆里根的表演很卖力，挑战自我的精神极为可嘉，但其与生俱来的书卷气与英国底层工人的形象还是略有出入
妇女参政论者 Suffragette,剧本不咋地，没有带入感，虽然大牌很多
妇女参政论者 Suffragette,好几个著名演员，虽然梅姨只是露面一次，但剧情巨闷。画面，配乐高大上，是一部意义大于观赏性的片子。实在想中途弃了给一星，又担心豆瓣问我为什么和大众品味相差甚远，只有耐着性子看完给两颗星，浪费我时间。还是莲欢厉害，看了一分钟就弃了，我更相信她的品味，相信她的直觉了。
妇女参政论者 Suffragette,觉得就这么完了……
妇女参政论者 Suffragette,两个我最喜欢的给您当绿叶 机会来了就搂一眼
妇女参政论者 Suffragette,美本怎么这么高产啊，几乎出演了我最近看的所有片子
妇女参政论者 Suffragette,你看的时候会觉得，天啊他们怎么可以这样，但黑人呢？少数族裔呢？穷人呢？同性恋呢？其他非白人直男性呢？
妇女参政论者 Suffragette,凯瑞穆里根演技大爆发，不过还是接的清新小可爱比较适合她，这苦大仇深的女权斗争实在白瞎了她一张樱桃可人的小脸蛋。梅姨酱油打得就像在跟川普打对台一般，到是海伦娜和蒂姆波顿离婚后哥特气质全无，只觉得半老徐娘还是别据理力争的好。故事很有煽动性，可惜我是个直男癌，对于女权从来都是无感
妇女参政论者 Suffragette,年代感有了，发声略有不足。演员再卖力也难掩剧本的平庸
妇女参政论者 Suffragette,1949中国，看了这个才意识到，除了种族，肤色，还有性别歧视，想想现在的中国，其实已然不错。
妇女参政论者 Suffragette,好的题材拍出来的无聊内容
妇女参政论者 Suffragette,结局太潦草，还没高潮就结束
妇女参政论者 Suffragette,很难想象那时候的社会背景，所以会感觉片子有点平淡
妇女参政论者 Suffragette,有点失望，无大错的中规中矩之作，女权外皮下电影的内核和前些年的黑人、同性恋平权运动题材没什么差别。梅姨那个演说还是非常棒啊，穆里根的演技有进步不是只能演小姑娘了，小本的角色我觉得不算直男癌，算受时代禁锢的直男。
妙女郎 Funny Girl,奥斯卡唯一一次影后双黄蛋，奥斯卡第一个处女作影后。歌舞桥段太好看了，史翠珊大神和秦海璐长得真像。
妙女郎 Funny Girl,I can see Lea Michele identified herslf as Fanny Brice so much.....Glee把经典的都翻了，除了剧情没法搭上的Sadie Sadie。相爱，结婚，入狱，几个关键点都挺好看的，i can see the appeal.但整体剧作还是有点平淡。不过barbra唱演是真好，特别能带动情绪。
妙女郎 Funny Girl,故事冲突非常弱，完全靠芭芭拉·史翠珊的天籁歌喉撑起她的独角戏。小巷诉衷情与酒店一夜的段落还是很华美的，才28岁的史翠珊，音色兼具柔和，润泽与磁性，果然乃顶级百老汇歌手，尾声唱段采用爵士乐唱法，力量感也不输黑人女歌手。题材与68年格格不入，但微微的女权意识与性开放态度还是显示了时代影响
妙女郎 Funny Girl,"goodbye, Nick."
妙女郎 Funny Girl,我相信舞台剧版本的更好，有些抒情地方没用配乐，觉得妙。两个唱段【Rain on my parade】【My man】都是小时候听过的，就不谈戏剧改电影这个先天不足的故事本身。
妙女郎 Funny Girl,芭芭拉·史翠珊样子挺怪的。。有时有点烦。。声音倒是一直都没有变哎。我也觉得男猪魅力~ 充满好莱坞经典配乐感，原来在2013熬死卡唱的The Way We Were不是出自这里的啊？
妙女郎 Funny Girl,芭芭拉·史翠珊年轻的时候真是个美人胚子啊，看的是爱奇艺在线，美中不足的是歌词都没翻译，不知道在唱什么。
妙女郎 Funny Girl,这类电影里，《一个明星的诞生》珠玉在前，歌舞也更好，但这部做的也不错，史翠珊是凭此片获得影后了吗？《不要浇我冷水》太经典。三星半
妙女郎 Funny Girl,Watched it on AA. Oh I do worry about Fannie a lot. Gotta say she's sooooo lucky.
妙女郎 Funny Girl,其实我很好奇，芭芭拉如此滑稽并且平庸的表演是怎么和凯瑟琳并列奥斯卡影后的。。。
妙女郎 Funny Girl,歌舞片看着容易腻的原因是：1、不是粉；2、通篇音乐风格缺少变化。
妙女郎 Funny Girl,也沒什麼劇情可言的。補上這一筆多少是出於glee。忽然想起就找了看了，服化美，音樂都好聽就夠了
妙女郎 Funny Girl,情节各种不符合我的价值观  比如说芳妮为什么不可救药地爱着一个渣男 但最后 的一首《my man》让我明白了 所有不合时宜的情节都是为了芭芭拉能尽情唱出一句I am his forevermore 所以说ms berry你还要努力啦
妙女郎 Funny Girl,后半段男主有点像盖博的白瑞德即视感，迷人。芭芭拉真的是天生的演员。
妙女郎 Funny Girl,虽然一贯是威廉惠勒严谨，但这部片没什么生气
妙女郎 Funny Girl,小时候的老电影
妙女郎 Funny Girl,Funny Girl is no funny at all
妙女郎 Funny Girl,唱歌本就无聊加上没字幕就更难熬，赌徒丈夫自请下堂，歌星老婆在舞台重焕光彩
妙女郎 Funny Girl,前半场很好，后半段无聊。感觉中场休息后的剧情就是为了结尾那首my man的铺垫
妙女郎 Funny Girl,音乐片，我都爱
妙女郎 Funny Girl,前面冗长的两个小时都觉得女主做作又滑稽，尼克入狱后她轻松自如的面对记者的刁难提问，才发觉这个女人的聪明之处。然并卵，还是觉得很做作…
妙女郎 Funny Girl,中央六的年代。。。。不喜欢芭芭拉的脸，但是耐心看完了，觉得是个才华卓绝的人，，但脸还是不能恭维，，虽然确实才华卓绝。。
妙女郎 Funny Girl,威廉惠勒倒数第二部作品，虽然不算他的上乘，但暮年驾驭起歌舞片依然可谓华丽出彩
妙女郎 Funny Girl,Funny Show.What a Girl wants.
妙女郎 Funny Girl,剧情没多大意思。看点全在芭芭拉史翠珊，真是一代天后，唱腔那么有感情娓娓道来，那双狐狸般的眼睛透着狡黠和柔情。哎哟喂。
妙女郎 Funny Girl,不知道为什么想到阿黛尔的生活...完成度很好的电影，但观影全程觉得自己难以代入。
妙女郎 Funny Girl,B+，尴尬的是我觉得芭芭拉女士的演技slay她录音室歌曲的演唱··········声音真是不好听，又冰冷。片子节奏忽快忽慢的，好几处时间推移毫无防备，好几处却又显得十分臃肿。
妙女郎 Funny Girl,好奇怪的价值观，生活对她来说太轻松了吧。
妙女郎 Funny Girl,要用明星婚恋史拍音乐剧，一部《明星诞生》就够了。有Fanny Brice这么一个传奇人物，何必用这样一个平庸的切入点，还拍得如此拖沓空洞。但即使这样也没能阻止芭芭拉史翠珊拿到影后，她的表演是全片唯一看点。
妙女郎 Funny Girl,主要是男主角太辣眼。长着一张民工脸却还要装作卡萨诺瓦。而且不喜欢范妮这种没有职业操守和操守的女生
妙女郎 Funny Girl,无意中翻到这部电影，就又看了一遍。自从看了Glee，总是觉得Lea Michele一颦一笑都有Barbra Streisand的影子。不过从声音来说，我更喜欢Lea. 
妙女郎 Funny Girl,看了一半 看不下去
妙女郎 Funny Girl,美妙的歌声让我倾倒
妙女郎 Funny Girl,歌很棒！剧情就……
妙女郎 Funny Girl,★★☆ 嘉丽妹妹
妙女郎 Funny Girl,好看好笑没了
妙女郎 Funny Girl,又一个渣男，一部芭芭拉史翠姗个人秀，看久了真觉得丽娅米雪儿长得挺像芭芭拉的。
妙女郎 Funny Girl,她常用微笑来掩饰自己内心的忧伤。最后，经过艰苦不懈的努力，她的才华终于获得了歌舞大王齐格飞的赏识，得到了向往已久的成功，成了红极一时的明星。但她的成功却无法弥补私生活的不幸带给她的痛苦。
妙女郎 Funny Girl,好长啊
妙女郎 Funny Girl,感谢Glee对这部电影的普及。芭芭拉史翠珊真是异数，长得那么难看，一开口就变queen！如果她早生几年，绝壁是《蒂凡尼的早餐》里郝莉的不二人选。从开场气势磅礴的I am the greatest star到哀婉的funny girl，一个人掌控了全场。
妙女郎 Funny Girl,特别爱那首Don't rain on my parade
妙女郎 Funny Girl,感谢Glee对这部电影的普及。芭芭拉史翠珊真是异数，长得那么难看，一开口就变queen！如果她早生几年，绝壁是《蒂凡尼的早餐》里郝莉的不二人选。从开场气势磅礴的I am the greatest star到哀婉的funny girl，一个人掌控了全场。
妙女郎 Funny Girl,不太喜欢音乐剧，感觉表演还行。
妙女郎 Funny Girl,吐槽两点：男主角既没有浪子的潇洒又没有贵族的绅士气派，这应该恰恰是让芬妮迷恋不已之处，所以没有说服力；服装繁复而做作，丑。对于一部歌舞片，剧情就别太挑剔了。
妙女郎 Funny Girl,很容易把William Wyler跟各种名词联系到一起，比如：平庸、拖沓...但恰恰Wyler电影出的奥斯卡最佳女主角是最多的，看来是我自己口味问题啊...
妙女郎 Funny Girl,2019158 一星平庸
妙女郎 Funny Girl,确实是因为Glee才喜欢，找了n久来看的。只是因为音乐很棒~很熟悉~~但对于故事很不理解。
妙女郎 Funny Girl,最影后水的很，居然与赫本并列，和冬狮差远了
妙女郎 Funny Girl,没有想象的好看。情节的推进和过度都有1、、生硬。
妙女郎 Funny Girl,无知
妙女郎 Funny Girl,这个故事具有“生命力”的原因就在于， Fannie Brice代表着穿越时代的几乎所有女明星：王菲、安海瑟薇，甚至小S，而且她们全部都是gay icon......
妙女郎 Funny Girl,芭芭拉史翠珊凭借此片获得第41届奥斯卡最佳女主角奖。确实很Funny的一部影片，范妮突然挺着伪装的大肚子出场唱“最美丽的新娘”的时候，我们都笑翻了。至于网评中所说的励志什么的，没看出来。说真的，影片根本没有什么突出的主题。也许片名该改为“一个职业赌徒与一个女伶的婚姻史”。
妙女郎 Funny Girl,或许因为看了《一个明星的诞生》在先，这部在各方面都稍显平庸了。不论是歌舞，还是表演，还是整体内容深度... （再一次地，为朱迪加兰深深惋惜！没看和史翠珊当年并列的赫本，但这部里面她算是优秀）舞台布景和服饰很华丽。今天看的修复的roadshow版本，有引子和中场休息。
妙女郎 Funny Girl,1968真神奇，什么样的片子都有
妙女郎 Funny Girl,my man I love him so~he~~~~never know~~~
妙女郎 Funny Girl,Barbra美妙的歌声让我神魂
妙女郎 Funny Girl,对于那些在某一领域有着卓越成绩的女性来说，事业与家庭之间总要做出令人纠结的选择。大气的音乐和布景，加之史翠珊强大的演绎，带给我们视觉与听觉都极佳的观影感受。本片的剧情还是有些俗套，但是威廉惠勒拍摄的很动人~
妙女郎 Funny Girl,Barbra Streisand个人秀 不漂亮但是自然风趣 歌舞无懈可击 荧幕处女作这驾轻就熟的表演一看就是照搬了她自己百老汇版的套路 据说本人十分bossy只让拍左半边脸 怪不得感觉不见太多惠勒特色
妙女郎 Funny Girl,暮年的威廉惠勒再度交出一部經典之作，證明自己也能玩轉歌舞片。儘管起先他並不希望芭芭拉史翠珊出演，原因竟是她不美。
妙女郎 Funny Girl,初中的时候买过两盘barbra streisand的精选卡带，所以是先知道里面的大部分唱段，才知道有这部同名戏剧和电影的。好爱jule styne + barbra streisand这个组合！
妮娜 Nina,云雨常在夜店中，高潮总在霓虹下。
妮娜 Nina,迷幻打光+手持摄影极易产生视觉疲劳，更像是伪装起导演缺陷的妙招，而且确实让片子更加养眼，但这似乎已成了如今新导演的一大顽疾。即便如此，本片中惊艳的“子宫”场景就很适合这种拍法，而我喜欢的还是当镜头静下来对准角色时真正能体验到的情感，开场的剪辑打造的微妙的触觉效应也很是精彩。
妮娜 Nina,最后半小时必须差评。不能人工授精？那么巧一次就能怀上？无力吐槽。两女主有火花，女二有点像阿黛尔，女一眼神到位，作为导演处女作可以鼓励一下
妮娜 Nina,Le mépris
妮娜 Nina,这个海报总让我想到我家门口电影院的地毯。
妮娜 Nina,有点无感，镜头太“朦胧美”了
妮娜 Nina,缺失子宫但女性十足的女主，拥有完整子宫却偏男性属性的代孕。红色的海报，大篇幅红色背景，浓烈的情欲感，镜头感很强。
妮娜 Nina,现实生活中不少人包括同志们自己都会自然而然地认为同性恋伴侣不会有自己的孩子，但同性恋又不是不孕不育，且不论形婚夫妻，如果有心想要抚养孩子，除了可以像《养子15岁》那样领养，也可以像《满月酒》《妮娜》这样选择代孕，虽然放在现实生活中都不是轻易能实现的事情，但有需求有选择才会有可能性？
妮娜 Nina,不是每个植物都需要浇水   但是都需要交谈
妮娜 Nina,这个只能说，贵圈真乱……
妮娜 Nina,故事线条清晰，有铺垫，画面整体略沉郁、压抑，子宫的设置很奇妙，女二演得不错。波兰女导演的处女作，竟然有点基耶斯洛夫斯基的影子。
妮娜 Nina,摄影构图上的五光十色和映衬出了人物的内心，感官刺激很强烈，美感很突出，表演很不错，只是差了点力度。(另外，一看电影名字，就知道是同性电影)
妮娜 Nina,我不知道我在看什么。。。
妮娜 Nina,不知道是压片的问题还是电影本身如此，这暗搓搓的光真的让我火冒三丈，波兰有阴暗成这样吗，或者这故事有必要配这样的全天夜店背光吗？装逼装挫气了啊~~~说说故事，其实就是个主妇被年轻娘T勾搭的讲了几百遍的拉拉故事，非要整个莫民奇妙的代孕背景把悲催男拉进来垫背，关键还是这个勾搭故事全无新意
妮娜 Nina,广场上，冷空气，悄悄靠近的身体。
妮娜 Nina,起初这种迷幻风格很讨喜，多看就有些审美疲劳，手持摄影酷炫吧也让人眩晕。子宫”的情节设置惊艳，最后的结局倒略显矫情了，雪地里的鹿明显老套。整部片子单从立意来讲不输《阿黛尔的生活》，作为处女作非常优秀，两个女主角之间太有化学反应了，一个很“男孩”，一个很“女人”。
妮娜 Nina,进不入节奏的直男癌的我。。。
妮娜 Nina,或许代理孕母的同性恋身份慢慢揭晓更有味道
妮娜 Nina,ʕ•̫͡•ʕ*̫͡*ʕ•͓͡•ʔ-̫͡-ʕ•̫͡•ʔ*̫͡*ʔ-̫͡-ʔ，打卡。
妮娜 Nina,先退后进追出来雪中后入那一幕真的很奇谲，那种我想造却造不出来的桥段。今年的姬片底色是不是主打阴郁
妮娜 Nina,剧情真的一般般，就靠两位女主颜值和火花撑了。
妮娜 Nina,别在插个男人了。女二很美
妮娜 Nina,剧情真是，，无力吐槽
妮娜 Nina,最后的结局是不是太赶啦还是怎么滴，不太喜欢
妮娜 Nina,迷幻打光+手持摄影极易产生视觉疲劳，更像是伪装起导演缺陷的妙招，而且确实让片子更加养眼，但这似乎已成了如今新导演的一大顽疾
妮娜 Nina,我不排斥同性恋，但是我不能接受
妮娜 Nina,画质我真的哭，全程昏暗的灯光我看不清…马格达好漂亮好酷。他生气突然要强上马格达，马格达哭的时候我好痛，马格达要跟他做的时候我也好痛。
妮娜 Nina,......
妮娜 Nina,配乐我欣赏不来
妮娜 Nina,这剧情发展的很狗血了！男主表示你们玩吧😓
妮娜 Nina,最后半小时必须差评。不能人工授精？那么巧一次就能怀上？无力吐槽。两女主有火花，女二有点像阿黛尔，女一眼神到位，作为导演处女作可以鼓励一下
妮娜 Nina,喜欢最后半小时的剧情 
妮娜 Nina,烂尾了
妮娜 Nina,剪辑搞得我一头雾水
妮娜 Nina,剧情还可以
妮娜 Nina,而餐桌和“子宫”一场戏又很诗意。这片儿拍出了现代、自由且浪漫的女同爱情。
妮娜 Nina,我就叹息一声
妮娜 Nina,非常低成本，可女二很有颜
妮娜 Nina,我目前处于观影麻木状态，内心已无感动。
妮娜 Nina,一般，还不错
妮娜 Nina,其实我没有看懂...整部片子迷幻镜头迷幻音乐太多，让我总想起《爱恋》这部片子...我看影评说马格达最终接受了代孕...难道我看的片子和大家不一样吗？我怎么没有看出来是她接受了..啊，不过还是一部很不错的片子了
妮娜 Nina,一个代孕故事被拍成了兜兜转转、情欲弥漫的女同电影，中间又带着对生活的冲击力。新人女导演对色彩和细节的把握让人叫绝，塑造的拉拉角色完全跳出了sterotype，两个演员非常之来电（好几个地方感觉像在看男同电影哎，女主二自带大总攻气场~~~）
妮娜 Nina,Nina太好看了
妮娜 Nina,很压抑
妮娜 Nina,挺无趣的片子 看后即忘
妮娜 Nina,"撞了小姑娘的车，看着漂亮就说服人家给自己代孕...相处着就来电了（出轨）...原本浪荡的小姑娘为了证明爱，居然真的要替她生孩子，这得有多爱😭...应该归类为伦理片...妮娜说“Right now, I'm Magda-sexual！（现在，我是玛格达单性恋！）”时简直惊艳~😂"
妮娜 Nina,颜值到位 女主眼神到位 结局瞎扯淡也到位 男主长那样还蜜汁自信放谁谁不出轨哦？
妮娜 Nina,三星半，长篇处女座多半星
妮娜 Nina,全程氛围暧昧至极
妮娜 Nina,结局没看懂，语言不通，最后女二和妮娜老公鼓掌为了给妮娜个宝宝，真是想给编剧寄刀片。
妮娜 Nina,"翻译不到位 很多时候连接不上
剧情稍微有点拖沓
红色灯光配乐处加分"
妮娜 Nina,adele的感觉，简简单单讲感情。感情本身就是这种又好又遭的样子，明明知道忠诚只是选择不是人性，还是会落泪；明明知道自己不是少女了却还是会被爱撞个突然
妮娜 Nina,过多手持镜头+莫名出现的长镜头=晃荡到发晕。女性自我意识觉醒+LGBT的题材，虽然剧情也是有点奇怪。
妮娜 Nina,短发女主可真美，长发反而普通。
妮娜 Nina,这種拉拉電影就是少不免賣弄一下情色，迷幻燈光迷幻劇情其實不太會欣賞呢
妮娜 Nina,只看两人情感线的cult版会很幸福
妮娜 Nina,翻译有些地方不到位，还要空出神来看英文字幕。有关于男女主父母的情节没太看懂意义何在……还有Magda的空姐女友…她的存在只是为了捉奸吗……有趣的设定
妮娜 Nina,很养眼
妮娜 Nina,想酷没有很酷，想真实却太拖了。妹妹问，所以你现在变bi了？女主说，I'm in love in a person. 我他妈现在是Magda－sexual。这句话加一星。
妮娜 Nina,我覺得還行
姜戈 Django,考虑到这已经是那批山寨货里最优良的品种，当年跟风莱昂内的那大批通心粉西部片到底是多么悲惨壮烈的景象啊
姜戈 Django,6。他扛出机关枪的时候，瞬间震精了，不带这么开挂的
姜戈 Django,电影开头主题曲的前奏，很好听
姜戈 Django,模仿莱昂内，不过这个姜戈还真不是传统西部片中的那种英雄，前后反差也颇大了点，虽然最后又回光返照了。主演弗兰科·尼罗貌似出现在《被解放的姜戈》的演员表中。
姜戈 Django,1.有几段很谐谑，强哥瞬间变成了施瓦辛格。2.昆汀版受这版强哥很多影响，音乐就抄了好几段。3.但有些部分冗长了，桥段设计得也不妙，老通心粉西部片就相当于邵氏的老武侠片，在这片奇异的海洋中，老强哥其实显得中庸了一些，不够邪。4.枪一样拔得很快。5.我更喜欢昆汀的。
姜戈 Django,虽然远没镖客三部曲看得过瘾，也没明白Django到底的意图是什么。不过Django拖着棺材的快枪手形象，以及受伤之后在女人墓后，重现快抢的样子，倒也叫人过目难忘。
姜戈 Django,除了让人笑场的机关枪，导演还是挺会讲故事的，结构妥妥可以的。
姜戈 Django,姜戈是无敌小强，昆汀还真擅长从垃圾堆里捡营养
姜戈 Django,为什么情节可以转的这么直接，不过主题曲是真的好听。
姜戈 Django,意大利西部片。但我看的好像是西班牙语配音的= =*比较血腥暴力。配乐超赞，难怪昆汀要把此片主题曲放在《被解放的姜戈》开头！前半段不错挺带劲，那个棺材超赞！不过后面就如通心粉西部片粗制滥造了……结尾收得倒不错。有机会看看三池崇史翻拍版。等等……1987年还有部《姜戈2》？！( ⊙ o ⊙ )三星半
姜戈 Django,通心粉，西部片，打打杀杀，刺激感官
姜戈 Django,《被解放的姜戈》预热，20130327——Django日，整！
姜戈 Django,姜哥模仿伊斯特伍德的痕迹好重，除了没模仿人家不近女色的架势~
姜戈 Django,感觉拍的很一般啊，可能最近看的西部片太多了，权当是为昆汀版预习一下吧。。
姜戈 Django,好肮脏。。后30分钟莫名其妙
姜戈 Django,"三池寿喜烧西部片的原版，雷雷囧囧倒也不失酷劲，
期待昆汀的再造版"
姜戈 Django,非常有古龙小说的特点，全片的意大利文对白跟英文主题曲很不搭啊。
姜戈 Django,"比较粗糙的意式西部片
"
姜戈 Django,用心棒的各种翻拍里面这版是最莫名其妙的一部，也是最爽的一部，就是个干！意大利人个个大帅哥内心里却是糙汉子哈哈哈哈。
姜戈 Django,一些设计很有意思
姜戈 Django,美国佬和老墨的故事 也有解救 人死的快 镜头保守（感觉像天堂电影院里面被帖白条剪了一样）实际上并没有太强的可看性 一把哒哒哒的加特林机关枪就作为技术革命的重点成了终极杀手锏 老电影干嘛不用冷兵器像日本老片那样在剧情设计上出彩 或者被解救的jg那样 可能他更早产一些吧。
姜戈 Django,强哥，神一般的西部英雄。
姜戈 Django,西部经典之作还是很值得一看的3.5
姜戈 Django,风行。知道新的之后反而先去看了旧的，扫射真刺激。手指烂了还可以射中。姜戈你tm太神了！
姜戈 Django,cult味十足，但嚴格說來算是Corbucci比較簡單的片吧
姜戈 Django,昨晚刚看过。超越时代的音乐，有点弱智的故事情节，人物塑造相当带劲。昆汀偷师的电影之一。棺材，机枪，白人，黑人，强盗，革命，割耳朵。
姜戈 Django,帅得一塌糊涂。可是也摆脱不了西部片惯见的简单。我的第800部。
姜戈 Django,“一直逃跑是没有用的，你必须停下来奋战到底”（今天看来，很难想象此片会因为暴力被禁）
姜戈 Django,为看昆汀的新作温习一下旧版。棺材、酒馆、独行者，足够暴力足够酷，难怪被三池崇史和昆汀都看上了。三池玩恶搞，昆汀要怎么玩才过瘾呢？
姜戈 Django,很西部
姜戈 Django,今天看来真的是一般般而已
姜戈 Django,看了昆汀的被解放的姜戈而找这部片子来看，发现是个没头没脑想到哪儿编到哪儿的故事，比较失望。
姜戈 Django,开篇 男主就拖着一口棺材走在泥泞的荒路上，顺道救了一位大波美女走进客栈就深深地吸引了我，我能说牛逼轰轰什么呢，不能，只能说导演很装逼！想在哪装就在哪，就这样！
姜戈 Django,意大利语太难听，整个电影流露出一股乡村气息
姜戈 Django,一个多月来第一次去电影院。真的睡点很多。不推荐。
姜戈 Django,简单粗暴
姜戈 Django,"不插电没扳机的加特林你怕不怕
最后死神的六枪绝了"
姜戈 Django,看到影评说是看“Django”是看完文艺片的解毒药我就笑喷了
姜戈 Django,很多人看了被解救的姜戈，其实本片才是姜戈原貌！西部牛仔，不是黑人哟1
姜戈 Django,作为那个年代的片子，很不错了
姜戈 Django,这部名过其实的片子最大的看点也就男主角姜戈常年拖着口装有机关枪的棺材这个设定了吧？后来还被罗德里格兹抄了去。还有结尾坟地决战也还值得一看，其他就粗制滥造的可怕，从服装道具到剧本都让人为之发指。
姜戈 Django,那么一个老片，现在看来还挺带感的。算是非典型的西部片吧。
姜戈 Django,很多人看了被解救的姜戈，其实本片才是姜戈原貌！西部牛仔，不是黑人哟1
姜戈 Django,耍帅流，简陋
姜戈 Django,我看的时候在想，如果姜戈从棺材里掏出一把重机枪什么的这片就神了，然后他真的掏出了一挺!!!!
姜戈 Django,绝对算不上好看，称得上精彩的段落只有机关枪，棺材，最后的射击这三个桥段。棺材的设计真是绝了，以至于罗德里格兹用吉他箱来致敬，尾田则干脆让鹰眼就坐着棺材漂流。为了昆汀的Django而看的原版Django，真是越来越心急难耐了。到底什么时候才能看到昆汀的新作啊。
姜戈 Django,西部片还是审美不来……还是只能欣赏东木大爷的嫖客系列
姜戈 Django,枪法真准
姜戈 Django,"这才叫一个女人引发的血案啊！我真不应该在看这片之前看三镖客，实在是有对比才有差距（尤其是道具和场景）。戏剧的是本片最后的高潮结尾“坟场决战”倒与同年的三镖客有几分相似之处，也引证了那部片里的“When you have to shoot, shoot. Don't talk.”"
姜戈 Django,主要看点在于扮酷和重口的萌点，以及拉风的音乐，这片是无视情节逻辑的。【6】
姜戈 Django,当他叫嚣牛屄你丫来40个人时，我就猜到棺材里肯定有挺机枪
姜戈 Django,牛仔可以死，不能不装逼。
姜戈 Django,我很喜欢那口棺材 但
姜戈 Django,女主角怎么这么让人讨厌，只会忧心忡忡的瞪着个大眼睛。
姜戈 Django,太神奇了，略喜感。期待昆汀！
姜戈 Django,坏人还不够坏
姜戈 Django,很范儿的西部片 剧情平平 男人之间的战争 配乐确实很不错
姜戈 Django,Django，为爱战斗的标志。设定非常丰富，表达上有些简单、粗糙，但也形成一种神秘的气氛。关键时刻想也想不到的事件就这么发生了，与人无关，全是天意。一个声音从此刻开始响起，直到结局。
姜戈 Django,意大利练习曲么
姜戈 Django,因为昆丁的新作而看，男女主角的眼睛和主题曲各加一颗星，虽说是经典、开山之作，而且居然是禁片，但是现在看来还是不够劲。认为棺材里是姜戈本体的我果然是火影看多了，机枪完全没有左轮耍的帅。
威廉与凯特 William & Kate,王室爱情就这么肤浅了？
威廉与凯特 William & Kate,就是一个起居录，没什么创作难度
威廉与凯特 William & Kate,所有演员都比真人漂亮！
威廉与凯特 William & Kate,he fell in love when he saw her in the black sexy sheer dress on stage
威廉与凯特 William & Kate,威廉真的曾经这样帅过，皇室秃顶血统伤不起啊。。
威廉与凯特 William & Kate,突然发现演kate的是实习医生格蕾里面新来的那个intern
威廉与凯特 William & Kate,也就只能养养眼了...
威廉与凯特 William & Kate,真真是天造地设的一对！习大大你孩子结婚我们可以吃到喜糖咩？
威廉与凯特 William & Kate,2013.2.18CCTV-6前半段献媚权位后半段恋人分和
威廉与凯特 William & Kate,男主也帅太多了吧！头发好多！
威廉与凯特 William & Kate,演员很漂亮
威廉与凯特 William & Kate,b不要再说这是个麻雀变凤凰，灰姑娘的故事神马的，KATE家底殷实，老爸本身就是百万富翁，从小KATE就是焦点校花级的人物，就是嘛，机会是给有准备的人的，要真心是个麻雀，顶多也就嫁个鹧鸪。话说最后一场大婚切回真实片段太幻灭了，王子的地中海啊•••
威廉与凯特 William & Kate,恩 王子的升级版还是很帅滴
威廉与凯特 William & Kate,主要冲着王室生活和婚礼去看的，结果这两点都被削弱了。其实女主长的还不错，但真凯特一露脸，女主败的就很彻底了。
威廉与凯特 William & Kate,凯特有点做作啊...不过还是很美的
威廉与凯特 William & Kate,俊男美女，现实的童话结尾，除此之外比较平淡
威廉与凯特 William & Kate,最後一顆星是給真正的kate&william...
威廉与凯特 William & Kate,只能说还行
威廉与凯特 William & Kate,最后威廉王子真身一出现，心都碎了，王子都秃顶了。
威廉与凯特 William & Kate,3.5，还不错，传记电影
威廉与凯特 William & Kate,我说王子就不要去读什么大学嘛。。遇见谁不都是个又浪漫又悲摧又现实的故事么。。这男的看着好像Tyler 。。(￣_￣|||)
威廉与凯特 William & Kate,现实版灰姑娘的故事啊~~
威廉与凯特 William & Kate,王室的爱情。来自CCTV6的播映。
威廉与凯特 William & Kate,电影里比现实好看多了
威廉与凯特 William & Kate,马屁电影
威廉与凯特 William & Kate,2.5 结局真是无聊~
威廉与凯特 William & Kate,国外也拍这种摆片，见识了
威廉与凯特 William & Kate,just wed
威廉与凯特 William & Kate,"想要告诉大家,王子和女友想去哪儿约会直升飞机＂biu＂~,霸气的浪漫！"
威廉与凯特 William & Kate,挺浪漫的，国语配音还不错。演员比不上王妃本尊，但是比王子帅！！
威廉与凯特 William & Kate,我实在受不了所谓的“伟大的英国”居然还存在王室，太扯了。
威廉与凯特 William & Kate,看来大家伙儿都是在ccav6看的啊，顶着巨受不了的配音我竟然看完了就是个奇迹，好吧，是因为实在木有可以看的，王子真心帅，王妃挺顺眼，鉴定完毕～
威廉与凯特 William & Kate,"我想这世界需要皇室,需要有人用母亲的订婚戒指像心爱的女子求婚,需要与心爱女子共乘马车去以古老教堂为结婚场地的地方共赴一场婚约,需要举国同庆只为一个婚礼,也需两人把美好与整个国家分享。世界需要王子和灰姑娘的婚礼,更需要从此他们幸福的生活在一起。这是振奋人心的美好，令人温暖的爱的童话。"
威廉与凯特 William & Kate,威廉和凯特看了这个会是什么想法啊（……）
威廉与凯特 William & Kate,为了一窥英国大学生活而观。。假Kate挺美，伪威廉却毫无王子气质。。觉得整部电影就是为了把Kate塑造成公主而存在的。另外吐槽一下Kate果然是因为穿三点式才被爱上的么。。“一个人改变主意总是会产生影响的。”
威廉与凯特 William & Kate,冲着这片名和名气看的…   女主丑…  不喜欢  快进看完！over！
威廉与凯特 William & Kate,真没想到还能在数字频道看到这片，这种传记性的电视电影，很少能吸引到我的目光，不过演员选得不错，虽然跟真人相差还是有一段距离的，但看一大帅哥怎么也比那秃头谢顶强很多，你说不是吗？
威廉与凯特 William & Kate,演凯特的那女的太丑了吧。威廉也早就没那么帅了。
威廉与凯特 William & Kate,在英国读美术史实在太对头了 星星眼
威廉与凯特 William & Kate,中央六演的，很美好啊~不过能成为皇室的媳妇儿真是不容易~
威廉与凯特 William & Kate,以为是恶搞的呢结果真有呀。
威廉与凯特 William & Kate,男主帅出威廉王子一条街T.T
威廉与凯特 William & Kate,真心是挺现实的。讨厌女主，演的好轻浮，被真人虐成渣，男主颜不错，但跟真人比好像没有气质。
威廉与凯特 William & Kate,英国人穿什么都好看～
威廉与凯特 William & Kate,哈哈八卦的我看得津津有味
威廉与凯特 William & Kate,爱情还是建立在感官之上的。。
威廉与凯特 William & Kate,无聊
威廉与凯特 William & Kate,里面的音乐很好听，可是剧情。。。太好莱坞了。。。
威廉与凯特 William & Kate,热衷王子的可以看看，
威廉与凯特 William & Kate,这个威廉是很帅，，最后跳到河里有点，，昨天在电视上看的。
威廉与凯特 William & Kate,全程痴汉脸的王纸o(╯□╰)o
威廉与凯特 William & Kate,讲述了威廉王子和凯特王妃的故事。凯特在与威廉发生矛盾之后并没有一直一蹶不振，找到了自己的活法。
威廉与凯特 William & Kate,这都能拍电影...
威廉与凯特 William & Kate,演技有点不忍直视
威廉与凯特 William & Kate,片里的王子超帅QwQ~现实中的王妃更美~在当代还能发生辛德瑞拉的故事真是太好惹*v*~..电影后半段显得有些仓促 总体来说马马虎虎~还是挺有意思的~
威廉与凯特 William & Kate,我不是王子。但是旁边儿那个是公主。
威廉与凯特 William & Kate,威廉要真长那样就好了。
威廉与凯特 William & Kate,额大概是为了让人了解凯特威廉的爱情之路~
威廉与凯特 William & Kate,演王子的可比王子帅多了
威廉与凯特 William & Kate,还是王妃本人演女主好看.
威慑与恐吓 Shock and Awe,即使在美国这样言论自由的国家，真相依然可以被堂而皇之的掩盖，发动战争那么大的事儿也可以真眼说瞎话，那么在这么一个言论不自由的国家，所谓真相就更不用提了…
威慑与恐吓 Shock and Awe,S级题材，A级卡司，B级剧本，C级制作。
威慑与恐吓 Shock and Awe,赶紧把Aaron请回来，重拍一遍。这部片子最大问题就是没有一个具象的反派，都是虚拟的真实人物。
威慑与恐吓 Shock and Awe,“你的政府每说一句话，你的任务就是去求证：‘是真的吗？’”节奏沉闷了点，女演员戏太少浪费卡司，伍迪哈里森和小队长相性不错。
威慑与恐吓 Shock and Awe,好久没看到杰西卡·贝尔了，都快忘记了，虽然是部及格片
威慑与恐吓 Shock and Awe,飞机撞大楼的真相到底是什么？伊拉克战争的真相又是什么？除了主流观点之外，背后是否还隐藏着更不为人知的秘密？针对这两件事，我都听闻过不同声音。从舆论自由、新闻自由角度而言，允许有不同的声音是幸运的，甚至是先进的，是进步的。真相只有一个。正义只会迟到，但从不缺席。也许就在几十年之后。
威慑与恐吓 Shock and Awe,能有不同声音才是自由和进步
威慑与恐吓 Shock and Awe,真是个言论自由的国家
威慑与恐吓 Shock and Awe,典型的白左反战片。出兵伊拉克无疑是正确的决定，只不过找了一个糟糕的借口。铲除邪恶轴心国，保护以色列，在中东输入民主，这就是战略目标。找什么借口就不太重要了。
威慑与恐吓 Shock and Awe,在当前贸易战背景下看批判美国政府的电影，还是感情很微妙，哈哈哈！新闻自由，才是美国最宝贵的精神。
威慑与恐吓 Shock and Awe,连续看了《华盛顿邮报》《聚焦》和这个《威慑与恐吓》。前两部更在于表现新闻的自由和面对权利压力时新闻的真实性，正如《华盛顿邮报》中所说的“捍卫出版权的唯一途径就是出版本身。”而在这部电影中，更多的是表达了新闻记者在所有媒体都被误导，大部分民众都被误导时，能够坚持自己报道事实真相的决心和勇气，更有一些对局面无法改变的无助。电影本事并不精彩，胜在主题
威慑与恐吓 Shock and Awe,张力不够
威慑与恐吓 Shock and Awe,自由是相对的
威慑与恐吓 Shock and Awe,"1.译名什么鬼。2. Good journalism, bad movie.白瞎了这一众卡司。角色描写不连贯，女性角色尤其扁平。一堆自己感动自己的空洞台词，还有Jessica Biel那一段约会的伊拉克历史科普简直奇了。"
威慑与恐吓 Shock and Awe,不知道有没有受到Spotlight(2015)的影响，同样可类比The post；电影很直接的揭露伊拉克战争错误的谎言，真实影像（包括布什、鲍威尔等）纪录就像是反讽：因为美国目前的战争还未结束。No offense的吐槽一句，其实我早就想说了，退伍军人协会这么有用这么有影响力，还不是拜这几场错误的战争所赐？
威慑与恐吓 Shock and Awe,非常电视剧质感，除了题材，其他都不太行。与《聚焦》和《华盛顿邮报》对比，高下立见。
威慑与恐吓 Shock and Awe,文艺终归支配不了全局，伊拉克阿富汗已经支离破碎，你拍再多电影无非是多赚点钱而已…
威慑与恐吓 Shock and Awe,"3.1/10 真是浪费好演员好题材的""好""范本啊...敏感题材加实事改编把手脚束缚的死死的; 再加没有重心，前后不接的故事; 废话一堆，趣味全无的台词; 真是要多毁有多毁。深度和感动连边都没搭上，人物刻画更是乱七八糟。拍的最好的是恋爱部分，只能闭眼给演员点辛苦分了。"
威慑与恐吓 Shock and Awe,故事讲的很不错
威慑与恐吓 Shock and Awe,任何民主在民族主义和国家宣传机器下都不值一提。
威慑与恐吓 Shock and Awe,我同意人民有知的权利，但是我不接受台湾已经很自由了，只有你们被蒙蔽的说法。对，这不是影评，是在diss某人
威慑与恐吓 Shock and Awe,侧面反映了战争。喜欢这几个追求真相的媒体人。只是公众太好被主流媒体唬弄啦
威慑与恐吓 Shock and Awe,#心～影# 每一个真相最终都是因为有人在坚持！片名翻译的真的是的一言难尽！
威慑与恐吓 Shock and Awe,sb哪国都很多啊
威慑与恐吓 Shock and Awe,比较喜欢这片
威慑与恐吓 Shock and Awe,6.6分有点太低了，我觉得在7.5左右，形式和spotlight很像但是剪辑节奏都不如前者，立意还是蛮好的，想到前不久的叙利亚化武，哎
威慑与恐吓 Shock and Awe,不管怎样，都要感谢小布什政府和基地组织对中国平稳发展所做出的贡献。
威慑与恐吓 Shock and Awe,题材 卡司➕多一颗星。自由和真相是什么，来自哪里？时间会告诉你。为那些为了自由和真相努力并牺牲的英雄哀悼。近年来美国的几部关于记者挖掘真相的作品也一直在提醒大家，不要忘记媒体报道真相的职责。
威慑与恐吓 Shock and Awe,主角都尼玛是脑残自由派吧，渣渣。顺便说一下，伊拉克有大规模杀伤性武器，攻打活该。西方民主可能确实不适合中东这个烂地方，劣等种族也没资格享受这种东西，除了瞎搞没别的了。战争固然不好，但灭了本拉登萨达姆本身也是正确的，洗地的都是蠢。
威慑与恐吓 Shock and Awe,片子本身就是美国言论自由的注解，那些对民主制度和言论自由幻灭的看官，你们要啥自行车啊……
威慑与恐吓 Shock and Awe,最近难得看到的美国好的严肃电影
威慑与恐吓 Shock and Awe,看完这部影片，突然想到最近发生在香港的一系列暴力事件，香港与西方的一些媒体刻意截取事件片段，再放大给不明真相的群众，引导舆论攻击香港警方、政府。如果媒体失去其自身公正性，刻意忽略真相，变成阴谋家的工具是多么可怕的一件事。
威慑与恐吓 Shock and Awe,有米拉不得不看
威慑与恐吓 Shock and Awe,看完最主要的感受是主角的媒体责任感，对比现在国内的跟风、追热点的媒体，实在感慨。威慑与恐吓是一次行动，但也是国家的阴谋，在政治利益面前，真相和个人命运都变得不足为道。
威慑与恐吓 Shock and Awe,是不是各执一词我们暂且不提，对于美帝给别人扣屎盆子这种强盗逻辑，并策划屠杀这种勾当。让人痛心而且害怕！
威慑与恐吓 Shock and Awe,宪法第一修正案，当政府要说瞎话时，同样适用于该条法案！哈哈哈......
威慑与恐吓 Shock and Awe,政治的肮脏之处就在于   兴 百姓苦  亡  百姓苦   
威慑与恐吓 Shock and Awe,非常好
威慑与恐吓 Shock and Awe,非常好
威震八方 Walking Tall,演员表里一出现The Rock我就把智商拿出来放窗台上晒晒太阳
威震八方 Walking Tall,很一般的片，最大惊喜居然看见Robin了...（看之前有个评论说特效很棒，特效在哪呢...）
威震八方 Walking Tall,小成本 动作戏还算爽   是个真人故事改编 据说真实中主角被干掉了 现实是残酷的。。。
威震八方 Walking Tall,根据Buford Pusser传记改编，还有一个1973年的版本，男性枪支暴力版《永不妥协》。
威震八方 Walking Tall,无脑动作片也就这样了，ROCK真的是不会演戏啊，僵硬得就像被石化了似的。
威震八方 Walking Tall,The Rock就只会暴力。
威震八方 Walking Tall,根据真实人物、事件改编的电影，只有短短的86分种，整个故事叙述情节仓促，事件之间的转接过渡不够，似乎为了一个有着固定结尾的故事按照僵硬的时间模式去延续。美国的司法制度是我们不解的，若不是因为这个故事的真实性，我真会质疑他们任命、录用警察的制度以及法庭以情感大于事实的宣判。
威震八方 Walking Tall,看过，还行吧，有johnny knoxville！
威震八方 Walking Tall,打倒“土豪劣绅”的美国版家乡保卫战！致敬《誓不两立》！“说话温和并手持大棒！” 
威震八方 Walking Tall,关键不是英雄，而是陪审团制度保护了英雄，警长选举制度帮助了英雄
威震八方 Walking Tall,“岩石”碉堡   罗宾阿姨酱油
威震八方 Walking Tall,现在看来老套的剧情，但这是为了很久不看电影的过瘾！
威震八方 Walking Tall,反抗村霸，太中国风味了，话说回老家这个模式这样搞的倒不多见
威震八方 Walking Tall,这片子只有那么二了 也只值两星 为了强森多给一星。
威震八方 Walking Tall,fight fire with fire. i like the idea. 
威震八方 Walking Tall,整部片子就强森值得一看。
威震八方 Walking Tall,打斗场面很刺激
威震八方 Walking Tall,故事很普通，也有很多不合逻辑之处，但是动作场面看着还是很爽！明知道暴力不能解决问题，但有时候只有暴力可以使用~ 3
威震八方 Walking Tall,rock個人秀，但這個真人故事還蠻OK的。。。
威震八方 Walking Tall,剧情就像小孩过家家，动作戏还过的去，消磨时间必备，我居然连暂停都没有就一股脑看完了
威震八方 Walking Tall,硬派有硬派的好看，简单粗暴直接
威震八方 Walking Tall,身体强壮才是王道
威震八方 Walking Tall,中央六套〜〜够暴力够流氓的警察，哈哈
威震八方 Walking Tall,警察可以这么整吗
威震八方 Walking Tall,虽然道森肌肉比较发达，但是我觉得他还是挺有喜感的
威震八方 Walking Tall,电影频道看的
威震八方 Walking Tall,瞎打一气
威震八方 Walking Tall,真实事件改编0.0
威震八方 Walking Tall,一言不合就脱衣服 能动手就别逼逼
威震八方 Walking Tall,本身故事和拍摄将就，但是实在是太短了吧，感觉有一大半的东西都没交代清楚就被剪掉了
威震八方 Walking Tall,打的真搞笑
威震八方 Walking Tall,记得那愤怒的正义感……故事很简单，打的很爽，就是精彩程度差些。
威震八方 Walking Tall,就为了消磨时间
威震八方 Walking Tall,还行吧。特种部队退伍回来，应该很厉害才对啊。
威震八方 Walking Tall,结尾有点仓促，但是枪战部分还挺好看的
威震八方 Walking Tall,给我印象最深的就是rock的身材以及暴力
威震八方 Walking Tall,突然想起有人说我老看烂片，我很无奈，晚上洗脚刚好电影频道在放。回归正题，至少这种勇气，我们没有。
威震八方 Walking Tall,热血西部的直白幽默。
威震八方 Walking Tall,就是个动作片，巨石蛮帅的。
威震八方 Walking Tall,选警长真容易
威震八方 Walking Tall,你要是出生在香港的80年代，发哥一枪崩死你
威震八方 Walking Tall,导演、编剧水准有待提高，巨石强森还是很有味道的
威震八方 Walking Tall,嗯，典型的个人英雄主义。
威震八方 Walking Tall,鉴于是一个真实故事改编的，给三星
威震八方 Walking Tall,剧情很平淡。
威震八方 Walking Tall,这种暴力。。。
威震八方 Walking Tall,我只能说……就这样吧
威震八方 Walking Tall,放下屠刀饶了牧师的一幕还是挺温暖的～
威震八方 Walking Tall,电影貌似根据真实的故事改编。看到小镇如此黑暗时，觉得原来美国也这样，但后来看到男主角在法庭上据理力争，最终陪审团判定他无罪后，突然觉得，人家的法律还是相当公正民主的。
威震八方 Walking Tall,无脑的哒哒哒最喜欢啦！
威震八方 Walking Tall,6.0/10
威震八方 Walking Tall,武松醉打蒋门神，鲁提辖拳打镇关西。
威震八方 Walking Tall,强森的成名作，那根大棒打的很精彩，除此之外，没太多可圈可点处。另，影片为我们展示了A国脱衣舞的标准设备和流程
威震八方 Walking Tall,做人要有正义感！
威震八方 Walking Tall,我看开头说是真实事件改编？我不信。。。
威震八方 Walking Tall,简单、粗暴
威震八方 Walking Tall,简单粗暴
威震八方 Walking Tall,似乎这丫演的电影就没有特别好看的
威震八方 Walking Tall,没有字幕愣是看下来了……
威震八方 Walking Tall,只是冲着强森去的。
